2026-05-02 15:37:58.204 [main] INFO  c.c.p.c.c.MedicineControllerTest - Starting MedicineControllerTest using Java 17.0.12 with PID 21160 (started by V in D:\yosker\PharmacyOnline\janviProject\pharmacy-microservices\catalog-service)
2026-05-02 15:37:58.215 [main] INFO  c.c.p.c.c.MedicineControllerTest - No active profile set, falling back to 1 default profile: "default"
2026-05-02 15:38:02.280 [main] WARN  o.s.w.c.s.GenericWebApplicationContext - Exception encountered during context initialization - cancelling refresh attempt: org.springframework.beans.factory.UnsatisfiedDependencyException: Error creating bean with name 'testFilterChain' defined in class path resource [com/capg/pharma/catalogservice/config/TestSecurityConfig.class]: Unsatisfied dependency expressed through method 'testFilterChain' parameter 0: No qualifying bean of type 'org.springframework.security.config.annotation.web.builders.HttpSecurity' available: expected at least 1 bean which qualifies as autowire candidate. Dependency annotations: {}
2026-05-02 15:38:02.379 [main] ERROR o.s.b.d.LoggingFailureAnalysisReporter - 

***************************
APPLICATION FAILED TO START
***************************

Description:

Parameter 0 of method testFilterChain in com.capg.pharma.catalogservice.config.TestSecurityConfig required a bean of type 'org.springframework.security.config.annotation.web.builders.HttpSecurity' that could not be found.


Action:

Consider defining a bean of type 'org.springframework.security.config.annotation.web.builders.HttpSecurity' in your configuration.

2026-05-02 15:38:02.399 [main] WARN  o.s.test.context.TestContextManager - Caught exception while allowing TestExecutionListener [org.springframework.boot.test.mock.mockito.MockitoTestExecutionListener] to prepare test instance [com.capg.pharma.catalogservice.controller.MedicineControllerTest@20a3118]
java.lang.IllegalStateException: Failed to load ApplicationContext for [WebMergedContextConfiguration@55a7f0af testClass = com.capg.pharma.catalogservice.controller.MedicineControllerTest, locations = [], classes = [com.capg.pharma.catalogservice.CatalogServiceApplication], contextInitializerClasses = [], activeProfiles = [], propertySourceDescriptors = [], propertySourceProperties = ["org.springframework.boot.test.autoconfigure.web.servlet.WebMvcTestContextBootstrapper=true"], contextCustomizers = [[ImportsContextCustomizer@12db2921 key = [org.springframework.boot.autoconfigure.task.TaskExecutionAutoConfiguration, org.springframework.boot.autoconfigure.cache.CacheAutoConfiguration, org.springframework.boot.autoconfigure.web.servlet.HttpEncodingAutoConfiguration, org.springframework.boot.autoconfigure.validation.ValidationAutoConfiguration, org.springframework.boot.autoconfigure.context.MessageSourceAutoConfiguration, org.springframework.boot.autoconfigure.hateoas.HypermediaAutoConfiguration, org.springframework.boot.autoconfigure.data.web.SpringDataWebAutoConfiguration, org.springframework.boot.autoconfigure.jackson.JacksonAutoConfiguration, org.springframework.boot.test.autoconfigure.web.reactive.WebTestClientAutoConfiguration, org.springframework.boot.autoconfigure.web.servlet.error.ErrorMvcAutoConfiguration, org.springframework.boot.test.autoconfigure.web.servlet.MockMvcAutoConfiguration, org.springframework.boot.autoconfigure.http.HttpMessageConvertersAutoConfiguration, com.capg.pharma.catalogservice.config.TestSecurityConfig, org.springframework.boot.autoconfigure.security.oauth2.client.servlet.OAuth2ClientAutoConfiguration, org.springframework.boot.test.autoconfigure.web.servlet.MockMvcSecurityConfiguration, org.springframework.boot.test.autoconfigure.web.servlet.MockMvcWebClientAutoConfiguration, org.springframework.boot.test.autoconfigure.web.servlet.MockMvcWebDriverAutoConfiguration, org.springframework.boot.autoconfigure.thymeleaf.ThymeleafAutoConfiguration, org.springframework.boot.autoconfigure.gson.GsonAutoConfiguration, org.springframework.boot.autoconfigure.jsonb.JsonbAutoConfiguration, org.springframework.boot.autoconfigure.freemarker.FreeMarkerAutoConfiguration, org.springframework.boot.autoconfigure.web.servlet.WebMvcAutoConfiguration, org.springframework.boot.autoconfigure.security.servlet.UserDetailsServiceAutoConfiguration, org.springframework.boot.autoconfigure.security.oauth2.resource.servlet.OAuth2ResourceServerAutoConfiguration, org.springframework.boot.autoconfigure.groovy.template.GroovyTemplateAutoConfiguration, org.springframework.boot.autoconfigure.mustache.MustacheAutoConfiguration]], org.springframework.boot.test.context.filter.ExcludeFilterContextCustomizer@5ce4369b, org.springframework.boot.test.json.DuplicateJsonObjectContextCustomizerFactory$DuplicateJsonObjectContextCustomizer@1931d99, org.springframework.boot.test.mock.mockito.MockitoContextCustomizer@c44fee51, org.springframework.boot.test.autoconfigure.OverrideAutoConfigurationContextCustomizerFactory$DisableAutoConfigurationContextCustomizer@4e61e4c2, org.springframework.boot.test.autoconfigure.actuate.observability.ObservabilityContextCustomizerFactory$DisableObservabilityContextCustomizer@1f, org.springframework.boot.test.autoconfigure.filter.TypeExcludeFiltersContextCustomizer@fab90c48, org.springframework.boot.test.autoconfigure.properties.PropertyMappingContextCustomizer@3cb2812e, org.springframework.boot.test.autoconfigure.web.servlet.WebDriverContextCustomizer@68c87fc3, org.springframework.boot.test.context.SpringBootTestAnnotation@9c157952], resourceBasePath = "src/main/webapp", contextLoader = org.springframework.boot.test.context.SpringBootContextLoader, parent = null]
	at org.springframework.test.context.cache.DefaultCacheAwareContextLoaderDelegate.loadContext(DefaultCacheAwareContextLoaderDelegate.java:180)
	at org.springframework.test.context.support.DefaultTestContext.getApplicationContext(DefaultTestContext.java:130)
	at org.springframework.boot.test.mock.mockito.MockitoTestExecutionListener.postProcessFields(MockitoTestExecutionListener.java:122)
	at org.springframework.boot.test.mock.mockito.MockitoTestExecutionListener.injectFields(MockitoTestExecutionListener.java:106)
	at org.springframework.boot.test.mock.mockito.MockitoTestExecutionListener.prepareTestInstance(MockitoTestExecutionListener.java:63)
	at org.springframework.test.context.TestContextManager.prepareTestInstance(TestContextManager.java:260)
	at org.springframework.test.context.junit.jupiter.SpringExtension.postProcessTestInstance(SpringExtension.java:163)
	at org.junit.jupiter.engine.descriptor.ClassBasedTestDescriptor.lambda$invokeTestInstancePostProcessors$10(ClassBasedTestDescriptor.java:378)
	at org.junit.jupiter.engine.descriptor.ClassBasedTestDescriptor.executeAndMaskThrowable(ClassBasedTestDescriptor.java:383)
	at org.junit.jupiter.engine.descriptor.ClassBasedTestDescriptor.lambda$invokeTestInstancePostProcessors$11(ClassBasedTestDescriptor.java:378)
	at java.base/java.util.stream.ReferencePipeline$3$1.accept(ReferencePipeline.java:197)
	at java.base/java.util.stream.ReferencePipeline$2$1.accept(ReferencePipeline.java:179)
	at java.base/java.util.ArrayList$ArrayListSpliterator.forEachRemaining(ArrayList.java:1625)
	at java.base/java.util.stream.AbstractPipeline.copyInto(AbstractPipeline.java:509)
	at java.base/java.util.stream.AbstractPipeline.wrapAndCopyInto(AbstractPipeline.java:499)
	at java.base/java.util.stream.StreamSpliterators$WrappingSpliterator.forEachRemaining(StreamSpliterators.java:310)
	at java.base/java.util.stream.Streams$ConcatSpliterator.forEachRemaining(Streams.java:735)
	at java.base/java.util.stream.Streams$ConcatSpliterator.forEachRemaining(Streams.java:734)
	at java.base/java.util.stream.ReferencePipeline$Head.forEach(ReferencePipeline.java:762)
	at org.junit.jupiter.engine.descriptor.ClassBasedTestDescriptor.invokeTestInstancePostProcessors(ClassBasedTestDescriptor.java:377)
	at org.junit.jupiter.engine.descriptor.ClassBasedTestDescriptor.lambda$instantiateAndPostProcessTestInstance$6(ClassBasedTestDescriptor.java:290)
	at org.junit.platform.engine.support.hierarchical.ThrowableCollector.execute(ThrowableCollector.java:73)
	at org.junit.jupiter.engine.descriptor.ClassBasedTestDescriptor.instantiateAndPostProcessTestInstance(ClassBasedTestDescriptor.java:289)
	at org.junit.jupiter.engine.descriptor.ClassBasedTestDescriptor.lambda$testInstancesProvider$4(ClassBasedTestDescriptor.java:279)
	at java.base/java.util.Optional.orElseGet(Optional.java:364)
	at org.junit.jupiter.engine.descriptor.ClassBasedTestDescriptor.lambda$testInstancesProvider$5(ClassBasedTestDescriptor.java:278)
	at org.junit.jupiter.engine.execution.TestInstancesProvider.getTestInstances(TestInstancesProvider.java:31)
	at org.junit.jupiter.engine.descriptor.TestMethodTestDescriptor.lambda$prepare$0(TestMethodTestDescriptor.java:106)
	at org.junit.platform.engine.support.hierarchical.ThrowableCollector.execute(ThrowableCollector.java:73)
	at org.junit.jupiter.engine.descriptor.TestMethodTestDescriptor.prepare(TestMethodTestDescriptor.java:105)
	at org.junit.jupiter.engine.descriptor.TestMethodTestDescriptor.prepare(TestMethodTestDescriptor.java:69)
	at org.junit.platform.engine.support.hierarchical.NodeTestTask.lambda$prepare$2(NodeTestTask.java:123)
	at org.junit.platform.engine.support.hierarchical.ThrowableCollector.execute(ThrowableCollector.java:73)
	at org.junit.platform.engine.support.hierarchical.NodeTestTask.prepare(NodeTestTask.java:123)
	at org.junit.platform.engine.support.hierarchical.NodeTestTask.execute(NodeTestTask.java:90)
	at java.base/java.util.ArrayList.forEach(ArrayList.java:1511)
	at org.junit.platform.engine.support.hierarchical.SameThreadHierarchicalTestExecutorService.invokeAll(SameThreadHierarchicalTestExecutorService.java:41)
	at org.junit.platform.engine.support.hierarchical.NodeTestTask.lambda$executeRecursively$6(NodeTestTask.java:155)
	at org.junit.platform.engine.support.hierarchical.ThrowableCollector.execute(ThrowableCollector.java:73)
	at org.junit.platform.engine.support.hierarchical.NodeTestTask.lambda$executeRecursively$8(NodeTestTask.java:141)
	at org.junit.platform.engine.support.hierarchical.Node.around(Node.java:137)
	at org.junit.platform.engine.support.hierarchical.NodeTestTask.lambda$executeRecursively$9(NodeTestTask.java:139)
	at org.junit.platform.engine.support.hierarchical.ThrowableCollector.execute(ThrowableCollector.java:73)
	at org.junit.platform.engine.support.hierarchical.NodeTestTask.executeRecursively(NodeTestTask.java:138)
	at org.junit.platform.engine.support.hierarchical.NodeTestTask.execute(NodeTestTask.java:95)
	at java.base/java.util.ArrayList.forEach(ArrayList.java:1511)
	at org.junit.platform.engine.support.hierarchical.SameThreadHierarchicalTestExecutorService.invokeAll(SameThreadHierarchicalTestExecutorService.java:41)
	at org.junit.platform.engine.support.hierarchical.NodeTestTask.lambda$executeRecursively$6(NodeTestTask.java:155)
	at org.junit.platform.engine.support.hierarchical.ThrowableCollector.execute(ThrowableCollector.java:73)
	at org.junit.platform.engine.support.hierarchical.NodeTestTask.lambda$executeRecursively$8(NodeTestTask.java:141)
	at org.junit.platform.engine.support.hierarchical.Node.around(Node.java:137)
	at org.junit.platform.engine.support.hierarchical.NodeTestTask.lambda$executeRecursively$9(NodeTestTask.java:139)
	at org.junit.platform.engine.support.hierarchical.ThrowableCollector.execute(ThrowableCollector.java:73)
	at org.junit.platform.engine.support.hierarchical.NodeTestTask.executeRecursively(NodeTestTask.java:138)
	at org.junit.platform.engine.support.hierarchical.NodeTestTask.execute(NodeTestTask.java:95)
	at org.junit.platform.engine.support.hierarchical.SameThreadHierarchicalTestExecutorService.submit(SameThreadHierarchicalTestExecutorService.java:35)
	at org.junit.platform.engine.support.hierarchical.HierarchicalTestExecutor.execute(HierarchicalTestExecutor.java:57)
	at org.junit.platform.engine.support.hierarchical.HierarchicalTestEngine.execute(HierarchicalTestEngine.java:54)
	at org.junit.platform.launcher.core.EngineExecutionOrchestrator.execute(EngineExecutionOrchestrator.java:198)
	at org.junit.platform.launcher.core.EngineExecutionOrchestrator.execute(EngineExecutionOrchestrator.java:169)
	at org.junit.platform.launcher.core.EngineExecutionOrchestrator.execute(EngineExecutionOrchestrator.java:93)
	at org.junit.platform.launcher.core.EngineExecutionOrchestrator.lambda$execute$0(EngineExecutionOrchestrator.java:58)
	at org.junit.platform.launcher.core.EngineExecutionOrchestrator.withInterceptedStreams(EngineExecutionOrchestrator.java:141)
	at org.junit.platform.launcher.core.EngineExecutionOrchestrator.execute(EngineExecutionOrchestrator.java:57)
	at org.junit.platform.launcher.core.DefaultLauncher.execute(DefaultLauncher.java:103)
	at org.junit.platform.launcher.core.DefaultLauncher.execute(DefaultLauncher.java:85)
	at org.junit.platform.launcher.core.DelegatingLauncher.execute(DelegatingLauncher.java:47)
	at org.apache.maven.surefire.junitplatform.LazyLauncher.execute(LazyLauncher.java:56)
	at org.apache.maven.surefire.junitplatform.JUnitPlatformProvider.execute(JUnitPlatformProvider.java:184)
	at org.apache.maven.surefire.junitplatform.JUnitPlatformProvider.invokeAllTests(JUnitPlatformProvider.java:148)
	at org.apache.maven.surefire.junitplatform.JUnitPlatformProvider.invoke(JUnitPlatformProvider.java:122)
	at org.apache.maven.surefire.booter.ForkedBooter.runSuitesInProcess(ForkedBooter.java:385)
	at org.apache.maven.surefire.booter.ForkedBooter.execute(ForkedBooter.java:162)
	at org.apache.maven.surefire.booter.ForkedBooter.run(ForkedBooter.java:507)
	at org.apache.maven.surefire.booter.ForkedBooter.main(ForkedBooter.java:495)
Caused by: org.springframework.beans.factory.UnsatisfiedDependencyException: Error creating bean with name 'testFilterChain' defined in class path resource [com/capg/pharma/catalogservice/config/TestSecurityConfig.class]: Unsatisfied dependency expressed through method 'testFilterChain' parameter 0: No qualifying bean of type 'org.springframework.security.config.annotation.web.builders.HttpSecurity' available: expected at least 1 bean which qualifies as autowire candidate. Dependency annotations: {}
	at org.springframework.beans.factory.support.ConstructorResolver.createArgumentArray(ConstructorResolver.java:795)
	at org.springframework.beans.factory.support.ConstructorResolver.instantiateUsingFactoryMethod(ConstructorResolver.java:542)
	at org.springframework.beans.factory.support.AbstractAutowireCapableBeanFactory.instantiateUsingFactoryMethod(AbstractAutowireCapableBeanFactory.java:1335)
	at org.springframework.beans.factory.support.AbstractAutowireCapableBeanFactory.createBeanInstance(AbstractAutowireCapableBeanFactory.java:1165)
	at org.springframework.beans.factory.support.AbstractAutowireCapableBeanFactory.doCreateBean(AbstractAutowireCapableBeanFactory.java:562)
	at org.springframework.beans.factory.support.AbstractAutowireCapableBeanFactory.createBean(AbstractAutowireCapableBeanFactory.java:522)
	at org.springframework.beans.factory.support.AbstractBeanFactory.lambda$doGetBean$0(AbstractBeanFactory.java:326)
	at org.springframework.beans.factory.support.DefaultSingletonBeanRegistry.getSingleton(DefaultSingletonBeanRegistry.java:234)
	at org.springframework.beans.factory.support.AbstractBeanFactory.doGetBean(AbstractBeanFactory.java:324)
	at org.springframework.beans.factory.support.AbstractBeanFactory.getBean(AbstractBeanFactory.java:200)
	at org.springframework.beans.factory.support.DefaultListableBeanFactory.preInstantiateSingletons(DefaultListableBeanFactory.java:975)
	at org.springframework.context.support.AbstractApplicationContext.finishBeanFactoryInitialization(AbstractApplicationContext.java:962)
	at org.springframework.context.support.AbstractApplicationContext.refresh(AbstractApplicationContext.java:624)
	at org.springframework.boot.SpringApplication.refresh(SpringApplication.java:754)
	at org.springframework.boot.SpringApplication.refreshContext(SpringApplication.java:456)
	at org.springframework.boot.SpringApplication.run(SpringApplication.java:334)
	at org.springframework.boot.test.context.SpringBootContextLoader.lambda$loadContext$3(SpringBootContextLoader.java:137)
	at org.springframework.util.function.ThrowingSupplier.get(ThrowingSupplier.java:58)
	at org.springframework.util.function.ThrowingSupplier.get(ThrowingSupplier.java:46)
	at org.springframework.boot.SpringApplication.withHook(SpringApplication.java:1454)
	at org.springframework.boot.test.context.SpringBootContextLoader$ContextLoaderHook.run(SpringBootContextLoader.java:553)
	at org.springframework.boot.test.context.SpringBootContextLoader.loadContext(SpringBootContextLoader.java:137)
	at org.springframework.boot.test.context.SpringBootContextLoader.loadContext(SpringBootContextLoader.java:108)
	at org.springframework.test.context.cache.DefaultCacheAwareContextLoaderDelegate.loadContextInternal(DefaultCacheAwareContextLoaderDelegate.java:225)
	at org.springframework.test.context.cache.DefaultCacheAwareContextLoaderDelegate.loadContext(DefaultCacheAwareContextLoaderDelegate.java:152)
	... 74 common frames omitted
Caused by: org.springframework.beans.factory.NoSuchBeanDefinitionException: No qualifying bean of type 'org.springframework.security.config.annotation.web.builders.HttpSecurity' available: expected at least 1 bean which qualifies as autowire candidate. Dependency annotations: {}
	at org.springframework.beans.factory.support.DefaultListableBeanFactory.raiseNoMatchingBeanFound(DefaultListableBeanFactory.java:1880)
	at org.springframework.beans.factory.support.DefaultListableBeanFactory.doResolveDependency(DefaultListableBeanFactory.java:1406)
	at org.springframework.beans.factory.support.DefaultListableBeanFactory.resolveDependency(DefaultListableBeanFactory.java:1353)
	at org.springframework.beans.factory.support.ConstructorResolver.resolveAutowiredArgument(ConstructorResolver.java:904)
	at org.springframework.beans.factory.support.ConstructorResolver.createArgumentArray(ConstructorResolver.java:782)
	... 98 common frames omitted
2026-05-02 15:38:02.470 [main] WARN  o.s.test.context.TestContextManager - Caught exception while allowing TestExecutionListener [org.springframework.boot.test.mock.mockito.MockitoTestExecutionListener] to prepare test instance [com.capg.pharma.catalogservice.controller.MedicineControllerTest@33ccc8cd]
java.lang.IllegalStateException: ApplicationContext failure threshold (1) exceeded: skipping repeated attempt to load context for [WebMergedContextConfiguration@55a7f0af testClass = com.capg.pharma.catalogservice.controller.MedicineControllerTest, locations = [], classes = [com.capg.pharma.catalogservice.CatalogServiceApplication], contextInitializerClasses = [], activeProfiles = [], propertySourceDescriptors = [], propertySourceProperties = ["org.springframework.boot.test.autoconfigure.web.servlet.WebMvcTestContextBootstrapper=true"], contextCustomizers = [[ImportsContextCustomizer@12db2921 key = [org.springframework.boot.autoconfigure.task.TaskExecutionAutoConfiguration, org.springframework.boot.autoconfigure.cache.CacheAutoConfiguration, org.springframework.boot.autoconfigure.web.servlet.HttpEncodingAutoConfiguration, org.springframework.boot.autoconfigure.validation.ValidationAutoConfiguration, org.springframework.boot.autoconfigure.context.MessageSourceAutoConfiguration, org.springframework.boot.autoconfigure.hateoas.HypermediaAutoConfiguration, org.springframework.boot.autoconfigure.data.web.SpringDataWebAutoConfiguration, org.springframework.boot.autoconfigure.jackson.JacksonAutoConfiguration, org.springframework.boot.test.autoconfigure.web.reactive.WebTestClientAutoConfiguration, org.springframework.boot.autoconfigure.web.servlet.error.ErrorMvcAutoConfiguration, org.springframework.boot.test.autoconfigure.web.servlet.MockMvcAutoConfiguration, org.springframework.boot.autoconfigure.http.HttpMessageConvertersAutoConfiguration, com.capg.pharma.catalogservice.config.TestSecurityConfig, org.springframework.boot.autoconfigure.security.oauth2.client.servlet.OAuth2ClientAutoConfiguration, org.springframework.boot.test.autoconfigure.web.servlet.MockMvcSecurityConfiguration, org.springframework.boot.test.autoconfigure.web.servlet.MockMvcWebClientAutoConfiguration, org.springframework.boot.test.autoconfigure.web.servlet.MockMvcWebDriverAutoConfiguration, org.springframework.boot.autoconfigure.thymeleaf.ThymeleafAutoConfiguration, org.springframework.boot.autoconfigure.gson.GsonAutoConfiguration, org.springframework.boot.autoconfigure.jsonb.JsonbAutoConfiguration, org.springframework.boot.autoconfigure.freemarker.FreeMarkerAutoConfiguration, org.springframework.boot.autoconfigure.web.servlet.WebMvcAutoConfiguration, org.springframework.boot.autoconfigure.security.servlet.UserDetailsServiceAutoConfiguration, org.springframework.boot.autoconfigure.security.oauth2.resource.servlet.OAuth2ResourceServerAutoConfiguration, org.springframework.boot.autoconfigure.groovy.template.GroovyTemplateAutoConfiguration, org.springframework.boot.autoconfigure.mustache.MustacheAutoConfiguration]], org.springframework.boot.test.context.filter.ExcludeFilterContextCustomizer@5ce4369b, org.springframework.boot.test.json.DuplicateJsonObjectContextCustomizerFactory$DuplicateJsonObjectContextCustomizer@1931d99, org.springframework.boot.test.mock.mockito.MockitoContextCustomizer@c44fee51, org.springframework.boot.test.autoconfigure.OverrideAutoConfigurationContextCustomizerFactory$DisableAutoConfigurationContextCustomizer@4e61e4c2, org.springframework.boot.test.autoconfigure.actuate.observability.ObservabilityContextCustomizerFactory$DisableObservabilityContextCustomizer@1f, org.springframework.boot.test.autoconfigure.filter.TypeExcludeFiltersContextCustomizer@fab90c48, org.springframework.boot.test.autoconfigure.properties.PropertyMappingContextCustomizer@3cb2812e, org.springframework.boot.test.autoconfigure.web.servlet.WebDriverContextCustomizer@68c87fc3, org.springframework.boot.test.context.SpringBootTestAnnotation@9c157952], resourceBasePath = "src/main/webapp", contextLoader = org.springframework.boot.test.context.SpringBootContextLoader, parent = null]
	at org.springframework.test.context.cache.DefaultCacheAwareContextLoaderDelegate.loadContext(DefaultCacheAwareContextLoaderDelegate.java:145)
	at org.springframework.test.context.support.DefaultTestContext.getApplicationContext(DefaultTestContext.java:130)
	at org.springframework.boot.test.mock.mockito.MockitoTestExecutionListener.postProcessFields(MockitoTestExecutionListener.java:122)
	at org.springframework.boot.test.mock.mockito.MockitoTestExecutionListener.injectFields(MockitoTestExecutionListener.java:106)
	at org.springframework.boot.test.mock.mockito.MockitoTestExecutionListener.prepareTestInstance(MockitoTestExecutionListener.java:63)
	at org.springframework.test.context.TestContextManager.prepareTestInstance(TestContextManager.java:260)
	at org.springframework.test.context.junit.jupiter.SpringExtension.postProcessTestInstance(SpringExtension.java:163)
	at org.junit.jupiter.engine.descriptor.ClassBasedTestDescriptor.lambda$invokeTestInstancePostProcessors$10(ClassBasedTestDescriptor.java:378)
	at org.junit.jupiter.engine.descriptor.ClassBasedTestDescriptor.executeAndMaskThrowable(ClassBasedTestDescriptor.java:383)
	at org.junit.jupiter.engine.descriptor.ClassBasedTestDescriptor.lambda$invokeTestInstancePostProcessors$11(ClassBasedTestDescriptor.java:378)
	at java.base/java.util.stream.ReferencePipeline$3$1.accept(ReferencePipeline.java:197)
	at java.base/java.util.stream.ReferencePipeline$2$1.accept(ReferencePipeline.java:179)
	at java.base/java.util.ArrayList$ArrayListSpliterator.forEachRemaining(ArrayList.java:1625)
	at java.base/java.util.stream.AbstractPipeline.copyInto(AbstractPipeline.java:509)
	at java.base/java.util.stream.AbstractPipeline.wrapAndCopyInto(AbstractPipeline.java:499)
	at java.base/java.util.stream.StreamSpliterators$WrappingSpliterator.forEachRemaining(StreamSpliterators.java:310)
	at java.base/java.util.stream.Streams$ConcatSpliterator.forEachRemaining(Streams.java:735)
	at java.base/java.util.stream.Streams$ConcatSpliterator.forEachRemaining(Streams.java:734)
	at java.base/java.util.stream.ReferencePipeline$Head.forEach(ReferencePipeline.java:762)
	at org.junit.jupiter.engine.descriptor.ClassBasedTestDescriptor.invokeTestInstancePostProcessors(ClassBasedTestDescriptor.java:377)
	at org.junit.jupiter.engine.descriptor.ClassBasedTestDescriptor.lambda$instantiateAndPostProcessTestInstance$6(ClassBasedTestDescriptor.java:290)
	at org.junit.platform.engine.support.hierarchical.ThrowableCollector.execute(ThrowableCollector.java:73)
	at org.junit.jupiter.engine.descriptor.ClassBasedTestDescriptor.instantiateAndPostProcessTestInstance(ClassBasedTestDescriptor.java:289)
	at org.junit.jupiter.engine.descriptor.ClassBasedTestDescriptor.lambda$testInstancesProvider$4(ClassBasedTestDescriptor.java:279)
	at java.base/java.util.Optional.orElseGet(Optional.java:364)
	at org.junit.jupiter.engine.descriptor.ClassBasedTestDescriptor.lambda$testInstancesProvider$5(ClassBasedTestDescriptor.java:278)
	at org.junit.jupiter.engine.execution.TestInstancesProvider.getTestInstances(TestInstancesProvider.java:31)
	at org.junit.jupiter.engine.descriptor.TestMethodTestDescriptor.lambda$prepare$0(TestMethodTestDescriptor.java:106)
	at org.junit.platform.engine.support.hierarchical.ThrowableCollector.execute(ThrowableCollector.java:73)
	at org.junit.jupiter.engine.descriptor.TestMethodTestDescriptor.prepare(TestMethodTestDescriptor.java:105)
	at org.junit.jupiter.engine.descriptor.TestMethodTestDescriptor.prepare(TestMethodTestDescriptor.java:69)
	at org.junit.platform.engine.support.hierarchical.NodeTestTask.lambda$prepare$2(NodeTestTask.java:123)
	at org.junit.platform.engine.support.hierarchical.ThrowableCollector.execute(ThrowableCollector.java:73)
	at org.junit.platform.engine.support.hierarchical.NodeTestTask.prepare(NodeTestTask.java:123)
	at org.junit.platform.engine.support.hierarchical.NodeTestTask.execute(NodeTestTask.java:90)
	at java.base/java.util.ArrayList.forEach(ArrayList.java:1511)
	at org.junit.platform.engine.support.hierarchical.SameThreadHierarchicalTestExecutorService.invokeAll(SameThreadHierarchicalTestExecutorService.java:41)
	at org.junit.platform.engine.support.hierarchical.NodeTestTask.lambda$executeRecursively$6(NodeTestTask.java:155)
	at org.junit.platform.engine.support.hierarchical.ThrowableCollector.execute(ThrowableCollector.java:73)
	at org.junit.platform.engine.support.hierarchical.NodeTestTask.lambda$executeRecursively$8(NodeTestTask.java:141)
	at org.junit.platform.engine.support.hierarchical.Node.around(Node.java:137)
	at org.junit.platform.engine.support.hierarchical.NodeTestTask.lambda$executeRecursively$9(NodeTestTask.java:139)
	at org.junit.platform.engine.support.hierarchical.ThrowableCollector.execute(ThrowableCollector.java:73)
	at org.junit.platform.engine.support.hierarchical.NodeTestTask.executeRecursively(NodeTestTask.java:138)
	at org.junit.platform.engine.support.hierarchical.NodeTestTask.execute(NodeTestTask.java:95)
	at java.base/java.util.ArrayList.forEach(ArrayList.java:1511)
	at org.junit.platform.engine.support.hierarchical.SameThreadHierarchicalTestExecutorService.invokeAll(SameThreadHierarchicalTestExecutorService.java:41)
	at org.junit.platform.engine.support.hierarchical.NodeTestTask.lambda$executeRecursively$6(NodeTestTask.java:155)
	at org.junit.platform.engine.support.hierarchical.ThrowableCollector.execute(ThrowableCollector.java:73)
	at org.junit.platform.engine.support.hierarchical.NodeTestTask.lambda$executeRecursively$8(NodeTestTask.java:141)
	at org.junit.platform.engine.support.hierarchical.Node.around(Node.java:137)
	at org.junit.platform.engine.support.hierarchical.NodeTestTask.lambda$executeRecursively$9(NodeTestTask.java:139)
	at org.junit.platform.engine.support.hierarchical.ThrowableCollector.execute(ThrowableCollector.java:73)
	at org.junit.platform.engine.support.hierarchical.NodeTestTask.executeRecursively(NodeTestTask.java:138)
	at org.junit.platform.engine.support.hierarchical.NodeTestTask.execute(NodeTestTask.java:95)
	at org.junit.platform.engine.support.hierarchical.SameThreadHierarchicalTestExecutorService.submit(SameThreadHierarchicalTestExecutorService.java:35)
	at org.junit.platform.engine.support.hierarchical.HierarchicalTestExecutor.execute(HierarchicalTestExecutor.java:57)
	at org.junit.platform.engine.support.hierarchical.HierarchicalTestEngine.execute(HierarchicalTestEngine.java:54)
	at org.junit.platform.launcher.core.EngineExecutionOrchestrator.execute(EngineExecutionOrchestrator.java:198)
	at org.junit.platform.launcher.core.EngineExecutionOrchestrator.execute(EngineExecutionOrchestrator.java:169)
	at org.junit.platform.launcher.core.EngineExecutionOrchestrator.execute(EngineExecutionOrchestrator.java:93)
	at org.junit.platform.launcher.core.EngineExecutionOrchestrator.lambda$execute$0(EngineExecutionOrchestrator.java:58)
	at org.junit.platform.launcher.core.EngineExecutionOrchestrator.withInterceptedStreams(EngineExecutionOrchestrator.java:141)
	at org.junit.platform.launcher.core.EngineExecutionOrchestrator.execute(EngineExecutionOrchestrator.java:57)
	at org.junit.platform.launcher.core.DefaultLauncher.execute(DefaultLauncher.java:103)
	at org.junit.platform.launcher.core.DefaultLauncher.execute(DefaultLauncher.java:85)
	at org.junit.platform.launcher.core.DelegatingLauncher.execute(DelegatingLauncher.java:47)
	at org.apache.maven.surefire.junitplatform.LazyLauncher.execute(LazyLauncher.java:56)
	at org.apache.maven.surefire.junitplatform.JUnitPlatformProvider.execute(JUnitPlatformProvider.java:184)
	at org.apache.maven.surefire.junitplatform.JUnitPlatformProvider.invokeAllTests(JUnitPlatformProvider.java:148)
	at org.apache.maven.surefire.junitplatform.JUnitPlatformProvider.invoke(JUnitPlatformProvider.java:122)
	at org.apache.maven.surefire.booter.ForkedBooter.runSuitesInProcess(ForkedBooter.java:385)
	at org.apache.maven.surefire.booter.ForkedBooter.execute(ForkedBooter.java:162)
	at org.apache.maven.surefire.booter.ForkedBooter.run(ForkedBooter.java:507)
	at org.apache.maven.surefire.booter.ForkedBooter.main(ForkedBooter.java:495)
2026-05-02 15:38:02.480 [main] WARN  o.s.test.context.TestContextManager - Caught exception while allowing TestExecutionListener [org.springframework.boot.test.mock.mockito.MockitoTestExecutionListener] to prepare test instance [com.capg.pharma.catalogservice.controller.MedicineControllerTest@1e90939f]
java.lang.IllegalStateException: ApplicationContext failure threshold (1) exceeded: skipping repeated attempt to load context for [WebMergedContextConfiguration@55a7f0af testClass = com.capg.pharma.catalogservice.controller.MedicineControllerTest, locations = [], classes = [com.capg.pharma.catalogservice.CatalogServiceApplication], contextInitializerClasses = [], activeProfiles = [], propertySourceDescriptors = [], propertySourceProperties = ["org.springframework.boot.test.autoconfigure.web.servlet.WebMvcTestContextBootstrapper=true"], contextCustomizers = [[ImportsContextCustomizer@12db2921 key = [org.springframework.boot.autoconfigure.task.TaskExecutionAutoConfiguration, org.springframework.boot.autoconfigure.cache.CacheAutoConfiguration, org.springframework.boot.autoconfigure.web.servlet.HttpEncodingAutoConfiguration, org.springframework.boot.autoconfigure.validation.ValidationAutoConfiguration, org.springframework.boot.autoconfigure.context.MessageSourceAutoConfiguration, org.springframework.boot.autoconfigure.hateoas.HypermediaAutoConfiguration, org.springframework.boot.autoconfigure.data.web.SpringDataWebAutoConfiguration, org.springframework.boot.autoconfigure.jackson.JacksonAutoConfiguration, org.springframework.boot.test.autoconfigure.web.reactive.WebTestClientAutoConfiguration, org.springframework.boot.autoconfigure.web.servlet.error.ErrorMvcAutoConfiguration, org.springframework.boot.test.autoconfigure.web.servlet.MockMvcAutoConfiguration, org.springframework.boot.autoconfigure.http.HttpMessageConvertersAutoConfiguration, com.capg.pharma.catalogservice.config.TestSecurityConfig, org.springframework.boot.autoconfigure.security.oauth2.client.servlet.OAuth2ClientAutoConfiguration, org.springframework.boot.test.autoconfigure.web.servlet.MockMvcSecurityConfiguration, org.springframework.boot.test.autoconfigure.web.servlet.MockMvcWebClientAutoConfiguration, org.springframework.boot.test.autoconfigure.web.servlet.MockMvcWebDriverAutoConfiguration, org.springframework.boot.autoconfigure.thymeleaf.ThymeleafAutoConfiguration, org.springframework.boot.autoconfigure.gson.GsonAutoConfiguration, org.springframework.boot.autoconfigure.jsonb.JsonbAutoConfiguration, org.springframework.boot.autoconfigure.freemarker.FreeMarkerAutoConfiguration, org.springframework.boot.autoconfigure.web.servlet.WebMvcAutoConfiguration, org.springframework.boot.autoconfigure.security.servlet.UserDetailsServiceAutoConfiguration, org.springframework.boot.autoconfigure.security.oauth2.resource.servlet.OAuth2ResourceServerAutoConfiguration, org.springframework.boot.autoconfigure.groovy.template.GroovyTemplateAutoConfiguration, org.springframework.boot.autoconfigure.mustache.MustacheAutoConfiguration]], org.springframework.boot.test.context.filter.ExcludeFilterContextCustomizer@5ce4369b, org.springframework.boot.test.json.DuplicateJsonObjectContextCustomizerFactory$DuplicateJsonObjectContextCustomizer@1931d99, org.springframework.boot.test.mock.mockito.MockitoContextCustomizer@c44fee51, org.springframework.boot.test.autoconfigure.OverrideAutoConfigurationContextCustomizerFactory$DisableAutoConfigurationContextCustomizer@4e61e4c2, org.springframework.boot.test.autoconfigure.actuate.observability.ObservabilityContextCustomizerFactory$DisableObservabilityContextCustomizer@1f, org.springframework.boot.test.autoconfigure.filter.TypeExcludeFiltersContextCustomizer@fab90c48, org.springframework.boot.test.autoconfigure.properties.PropertyMappingContextCustomizer@3cb2812e, org.springframework.boot.test.autoconfigure.web.servlet.WebDriverContextCustomizer@68c87fc3, org.springframework.boot.test.context.SpringBootTestAnnotation@9c157952], resourceBasePath = "src/main/webapp", contextLoader = org.springframework.boot.test.context.SpringBootContextLoader, parent = null]
	at org.springframework.test.context.cache.DefaultCacheAwareContextLoaderDelegate.loadContext(DefaultCacheAwareContextLoaderDelegate.java:145)
	at org.springframework.test.context.support.DefaultTestContext.getApplicationContext(DefaultTestContext.java:130)
	at org.springframework.boot.test.mock.mockito.MockitoTestExecutionListener.postProcessFields(MockitoTestExecutionListener.java:122)
	at org.springframework.boot.test.mock.mockito.MockitoTestExecutionListener.injectFields(MockitoTestExecutionListener.java:106)
	at org.springframework.boot.test.mock.mockito.MockitoTestExecutionListener.prepareTestInstance(MockitoTestExecutionListener.java:63)
	at org.springframework.test.context.TestContextManager.prepareTestInstance(TestContextManager.java:260)
	at org.springframework.test.context.junit.jupiter.SpringExtension.postProcessTestInstance(SpringExtension.java:163)
	at org.junit.jupiter.engine.descriptor.ClassBasedTestDescriptor.lambda$invokeTestInstancePostProcessors$10(ClassBasedTestDescriptor.java:378)
	at org.junit.jupiter.engine.descriptor.ClassBasedTestDescriptor.executeAndMaskThrowable(ClassBasedTestDescriptor.java:383)
	at org.junit.jupiter.engine.descriptor.ClassBasedTestDescriptor.lambda$invokeTestInstancePostProcessors$11(ClassBasedTestDescriptor.java:378)
	at java.base/java.util.stream.ReferencePipeline$3$1.accept(ReferencePipeline.java:197)
	at java.base/java.util.stream.ReferencePipeline$2$1.accept(ReferencePipeline.java:179)
	at java.base/java.util.ArrayList$ArrayListSpliterator.forEachRemaining(ArrayList.java:1625)
	at java.base/java.util.stream.AbstractPipeline.copyInto(AbstractPipeline.java:509)
	at java.base/java.util.stream.AbstractPipeline.wrapAndCopyInto(AbstractPipeline.java:499)
	at java.base/java.util.stream.StreamSpliterators$WrappingSpliterator.forEachRemaining(StreamSpliterators.java:310)
	at java.base/java.util.stream.Streams$ConcatSpliterator.forEachRemaining(Streams.java:735)
	at java.base/java.util.stream.Streams$ConcatSpliterator.forEachRemaining(Streams.java:734)
	at java.base/java.util.stream.ReferencePipeline$Head.forEach(ReferencePipeline.java:762)
	at org.junit.jupiter.engine.descriptor.ClassBasedTestDescriptor.invokeTestInstancePostProcessors(ClassBasedTestDescriptor.java:377)
	at org.junit.jupiter.engine.descriptor.ClassBasedTestDescriptor.lambda$instantiateAndPostProcessTestInstance$6(ClassBasedTestDescriptor.java:290)
	at org.junit.platform.engine.support.hierarchical.ThrowableCollector.execute(ThrowableCollector.java:73)
	at org.junit.jupiter.engine.descriptor.ClassBasedTestDescriptor.instantiateAndPostProcessTestInstance(ClassBasedTestDescriptor.java:289)
	at org.junit.jupiter.engine.descriptor.ClassBasedTestDescriptor.lambda$testInstancesProvider$4(ClassBasedTestDescriptor.java:279)
	at java.base/java.util.Optional.orElseGet(Optional.java:364)
	at org.junit.jupiter.engine.descriptor.ClassBasedTestDescriptor.lambda$testInstancesProvider$5(ClassBasedTestDescriptor.java:278)
	at org.junit.jupiter.engine.execution.TestInstancesProvider.getTestInstances(TestInstancesProvider.java:31)
	at org.junit.jupiter.engine.descriptor.TestMethodTestDescriptor.lambda$prepare$0(TestMethodTestDescriptor.java:106)
	at org.junit.platform.engine.support.hierarchical.ThrowableCollector.execute(ThrowableCollector.java:73)
	at org.junit.jupiter.engine.descriptor.TestMethodTestDescriptor.prepare(TestMethodTestDescriptor.java:105)
	at org.junit.jupiter.engine.descriptor.TestMethodTestDescriptor.prepare(TestMethodTestDescriptor.java:69)
	at org.junit.platform.engine.support.hierarchical.NodeTestTask.lambda$prepare$2(NodeTestTask.java:123)
	at org.junit.platform.engine.support.hierarchical.ThrowableCollector.execute(ThrowableCollector.java:73)
	at org.junit.platform.engine.support.hierarchical.NodeTestTask.prepare(NodeTestTask.java:123)
	at org.junit.platform.engine.support.hierarchical.NodeTestTask.execute(NodeTestTask.java:90)
	at java.base/java.util.ArrayList.forEach(ArrayList.java:1511)
	at org.junit.platform.engine.support.hierarchical.SameThreadHierarchicalTestExecutorService.invokeAll(SameThreadHierarchicalTestExecutorService.java:41)
	at org.junit.platform.engine.support.hierarchical.NodeTestTask.lambda$executeRecursively$6(NodeTestTask.java:155)
	at org.junit.platform.engine.support.hierarchical.ThrowableCollector.execute(ThrowableCollector.java:73)
	at org.junit.platform.engine.support.hierarchical.NodeTestTask.lambda$executeRecursively$8(NodeTestTask.java:141)
	at org.junit.platform.engine.support.hierarchical.Node.around(Node.java:137)
	at org.junit.platform.engine.support.hierarchical.NodeTestTask.lambda$executeRecursively$9(NodeTestTask.java:139)
	at org.junit.platform.engine.support.hierarchical.ThrowableCollector.execute(ThrowableCollector.java:73)
	at org.junit.platform.engine.support.hierarchical.NodeTestTask.executeRecursively(NodeTestTask.java:138)
	at org.junit.platform.engine.support.hierarchical.NodeTestTask.execute(NodeTestTask.java:95)
	at java.base/java.util.ArrayList.forEach(ArrayList.java:1511)
	at org.junit.platform.engine.support.hierarchical.SameThreadHierarchicalTestExecutorService.invokeAll(SameThreadHierarchicalTestExecutorService.java:41)
	at org.junit.platform.engine.support.hierarchical.NodeTestTask.lambda$executeRecursively$6(NodeTestTask.java:155)
	at org.junit.platform.engine.support.hierarchical.ThrowableCollector.execute(ThrowableCollector.java:73)
	at org.junit.platform.engine.support.hierarchical.NodeTestTask.lambda$executeRecursively$8(NodeTestTask.java:141)
	at org.junit.platform.engine.support.hierarchical.Node.around(Node.java:137)
	at org.junit.platform.engine.support.hierarchical.NodeTestTask.lambda$executeRecursively$9(NodeTestTask.java:139)
	at org.junit.platform.engine.support.hierarchical.ThrowableCollector.execute(ThrowableCollector.java:73)
	at org.junit.platform.engine.support.hierarchical.NodeTestTask.executeRecursively(NodeTestTask.java:138)
	at org.junit.platform.engine.support.hierarchical.NodeTestTask.execute(NodeTestTask.java:95)
	at org.junit.platform.engine.support.hierarchical.SameThreadHierarchicalTestExecutorService.submit(SameThreadHierarchicalTestExecutorService.java:35)
	at org.junit.platform.engine.support.hierarchical.HierarchicalTestExecutor.execute(HierarchicalTestExecutor.java:57)
	at org.junit.platform.engine.support.hierarchical.HierarchicalTestEngine.execute(HierarchicalTestEngine.java:54)
	at org.junit.platform.launcher.core.EngineExecutionOrchestrator.execute(EngineExecutionOrchestrator.java:198)
	at org.junit.platform.launcher.core.EngineExecutionOrchestrator.execute(EngineExecutionOrchestrator.java:169)
	at org.junit.platform.launcher.core.EngineExecutionOrchestrator.execute(EngineExecutionOrchestrator.java:93)
	at org.junit.platform.launcher.core.EngineExecutionOrchestrator.lambda$execute$0(EngineExecutionOrchestrator.java:58)
	at org.junit.platform.launcher.core.EngineExecutionOrchestrator.withInterceptedStreams(EngineExecutionOrchestrator.java:141)
	at org.junit.platform.launcher.core.EngineExecutionOrchestrator.execute(EngineExecutionOrchestrator.java:57)
	at org.junit.platform.launcher.core.DefaultLauncher.execute(DefaultLauncher.java:103)
	at org.junit.platform.launcher.core.DefaultLauncher.execute(DefaultLauncher.java:85)
	at org.junit.platform.launcher.core.DelegatingLauncher.execute(DelegatingLauncher.java:47)
	at org.apache.maven.surefire.junitplatform.LazyLauncher.execute(LazyLauncher.java:56)
	at org.apache.maven.surefire.junitplatform.JUnitPlatformProvider.execute(JUnitPlatformProvider.java:184)
	at org.apache.maven.surefire.junitplatform.JUnitPlatformProvider.invokeAllTests(JUnitPlatformProvider.java:148)
	at org.apache.maven.surefire.junitplatform.JUnitPlatformProvider.invoke(JUnitPlatformProvider.java:122)
	at org.apache.maven.surefire.booter.ForkedBooter.runSuitesInProcess(ForkedBooter.java:385)
	at org.apache.maven.surefire.booter.ForkedBooter.execute(ForkedBooter.java:162)
	at org.apache.maven.surefire.booter.ForkedBooter.run(ForkedBooter.java:507)
	at org.apache.maven.surefire.booter.ForkedBooter.main(ForkedBooter.java:495)
2026-05-02 15:38:02.489 [main] WARN  o.s.test.context.TestContextManager - Caught exception while allowing TestExecutionListener [org.springframework.boot.test.mock.mockito.MockitoTestExecutionListener] to prepare test instance [com.capg.pharma.catalogservice.controller.MedicineControllerTest@57a259c1]
java.lang.IllegalStateException: ApplicationContext failure threshold (1) exceeded: skipping repeated attempt to load context for [WebMergedContextConfiguration@55a7f0af testClass = com.capg.pharma.catalogservice.controller.MedicineControllerTest, locations = [], classes = [com.capg.pharma.catalogservice.CatalogServiceApplication], contextInitializerClasses = [], activeProfiles = [], propertySourceDescriptors = [], propertySourceProperties = ["org.springframework.boot.test.autoconfigure.web.servlet.WebMvcTestContextBootstrapper=true"], contextCustomizers = [[ImportsContextCustomizer@12db2921 key = [org.springframework.boot.autoconfigure.task.TaskExecutionAutoConfiguration, org.springframework.boot.autoconfigure.cache.CacheAutoConfiguration, org.springframework.boot.autoconfigure.web.servlet.HttpEncodingAutoConfiguration, org.springframework.boot.autoconfigure.validation.ValidationAutoConfiguration, org.springframework.boot.autoconfigure.context.MessageSourceAutoConfiguration, org.springframework.boot.autoconfigure.hateoas.HypermediaAutoConfiguration, org.springframework.boot.autoconfigure.data.web.SpringDataWebAutoConfiguration, org.springframework.boot.autoconfigure.jackson.JacksonAutoConfiguration, org.springframework.boot.test.autoconfigure.web.reactive.WebTestClientAutoConfiguration, org.springframework.boot.autoconfigure.web.servlet.error.ErrorMvcAutoConfiguration, org.springframework.boot.test.autoconfigure.web.servlet.MockMvcAutoConfiguration, org.springframework.boot.autoconfigure.http.HttpMessageConvertersAutoConfiguration, com.capg.pharma.catalogservice.config.TestSecurityConfig, org.springframework.boot.autoconfigure.security.oauth2.client.servlet.OAuth2ClientAutoConfiguration, org.springframework.boot.test.autoconfigure.web.servlet.MockMvcSecurityConfiguration, org.springframework.boot.test.autoconfigure.web.servlet.MockMvcWebClientAutoConfiguration, org.springframework.boot.test.autoconfigure.web.servlet.MockMvcWebDriverAutoConfiguration, org.springframework.boot.autoconfigure.thymeleaf.ThymeleafAutoConfiguration, org.springframework.boot.autoconfigure.gson.GsonAutoConfiguration, org.springframework.boot.autoconfigure.jsonb.JsonbAutoConfiguration, org.springframework.boot.autoconfigure.freemarker.FreeMarkerAutoConfiguration, org.springframework.boot.autoconfigure.web.servlet.WebMvcAutoConfiguration, org.springframework.boot.autoconfigure.security.servlet.UserDetailsServiceAutoConfiguration, org.springframework.boot.autoconfigure.security.oauth2.resource.servlet.OAuth2ResourceServerAutoConfiguration, org.springframework.boot.autoconfigure.groovy.template.GroovyTemplateAutoConfiguration, org.springframework.boot.autoconfigure.mustache.MustacheAutoConfiguration]], org.springframework.boot.test.context.filter.ExcludeFilterContextCustomizer@5ce4369b, org.springframework.boot.test.json.DuplicateJsonObjectContextCustomizerFactory$DuplicateJsonObjectContextCustomizer@1931d99, org.springframework.boot.test.mock.mockito.MockitoContextCustomizer@c44fee51, org.springframework.boot.test.autoconfigure.OverrideAutoConfigurationContextCustomizerFactory$DisableAutoConfigurationContextCustomizer@4e61e4c2, org.springframework.boot.test.autoconfigure.actuate.observability.ObservabilityContextCustomizerFactory$DisableObservabilityContextCustomizer@1f, org.springframework.boot.test.autoconfigure.filter.TypeExcludeFiltersContextCustomizer@fab90c48, org.springframework.boot.test.autoconfigure.properties.PropertyMappingContextCustomizer@3cb2812e, org.springframework.boot.test.autoconfigure.web.servlet.WebDriverContextCustomizer@68c87fc3, org.springframework.boot.test.context.SpringBootTestAnnotation@9c157952], resourceBasePath = "src/main/webapp", contextLoader = org.springframework.boot.test.context.SpringBootContextLoader, parent = null]
	at org.springframework.test.context.cache.DefaultCacheAwareContextLoaderDelegate.loadContext(DefaultCacheAwareContextLoaderDelegate.java:145)
	at org.springframework.test.context.support.DefaultTestContext.getApplicationContext(DefaultTestContext.java:130)
	at org.springframework.boot.test.mock.mockito.MockitoTestExecutionListener.postProcessFields(MockitoTestExecutionListener.java:122)
	at org.springframework.boot.test.mock.mockito.MockitoTestExecutionListener.injectFields(MockitoTestExecutionListener.java:106)
	at org.springframework.boot.test.mock.mockito.MockitoTestExecutionListener.prepareTestInstance(MockitoTestExecutionListener.java:63)
	at org.springframework.test.context.TestContextManager.prepareTestInstance(TestContextManager.java:260)
	at org.springframework.test.context.junit.jupiter.SpringExtension.postProcessTestInstance(SpringExtension.java:163)
	at org.junit.jupiter.engine.descriptor.ClassBasedTestDescriptor.lambda$invokeTestInstancePostProcessors$10(ClassBasedTestDescriptor.java:378)
	at org.junit.jupiter.engine.descriptor.ClassBasedTestDescriptor.executeAndMaskThrowable(ClassBasedTestDescriptor.java:383)
	at org.junit.jupiter.engine.descriptor.ClassBasedTestDescriptor.lambda$invokeTestInstancePostProcessors$11(ClassBasedTestDescriptor.java:378)
	at java.base/java.util.stream.ReferencePipeline$3$1.accept(ReferencePipeline.java:197)
	at java.base/java.util.stream.ReferencePipeline$2$1.accept(ReferencePipeline.java:179)
	at java.base/java.util.ArrayList$ArrayListSpliterator.forEachRemaining(ArrayList.java:1625)
	at java.base/java.util.stream.AbstractPipeline.copyInto(AbstractPipeline.java:509)
	at java.base/java.util.stream.AbstractPipeline.wrapAndCopyInto(AbstractPipeline.java:499)
	at java.base/java.util.stream.StreamSpliterators$WrappingSpliterator.forEachRemaining(StreamSpliterators.java:310)
	at java.base/java.util.stream.Streams$ConcatSpliterator.forEachRemaining(Streams.java:735)
	at java.base/java.util.stream.Streams$ConcatSpliterator.forEachRemaining(Streams.java:734)
	at java.base/java.util.stream.ReferencePipeline$Head.forEach(ReferencePipeline.java:762)
	at org.junit.jupiter.engine.descriptor.ClassBasedTestDescriptor.invokeTestInstancePostProcessors(ClassBasedTestDescriptor.java:377)
	at org.junit.jupiter.engine.descriptor.ClassBasedTestDescriptor.lambda$instantiateAndPostProcessTestInstance$6(ClassBasedTestDescriptor.java:290)
	at org.junit.platform.engine.support.hierarchical.ThrowableCollector.execute(ThrowableCollector.java:73)
	at org.junit.jupiter.engine.descriptor.ClassBasedTestDescriptor.instantiateAndPostProcessTestInstance(ClassBasedTestDescriptor.java:289)
	at org.junit.jupiter.engine.descriptor.ClassBasedTestDescriptor.lambda$testInstancesProvider$4(ClassBasedTestDescriptor.java:279)
	at java.base/java.util.Optional.orElseGet(Optional.java:364)
	at org.junit.jupiter.engine.descriptor.ClassBasedTestDescriptor.lambda$testInstancesProvider$5(ClassBasedTestDescriptor.java:278)
	at org.junit.jupiter.engine.execution.TestInstancesProvider.getTestInstances(TestInstancesProvider.java:31)
	at org.junit.jupiter.engine.descriptor.TestMethodTestDescriptor.lambda$prepare$0(TestMethodTestDescriptor.java:106)
	at org.junit.platform.engine.support.hierarchical.ThrowableCollector.execute(ThrowableCollector.java:73)
	at org.junit.jupiter.engine.descriptor.TestMethodTestDescriptor.prepare(TestMethodTestDescriptor.java:105)
	at org.junit.jupiter.engine.descriptor.TestMethodTestDescriptor.prepare(TestMethodTestDescriptor.java:69)
	at org.junit.platform.engine.support.hierarchical.NodeTestTask.lambda$prepare$2(NodeTestTask.java:123)
	at org.junit.platform.engine.support.hierarchical.ThrowableCollector.execute(ThrowableCollector.java:73)
	at org.junit.platform.engine.support.hierarchical.NodeTestTask.prepare(NodeTestTask.java:123)
	at org.junit.platform.engine.support.hierarchical.NodeTestTask.execute(NodeTestTask.java:90)
	at java.base/java.util.ArrayList.forEach(ArrayList.java:1511)
	at org.junit.platform.engine.support.hierarchical.SameThreadHierarchicalTestExecutorService.invokeAll(SameThreadHierarchicalTestExecutorService.java:41)
	at org.junit.platform.engine.support.hierarchical.NodeTestTask.lambda$executeRecursively$6(NodeTestTask.java:155)
	at org.junit.platform.engine.support.hierarchical.ThrowableCollector.execute(ThrowableCollector.java:73)
	at org.junit.platform.engine.support.hierarchical.NodeTestTask.lambda$executeRecursively$8(NodeTestTask.java:141)
	at org.junit.platform.engine.support.hierarchical.Node.around(Node.java:137)
	at org.junit.platform.engine.support.hierarchical.NodeTestTask.lambda$executeRecursively$9(NodeTestTask.java:139)
	at org.junit.platform.engine.support.hierarchical.ThrowableCollector.execute(ThrowableCollector.java:73)
	at org.junit.platform.engine.support.hierarchical.NodeTestTask.executeRecursively(NodeTestTask.java:138)
	at org.junit.platform.engine.support.hierarchical.NodeTestTask.execute(NodeTestTask.java:95)
	at java.base/java.util.ArrayList.forEach(ArrayList.java:1511)
	at org.junit.platform.engine.support.hierarchical.SameThreadHierarchicalTestExecutorService.invokeAll(SameThreadHierarchicalTestExecutorService.java:41)
	at org.junit.platform.engine.support.hierarchical.NodeTestTask.lambda$executeRecursively$6(NodeTestTask.java:155)
	at org.junit.platform.engine.support.hierarchical.ThrowableCollector.execute(ThrowableCollector.java:73)
	at org.junit.platform.engine.support.hierarchical.NodeTestTask.lambda$executeRecursively$8(NodeTestTask.java:141)
	at org.junit.platform.engine.support.hierarchical.Node.around(Node.java:137)
	at org.junit.platform.engine.support.hierarchical.NodeTestTask.lambda$executeRecursively$9(NodeTestTask.java:139)
	at org.junit.platform.engine.support.hierarchical.ThrowableCollector.execute(ThrowableCollector.java:73)
	at org.junit.platform.engine.support.hierarchical.NodeTestTask.executeRecursively(NodeTestTask.java:138)
	at org.junit.platform.engine.support.hierarchical.NodeTestTask.execute(NodeTestTask.java:95)
	at org.junit.platform.engine.support.hierarchical.SameThreadHierarchicalTestExecutorService.submit(SameThreadHierarchicalTestExecutorService.java:35)
	at org.junit.platform.engine.support.hierarchical.HierarchicalTestExecutor.execute(HierarchicalTestExecutor.java:57)
	at org.junit.platform.engine.support.hierarchical.HierarchicalTestEngine.execute(HierarchicalTestEngine.java:54)
	at org.junit.platform.launcher.core.EngineExecutionOrchestrator.execute(EngineExecutionOrchestrator.java:198)
	at org.junit.platform.launcher.core.EngineExecutionOrchestrator.execute(EngineExecutionOrchestrator.java:169)
	at org.junit.platform.launcher.core.EngineExecutionOrchestrator.execute(EngineExecutionOrchestrator.java:93)
	at org.junit.platform.launcher.core.EngineExecutionOrchestrator.lambda$execute$0(EngineExecutionOrchestrator.java:58)
	at org.junit.platform.launcher.core.EngineExecutionOrchestrator.withInterceptedStreams(EngineExecutionOrchestrator.java:141)
	at org.junit.platform.launcher.core.EngineExecutionOrchestrator.execute(EngineExecutionOrchestrator.java:57)
	at org.junit.platform.launcher.core.DefaultLauncher.execute(DefaultLauncher.java:103)
	at org.junit.platform.launcher.core.DefaultLauncher.execute(DefaultLauncher.java:85)
	at org.junit.platform.launcher.core.DelegatingLauncher.execute(DelegatingLauncher.java:47)
	at org.apache.maven.surefire.junitplatform.LazyLauncher.execute(LazyLauncher.java:56)
	at org.apache.maven.surefire.junitplatform.JUnitPlatformProvider.execute(JUnitPlatformProvider.java:184)
	at org.apache.maven.surefire.junitplatform.JUnitPlatformProvider.invokeAllTests(JUnitPlatformProvider.java:148)
	at org.apache.maven.surefire.junitplatform.JUnitPlatformProvider.invoke(JUnitPlatformProvider.java:122)
	at org.apache.maven.surefire.booter.ForkedBooter.runSuitesInProcess(ForkedBooter.java:385)
	at org.apache.maven.surefire.booter.ForkedBooter.execute(ForkedBooter.java:162)
	at org.apache.maven.surefire.booter.ForkedBooter.run(ForkedBooter.java:507)
	at org.apache.maven.surefire.booter.ForkedBooter.main(ForkedBooter.java:495)
2026-05-02 15:38:02.498 [main] WARN  o.s.test.context.TestContextManager - Caught exception while allowing TestExecutionListener [org.springframework.boot.test.mock.mockito.MockitoTestExecutionListener] to prepare test instance [com.capg.pharma.catalogservice.controller.MedicineControllerTest@ecc5101]
java.lang.IllegalStateException: ApplicationContext failure threshold (1) exceeded: skipping repeated attempt to load context for [WebMergedContextConfiguration@55a7f0af testClass = com.capg.pharma.catalogservice.controller.MedicineControllerTest, locations = [], classes = [com.capg.pharma.catalogservice.CatalogServiceApplication], contextInitializerClasses = [], activeProfiles = [], propertySourceDescriptors = [], propertySourceProperties = ["org.springframework.boot.test.autoconfigure.web.servlet.WebMvcTestContextBootstrapper=true"], contextCustomizers = [[ImportsContextCustomizer@12db2921 key = [org.springframework.boot.autoconfigure.task.TaskExecutionAutoConfiguration, org.springframework.boot.autoconfigure.cache.CacheAutoConfiguration, org.springframework.boot.autoconfigure.web.servlet.HttpEncodingAutoConfiguration, org.springframework.boot.autoconfigure.validation.ValidationAutoConfiguration, org.springframework.boot.autoconfigure.context.MessageSourceAutoConfiguration, org.springframework.boot.autoconfigure.hateoas.HypermediaAutoConfiguration, org.springframework.boot.autoconfigure.data.web.SpringDataWebAutoConfiguration, org.springframework.boot.autoconfigure.jackson.JacksonAutoConfiguration, org.springframework.boot.test.autoconfigure.web.reactive.WebTestClientAutoConfiguration, org.springframework.boot.autoconfigure.web.servlet.error.ErrorMvcAutoConfiguration, org.springframework.boot.test.autoconfigure.web.servlet.MockMvcAutoConfiguration, org.springframework.boot.autoconfigure.http.HttpMessageConvertersAutoConfiguration, com.capg.pharma.catalogservice.config.TestSecurityConfig, org.springframework.boot.autoconfigure.security.oauth2.client.servlet.OAuth2ClientAutoConfiguration, org.springframework.boot.test.autoconfigure.web.servlet.MockMvcSecurityConfiguration, org.springframework.boot.test.autoconfigure.web.servlet.MockMvcWebClientAutoConfiguration, org.springframework.boot.test.autoconfigure.web.servlet.MockMvcWebDriverAutoConfiguration, org.springframework.boot.autoconfigure.thymeleaf.ThymeleafAutoConfiguration, org.springframework.boot.autoconfigure.gson.GsonAutoConfiguration, org.springframework.boot.autoconfigure.jsonb.JsonbAutoConfiguration, org.springframework.boot.autoconfigure.freemarker.FreeMarkerAutoConfiguration, org.springframework.boot.autoconfigure.web.servlet.WebMvcAutoConfiguration, org.springframework.boot.autoconfigure.security.servlet.UserDetailsServiceAutoConfiguration, org.springframework.boot.autoconfigure.security.oauth2.resource.servlet.OAuth2ResourceServerAutoConfiguration, org.springframework.boot.autoconfigure.groovy.template.GroovyTemplateAutoConfiguration, org.springframework.boot.autoconfigure.mustache.MustacheAutoConfiguration]], org.springframework.boot.test.context.filter.ExcludeFilterContextCustomizer@5ce4369b, org.springframework.boot.test.json.DuplicateJsonObjectContextCustomizerFactory$DuplicateJsonObjectContextCustomizer@1931d99, org.springframework.boot.test.mock.mockito.MockitoContextCustomizer@c44fee51, org.springframework.boot.test.autoconfigure.OverrideAutoConfigurationContextCustomizerFactory$DisableAutoConfigurationContextCustomizer@4e61e4c2, org.springframework.boot.test.autoconfigure.actuate.observability.ObservabilityContextCustomizerFactory$DisableObservabilityContextCustomizer@1f, org.springframework.boot.test.autoconfigure.filter.TypeExcludeFiltersContextCustomizer@fab90c48, org.springframework.boot.test.autoconfigure.properties.PropertyMappingContextCustomizer@3cb2812e, org.springframework.boot.test.autoconfigure.web.servlet.WebDriverContextCustomizer@68c87fc3, org.springframework.boot.test.context.SpringBootTestAnnotation@9c157952], resourceBasePath = "src/main/webapp", contextLoader = org.springframework.boot.test.context.SpringBootContextLoader, parent = null]
	at org.springframework.test.context.cache.DefaultCacheAwareContextLoaderDelegate.loadContext(DefaultCacheAwareContextLoaderDelegate.java:145)
	at org.springframework.test.context.support.DefaultTestContext.getApplicationContext(DefaultTestContext.java:130)
	at org.springframework.boot.test.mock.mockito.MockitoTestExecutionListener.postProcessFields(MockitoTestExecutionListener.java:122)
	at org.springframework.boot.test.mock.mockito.MockitoTestExecutionListener.injectFields(MockitoTestExecutionListener.java:106)
	at org.springframework.boot.test.mock.mockito.MockitoTestExecutionListener.prepareTestInstance(MockitoTestExecutionListener.java:63)
	at org.springframework.test.context.TestContextManager.prepareTestInstance(TestContextManager.java:260)
	at org.springframework.test.context.junit.jupiter.SpringExtension.postProcessTestInstance(SpringExtension.java:163)
	at org.junit.jupiter.engine.descriptor.ClassBasedTestDescriptor.lambda$invokeTestInstancePostProcessors$10(ClassBasedTestDescriptor.java:378)
	at org.junit.jupiter.engine.descriptor.ClassBasedTestDescriptor.executeAndMaskThrowable(ClassBasedTestDescriptor.java:383)
	at org.junit.jupiter.engine.descriptor.ClassBasedTestDescriptor.lambda$invokeTestInstancePostProcessors$11(ClassBasedTestDescriptor.java:378)
	at java.base/java.util.stream.ReferencePipeline$3$1.accept(ReferencePipeline.java:197)
	at java.base/java.util.stream.ReferencePipeline$2$1.accept(ReferencePipeline.java:179)
	at java.base/java.util.ArrayList$ArrayListSpliterator.forEachRemaining(ArrayList.java:1625)
	at java.base/java.util.stream.AbstractPipeline.copyInto(AbstractPipeline.java:509)
	at java.base/java.util.stream.AbstractPipeline.wrapAndCopyInto(AbstractPipeline.java:499)
	at java.base/java.util.stream.StreamSpliterators$WrappingSpliterator.forEachRemaining(StreamSpliterators.java:310)
	at java.base/java.util.stream.Streams$ConcatSpliterator.forEachRemaining(Streams.java:735)
	at java.base/java.util.stream.Streams$ConcatSpliterator.forEachRemaining(Streams.java:734)
	at java.base/java.util.stream.ReferencePipeline$Head.forEach(ReferencePipeline.java:762)
	at org.junit.jupiter.engine.descriptor.ClassBasedTestDescriptor.invokeTestInstancePostProcessors(ClassBasedTestDescriptor.java:377)
	at org.junit.jupiter.engine.descriptor.ClassBasedTestDescriptor.lambda$instantiateAndPostProcessTestInstance$6(ClassBasedTestDescriptor.java:290)
	at org.junit.platform.engine.support.hierarchical.ThrowableCollector.execute(ThrowableCollector.java:73)
	at org.junit.jupiter.engine.descriptor.ClassBasedTestDescriptor.instantiateAndPostProcessTestInstance(ClassBasedTestDescriptor.java:289)
	at org.junit.jupiter.engine.descriptor.ClassBasedTestDescriptor.lambda$testInstancesProvider$4(ClassBasedTestDescriptor.java:279)
	at java.base/java.util.Optional.orElseGet(Optional.java:364)
	at org.junit.jupiter.engine.descriptor.ClassBasedTestDescriptor.lambda$testInstancesProvider$5(ClassBasedTestDescriptor.java:278)
	at org.junit.jupiter.engine.execution.TestInstancesProvider.getTestInstances(TestInstancesProvider.java:31)
	at org.junit.jupiter.engine.descriptor.TestMethodTestDescriptor.lambda$prepare$0(TestMethodTestDescriptor.java:106)
	at org.junit.platform.engine.support.hierarchical.ThrowableCollector.execute(ThrowableCollector.java:73)
	at org.junit.jupiter.engine.descriptor.TestMethodTestDescriptor.prepare(TestMethodTestDescriptor.java:105)
	at org.junit.jupiter.engine.descriptor.TestMethodTestDescriptor.prepare(TestMethodTestDescriptor.java:69)
	at org.junit.platform.engine.support.hierarchical.NodeTestTask.lambda$prepare$2(NodeTestTask.java:123)
	at org.junit.platform.engine.support.hierarchical.ThrowableCollector.execute(ThrowableCollector.java:73)
	at org.junit.platform.engine.support.hierarchical.NodeTestTask.prepare(NodeTestTask.java:123)
	at org.junit.platform.engine.support.hierarchical.NodeTestTask.execute(NodeTestTask.java:90)
	at java.base/java.util.ArrayList.forEach(ArrayList.java:1511)
	at org.junit.platform.engine.support.hierarchical.SameThreadHierarchicalTestExecutorService.invokeAll(SameThreadHierarchicalTestExecutorService.java:41)
	at org.junit.platform.engine.support.hierarchical.NodeTestTask.lambda$executeRecursively$6(NodeTestTask.java:155)
	at org.junit.platform.engine.support.hierarchical.ThrowableCollector.execute(ThrowableCollector.java:73)
	at org.junit.platform.engine.support.hierarchical.NodeTestTask.lambda$executeRecursively$8(NodeTestTask.java:141)
	at org.junit.platform.engine.support.hierarchical.Node.around(Node.java:137)
	at org.junit.platform.engine.support.hierarchical.NodeTestTask.lambda$executeRecursively$9(NodeTestTask.java:139)
	at org.junit.platform.engine.support.hierarchical.ThrowableCollector.execute(ThrowableCollector.java:73)
	at org.junit.platform.engine.support.hierarchical.NodeTestTask.executeRecursively(NodeTestTask.java:138)
	at org.junit.platform.engine.support.hierarchical.NodeTestTask.execute(NodeTestTask.java:95)
	at java.base/java.util.ArrayList.forEach(ArrayList.java:1511)
	at org.junit.platform.engine.support.hierarchical.SameThreadHierarchicalTestExecutorService.invokeAll(SameThreadHierarchicalTestExecutorService.java:41)
	at org.junit.platform.engine.support.hierarchical.NodeTestTask.lambda$executeRecursively$6(NodeTestTask.java:155)
	at org.junit.platform.engine.support.hierarchical.ThrowableCollector.execute(ThrowableCollector.java:73)
	at org.junit.platform.engine.support.hierarchical.NodeTestTask.lambda$executeRecursively$8(NodeTestTask.java:141)
	at org.junit.platform.engine.support.hierarchical.Node.around(Node.java:137)
	at org.junit.platform.engine.support.hierarchical.NodeTestTask.lambda$executeRecursively$9(NodeTestTask.java:139)
	at org.junit.platform.engine.support.hierarchical.ThrowableCollector.execute(ThrowableCollector.java:73)
	at org.junit.platform.engine.support.hierarchical.NodeTestTask.executeRecursively(NodeTestTask.java:138)
	at org.junit.platform.engine.support.hierarchical.NodeTestTask.execute(NodeTestTask.java:95)
	at org.junit.platform.engine.support.hierarchical.SameThreadHierarchicalTestExecutorService.submit(SameThreadHierarchicalTestExecutorService.java:35)
	at org.junit.platform.engine.support.hierarchical.HierarchicalTestExecutor.execute(HierarchicalTestExecutor.java:57)
	at org.junit.platform.engine.support.hierarchical.HierarchicalTestEngine.execute(HierarchicalTestEngine.java:54)
	at org.junit.platform.launcher.core.EngineExecutionOrchestrator.execute(EngineExecutionOrchestrator.java:198)
	at org.junit.platform.launcher.core.EngineExecutionOrchestrator.execute(EngineExecutionOrchestrator.java:169)
	at org.junit.platform.launcher.core.EngineExecutionOrchestrator.execute(EngineExecutionOrchestrator.java:93)
	at org.junit.platform.launcher.core.EngineExecutionOrchestrator.lambda$execute$0(EngineExecutionOrchestrator.java:58)
	at org.junit.platform.launcher.core.EngineExecutionOrchestrator.withInterceptedStreams(EngineExecutionOrchestrator.java:141)
	at org.junit.platform.launcher.core.EngineExecutionOrchestrator.execute(EngineExecutionOrchestrator.java:57)
	at org.junit.platform.launcher.core.DefaultLauncher.execute(DefaultLauncher.java:103)
	at org.junit.platform.launcher.core.DefaultLauncher.execute(DefaultLauncher.java:85)
	at org.junit.platform.launcher.core.DelegatingLauncher.execute(DelegatingLauncher.java:47)
	at org.apache.maven.surefire.junitplatform.LazyLauncher.execute(LazyLauncher.java:56)
	at org.apache.maven.surefire.junitplatform.JUnitPlatformProvider.execute(JUnitPlatformProvider.java:184)
	at org.apache.maven.surefire.junitplatform.JUnitPlatformProvider.invokeAllTests(JUnitPlatformProvider.java:148)
	at org.apache.maven.surefire.junitplatform.JUnitPlatformProvider.invoke(JUnitPlatformProvider.java:122)
	at org.apache.maven.surefire.booter.ForkedBooter.runSuitesInProcess(ForkedBooter.java:385)
	at org.apache.maven.surefire.booter.ForkedBooter.execute(ForkedBooter.java:162)
	at org.apache.maven.surefire.booter.ForkedBooter.run(ForkedBooter.java:507)
	at org.apache.maven.surefire.booter.ForkedBooter.main(ForkedBooter.java:495)
2026-05-02 15:38:02.507 [main] WARN  o.s.test.context.TestContextManager - Caught exception while allowing TestExecutionListener [org.springframework.boot.test.mock.mockito.MockitoTestExecutionListener] to prepare test instance [com.capg.pharma.catalogservice.controller.MedicineControllerTest@7cfb255]
java.lang.IllegalStateException: ApplicationContext failure threshold (1) exceeded: skipping repeated attempt to load context for [WebMergedContextConfiguration@55a7f0af testClass = com.capg.pharma.catalogservice.controller.MedicineControllerTest, locations = [], classes = [com.capg.pharma.catalogservice.CatalogServiceApplication], contextInitializerClasses = [], activeProfiles = [], propertySourceDescriptors = [], propertySourceProperties = ["org.springframework.boot.test.autoconfigure.web.servlet.WebMvcTestContextBootstrapper=true"], contextCustomizers = [[ImportsContextCustomizer@12db2921 key = [org.springframework.boot.autoconfigure.task.TaskExecutionAutoConfiguration, org.springframework.boot.autoconfigure.cache.CacheAutoConfiguration, org.springframework.boot.autoconfigure.web.servlet.HttpEncodingAutoConfiguration, org.springframework.boot.autoconfigure.validation.ValidationAutoConfiguration, org.springframework.boot.autoconfigure.context.MessageSourceAutoConfiguration, org.springframework.boot.autoconfigure.hateoas.HypermediaAutoConfiguration, org.springframework.boot.autoconfigure.data.web.SpringDataWebAutoConfiguration, org.springframework.boot.autoconfigure.jackson.JacksonAutoConfiguration, org.springframework.boot.test.autoconfigure.web.reactive.WebTestClientAutoConfiguration, org.springframework.boot.autoconfigure.web.servlet.error.ErrorMvcAutoConfiguration, org.springframework.boot.test.autoconfigure.web.servlet.MockMvcAutoConfiguration, org.springframework.boot.autoconfigure.http.HttpMessageConvertersAutoConfiguration, com.capg.pharma.catalogservice.config.TestSecurityConfig, org.springframework.boot.autoconfigure.security.oauth2.client.servlet.OAuth2ClientAutoConfiguration, org.springframework.boot.test.autoconfigure.web.servlet.MockMvcSecurityConfiguration, org.springframework.boot.test.autoconfigure.web.servlet.MockMvcWebClientAutoConfiguration, org.springframework.boot.test.autoconfigure.web.servlet.MockMvcWebDriverAutoConfiguration, org.springframework.boot.autoconfigure.thymeleaf.ThymeleafAutoConfiguration, org.springframework.boot.autoconfigure.gson.GsonAutoConfiguration, org.springframework.boot.autoconfigure.jsonb.JsonbAutoConfiguration, org.springframework.boot.autoconfigure.freemarker.FreeMarkerAutoConfiguration, org.springframework.boot.autoconfigure.web.servlet.WebMvcAutoConfiguration, org.springframework.boot.autoconfigure.security.servlet.UserDetailsServiceAutoConfiguration, org.springframework.boot.autoconfigure.security.oauth2.resource.servlet.OAuth2ResourceServerAutoConfiguration, org.springframework.boot.autoconfigure.groovy.template.GroovyTemplateAutoConfiguration, org.springframework.boot.autoconfigure.mustache.MustacheAutoConfiguration]], org.springframework.boot.test.context.filter.ExcludeFilterContextCustomizer@5ce4369b, org.springframework.boot.test.json.DuplicateJsonObjectContextCustomizerFactory$DuplicateJsonObjectContextCustomizer@1931d99, org.springframework.boot.test.mock.mockito.MockitoContextCustomizer@c44fee51, org.springframework.boot.test.autoconfigure.OverrideAutoConfigurationContextCustomizerFactory$DisableAutoConfigurationContextCustomizer@4e61e4c2, org.springframework.boot.test.autoconfigure.actuate.observability.ObservabilityContextCustomizerFactory$DisableObservabilityContextCustomizer@1f, org.springframework.boot.test.autoconfigure.filter.TypeExcludeFiltersContextCustomizer@fab90c48, org.springframework.boot.test.autoconfigure.properties.PropertyMappingContextCustomizer@3cb2812e, org.springframework.boot.test.autoconfigure.web.servlet.WebDriverContextCustomizer@68c87fc3, org.springframework.boot.test.context.SpringBootTestAnnotation@9c157952], resourceBasePath = "src/main/webapp", contextLoader = org.springframework.boot.test.context.SpringBootContextLoader, parent = null]
	at org.springframework.test.context.cache.DefaultCacheAwareContextLoaderDelegate.loadContext(DefaultCacheAwareContextLoaderDelegate.java:145)
	at org.springframework.test.context.support.DefaultTestContext.getApplicationContext(DefaultTestContext.java:130)
	at org.springframework.boot.test.mock.mockito.MockitoTestExecutionListener.postProcessFields(MockitoTestExecutionListener.java:122)
	at org.springframework.boot.test.mock.mockito.MockitoTestExecutionListener.injectFields(MockitoTestExecutionListener.java:106)
	at org.springframework.boot.test.mock.mockito.MockitoTestExecutionListener.prepareTestInstance(MockitoTestExecutionListener.java:63)
	at org.springframework.test.context.TestContextManager.prepareTestInstance(TestContextManager.java:260)
	at org.springframework.test.context.junit.jupiter.SpringExtension.postProcessTestInstance(SpringExtension.java:163)
	at org.junit.jupiter.engine.descriptor.ClassBasedTestDescriptor.lambda$invokeTestInstancePostProcessors$10(ClassBasedTestDescriptor.java:378)
	at org.junit.jupiter.engine.descriptor.ClassBasedTestDescriptor.executeAndMaskThrowable(ClassBasedTestDescriptor.java:383)
	at org.junit.jupiter.engine.descriptor.ClassBasedTestDescriptor.lambda$invokeTestInstancePostProcessors$11(ClassBasedTestDescriptor.java:378)
	at java.base/java.util.stream.ReferencePipeline$3$1.accept(ReferencePipeline.java:197)
	at java.base/java.util.stream.ReferencePipeline$2$1.accept(ReferencePipeline.java:179)
	at java.base/java.util.ArrayList$ArrayListSpliterator.forEachRemaining(ArrayList.java:1625)
	at java.base/java.util.stream.AbstractPipeline.copyInto(AbstractPipeline.java:509)
	at java.base/java.util.stream.AbstractPipeline.wrapAndCopyInto(AbstractPipeline.java:499)
	at java.base/java.util.stream.StreamSpliterators$WrappingSpliterator.forEachRemaining(StreamSpliterators.java:310)
	at java.base/java.util.stream.Streams$ConcatSpliterator.forEachRemaining(Streams.java:735)
	at java.base/java.util.stream.Streams$ConcatSpliterator.forEachRemaining(Streams.java:734)
	at java.base/java.util.stream.ReferencePipeline$Head.forEach(ReferencePipeline.java:762)
	at org.junit.jupiter.engine.descriptor.ClassBasedTestDescriptor.invokeTestInstancePostProcessors(ClassBasedTestDescriptor.java:377)
	at org.junit.jupiter.engine.descriptor.ClassBasedTestDescriptor.lambda$instantiateAndPostProcessTestInstance$6(ClassBasedTestDescriptor.java:290)
	at org.junit.platform.engine.support.hierarchical.ThrowableCollector.execute(ThrowableCollector.java:73)
	at org.junit.jupiter.engine.descriptor.ClassBasedTestDescriptor.instantiateAndPostProcessTestInstance(ClassBasedTestDescriptor.java:289)
	at org.junit.jupiter.engine.descriptor.ClassBasedTestDescriptor.lambda$testInstancesProvider$4(ClassBasedTestDescriptor.java:279)
	at java.base/java.util.Optional.orElseGet(Optional.java:364)
	at org.junit.jupiter.engine.descriptor.ClassBasedTestDescriptor.lambda$testInstancesProvider$5(ClassBasedTestDescriptor.java:278)
	at org.junit.jupiter.engine.execution.TestInstancesProvider.getTestInstances(TestInstancesProvider.java:31)
	at org.junit.jupiter.engine.descriptor.TestMethodTestDescriptor.lambda$prepare$0(TestMethodTestDescriptor.java:106)
	at org.junit.platform.engine.support.hierarchical.ThrowableCollector.execute(ThrowableCollector.java:73)
	at org.junit.jupiter.engine.descriptor.TestMethodTestDescriptor.prepare(TestMethodTestDescriptor.java:105)
	at org.junit.jupiter.engine.descriptor.TestMethodTestDescriptor.prepare(TestMethodTestDescriptor.java:69)
	at org.junit.platform.engine.support.hierarchical.NodeTestTask.lambda$prepare$2(NodeTestTask.java:123)
	at org.junit.platform.engine.support.hierarchical.ThrowableCollector.execute(ThrowableCollector.java:73)
	at org.junit.platform.engine.support.hierarchical.NodeTestTask.prepare(NodeTestTask.java:123)
	at org.junit.platform.engine.support.hierarchical.NodeTestTask.execute(NodeTestTask.java:90)
	at java.base/java.util.ArrayList.forEach(ArrayList.java:1511)
	at org.junit.platform.engine.support.hierarchical.SameThreadHierarchicalTestExecutorService.invokeAll(SameThreadHierarchicalTestExecutorService.java:41)
	at org.junit.platform.engine.support.hierarchical.NodeTestTask.lambda$executeRecursively$6(NodeTestTask.java:155)
	at org.junit.platform.engine.support.hierarchical.ThrowableCollector.execute(ThrowableCollector.java:73)
	at org.junit.platform.engine.support.hierarchical.NodeTestTask.lambda$executeRecursively$8(NodeTestTask.java:141)
	at org.junit.platform.engine.support.hierarchical.Node.around(Node.java:137)
	at org.junit.platform.engine.support.hierarchical.NodeTestTask.lambda$executeRecursively$9(NodeTestTask.java:139)
	at org.junit.platform.engine.support.hierarchical.ThrowableCollector.execute(ThrowableCollector.java:73)
	at org.junit.platform.engine.support.hierarchical.NodeTestTask.executeRecursively(NodeTestTask.java:138)
	at org.junit.platform.engine.support.hierarchical.NodeTestTask.execute(NodeTestTask.java:95)
	at java.base/java.util.ArrayList.forEach(ArrayList.java:1511)
	at org.junit.platform.engine.support.hierarchical.SameThreadHierarchicalTestExecutorService.invokeAll(SameThreadHierarchicalTestExecutorService.java:41)
	at org.junit.platform.engine.support.hierarchical.NodeTestTask.lambda$executeRecursively$6(NodeTestTask.java:155)
	at org.junit.platform.engine.support.hierarchical.ThrowableCollector.execute(ThrowableCollector.java:73)
	at org.junit.platform.engine.support.hierarchical.NodeTestTask.lambda$executeRecursively$8(NodeTestTask.java:141)
	at org.junit.platform.engine.support.hierarchical.Node.around(Node.java:137)
	at org.junit.platform.engine.support.hierarchical.NodeTestTask.lambda$executeRecursively$9(NodeTestTask.java:139)
	at org.junit.platform.engine.support.hierarchical.ThrowableCollector.execute(ThrowableCollector.java:73)
	at org.junit.platform.engine.support.hierarchical.NodeTestTask.executeRecursively(NodeTestTask.java:138)
	at org.junit.platform.engine.support.hierarchical.NodeTestTask.execute(NodeTestTask.java:95)
	at org.junit.platform.engine.support.hierarchical.SameThreadHierarchicalTestExecutorService.submit(SameThreadHierarchicalTestExecutorService.java:35)
	at org.junit.platform.engine.support.hierarchical.HierarchicalTestExecutor.execute(HierarchicalTestExecutor.java:57)
	at org.junit.platform.engine.support.hierarchical.HierarchicalTestEngine.execute(HierarchicalTestEngine.java:54)
	at org.junit.platform.launcher.core.EngineExecutionOrchestrator.execute(EngineExecutionOrchestrator.java:198)
	at org.junit.platform.launcher.core.EngineExecutionOrchestrator.execute(EngineExecutionOrchestrator.java:169)
	at org.junit.platform.launcher.core.EngineExecutionOrchestrator.execute(EngineExecutionOrchestrator.java:93)
	at org.junit.platform.launcher.core.EngineExecutionOrchestrator.lambda$execute$0(EngineExecutionOrchestrator.java:58)
	at org.junit.platform.launcher.core.EngineExecutionOrchestrator.withInterceptedStreams(EngineExecutionOrchestrator.java:141)
	at org.junit.platform.launcher.core.EngineExecutionOrchestrator.execute(EngineExecutionOrchestrator.java:57)
	at org.junit.platform.launcher.core.DefaultLauncher.execute(DefaultLauncher.java:103)
	at org.junit.platform.launcher.core.DefaultLauncher.execute(DefaultLauncher.java:85)
	at org.junit.platform.launcher.core.DelegatingLauncher.execute(DelegatingLauncher.java:47)
	at org.apache.maven.surefire.junitplatform.LazyLauncher.execute(LazyLauncher.java:56)
	at org.apache.maven.surefire.junitplatform.JUnitPlatformProvider.execute(JUnitPlatformProvider.java:184)
	at org.apache.maven.surefire.junitplatform.JUnitPlatformProvider.invokeAllTests(JUnitPlatformProvider.java:148)
	at org.apache.maven.surefire.junitplatform.JUnitPlatformProvider.invoke(JUnitPlatformProvider.java:122)
	at org.apache.maven.surefire.booter.ForkedBooter.runSuitesInProcess(ForkedBooter.java:385)
	at org.apache.maven.surefire.booter.ForkedBooter.execute(ForkedBooter.java:162)
	at org.apache.maven.surefire.booter.ForkedBooter.run(ForkedBooter.java:507)
	at org.apache.maven.surefire.booter.ForkedBooter.main(ForkedBooter.java:495)
2026-05-02 15:38:02.515 [main] WARN  o.s.test.context.TestContextManager - Caught exception while allowing TestExecutionListener [org.springframework.boot.test.mock.mockito.MockitoTestExecutionListener] to prepare test instance [com.capg.pharma.catalogservice.controller.MedicineControllerTest@69c03fa2]
java.lang.IllegalStateException: ApplicationContext failure threshold (1) exceeded: skipping repeated attempt to load context for [WebMergedContextConfiguration@55a7f0af testClass = com.capg.pharma.catalogservice.controller.MedicineControllerTest, locations = [], classes = [com.capg.pharma.catalogservice.CatalogServiceApplication], contextInitializerClasses = [], activeProfiles = [], propertySourceDescriptors = [], propertySourceProperties = ["org.springframework.boot.test.autoconfigure.web.servlet.WebMvcTestContextBootstrapper=true"], contextCustomizers = [[ImportsContextCustomizer@12db2921 key = [org.springframework.boot.autoconfigure.task.TaskExecutionAutoConfiguration, org.springframework.boot.autoconfigure.cache.CacheAutoConfiguration, org.springframework.boot.autoconfigure.web.servlet.HttpEncodingAutoConfiguration, org.springframework.boot.autoconfigure.validation.ValidationAutoConfiguration, org.springframework.boot.autoconfigure.context.MessageSourceAutoConfiguration, org.springframework.boot.autoconfigure.hateoas.HypermediaAutoConfiguration, org.springframework.boot.autoconfigure.data.web.SpringDataWebAutoConfiguration, org.springframework.boot.autoconfigure.jackson.JacksonAutoConfiguration, org.springframework.boot.test.autoconfigure.web.reactive.WebTestClientAutoConfiguration, org.springframework.boot.autoconfigure.web.servlet.error.ErrorMvcAutoConfiguration, org.springframework.boot.test.autoconfigure.web.servlet.MockMvcAutoConfiguration, org.springframework.boot.autoconfigure.http.HttpMessageConvertersAutoConfiguration, com.capg.pharma.catalogservice.config.TestSecurityConfig, org.springframework.boot.autoconfigure.security.oauth2.client.servlet.OAuth2ClientAutoConfiguration, org.springframework.boot.test.autoconfigure.web.servlet.MockMvcSecurityConfiguration, org.springframework.boot.test.autoconfigure.web.servlet.MockMvcWebClientAutoConfiguration, org.springframework.boot.test.autoconfigure.web.servlet.MockMvcWebDriverAutoConfiguration, org.springframework.boot.autoconfigure.thymeleaf.ThymeleafAutoConfiguration, org.springframework.boot.autoconfigure.gson.GsonAutoConfiguration, org.springframework.boot.autoconfigure.jsonb.JsonbAutoConfiguration, org.springframework.boot.autoconfigure.freemarker.FreeMarkerAutoConfiguration, org.springframework.boot.autoconfigure.web.servlet.WebMvcAutoConfiguration, org.springframework.boot.autoconfigure.security.servlet.UserDetailsServiceAutoConfiguration, org.springframework.boot.autoconfigure.security.oauth2.resource.servlet.OAuth2ResourceServerAutoConfiguration, org.springframework.boot.autoconfigure.groovy.template.GroovyTemplateAutoConfiguration, org.springframework.boot.autoconfigure.mustache.MustacheAutoConfiguration]], org.springframework.boot.test.context.filter.ExcludeFilterContextCustomizer@5ce4369b, org.springframework.boot.test.json.DuplicateJsonObjectContextCustomizerFactory$DuplicateJsonObjectContextCustomizer@1931d99, org.springframework.boot.test.mock.mockito.MockitoContextCustomizer@c44fee51, org.springframework.boot.test.autoconfigure.OverrideAutoConfigurationContextCustomizerFactory$DisableAutoConfigurationContextCustomizer@4e61e4c2, org.springframework.boot.test.autoconfigure.actuate.observability.ObservabilityContextCustomizerFactory$DisableObservabilityContextCustomizer@1f, org.springframework.boot.test.autoconfigure.filter.TypeExcludeFiltersContextCustomizer@fab90c48, org.springframework.boot.test.autoconfigure.properties.PropertyMappingContextCustomizer@3cb2812e, org.springframework.boot.test.autoconfigure.web.servlet.WebDriverContextCustomizer@68c87fc3, org.springframework.boot.test.context.SpringBootTestAnnotation@9c157952], resourceBasePath = "src/main/webapp", contextLoader = org.springframework.boot.test.context.SpringBootContextLoader, parent = null]
	at org.springframework.test.context.cache.DefaultCacheAwareContextLoaderDelegate.loadContext(DefaultCacheAwareContextLoaderDelegate.java:145)
	at org.springframework.test.context.support.DefaultTestContext.getApplicationContext(DefaultTestContext.java:130)
	at org.springframework.boot.test.mock.mockito.MockitoTestExecutionListener.postProcessFields(MockitoTestExecutionListener.java:122)
	at org.springframework.boot.test.mock.mockito.MockitoTestExecutionListener.injectFields(MockitoTestExecutionListener.java:106)
	at org.springframework.boot.test.mock.mockito.MockitoTestExecutionListener.prepareTestInstance(MockitoTestExecutionListener.java:63)
	at org.springframework.test.context.TestContextManager.prepareTestInstance(TestContextManager.java:260)
	at org.springframework.test.context.junit.jupiter.SpringExtension.postProcessTestInstance(SpringExtension.java:163)
	at org.junit.jupiter.engine.descriptor.ClassBasedTestDescriptor.lambda$invokeTestInstancePostProcessors$10(ClassBasedTestDescriptor.java:378)
	at org.junit.jupiter.engine.descriptor.ClassBasedTestDescriptor.executeAndMaskThrowable(ClassBasedTestDescriptor.java:383)
	at org.junit.jupiter.engine.descriptor.ClassBasedTestDescriptor.lambda$invokeTestInstancePostProcessors$11(ClassBasedTestDescriptor.java:378)
	at java.base/java.util.stream.ReferencePipeline$3$1.accept(ReferencePipeline.java:197)
	at java.base/java.util.stream.ReferencePipeline$2$1.accept(ReferencePipeline.java:179)
	at java.base/java.util.ArrayList$ArrayListSpliterator.forEachRemaining(ArrayList.java:1625)
	at java.base/java.util.stream.AbstractPipeline.copyInto(AbstractPipeline.java:509)
	at java.base/java.util.stream.AbstractPipeline.wrapAndCopyInto(AbstractPipeline.java:499)
	at java.base/java.util.stream.StreamSpliterators$WrappingSpliterator.forEachRemaining(StreamSpliterators.java:310)
	at java.base/java.util.stream.Streams$ConcatSpliterator.forEachRemaining(Streams.java:735)
	at java.base/java.util.stream.Streams$ConcatSpliterator.forEachRemaining(Streams.java:734)
	at java.base/java.util.stream.ReferencePipeline$Head.forEach(ReferencePipeline.java:762)
	at org.junit.jupiter.engine.descriptor.ClassBasedTestDescriptor.invokeTestInstancePostProcessors(ClassBasedTestDescriptor.java:377)
	at org.junit.jupiter.engine.descriptor.ClassBasedTestDescriptor.lambda$instantiateAndPostProcessTestInstance$6(ClassBasedTestDescriptor.java:290)
	at org.junit.platform.engine.support.hierarchical.ThrowableCollector.execute(ThrowableCollector.java:73)
	at org.junit.jupiter.engine.descriptor.ClassBasedTestDescriptor.instantiateAndPostProcessTestInstance(ClassBasedTestDescriptor.java:289)
	at org.junit.jupiter.engine.descriptor.ClassBasedTestDescriptor.lambda$testInstancesProvider$4(ClassBasedTestDescriptor.java:279)
	at java.base/java.util.Optional.orElseGet(Optional.java:364)
	at org.junit.jupiter.engine.descriptor.ClassBasedTestDescriptor.lambda$testInstancesProvider$5(ClassBasedTestDescriptor.java:278)
	at org.junit.jupiter.engine.execution.TestInstancesProvider.getTestInstances(TestInstancesProvider.java:31)
	at org.junit.jupiter.engine.descriptor.TestMethodTestDescriptor.lambda$prepare$0(TestMethodTestDescriptor.java:106)
	at org.junit.platform.engine.support.hierarchical.ThrowableCollector.execute(ThrowableCollector.java:73)
	at org.junit.jupiter.engine.descriptor.TestMethodTestDescriptor.prepare(TestMethodTestDescriptor.java:105)
	at org.junit.jupiter.engine.descriptor.TestMethodTestDescriptor.prepare(TestMethodTestDescriptor.java:69)
	at org.junit.platform.engine.support.hierarchical.NodeTestTask.lambda$prepare$2(NodeTestTask.java:123)
	at org.junit.platform.engine.support.hierarchical.ThrowableCollector.execute(ThrowableCollector.java:73)
	at org.junit.platform.engine.support.hierarchical.NodeTestTask.prepare(NodeTestTask.java:123)
	at org.junit.platform.engine.support.hierarchical.NodeTestTask.execute(NodeTestTask.java:90)
	at java.base/java.util.ArrayList.forEach(ArrayList.java:1511)
	at org.junit.platform.engine.support.hierarchical.SameThreadHierarchicalTestExecutorService.invokeAll(SameThreadHierarchicalTestExecutorService.java:41)
	at org.junit.platform.engine.support.hierarchical.NodeTestTask.lambda$executeRecursively$6(NodeTestTask.java:155)
	at org.junit.platform.engine.support.hierarchical.ThrowableCollector.execute(ThrowableCollector.java:73)
	at org.junit.platform.engine.support.hierarchical.NodeTestTask.lambda$executeRecursively$8(NodeTestTask.java:141)
	at org.junit.platform.engine.support.hierarchical.Node.around(Node.java:137)
	at org.junit.platform.engine.support.hierarchical.NodeTestTask.lambda$executeRecursively$9(NodeTestTask.java:139)
	at org.junit.platform.engine.support.hierarchical.ThrowableCollector.execute(ThrowableCollector.java:73)
	at org.junit.platform.engine.support.hierarchical.NodeTestTask.executeRecursively(NodeTestTask.java:138)
	at org.junit.platform.engine.support.hierarchical.NodeTestTask.execute(NodeTestTask.java:95)
	at java.base/java.util.ArrayList.forEach(ArrayList.java:1511)
	at org.junit.platform.engine.support.hierarchical.SameThreadHierarchicalTestExecutorService.invokeAll(SameThreadHierarchicalTestExecutorService.java:41)
	at org.junit.platform.engine.support.hierarchical.NodeTestTask.lambda$executeRecursively$6(NodeTestTask.java:155)
	at org.junit.platform.engine.support.hierarchical.ThrowableCollector.execute(ThrowableCollector.java:73)
	at org.junit.platform.engine.support.hierarchical.NodeTestTask.lambda$executeRecursively$8(NodeTestTask.java:141)
	at org.junit.platform.engine.support.hierarchical.Node.around(Node.java:137)
	at org.junit.platform.engine.support.hierarchical.NodeTestTask.lambda$executeRecursively$9(NodeTestTask.java:139)
	at org.junit.platform.engine.support.hierarchical.ThrowableCollector.execute(ThrowableCollector.java:73)
	at org.junit.platform.engine.support.hierarchical.NodeTestTask.executeRecursively(NodeTestTask.java:138)
	at org.junit.platform.engine.support.hierarchical.NodeTestTask.execute(NodeTestTask.java:95)
	at org.junit.platform.engine.support.hierarchical.SameThreadHierarchicalTestExecutorService.submit(SameThreadHierarchicalTestExecutorService.java:35)
	at org.junit.platform.engine.support.hierarchical.HierarchicalTestExecutor.execute(HierarchicalTestExecutor.java:57)
	at org.junit.platform.engine.support.hierarchical.HierarchicalTestEngine.execute(HierarchicalTestEngine.java:54)
	at org.junit.platform.launcher.core.EngineExecutionOrchestrator.execute(EngineExecutionOrchestrator.java:198)
	at org.junit.platform.launcher.core.EngineExecutionOrchestrator.execute(EngineExecutionOrchestrator.java:169)
	at org.junit.platform.launcher.core.EngineExecutionOrchestrator.execute(EngineExecutionOrchestrator.java:93)
	at org.junit.platform.launcher.core.EngineExecutionOrchestrator.lambda$execute$0(EngineExecutionOrchestrator.java:58)
	at org.junit.platform.launcher.core.EngineExecutionOrchestrator.withInterceptedStreams(EngineExecutionOrchestrator.java:141)
	at org.junit.platform.launcher.core.EngineExecutionOrchestrator.execute(EngineExecutionOrchestrator.java:57)
	at org.junit.platform.launcher.core.DefaultLauncher.execute(DefaultLauncher.java:103)
	at org.junit.platform.launcher.core.DefaultLauncher.execute(DefaultLauncher.java:85)
	at org.junit.platform.launcher.core.DelegatingLauncher.execute(DelegatingLauncher.java:47)
	at org.apache.maven.surefire.junitplatform.LazyLauncher.execute(LazyLauncher.java:56)
	at org.apache.maven.surefire.junitplatform.JUnitPlatformProvider.execute(JUnitPlatformProvider.java:184)
	at org.apache.maven.surefire.junitplatform.JUnitPlatformProvider.invokeAllTests(JUnitPlatformProvider.java:148)
	at org.apache.maven.surefire.junitplatform.JUnitPlatformProvider.invoke(JUnitPlatformProvider.java:122)
	at org.apache.maven.surefire.booter.ForkedBooter.runSuitesInProcess(ForkedBooter.java:385)
	at org.apache.maven.surefire.booter.ForkedBooter.execute(ForkedBooter.java:162)
	at org.apache.maven.surefire.booter.ForkedBooter.run(ForkedBooter.java:507)
	at org.apache.maven.surefire.booter.ForkedBooter.main(ForkedBooter.java:495)
2026-05-02 15:38:02.523 [main] WARN  o.s.test.context.TestContextManager - Caught exception while allowing TestExecutionListener [org.springframework.boot.test.mock.mockito.MockitoTestExecutionListener] to prepare test instance [com.capg.pharma.catalogservice.controller.MedicineControllerTest@1fc5791c]
java.lang.IllegalStateException: ApplicationContext failure threshold (1) exceeded: skipping repeated attempt to load context for [WebMergedContextConfiguration@55a7f0af testClass = com.capg.pharma.catalogservice.controller.MedicineControllerTest, locations = [], classes = [com.capg.pharma.catalogservice.CatalogServiceApplication], contextInitializerClasses = [], activeProfiles = [], propertySourceDescriptors = [], propertySourceProperties = ["org.springframework.boot.test.autoconfigure.web.servlet.WebMvcTestContextBootstrapper=true"], contextCustomizers = [[ImportsContextCustomizer@12db2921 key = [org.springframework.boot.autoconfigure.task.TaskExecutionAutoConfiguration, org.springframework.boot.autoconfigure.cache.CacheAutoConfiguration, org.springframework.boot.autoconfigure.web.servlet.HttpEncodingAutoConfiguration, org.springframework.boot.autoconfigure.validation.ValidationAutoConfiguration, org.springframework.boot.autoconfigure.context.MessageSourceAutoConfiguration, org.springframework.boot.autoconfigure.hateoas.HypermediaAutoConfiguration, org.springframework.boot.autoconfigure.data.web.SpringDataWebAutoConfiguration, org.springframework.boot.autoconfigure.jackson.JacksonAutoConfiguration, org.springframework.boot.test.autoconfigure.web.reactive.WebTestClientAutoConfiguration, org.springframework.boot.autoconfigure.web.servlet.error.ErrorMvcAutoConfiguration, org.springframework.boot.test.autoconfigure.web.servlet.MockMvcAutoConfiguration, org.springframework.boot.autoconfigure.http.HttpMessageConvertersAutoConfiguration, com.capg.pharma.catalogservice.config.TestSecurityConfig, org.springframework.boot.autoconfigure.security.oauth2.client.servlet.OAuth2ClientAutoConfiguration, org.springframework.boot.test.autoconfigure.web.servlet.MockMvcSecurityConfiguration, org.springframework.boot.test.autoconfigure.web.servlet.MockMvcWebClientAutoConfiguration, org.springframework.boot.test.autoconfigure.web.servlet.MockMvcWebDriverAutoConfiguration, org.springframework.boot.autoconfigure.thymeleaf.ThymeleafAutoConfiguration, org.springframework.boot.autoconfigure.gson.GsonAutoConfiguration, org.springframework.boot.autoconfigure.jsonb.JsonbAutoConfiguration, org.springframework.boot.autoconfigure.freemarker.FreeMarkerAutoConfiguration, org.springframework.boot.autoconfigure.web.servlet.WebMvcAutoConfiguration, org.springframework.boot.autoconfigure.security.servlet.UserDetailsServiceAutoConfiguration, org.springframework.boot.autoconfigure.security.oauth2.resource.servlet.OAuth2ResourceServerAutoConfiguration, org.springframework.boot.autoconfigure.groovy.template.GroovyTemplateAutoConfiguration, org.springframework.boot.autoconfigure.mustache.MustacheAutoConfiguration]], org.springframework.boot.test.context.filter.ExcludeFilterContextCustomizer@5ce4369b, org.springframework.boot.test.json.DuplicateJsonObjectContextCustomizerFactory$DuplicateJsonObjectContextCustomizer@1931d99, org.springframework.boot.test.mock.mockito.MockitoContextCustomizer@c44fee51, org.springframework.boot.test.autoconfigure.OverrideAutoConfigurationContextCustomizerFactory$DisableAutoConfigurationContextCustomizer@4e61e4c2, org.springframework.boot.test.autoconfigure.actuate.observability.ObservabilityContextCustomizerFactory$DisableObservabilityContextCustomizer@1f, org.springframework.boot.test.autoconfigure.filter.TypeExcludeFiltersContextCustomizer@fab90c48, org.springframework.boot.test.autoconfigure.properties.PropertyMappingContextCustomizer@3cb2812e, org.springframework.boot.test.autoconfigure.web.servlet.WebDriverContextCustomizer@68c87fc3, org.springframework.boot.test.context.SpringBootTestAnnotation@9c157952], resourceBasePath = "src/main/webapp", contextLoader = org.springframework.boot.test.context.SpringBootContextLoader, parent = null]
	at org.springframework.test.context.cache.DefaultCacheAwareContextLoaderDelegate.loadContext(DefaultCacheAwareContextLoaderDelegate.java:145)
	at org.springframework.test.context.support.DefaultTestContext.getApplicationContext(DefaultTestContext.java:130)
	at org.springframework.boot.test.mock.mockito.MockitoTestExecutionListener.postProcessFields(MockitoTestExecutionListener.java:122)
	at org.springframework.boot.test.mock.mockito.MockitoTestExecutionListener.injectFields(MockitoTestExecutionListener.java:106)
	at org.springframework.boot.test.mock.mockito.MockitoTestExecutionListener.prepareTestInstance(MockitoTestExecutionListener.java:63)
	at org.springframework.test.context.TestContextManager.prepareTestInstance(TestContextManager.java:260)
	at org.springframework.test.context.junit.jupiter.SpringExtension.postProcessTestInstance(SpringExtension.java:163)
	at org.junit.jupiter.engine.descriptor.ClassBasedTestDescriptor.lambda$invokeTestInstancePostProcessors$10(ClassBasedTestDescriptor.java:378)
	at org.junit.jupiter.engine.descriptor.ClassBasedTestDescriptor.executeAndMaskThrowable(ClassBasedTestDescriptor.java:383)
	at org.junit.jupiter.engine.descriptor.ClassBasedTestDescriptor.lambda$invokeTestInstancePostProcessors$11(ClassBasedTestDescriptor.java:378)
	at java.base/java.util.stream.ReferencePipeline$3$1.accept(ReferencePipeline.java:197)
	at java.base/java.util.stream.ReferencePipeline$2$1.accept(ReferencePipeline.java:179)
	at java.base/java.util.ArrayList$ArrayListSpliterator.forEachRemaining(ArrayList.java:1625)
	at java.base/java.util.stream.AbstractPipeline.copyInto(AbstractPipeline.java:509)
	at java.base/java.util.stream.AbstractPipeline.wrapAndCopyInto(AbstractPipeline.java:499)
	at java.base/java.util.stream.StreamSpliterators$WrappingSpliterator.forEachRemaining(StreamSpliterators.java:310)
	at java.base/java.util.stream.Streams$ConcatSpliterator.forEachRemaining(Streams.java:735)
	at java.base/java.util.stream.Streams$ConcatSpliterator.forEachRemaining(Streams.java:734)
	at java.base/java.util.stream.ReferencePipeline$Head.forEach(ReferencePipeline.java:762)
	at org.junit.jupiter.engine.descriptor.ClassBasedTestDescriptor.invokeTestInstancePostProcessors(ClassBasedTestDescriptor.java:377)
	at org.junit.jupiter.engine.descriptor.ClassBasedTestDescriptor.lambda$instantiateAndPostProcessTestInstance$6(ClassBasedTestDescriptor.java:290)
	at org.junit.platform.engine.support.hierarchical.ThrowableCollector.execute(ThrowableCollector.java:73)
	at org.junit.jupiter.engine.descriptor.ClassBasedTestDescriptor.instantiateAndPostProcessTestInstance(ClassBasedTestDescriptor.java:289)
	at org.junit.jupiter.engine.descriptor.ClassBasedTestDescriptor.lambda$testInstancesProvider$4(ClassBasedTestDescriptor.java:279)
	at java.base/java.util.Optional.orElseGet(Optional.java:364)
	at org.junit.jupiter.engine.descriptor.ClassBasedTestDescriptor.lambda$testInstancesProvider$5(ClassBasedTestDescriptor.java:278)
	at org.junit.jupiter.engine.execution.TestInstancesProvider.getTestInstances(TestInstancesProvider.java:31)
	at org.junit.jupiter.engine.descriptor.TestMethodTestDescriptor.lambda$prepare$0(TestMethodTestDescriptor.java:106)
	at org.junit.platform.engine.support.hierarchical.ThrowableCollector.execute(ThrowableCollector.java:73)
	at org.junit.jupiter.engine.descriptor.TestMethodTestDescriptor.prepare(TestMethodTestDescriptor.java:105)
	at org.junit.jupiter.engine.descriptor.TestMethodTestDescriptor.prepare(TestMethodTestDescriptor.java:69)
	at org.junit.platform.engine.support.hierarchical.NodeTestTask.lambda$prepare$2(NodeTestTask.java:123)
	at org.junit.platform.engine.support.hierarchical.ThrowableCollector.execute(ThrowableCollector.java:73)
	at org.junit.platform.engine.support.hierarchical.NodeTestTask.prepare(NodeTestTask.java:123)
	at org.junit.platform.engine.support.hierarchical.NodeTestTask.execute(NodeTestTask.java:90)
	at java.base/java.util.ArrayList.forEach(ArrayList.java:1511)
	at org.junit.platform.engine.support.hierarchical.SameThreadHierarchicalTestExecutorService.invokeAll(SameThreadHierarchicalTestExecutorService.java:41)
	at org.junit.platform.engine.support.hierarchical.NodeTestTask.lambda$executeRecursively$6(NodeTestTask.java:155)
	at org.junit.platform.engine.support.hierarchical.ThrowableCollector.execute(ThrowableCollector.java:73)
	at org.junit.platform.engine.support.hierarchical.NodeTestTask.lambda$executeRecursively$8(NodeTestTask.java:141)
	at org.junit.platform.engine.support.hierarchical.Node.around(Node.java:137)
	at org.junit.platform.engine.support.hierarchical.NodeTestTask.lambda$executeRecursively$9(NodeTestTask.java:139)
	at org.junit.platform.engine.support.hierarchical.ThrowableCollector.execute(ThrowableCollector.java:73)
	at org.junit.platform.engine.support.hierarchical.NodeTestTask.executeRecursively(NodeTestTask.java:138)
	at org.junit.platform.engine.support.hierarchical.NodeTestTask.execute(NodeTestTask.java:95)
	at java.base/java.util.ArrayList.forEach(ArrayList.java:1511)
	at org.junit.platform.engine.support.hierarchical.SameThreadHierarchicalTestExecutorService.invokeAll(SameThreadHierarchicalTestExecutorService.java:41)
	at org.junit.platform.engine.support.hierarchical.NodeTestTask.lambda$executeRecursively$6(NodeTestTask.java:155)
	at org.junit.platform.engine.support.hierarchical.ThrowableCollector.execute(ThrowableCollector.java:73)
	at org.junit.platform.engine.support.hierarchical.NodeTestTask.lambda$executeRecursively$8(NodeTestTask.java:141)
	at org.junit.platform.engine.support.hierarchical.Node.around(Node.java:137)
	at org.junit.platform.engine.support.hierarchical.NodeTestTask.lambda$executeRecursively$9(NodeTestTask.java:139)
	at org.junit.platform.engine.support.hierarchical.ThrowableCollector.execute(ThrowableCollector.java:73)
	at org.junit.platform.engine.support.hierarchical.NodeTestTask.executeRecursively(NodeTestTask.java:138)
	at org.junit.platform.engine.support.hierarchical.NodeTestTask.execute(NodeTestTask.java:95)
	at org.junit.platform.engine.support.hierarchical.SameThreadHierarchicalTestExecutorService.submit(SameThreadHierarchicalTestExecutorService.java:35)
	at org.junit.platform.engine.support.hierarchical.HierarchicalTestExecutor.execute(HierarchicalTestExecutor.java:57)
	at org.junit.platform.engine.support.hierarchical.HierarchicalTestEngine.execute(HierarchicalTestEngine.java:54)
	at org.junit.platform.launcher.core.EngineExecutionOrchestrator.execute(EngineExecutionOrchestrator.java:198)
	at org.junit.platform.launcher.core.EngineExecutionOrchestrator.execute(EngineExecutionOrchestrator.java:169)
	at org.junit.platform.launcher.core.EngineExecutionOrchestrator.execute(EngineExecutionOrchestrator.java:93)
	at org.junit.platform.launcher.core.EngineExecutionOrchestrator.lambda$execute$0(EngineExecutionOrchestrator.java:58)
	at org.junit.platform.launcher.core.EngineExecutionOrchestrator.withInterceptedStreams(EngineExecutionOrchestrator.java:141)
	at org.junit.platform.launcher.core.EngineExecutionOrchestrator.execute(EngineExecutionOrchestrator.java:57)
	at org.junit.platform.launcher.core.DefaultLauncher.execute(DefaultLauncher.java:103)
	at org.junit.platform.launcher.core.DefaultLauncher.execute(DefaultLauncher.java:85)
	at org.junit.platform.launcher.core.DelegatingLauncher.execute(DelegatingLauncher.java:47)
	at org.apache.maven.surefire.junitplatform.LazyLauncher.execute(LazyLauncher.java:56)
	at org.apache.maven.surefire.junitplatform.JUnitPlatformProvider.execute(JUnitPlatformProvider.java:184)
	at org.apache.maven.surefire.junitplatform.JUnitPlatformProvider.invokeAllTests(JUnitPlatformProvider.java:148)
	at org.apache.maven.surefire.junitplatform.JUnitPlatformProvider.invoke(JUnitPlatformProvider.java:122)
	at org.apache.maven.surefire.booter.ForkedBooter.runSuitesInProcess(ForkedBooter.java:385)
	at org.apache.maven.surefire.booter.ForkedBooter.execute(ForkedBooter.java:162)
	at org.apache.maven.surefire.booter.ForkedBooter.run(ForkedBooter.java:507)
	at org.apache.maven.surefire.booter.ForkedBooter.main(ForkedBooter.java:495)
2026-05-02 15:38:02.528 [main] WARN  o.s.test.context.TestContextManager - Caught exception while allowing TestExecutionListener [org.springframework.boot.test.mock.mockito.MockitoTestExecutionListener] to prepare test instance [com.capg.pharma.catalogservice.controller.MedicineControllerTest@4300b54c]
java.lang.IllegalStateException: ApplicationContext failure threshold (1) exceeded: skipping repeated attempt to load context for [WebMergedContextConfiguration@55a7f0af testClass = com.capg.pharma.catalogservice.controller.MedicineControllerTest, locations = [], classes = [com.capg.pharma.catalogservice.CatalogServiceApplication], contextInitializerClasses = [], activeProfiles = [], propertySourceDescriptors = [], propertySourceProperties = ["org.springframework.boot.test.autoconfigure.web.servlet.WebMvcTestContextBootstrapper=true"], contextCustomizers = [[ImportsContextCustomizer@12db2921 key = [org.springframework.boot.autoconfigure.task.TaskExecutionAutoConfiguration, org.springframework.boot.autoconfigure.cache.CacheAutoConfiguration, org.springframework.boot.autoconfigure.web.servlet.HttpEncodingAutoConfiguration, org.springframework.boot.autoconfigure.validation.ValidationAutoConfiguration, org.springframework.boot.autoconfigure.context.MessageSourceAutoConfiguration, org.springframework.boot.autoconfigure.hateoas.HypermediaAutoConfiguration, org.springframework.boot.autoconfigure.data.web.SpringDataWebAutoConfiguration, org.springframework.boot.autoconfigure.jackson.JacksonAutoConfiguration, org.springframework.boot.test.autoconfigure.web.reactive.WebTestClientAutoConfiguration, org.springframework.boot.autoconfigure.web.servlet.error.ErrorMvcAutoConfiguration, org.springframework.boot.test.autoconfigure.web.servlet.MockMvcAutoConfiguration, org.springframework.boot.autoconfigure.http.HttpMessageConvertersAutoConfiguration, com.capg.pharma.catalogservice.config.TestSecurityConfig, org.springframework.boot.autoconfigure.security.oauth2.client.servlet.OAuth2ClientAutoConfiguration, org.springframework.boot.test.autoconfigure.web.servlet.MockMvcSecurityConfiguration, org.springframework.boot.test.autoconfigure.web.servlet.MockMvcWebClientAutoConfiguration, org.springframework.boot.test.autoconfigure.web.servlet.MockMvcWebDriverAutoConfiguration, org.springframework.boot.autoconfigure.thymeleaf.ThymeleafAutoConfiguration, org.springframework.boot.autoconfigure.gson.GsonAutoConfiguration, org.springframework.boot.autoconfigure.jsonb.JsonbAutoConfiguration, org.springframework.boot.autoconfigure.freemarker.FreeMarkerAutoConfiguration, org.springframework.boot.autoconfigure.web.servlet.WebMvcAutoConfiguration, org.springframework.boot.autoconfigure.security.servlet.UserDetailsServiceAutoConfiguration, org.springframework.boot.autoconfigure.security.oauth2.resource.servlet.OAuth2ResourceServerAutoConfiguration, org.springframework.boot.autoconfigure.groovy.template.GroovyTemplateAutoConfiguration, org.springframework.boot.autoconfigure.mustache.MustacheAutoConfiguration]], org.springframework.boot.test.context.filter.ExcludeFilterContextCustomizer@5ce4369b, org.springframework.boot.test.json.DuplicateJsonObjectContextCustomizerFactory$DuplicateJsonObjectContextCustomizer@1931d99, org.springframework.boot.test.mock.mockito.MockitoContextCustomizer@c44fee51, org.springframework.boot.test.autoconfigure.OverrideAutoConfigurationContextCustomizerFactory$DisableAutoConfigurationContextCustomizer@4e61e4c2, org.springframework.boot.test.autoconfigure.actuate.observability.ObservabilityContextCustomizerFactory$DisableObservabilityContextCustomizer@1f, org.springframework.boot.test.autoconfigure.filter.TypeExcludeFiltersContextCustomizer@fab90c48, org.springframework.boot.test.autoconfigure.properties.PropertyMappingContextCustomizer@3cb2812e, org.springframework.boot.test.autoconfigure.web.servlet.WebDriverContextCustomizer@68c87fc3, org.springframework.boot.test.context.SpringBootTestAnnotation@9c157952], resourceBasePath = "src/main/webapp", contextLoader = org.springframework.boot.test.context.SpringBootContextLoader, parent = null]
	at org.springframework.test.context.cache.DefaultCacheAwareContextLoaderDelegate.loadContext(DefaultCacheAwareContextLoaderDelegate.java:145)
	at org.springframework.test.context.support.DefaultTestContext.getApplicationContext(DefaultTestContext.java:130)
	at org.springframework.boot.test.mock.mockito.MockitoTestExecutionListener.postProcessFields(MockitoTestExecutionListener.java:122)
	at org.springframework.boot.test.mock.mockito.MockitoTestExecutionListener.injectFields(MockitoTestExecutionListener.java:106)
	at org.springframework.boot.test.mock.mockito.MockitoTestExecutionListener.prepareTestInstance(MockitoTestExecutionListener.java:63)
	at org.springframework.test.context.TestContextManager.prepareTestInstance(TestContextManager.java:260)
	at org.springframework.test.context.junit.jupiter.SpringExtension.postProcessTestInstance(SpringExtension.java:163)
	at org.junit.jupiter.engine.descriptor.ClassBasedTestDescriptor.lambda$invokeTestInstancePostProcessors$10(ClassBasedTestDescriptor.java:378)
	at org.junit.jupiter.engine.descriptor.ClassBasedTestDescriptor.executeAndMaskThrowable(ClassBasedTestDescriptor.java:383)
	at org.junit.jupiter.engine.descriptor.ClassBasedTestDescriptor.lambda$invokeTestInstancePostProcessors$11(ClassBasedTestDescriptor.java:378)
	at java.base/java.util.stream.ReferencePipeline$3$1.accept(ReferencePipeline.java:197)
	at java.base/java.util.stream.ReferencePipeline$2$1.accept(ReferencePipeline.java:179)
	at java.base/java.util.ArrayList$ArrayListSpliterator.forEachRemaining(ArrayList.java:1625)
	at java.base/java.util.stream.AbstractPipeline.copyInto(AbstractPipeline.java:509)
	at java.base/java.util.stream.AbstractPipeline.wrapAndCopyInto(AbstractPipeline.java:499)
	at java.base/java.util.stream.StreamSpliterators$WrappingSpliterator.forEachRemaining(StreamSpliterators.java:310)
	at java.base/java.util.stream.Streams$ConcatSpliterator.forEachRemaining(Streams.java:735)
	at java.base/java.util.stream.Streams$ConcatSpliterator.forEachRemaining(Streams.java:734)
	at java.base/java.util.stream.ReferencePipeline$Head.forEach(ReferencePipeline.java:762)
	at org.junit.jupiter.engine.descriptor.ClassBasedTestDescriptor.invokeTestInstancePostProcessors(ClassBasedTestDescriptor.java:377)
	at org.junit.jupiter.engine.descriptor.ClassBasedTestDescriptor.lambda$instantiateAndPostProcessTestInstance$6(ClassBasedTestDescriptor.java:290)
	at org.junit.platform.engine.support.hierarchical.ThrowableCollector.execute(ThrowableCollector.java:73)
	at org.junit.jupiter.engine.descriptor.ClassBasedTestDescriptor.instantiateAndPostProcessTestInstance(ClassBasedTestDescriptor.java:289)
	at org.junit.jupiter.engine.descriptor.ClassBasedTestDescriptor.lambda$testInstancesProvider$4(ClassBasedTestDescriptor.java:279)
	at java.base/java.util.Optional.orElseGet(Optional.java:364)
	at org.junit.jupiter.engine.descriptor.ClassBasedTestDescriptor.lambda$testInstancesProvider$5(ClassBasedTestDescriptor.java:278)
	at org.junit.jupiter.engine.execution.TestInstancesProvider.getTestInstances(TestInstancesProvider.java:31)
	at org.junit.jupiter.engine.descriptor.TestMethodTestDescriptor.lambda$prepare$0(TestMethodTestDescriptor.java:106)
	at org.junit.platform.engine.support.hierarchical.ThrowableCollector.execute(ThrowableCollector.java:73)
	at org.junit.jupiter.engine.descriptor.TestMethodTestDescriptor.prepare(TestMethodTestDescriptor.java:105)
	at org.junit.jupiter.engine.descriptor.TestMethodTestDescriptor.prepare(TestMethodTestDescriptor.java:69)
	at org.junit.platform.engine.support.hierarchical.NodeTestTask.lambda$prepare$2(NodeTestTask.java:123)
	at org.junit.platform.engine.support.hierarchical.ThrowableCollector.execute(ThrowableCollector.java:73)
	at org.junit.platform.engine.support.hierarchical.NodeTestTask.prepare(NodeTestTask.java:123)
	at org.junit.platform.engine.support.hierarchical.NodeTestTask.execute(NodeTestTask.java:90)
	at java.base/java.util.ArrayList.forEach(ArrayList.java:1511)
	at org.junit.platform.engine.support.hierarchical.SameThreadHierarchicalTestExecutorService.invokeAll(SameThreadHierarchicalTestExecutorService.java:41)
	at org.junit.platform.engine.support.hierarchical.NodeTestTask.lambda$executeRecursively$6(NodeTestTask.java:155)
	at org.junit.platform.engine.support.hierarchical.ThrowableCollector.execute(ThrowableCollector.java:73)
	at org.junit.platform.engine.support.hierarchical.NodeTestTask.lambda$executeRecursively$8(NodeTestTask.java:141)
	at org.junit.platform.engine.support.hierarchical.Node.around(Node.java:137)
	at org.junit.platform.engine.support.hierarchical.NodeTestTask.lambda$executeRecursively$9(NodeTestTask.java:139)
	at org.junit.platform.engine.support.hierarchical.ThrowableCollector.execute(ThrowableCollector.java:73)
	at org.junit.platform.engine.support.hierarchical.NodeTestTask.executeRecursively(NodeTestTask.java:138)
	at org.junit.platform.engine.support.hierarchical.NodeTestTask.execute(NodeTestTask.java:95)
	at java.base/java.util.ArrayList.forEach(ArrayList.java:1511)
	at org.junit.platform.engine.support.hierarchical.SameThreadHierarchicalTestExecutorService.invokeAll(SameThreadHierarchicalTestExecutorService.java:41)
	at org.junit.platform.engine.support.hierarchical.NodeTestTask.lambda$executeRecursively$6(NodeTestTask.java:155)
	at org.junit.platform.engine.support.hierarchical.ThrowableCollector.execute(ThrowableCollector.java:73)
	at org.junit.platform.engine.support.hierarchical.NodeTestTask.lambda$executeRecursively$8(NodeTestTask.java:141)
	at org.junit.platform.engine.support.hierarchical.Node.around(Node.java:137)
	at org.junit.platform.engine.support.hierarchical.NodeTestTask.lambda$executeRecursively$9(NodeTestTask.java:139)
	at org.junit.platform.engine.support.hierarchical.ThrowableCollector.execute(ThrowableCollector.java:73)
	at org.junit.platform.engine.support.hierarchical.NodeTestTask.executeRecursively(NodeTestTask.java:138)
	at org.junit.platform.engine.support.hierarchical.NodeTestTask.execute(NodeTestTask.java:95)
	at org.junit.platform.engine.support.hierarchical.SameThreadHierarchicalTestExecutorService.submit(SameThreadHierarchicalTestExecutorService.java:35)
	at org.junit.platform.engine.support.hierarchical.HierarchicalTestExecutor.execute(HierarchicalTestExecutor.java:57)
	at org.junit.platform.engine.support.hierarchical.HierarchicalTestEngine.execute(HierarchicalTestEngine.java:54)
	at org.junit.platform.launcher.core.EngineExecutionOrchestrator.execute(EngineExecutionOrchestrator.java:198)
	at org.junit.platform.launcher.core.EngineExecutionOrchestrator.execute(EngineExecutionOrchestrator.java:169)
	at org.junit.platform.launcher.core.EngineExecutionOrchestrator.execute(EngineExecutionOrchestrator.java:93)
	at org.junit.platform.launcher.core.EngineExecutionOrchestrator.lambda$execute$0(EngineExecutionOrchestrator.java:58)
	at org.junit.platform.launcher.core.EngineExecutionOrchestrator.withInterceptedStreams(EngineExecutionOrchestrator.java:141)
	at org.junit.platform.launcher.core.EngineExecutionOrchestrator.execute(EngineExecutionOrchestrator.java:57)
	at org.junit.platform.launcher.core.DefaultLauncher.execute(DefaultLauncher.java:103)
	at org.junit.platform.launcher.core.DefaultLauncher.execute(DefaultLauncher.java:85)
	at org.junit.platform.launcher.core.DelegatingLauncher.execute(DelegatingLauncher.java:47)
	at org.apache.maven.surefire.junitplatform.LazyLauncher.execute(LazyLauncher.java:56)
	at org.apache.maven.surefire.junitplatform.JUnitPlatformProvider.execute(JUnitPlatformProvider.java:184)
	at org.apache.maven.surefire.junitplatform.JUnitPlatformProvider.invokeAllTests(JUnitPlatformProvider.java:148)
	at org.apache.maven.surefire.junitplatform.JUnitPlatformProvider.invoke(JUnitPlatformProvider.java:122)
	at org.apache.maven.surefire.booter.ForkedBooter.runSuitesInProcess(ForkedBooter.java:385)
	at org.apache.maven.surefire.booter.ForkedBooter.execute(ForkedBooter.java:162)
	at org.apache.maven.surefire.booter.ForkedBooter.run(ForkedBooter.java:507)
	at org.apache.maven.surefire.booter.ForkedBooter.main(ForkedBooter.java:495)
2026-05-02 15:38:02.921 [main] INFO  c.c.p.c.c.PrescriptionControllerTest - Starting PrescriptionControllerTest using Java 17.0.12 with PID 21160 (started by V in D:\yosker\PharmacyOnline\janviProject\pharmacy-microservices\catalog-service)
2026-05-02 15:38:02.921 [main] INFO  c.c.p.c.c.PrescriptionControllerTest - No active profile set, falling back to 1 default profile: "default"
2026-05-02 15:38:03.339 [main] WARN  o.s.w.c.s.GenericWebApplicationContext - Exception encountered during context initialization - cancelling refresh attempt: org.springframework.beans.factory.UnsatisfiedDependencyException: Error creating bean with name 'testFilterChain' defined in class path resource [com/capg/pharma/catalogservice/config/TestSecurityConfig.class]: Unsatisfied dependency expressed through method 'testFilterChain' parameter 0: No qualifying bean of type 'org.springframework.security.config.annotation.web.builders.HttpSecurity' available: expected at least 1 bean which qualifies as autowire candidate. Dependency annotations: {}
2026-05-02 15:38:03.344 [main] ERROR o.s.b.d.LoggingFailureAnalysisReporter - 

***************************
APPLICATION FAILED TO START
***************************

Description:

Parameter 0 of method testFilterChain in com.capg.pharma.catalogservice.config.TestSecurityConfig required a bean of type 'org.springframework.security.config.annotation.web.builders.HttpSecurity' that could not be found.


Action:

Consider defining a bean of type 'org.springframework.security.config.annotation.web.builders.HttpSecurity' in your configuration.

2026-05-02 15:38:03.345 [main] WARN  o.s.test.context.TestContextManager - Caught exception while allowing TestExecutionListener [org.springframework.boot.test.mock.mockito.MockitoTestExecutionListener] to prepare test instance [com.capg.pharma.catalogservice.controller.PrescriptionControllerTest@54da9644]
java.lang.IllegalStateException: Failed to load ApplicationContext for [WebMergedContextConfiguration@60dd53e9 testClass = com.capg.pharma.catalogservice.controller.PrescriptionControllerTest, locations = [], classes = [com.capg.pharma.catalogservice.CatalogServiceApplication], contextInitializerClasses = [], activeProfiles = [], propertySourceDescriptors = [], propertySourceProperties = ["org.springframework.boot.test.autoconfigure.web.servlet.WebMvcTestContextBootstrapper=true"], contextCustomizers = [[ImportsContextCustomizer@eb7d4ba key = [org.springframework.boot.autoconfigure.task.TaskExecutionAutoConfiguration, org.springframework.boot.autoconfigure.cache.CacheAutoConfiguration, org.springframework.boot.autoconfigure.web.servlet.HttpEncodingAutoConfiguration, org.springframework.boot.autoconfigure.validation.ValidationAutoConfiguration, org.springframework.boot.autoconfigure.context.MessageSourceAutoConfiguration, org.springframework.boot.autoconfigure.hateoas.HypermediaAutoConfiguration, org.springframework.boot.autoconfigure.data.web.SpringDataWebAutoConfiguration, org.springframework.boot.autoconfigure.jackson.JacksonAutoConfiguration, org.springframework.boot.test.autoconfigure.web.reactive.WebTestClientAutoConfiguration, org.springframework.boot.autoconfigure.web.servlet.error.ErrorMvcAutoConfiguration, org.springframework.boot.test.autoconfigure.web.servlet.MockMvcAutoConfiguration, org.springframework.boot.autoconfigure.http.HttpMessageConvertersAutoConfiguration, com.capg.pharma.catalogservice.config.TestSecurityConfig, org.springframework.boot.autoconfigure.security.oauth2.client.servlet.OAuth2ClientAutoConfiguration, org.springframework.boot.test.autoconfigure.web.servlet.MockMvcSecurityConfiguration, org.springframework.boot.test.autoconfigure.web.servlet.MockMvcWebClientAutoConfiguration, org.springframework.boot.test.autoconfigure.web.servlet.MockMvcWebDriverAutoConfiguration, org.springframework.boot.autoconfigure.thymeleaf.ThymeleafAutoConfiguration, org.springframework.boot.autoconfigure.gson.GsonAutoConfiguration, org.springframework.boot.autoconfigure.jsonb.JsonbAutoConfiguration, org.springframework.boot.autoconfigure.freemarker.FreeMarkerAutoConfiguration, org.springframework.boot.autoconfigure.web.servlet.WebMvcAutoConfiguration, org.springframework.boot.autoconfigure.security.servlet.UserDetailsServiceAutoConfiguration, org.springframework.boot.autoconfigure.security.oauth2.resource.servlet.OAuth2ResourceServerAutoConfiguration, org.springframework.boot.autoconfigure.groovy.template.GroovyTemplateAutoConfiguration, org.springframework.boot.autoconfigure.mustache.MustacheAutoConfiguration]], org.springframework.boot.test.context.filter.ExcludeFilterContextCustomizer@5ce4369b, org.springframework.boot.test.json.DuplicateJsonObjectContextCustomizerFactory$DuplicateJsonObjectContextCustomizer@1931d99, org.springframework.boot.test.mock.mockito.MockitoContextCustomizer@5e5b05b1, org.springframework.boot.test.autoconfigure.OverrideAutoConfigurationContextCustomizerFactory$DisableAutoConfigurationContextCustomizer@4e61e4c2, org.springframework.boot.test.autoconfigure.actuate.observability.ObservabilityContextCustomizerFactory$DisableObservabilityContextCustomizer@1f, org.springframework.boot.test.autoconfigure.filter.TypeExcludeFiltersContextCustomizer@3ee0cf47, org.springframework.boot.test.autoconfigure.properties.PropertyMappingContextCustomizer@3cb2812e, org.springframework.boot.test.autoconfigure.web.servlet.WebDriverContextCustomizer@68c87fc3, org.springframework.boot.test.context.SpringBootTestAnnotation@9c157952], resourceBasePath = "src/main/webapp", contextLoader = org.springframework.boot.test.context.SpringBootContextLoader, parent = null]
	at org.springframework.test.context.cache.DefaultCacheAwareContextLoaderDelegate.loadContext(DefaultCacheAwareContextLoaderDelegate.java:180)
	at org.springframework.test.context.support.DefaultTestContext.getApplicationContext(DefaultTestContext.java:130)
	at org.springframework.boot.test.mock.mockito.MockitoTestExecutionListener.postProcessFields(MockitoTestExecutionListener.java:122)
	at org.springframework.boot.test.mock.mockito.MockitoTestExecutionListener.injectFields(MockitoTestExecutionListener.java:106)
	at org.springframework.boot.test.mock.mockito.MockitoTestExecutionListener.prepareTestInstance(MockitoTestExecutionListener.java:63)
	at org.springframework.test.context.TestContextManager.prepareTestInstance(TestContextManager.java:260)
	at org.springframework.test.context.junit.jupiter.SpringExtension.postProcessTestInstance(SpringExtension.java:163)
	at org.junit.jupiter.engine.descriptor.ClassBasedTestDescriptor.lambda$invokeTestInstancePostProcessors$10(ClassBasedTestDescriptor.java:378)
	at org.junit.jupiter.engine.descriptor.ClassBasedTestDescriptor.executeAndMaskThrowable(ClassBasedTestDescriptor.java:383)
	at org.junit.jupiter.engine.descriptor.ClassBasedTestDescriptor.lambda$invokeTestInstancePostProcessors$11(ClassBasedTestDescriptor.java:378)
	at java.base/java.util.stream.ReferencePipeline$3$1.accept(ReferencePipeline.java:197)
	at java.base/java.util.stream.ReferencePipeline$2$1.accept(ReferencePipeline.java:179)
	at java.base/java.util.ArrayList$ArrayListSpliterator.forEachRemaining(ArrayList.java:1625)
	at java.base/java.util.stream.AbstractPipeline.copyInto(AbstractPipeline.java:509)
	at java.base/java.util.stream.AbstractPipeline.wrapAndCopyInto(AbstractPipeline.java:499)
	at java.base/java.util.stream.StreamSpliterators$WrappingSpliterator.forEachRemaining(StreamSpliterators.java:310)
	at java.base/java.util.stream.Streams$ConcatSpliterator.forEachRemaining(Streams.java:735)
	at java.base/java.util.stream.Streams$ConcatSpliterator.forEachRemaining(Streams.java:734)
	at java.base/java.util.stream.ReferencePipeline$Head.forEach(ReferencePipeline.java:762)
	at org.junit.jupiter.engine.descriptor.ClassBasedTestDescriptor.invokeTestInstancePostProcessors(ClassBasedTestDescriptor.java:377)
	at org.junit.jupiter.engine.descriptor.ClassBasedTestDescriptor.lambda$instantiateAndPostProcessTestInstance$6(ClassBasedTestDescriptor.java:290)
	at org.junit.platform.engine.support.hierarchical.ThrowableCollector.execute(ThrowableCollector.java:73)
	at org.junit.jupiter.engine.descriptor.ClassBasedTestDescriptor.instantiateAndPostProcessTestInstance(ClassBasedTestDescriptor.java:289)
	at org.junit.jupiter.engine.descriptor.ClassBasedTestDescriptor.lambda$testInstancesProvider$4(ClassBasedTestDescriptor.java:279)
	at java.base/java.util.Optional.orElseGet(Optional.java:364)
	at org.junit.jupiter.engine.descriptor.ClassBasedTestDescriptor.lambda$testInstancesProvider$5(ClassBasedTestDescriptor.java:278)
	at org.junit.jupiter.engine.execution.TestInstancesProvider.getTestInstances(TestInstancesProvider.java:31)
	at org.junit.jupiter.engine.descriptor.TestMethodTestDescriptor.lambda$prepare$0(TestMethodTestDescriptor.java:106)
	at org.junit.platform.engine.support.hierarchical.ThrowableCollector.execute(ThrowableCollector.java:73)
	at org.junit.jupiter.engine.descriptor.TestMethodTestDescriptor.prepare(TestMethodTestDescriptor.java:105)
	at org.junit.jupiter.engine.descriptor.TestMethodTestDescriptor.prepare(TestMethodTestDescriptor.java:69)
	at org.junit.platform.engine.support.hierarchical.NodeTestTask.lambda$prepare$2(NodeTestTask.java:123)
	at org.junit.platform.engine.support.hierarchical.ThrowableCollector.execute(ThrowableCollector.java:73)
	at org.junit.platform.engine.support.hierarchical.NodeTestTask.prepare(NodeTestTask.java:123)
	at org.junit.platform.engine.support.hierarchical.NodeTestTask.execute(NodeTestTask.java:90)
	at java.base/java.util.ArrayList.forEach(ArrayList.java:1511)
	at org.junit.platform.engine.support.hierarchical.SameThreadHierarchicalTestExecutorService.invokeAll(SameThreadHierarchicalTestExecutorService.java:41)
	at org.junit.platform.engine.support.hierarchical.NodeTestTask.lambda$executeRecursively$6(NodeTestTask.java:155)
	at org.junit.platform.engine.support.hierarchical.ThrowableCollector.execute(ThrowableCollector.java:73)
	at org.junit.platform.engine.support.hierarchical.NodeTestTask.lambda$executeRecursively$8(NodeTestTask.java:141)
	at org.junit.platform.engine.support.hierarchical.Node.around(Node.java:137)
	at org.junit.platform.engine.support.hierarchical.NodeTestTask.lambda$executeRecursively$9(NodeTestTask.java:139)
	at org.junit.platform.engine.support.hierarchical.ThrowableCollector.execute(ThrowableCollector.java:73)
	at org.junit.platform.engine.support.hierarchical.NodeTestTask.executeRecursively(NodeTestTask.java:138)
	at org.junit.platform.engine.support.hierarchical.NodeTestTask.execute(NodeTestTask.java:95)
	at java.base/java.util.ArrayList.forEach(ArrayList.java:1511)
	at org.junit.platform.engine.support.hierarchical.SameThreadHierarchicalTestExecutorService.invokeAll(SameThreadHierarchicalTestExecutorService.java:41)
	at org.junit.platform.engine.support.hierarchical.NodeTestTask.lambda$executeRecursively$6(NodeTestTask.java:155)
	at org.junit.platform.engine.support.hierarchical.ThrowableCollector.execute(ThrowableCollector.java:73)
	at org.junit.platform.engine.support.hierarchical.NodeTestTask.lambda$executeRecursively$8(NodeTestTask.java:141)
	at org.junit.platform.engine.support.hierarchical.Node.around(Node.java:137)
	at org.junit.platform.engine.support.hierarchical.NodeTestTask.lambda$executeRecursively$9(NodeTestTask.java:139)
	at org.junit.platform.engine.support.hierarchical.ThrowableCollector.execute(ThrowableCollector.java:73)
	at org.junit.platform.engine.support.hierarchical.NodeTestTask.executeRecursively(NodeTestTask.java:138)
	at org.junit.platform.engine.support.hierarchical.NodeTestTask.execute(NodeTestTask.java:95)
	at org.junit.platform.engine.support.hierarchical.SameThreadHierarchicalTestExecutorService.submit(SameThreadHierarchicalTestExecutorService.java:35)
	at org.junit.platform.engine.support.hierarchical.HierarchicalTestExecutor.execute(HierarchicalTestExecutor.java:57)
	at org.junit.platform.engine.support.hierarchical.HierarchicalTestEngine.execute(HierarchicalTestEngine.java:54)
	at org.junit.platform.launcher.core.EngineExecutionOrchestrator.execute(EngineExecutionOrchestrator.java:198)
	at org.junit.platform.launcher.core.EngineExecutionOrchestrator.execute(EngineExecutionOrchestrator.java:169)
	at org.junit.platform.launcher.core.EngineExecutionOrchestrator.execute(EngineExecutionOrchestrator.java:93)
	at org.junit.platform.launcher.core.EngineExecutionOrchestrator.lambda$execute$0(EngineExecutionOrchestrator.java:58)
	at org.junit.platform.launcher.core.EngineExecutionOrchestrator.withInterceptedStreams(EngineExecutionOrchestrator.java:141)
	at org.junit.platform.launcher.core.EngineExecutionOrchestrator.execute(EngineExecutionOrchestrator.java:57)
	at org.junit.platform.launcher.core.DefaultLauncher.execute(DefaultLauncher.java:103)
	at org.junit.platform.launcher.core.DefaultLauncher.execute(DefaultLauncher.java:85)
	at org.junit.platform.launcher.core.DelegatingLauncher.execute(DelegatingLauncher.java:47)
	at org.apache.maven.surefire.junitplatform.LazyLauncher.execute(LazyLauncher.java:56)
	at org.apache.maven.surefire.junitplatform.JUnitPlatformProvider.execute(JUnitPlatformProvider.java:184)
	at org.apache.maven.surefire.junitplatform.JUnitPlatformProvider.invokeAllTests(JUnitPlatformProvider.java:148)
	at org.apache.maven.surefire.junitplatform.JUnitPlatformProvider.invoke(JUnitPlatformProvider.java:122)
	at org.apache.maven.surefire.booter.ForkedBooter.runSuitesInProcess(ForkedBooter.java:385)
	at org.apache.maven.surefire.booter.ForkedBooter.execute(ForkedBooter.java:162)
	at org.apache.maven.surefire.booter.ForkedBooter.run(ForkedBooter.java:507)
	at org.apache.maven.surefire.booter.ForkedBooter.main(ForkedBooter.java:495)
Caused by: org.springframework.beans.factory.UnsatisfiedDependencyException: Error creating bean with name 'testFilterChain' defined in class path resource [com/capg/pharma/catalogservice/config/TestSecurityConfig.class]: Unsatisfied dependency expressed through method 'testFilterChain' parameter 0: No qualifying bean of type 'org.springframework.security.config.annotation.web.builders.HttpSecurity' available: expected at least 1 bean which qualifies as autowire candidate. Dependency annotations: {}
	at org.springframework.beans.factory.support.ConstructorResolver.createArgumentArray(ConstructorResolver.java:795)
	at org.springframework.beans.factory.support.ConstructorResolver.instantiateUsingFactoryMethod(ConstructorResolver.java:542)
	at org.springframework.beans.factory.support.AbstractAutowireCapableBeanFactory.instantiateUsingFactoryMethod(AbstractAutowireCapableBeanFactory.java:1335)
	at org.springframework.beans.factory.support.AbstractAutowireCapableBeanFactory.createBeanInstance(AbstractAutowireCapableBeanFactory.java:1165)
	at org.springframework.beans.factory.support.AbstractAutowireCapableBeanFactory.doCreateBean(AbstractAutowireCapableBeanFactory.java:562)
	at org.springframework.beans.factory.support.AbstractAutowireCapableBeanFactory.createBean(AbstractAutowireCapableBeanFactory.java:522)
	at org.springframework.beans.factory.support.AbstractBeanFactory.lambda$doGetBean$0(AbstractBeanFactory.java:326)
	at org.springframework.beans.factory.support.DefaultSingletonBeanRegistry.getSingleton(DefaultSingletonBeanRegistry.java:234)
	at org.springframework.beans.factory.support.AbstractBeanFactory.doGetBean(AbstractBeanFactory.java:324)
	at org.springframework.beans.factory.support.AbstractBeanFactory.getBean(AbstractBeanFactory.java:200)
	at org.springframework.beans.factory.support.DefaultListableBeanFactory.preInstantiateSingletons(DefaultListableBeanFactory.java:975)
	at org.springframework.context.support.AbstractApplicationContext.finishBeanFactoryInitialization(AbstractApplicationContext.java:962)
	at org.springframework.context.support.AbstractApplicationContext.refresh(AbstractApplicationContext.java:624)
	at org.springframework.boot.SpringApplication.refresh(SpringApplication.java:754)
	at org.springframework.boot.SpringApplication.refreshContext(SpringApplication.java:456)
	at org.springframework.boot.SpringApplication.run(SpringApplication.java:334)
	at org.springframework.boot.test.context.SpringBootContextLoader.lambda$loadContext$3(SpringBootContextLoader.java:137)
	at org.springframework.util.function.ThrowingSupplier.get(ThrowingSupplier.java:58)
	at org.springframework.util.function.ThrowingSupplier.get(ThrowingSupplier.java:46)
	at org.springframework.boot.SpringApplication.withHook(SpringApplication.java:1454)
	at org.springframework.boot.test.context.SpringBootContextLoader$ContextLoaderHook.run(SpringBootContextLoader.java:553)
	at org.springframework.boot.test.context.SpringBootContextLoader.loadContext(SpringBootContextLoader.java:137)
	at org.springframework.boot.test.context.SpringBootContextLoader.loadContext(SpringBootContextLoader.java:108)
	at org.springframework.test.context.cache.DefaultCacheAwareContextLoaderDelegate.loadContextInternal(DefaultCacheAwareContextLoaderDelegate.java:225)
	at org.springframework.test.context.cache.DefaultCacheAwareContextLoaderDelegate.loadContext(DefaultCacheAwareContextLoaderDelegate.java:152)
	... 74 common frames omitted
Caused by: org.springframework.beans.factory.NoSuchBeanDefinitionException: No qualifying bean of type 'org.springframework.security.config.annotation.web.builders.HttpSecurity' available: expected at least 1 bean which qualifies as autowire candidate. Dependency annotations: {}
	at org.springframework.beans.factory.support.DefaultListableBeanFactory.raiseNoMatchingBeanFound(DefaultListableBeanFactory.java:1880)
	at org.springframework.beans.factory.support.DefaultListableBeanFactory.doResolveDependency(DefaultListableBeanFactory.java:1406)
	at org.springframework.beans.factory.support.DefaultListableBeanFactory.resolveDependency(DefaultListableBeanFactory.java:1353)
	at org.springframework.beans.factory.support.ConstructorResolver.resolveAutowiredArgument(ConstructorResolver.java:904)
	at org.springframework.beans.factory.support.ConstructorResolver.createArgumentArray(ConstructorResolver.java:782)
	... 98 common frames omitted
2026-05-02 15:38:03.352 [main] WARN  o.s.test.context.TestContextManager - Caught exception while allowing TestExecutionListener [org.springframework.boot.test.mock.mockito.MockitoTestExecutionListener] to prepare test instance [com.capg.pharma.catalogservice.controller.PrescriptionControllerTest@30282260]
java.lang.IllegalStateException: ApplicationContext failure threshold (1) exceeded: skipping repeated attempt to load context for [WebMergedContextConfiguration@60dd53e9 testClass = com.capg.pharma.catalogservice.controller.PrescriptionControllerTest, locations = [], classes = [com.capg.pharma.catalogservice.CatalogServiceApplication], contextInitializerClasses = [], activeProfiles = [], propertySourceDescriptors = [], propertySourceProperties = ["org.springframework.boot.test.autoconfigure.web.servlet.WebMvcTestContextBootstrapper=true"], contextCustomizers = [[ImportsContextCustomizer@eb7d4ba key = [org.springframework.boot.autoconfigure.task.TaskExecutionAutoConfiguration, org.springframework.boot.autoconfigure.cache.CacheAutoConfiguration, org.springframework.boot.autoconfigure.web.servlet.HttpEncodingAutoConfiguration, org.springframework.boot.autoconfigure.validation.ValidationAutoConfiguration, org.springframework.boot.autoconfigure.context.MessageSourceAutoConfiguration, org.springframework.boot.autoconfigure.hateoas.HypermediaAutoConfiguration, org.springframework.boot.autoconfigure.data.web.SpringDataWebAutoConfiguration, org.springframework.boot.autoconfigure.jackson.JacksonAutoConfiguration, org.springframework.boot.test.autoconfigure.web.reactive.WebTestClientAutoConfiguration, org.springframework.boot.autoconfigure.web.servlet.error.ErrorMvcAutoConfiguration, org.springframework.boot.test.autoconfigure.web.servlet.MockMvcAutoConfiguration, org.springframework.boot.autoconfigure.http.HttpMessageConvertersAutoConfiguration, com.capg.pharma.catalogservice.config.TestSecurityConfig, org.springframework.boot.autoconfigure.security.oauth2.client.servlet.OAuth2ClientAutoConfiguration, org.springframework.boot.test.autoconfigure.web.servlet.MockMvcSecurityConfiguration, org.springframework.boot.test.autoconfigure.web.servlet.MockMvcWebClientAutoConfiguration, org.springframework.boot.test.autoconfigure.web.servlet.MockMvcWebDriverAutoConfiguration, org.springframework.boot.autoconfigure.thymeleaf.ThymeleafAutoConfiguration, org.springframework.boot.autoconfigure.gson.GsonAutoConfiguration, org.springframework.boot.autoconfigure.jsonb.JsonbAutoConfiguration, org.springframework.boot.autoconfigure.freemarker.FreeMarkerAutoConfiguration, org.springframework.boot.autoconfigure.web.servlet.WebMvcAutoConfiguration, org.springframework.boot.autoconfigure.security.servlet.UserDetailsServiceAutoConfiguration, org.springframework.boot.autoconfigure.security.oauth2.resource.servlet.OAuth2ResourceServerAutoConfiguration, org.springframework.boot.autoconfigure.groovy.template.GroovyTemplateAutoConfiguration, org.springframework.boot.autoconfigure.mustache.MustacheAutoConfiguration]], org.springframework.boot.test.context.filter.ExcludeFilterContextCustomizer@5ce4369b, org.springframework.boot.test.json.DuplicateJsonObjectContextCustomizerFactory$DuplicateJsonObjectContextCustomizer@1931d99, org.springframework.boot.test.mock.mockito.MockitoContextCustomizer@5e5b05b1, org.springframework.boot.test.autoconfigure.OverrideAutoConfigurationContextCustomizerFactory$DisableAutoConfigurationContextCustomizer@4e61e4c2, org.springframework.boot.test.autoconfigure.actuate.observability.ObservabilityContextCustomizerFactory$DisableObservabilityContextCustomizer@1f, org.springframework.boot.test.autoconfigure.filter.TypeExcludeFiltersContextCustomizer@3ee0cf47, org.springframework.boot.test.autoconfigure.properties.PropertyMappingContextCustomizer@3cb2812e, org.springframework.boot.test.autoconfigure.web.servlet.WebDriverContextCustomizer@68c87fc3, org.springframework.boot.test.context.SpringBootTestAnnotation@9c157952], resourceBasePath = "src/main/webapp", contextLoader = org.springframework.boot.test.context.SpringBootContextLoader, parent = null]
	at org.springframework.test.context.cache.DefaultCacheAwareContextLoaderDelegate.loadContext(DefaultCacheAwareContextLoaderDelegate.java:145)
	at org.springframework.test.context.support.DefaultTestContext.getApplicationContext(DefaultTestContext.java:130)
	at org.springframework.boot.test.mock.mockito.MockitoTestExecutionListener.postProcessFields(MockitoTestExecutionListener.java:122)
	at org.springframework.boot.test.mock.mockito.MockitoTestExecutionListener.injectFields(MockitoTestExecutionListener.java:106)
	at org.springframework.boot.test.mock.mockito.MockitoTestExecutionListener.prepareTestInstance(MockitoTestExecutionListener.java:63)
	at org.springframework.test.context.TestContextManager.prepareTestInstance(TestContextManager.java:260)
	at org.springframework.test.context.junit.jupiter.SpringExtension.postProcessTestInstance(SpringExtension.java:163)
	at org.junit.jupiter.engine.descriptor.ClassBasedTestDescriptor.lambda$invokeTestInstancePostProcessors$10(ClassBasedTestDescriptor.java:378)
	at org.junit.jupiter.engine.descriptor.ClassBasedTestDescriptor.executeAndMaskThrowable(ClassBasedTestDescriptor.java:383)
	at org.junit.jupiter.engine.descriptor.ClassBasedTestDescriptor.lambda$invokeTestInstancePostProcessors$11(ClassBasedTestDescriptor.java:378)
	at java.base/java.util.stream.ReferencePipeline$3$1.accept(ReferencePipeline.java:197)
	at java.base/java.util.stream.ReferencePipeline$2$1.accept(ReferencePipeline.java:179)
	at java.base/java.util.ArrayList$ArrayListSpliterator.forEachRemaining(ArrayList.java:1625)
	at java.base/java.util.stream.AbstractPipeline.copyInto(AbstractPipeline.java:509)
	at java.base/java.util.stream.AbstractPipeline.wrapAndCopyInto(AbstractPipeline.java:499)
	at java.base/java.util.stream.StreamSpliterators$WrappingSpliterator.forEachRemaining(StreamSpliterators.java:310)
	at java.base/java.util.stream.Streams$ConcatSpliterator.forEachRemaining(Streams.java:735)
	at java.base/java.util.stream.Streams$ConcatSpliterator.forEachRemaining(Streams.java:734)
	at java.base/java.util.stream.ReferencePipeline$Head.forEach(ReferencePipeline.java:762)
	at org.junit.jupiter.engine.descriptor.ClassBasedTestDescriptor.invokeTestInstancePostProcessors(ClassBasedTestDescriptor.java:377)
	at org.junit.jupiter.engine.descriptor.ClassBasedTestDescriptor.lambda$instantiateAndPostProcessTestInstance$6(ClassBasedTestDescriptor.java:290)
	at org.junit.platform.engine.support.hierarchical.ThrowableCollector.execute(ThrowableCollector.java:73)
	at org.junit.jupiter.engine.descriptor.ClassBasedTestDescriptor.instantiateAndPostProcessTestInstance(ClassBasedTestDescriptor.java:289)
	at org.junit.jupiter.engine.descriptor.ClassBasedTestDescriptor.lambda$testInstancesProvider$4(ClassBasedTestDescriptor.java:279)
	at java.base/java.util.Optional.orElseGet(Optional.java:364)
	at org.junit.jupiter.engine.descriptor.ClassBasedTestDescriptor.lambda$testInstancesProvider$5(ClassBasedTestDescriptor.java:278)
	at org.junit.jupiter.engine.execution.TestInstancesProvider.getTestInstances(TestInstancesProvider.java:31)
	at org.junit.jupiter.engine.descriptor.TestMethodTestDescriptor.lambda$prepare$0(TestMethodTestDescriptor.java:106)
	at org.junit.platform.engine.support.hierarchical.ThrowableCollector.execute(ThrowableCollector.java:73)
	at org.junit.jupiter.engine.descriptor.TestMethodTestDescriptor.prepare(TestMethodTestDescriptor.java:105)
	at org.junit.jupiter.engine.descriptor.TestMethodTestDescriptor.prepare(TestMethodTestDescriptor.java:69)
	at org.junit.platform.engine.support.hierarchical.NodeTestTask.lambda$prepare$2(NodeTestTask.java:123)
	at org.junit.platform.engine.support.hierarchical.ThrowableCollector.execute(ThrowableCollector.java:73)
	at org.junit.platform.engine.support.hierarchical.NodeTestTask.prepare(NodeTestTask.java:123)
	at org.junit.platform.engine.support.hierarchical.NodeTestTask.execute(NodeTestTask.java:90)
	at java.base/java.util.ArrayList.forEach(ArrayList.java:1511)
	at org.junit.platform.engine.support.hierarchical.SameThreadHierarchicalTestExecutorService.invokeAll(SameThreadHierarchicalTestExecutorService.java:41)
	at org.junit.platform.engine.support.hierarchical.NodeTestTask.lambda$executeRecursively$6(NodeTestTask.java:155)
	at org.junit.platform.engine.support.hierarchical.ThrowableCollector.execute(ThrowableCollector.java:73)
	at org.junit.platform.engine.support.hierarchical.NodeTestTask.lambda$executeRecursively$8(NodeTestTask.java:141)
	at org.junit.platform.engine.support.hierarchical.Node.around(Node.java:137)
	at org.junit.platform.engine.support.hierarchical.NodeTestTask.lambda$executeRecursively$9(NodeTestTask.java:139)
	at org.junit.platform.engine.support.hierarchical.ThrowableCollector.execute(ThrowableCollector.java:73)
	at org.junit.platform.engine.support.hierarchical.NodeTestTask.executeRecursively(NodeTestTask.java:138)
	at org.junit.platform.engine.support.hierarchical.NodeTestTask.execute(NodeTestTask.java:95)
	at java.base/java.util.ArrayList.forEach(ArrayList.java:1511)
	at org.junit.platform.engine.support.hierarchical.SameThreadHierarchicalTestExecutorService.invokeAll(SameThreadHierarchicalTestExecutorService.java:41)
	at org.junit.platform.engine.support.hierarchical.NodeTestTask.lambda$executeRecursively$6(NodeTestTask.java:155)
	at org.junit.platform.engine.support.hierarchical.ThrowableCollector.execute(ThrowableCollector.java:73)
	at org.junit.platform.engine.support.hierarchical.NodeTestTask.lambda$executeRecursively$8(NodeTestTask.java:141)
	at org.junit.platform.engine.support.hierarchical.Node.around(Node.java:137)
	at org.junit.platform.engine.support.hierarchical.NodeTestTask.lambda$executeRecursively$9(NodeTestTask.java:139)
	at org.junit.platform.engine.support.hierarchical.ThrowableCollector.execute(ThrowableCollector.java:73)
	at org.junit.platform.engine.support.hierarchical.NodeTestTask.executeRecursively(NodeTestTask.java:138)
	at org.junit.platform.engine.support.hierarchical.NodeTestTask.execute(NodeTestTask.java:95)
	at org.junit.platform.engine.support.hierarchical.SameThreadHierarchicalTestExecutorService.submit(SameThreadHierarchicalTestExecutorService.java:35)
	at org.junit.platform.engine.support.hierarchical.HierarchicalTestExecutor.execute(HierarchicalTestExecutor.java:57)
	at org.junit.platform.engine.support.hierarchical.HierarchicalTestEngine.execute(HierarchicalTestEngine.java:54)
	at org.junit.platform.launcher.core.EngineExecutionOrchestrator.execute(EngineExecutionOrchestrator.java:198)
	at org.junit.platform.launcher.core.EngineExecutionOrchestrator.execute(EngineExecutionOrchestrator.java:169)
	at org.junit.platform.launcher.core.EngineExecutionOrchestrator.execute(EngineExecutionOrchestrator.java:93)
	at org.junit.platform.launcher.core.EngineExecutionOrchestrator.lambda$execute$0(EngineExecutionOrchestrator.java:58)
	at org.junit.platform.launcher.core.EngineExecutionOrchestrator.withInterceptedStreams(EngineExecutionOrchestrator.java:141)
	at org.junit.platform.launcher.core.EngineExecutionOrchestrator.execute(EngineExecutionOrchestrator.java:57)
	at org.junit.platform.launcher.core.DefaultLauncher.execute(DefaultLauncher.java:103)
	at org.junit.platform.launcher.core.DefaultLauncher.execute(DefaultLauncher.java:85)
	at org.junit.platform.launcher.core.DelegatingLauncher.execute(DelegatingLauncher.java:47)
	at org.apache.maven.surefire.junitplatform.LazyLauncher.execute(LazyLauncher.java:56)
	at org.apache.maven.surefire.junitplatform.JUnitPlatformProvider.execute(JUnitPlatformProvider.java:184)
	at org.apache.maven.surefire.junitplatform.JUnitPlatformProvider.invokeAllTests(JUnitPlatformProvider.java:148)
	at org.apache.maven.surefire.junitplatform.JUnitPlatformProvider.invoke(JUnitPlatformProvider.java:122)
	at org.apache.maven.surefire.booter.ForkedBooter.runSuitesInProcess(ForkedBooter.java:385)
	at org.apache.maven.surefire.booter.ForkedBooter.execute(ForkedBooter.java:162)
	at org.apache.maven.surefire.booter.ForkedBooter.run(ForkedBooter.java:507)
	at org.apache.maven.surefire.booter.ForkedBooter.main(ForkedBooter.java:495)
2026-05-02 15:38:03.357 [main] WARN  o.s.test.context.TestContextManager - Caught exception while allowing TestExecutionListener [org.springframework.boot.test.mock.mockito.MockitoTestExecutionListener] to prepare test instance [com.capg.pharma.catalogservice.controller.PrescriptionControllerTest@62f47cac]
java.lang.IllegalStateException: ApplicationContext failure threshold (1) exceeded: skipping repeated attempt to load context for [WebMergedContextConfiguration@60dd53e9 testClass = com.capg.pharma.catalogservice.controller.PrescriptionControllerTest, locations = [], classes = [com.capg.pharma.catalogservice.CatalogServiceApplication], contextInitializerClasses = [], activeProfiles = [], propertySourceDescriptors = [], propertySourceProperties = ["org.springframework.boot.test.autoconfigure.web.servlet.WebMvcTestContextBootstrapper=true"], contextCustomizers = [[ImportsContextCustomizer@eb7d4ba key = [org.springframework.boot.autoconfigure.task.TaskExecutionAutoConfiguration, org.springframework.boot.autoconfigure.cache.CacheAutoConfiguration, org.springframework.boot.autoconfigure.web.servlet.HttpEncodingAutoConfiguration, org.springframework.boot.autoconfigure.validation.ValidationAutoConfiguration, org.springframework.boot.autoconfigure.context.MessageSourceAutoConfiguration, org.springframework.boot.autoconfigure.hateoas.HypermediaAutoConfiguration, org.springframework.boot.autoconfigure.data.web.SpringDataWebAutoConfiguration, org.springframework.boot.autoconfigure.jackson.JacksonAutoConfiguration, org.springframework.boot.test.autoconfigure.web.reactive.WebTestClientAutoConfiguration, org.springframework.boot.autoconfigure.web.servlet.error.ErrorMvcAutoConfiguration, org.springframework.boot.test.autoconfigure.web.servlet.MockMvcAutoConfiguration, org.springframework.boot.autoconfigure.http.HttpMessageConvertersAutoConfiguration, com.capg.pharma.catalogservice.config.TestSecurityConfig, org.springframework.boot.autoconfigure.security.oauth2.client.servlet.OAuth2ClientAutoConfiguration, org.springframework.boot.test.autoconfigure.web.servlet.MockMvcSecurityConfiguration, org.springframework.boot.test.autoconfigure.web.servlet.MockMvcWebClientAutoConfiguration, org.springframework.boot.test.autoconfigure.web.servlet.MockMvcWebDriverAutoConfiguration, org.springframework.boot.autoconfigure.thymeleaf.ThymeleafAutoConfiguration, org.springframework.boot.autoconfigure.gson.GsonAutoConfiguration, org.springframework.boot.autoconfigure.jsonb.JsonbAutoConfiguration, org.springframework.boot.autoconfigure.freemarker.FreeMarkerAutoConfiguration, org.springframework.boot.autoconfigure.web.servlet.WebMvcAutoConfiguration, org.springframework.boot.autoconfigure.security.servlet.UserDetailsServiceAutoConfiguration, org.springframework.boot.autoconfigure.security.oauth2.resource.servlet.OAuth2ResourceServerAutoConfiguration, org.springframework.boot.autoconfigure.groovy.template.GroovyTemplateAutoConfiguration, org.springframework.boot.autoconfigure.mustache.MustacheAutoConfiguration]], org.springframework.boot.test.context.filter.ExcludeFilterContextCustomizer@5ce4369b, org.springframework.boot.test.json.DuplicateJsonObjectContextCustomizerFactory$DuplicateJsonObjectContextCustomizer@1931d99, org.springframework.boot.test.mock.mockito.MockitoContextCustomizer@5e5b05b1, org.springframework.boot.test.autoconfigure.OverrideAutoConfigurationContextCustomizerFactory$DisableAutoConfigurationContextCustomizer@4e61e4c2, org.springframework.boot.test.autoconfigure.actuate.observability.ObservabilityContextCustomizerFactory$DisableObservabilityContextCustomizer@1f, org.springframework.boot.test.autoconfigure.filter.TypeExcludeFiltersContextCustomizer@3ee0cf47, org.springframework.boot.test.autoconfigure.properties.PropertyMappingContextCustomizer@3cb2812e, org.springframework.boot.test.autoconfigure.web.servlet.WebDriverContextCustomizer@68c87fc3, org.springframework.boot.test.context.SpringBootTestAnnotation@9c157952], resourceBasePath = "src/main/webapp", contextLoader = org.springframework.boot.test.context.SpringBootContextLoader, parent = null]
	at org.springframework.test.context.cache.DefaultCacheAwareContextLoaderDelegate.loadContext(DefaultCacheAwareContextLoaderDelegate.java:145)
	at org.springframework.test.context.support.DefaultTestContext.getApplicationContext(DefaultTestContext.java:130)
	at org.springframework.boot.test.mock.mockito.MockitoTestExecutionListener.postProcessFields(MockitoTestExecutionListener.java:122)
	at org.springframework.boot.test.mock.mockito.MockitoTestExecutionListener.injectFields(MockitoTestExecutionListener.java:106)
	at org.springframework.boot.test.mock.mockito.MockitoTestExecutionListener.prepareTestInstance(MockitoTestExecutionListener.java:63)
	at org.springframework.test.context.TestContextManager.prepareTestInstance(TestContextManager.java:260)
	at org.springframework.test.context.junit.jupiter.SpringExtension.postProcessTestInstance(SpringExtension.java:163)
	at org.junit.jupiter.engine.descriptor.ClassBasedTestDescriptor.lambda$invokeTestInstancePostProcessors$10(ClassBasedTestDescriptor.java:378)
	at org.junit.jupiter.engine.descriptor.ClassBasedTestDescriptor.executeAndMaskThrowable(ClassBasedTestDescriptor.java:383)
	at org.junit.jupiter.engine.descriptor.ClassBasedTestDescriptor.lambda$invokeTestInstancePostProcessors$11(ClassBasedTestDescriptor.java:378)
	at java.base/java.util.stream.ReferencePipeline$3$1.accept(ReferencePipeline.java:197)
	at java.base/java.util.stream.ReferencePipeline$2$1.accept(ReferencePipeline.java:179)
	at java.base/java.util.ArrayList$ArrayListSpliterator.forEachRemaining(ArrayList.java:1625)
	at java.base/java.util.stream.AbstractPipeline.copyInto(AbstractPipeline.java:509)
	at java.base/java.util.stream.AbstractPipeline.wrapAndCopyInto(AbstractPipeline.java:499)
	at java.base/java.util.stream.StreamSpliterators$WrappingSpliterator.forEachRemaining(StreamSpliterators.java:310)
	at java.base/java.util.stream.Streams$ConcatSpliterator.forEachRemaining(Streams.java:735)
	at java.base/java.util.stream.Streams$ConcatSpliterator.forEachRemaining(Streams.java:734)
	at java.base/java.util.stream.ReferencePipeline$Head.forEach(ReferencePipeline.java:762)
	at org.junit.jupiter.engine.descriptor.ClassBasedTestDescriptor.invokeTestInstancePostProcessors(ClassBasedTestDescriptor.java:377)
	at org.junit.jupiter.engine.descriptor.ClassBasedTestDescriptor.lambda$instantiateAndPostProcessTestInstance$6(ClassBasedTestDescriptor.java:290)
	at org.junit.platform.engine.support.hierarchical.ThrowableCollector.execute(ThrowableCollector.java:73)
	at org.junit.jupiter.engine.descriptor.ClassBasedTestDescriptor.instantiateAndPostProcessTestInstance(ClassBasedTestDescriptor.java:289)
	at org.junit.jupiter.engine.descriptor.ClassBasedTestDescriptor.lambda$testInstancesProvider$4(ClassBasedTestDescriptor.java:279)
	at java.base/java.util.Optional.orElseGet(Optional.java:364)
	at org.junit.jupiter.engine.descriptor.ClassBasedTestDescriptor.lambda$testInstancesProvider$5(ClassBasedTestDescriptor.java:278)
	at org.junit.jupiter.engine.execution.TestInstancesProvider.getTestInstances(TestInstancesProvider.java:31)
	at org.junit.jupiter.engine.descriptor.TestMethodTestDescriptor.lambda$prepare$0(TestMethodTestDescriptor.java:106)
	at org.junit.platform.engine.support.hierarchical.ThrowableCollector.execute(ThrowableCollector.java:73)
	at org.junit.jupiter.engine.descriptor.TestMethodTestDescriptor.prepare(TestMethodTestDescriptor.java:105)
	at org.junit.jupiter.engine.descriptor.TestMethodTestDescriptor.prepare(TestMethodTestDescriptor.java:69)
	at org.junit.platform.engine.support.hierarchical.NodeTestTask.lambda$prepare$2(NodeTestTask.java:123)
	at org.junit.platform.engine.support.hierarchical.ThrowableCollector.execute(ThrowableCollector.java:73)
	at org.junit.platform.engine.support.hierarchical.NodeTestTask.prepare(NodeTestTask.java:123)
	at org.junit.platform.engine.support.hierarchical.NodeTestTask.execute(NodeTestTask.java:90)
	at java.base/java.util.ArrayList.forEach(ArrayList.java:1511)
	at org.junit.platform.engine.support.hierarchical.SameThreadHierarchicalTestExecutorService.invokeAll(SameThreadHierarchicalTestExecutorService.java:41)
	at org.junit.platform.engine.support.hierarchical.NodeTestTask.lambda$executeRecursively$6(NodeTestTask.java:155)
	at org.junit.platform.engine.support.hierarchical.ThrowableCollector.execute(ThrowableCollector.java:73)
	at org.junit.platform.engine.support.hierarchical.NodeTestTask.lambda$executeRecursively$8(NodeTestTask.java:141)
	at org.junit.platform.engine.support.hierarchical.Node.around(Node.java:137)
	at org.junit.platform.engine.support.hierarchical.NodeTestTask.lambda$executeRecursively$9(NodeTestTask.java:139)
	at org.junit.platform.engine.support.hierarchical.ThrowableCollector.execute(ThrowableCollector.java:73)
	at org.junit.platform.engine.support.hierarchical.NodeTestTask.executeRecursively(NodeTestTask.java:138)
	at org.junit.platform.engine.support.hierarchical.NodeTestTask.execute(NodeTestTask.java:95)
	at java.base/java.util.ArrayList.forEach(ArrayList.java:1511)
	at org.junit.platform.engine.support.hierarchical.SameThreadHierarchicalTestExecutorService.invokeAll(SameThreadHierarchicalTestExecutorService.java:41)
	at org.junit.platform.engine.support.hierarchical.NodeTestTask.lambda$executeRecursively$6(NodeTestTask.java:155)
	at org.junit.platform.engine.support.hierarchical.ThrowableCollector.execute(ThrowableCollector.java:73)
	at org.junit.platform.engine.support.hierarchical.NodeTestTask.lambda$executeRecursively$8(NodeTestTask.java:141)
	at org.junit.platform.engine.support.hierarchical.Node.around(Node.java:137)
	at org.junit.platform.engine.support.hierarchical.NodeTestTask.lambda$executeRecursively$9(NodeTestTask.java:139)
	at org.junit.platform.engine.support.hierarchical.ThrowableCollector.execute(ThrowableCollector.java:73)
	at org.junit.platform.engine.support.hierarchical.NodeTestTask.executeRecursively(NodeTestTask.java:138)
	at org.junit.platform.engine.support.hierarchical.NodeTestTask.execute(NodeTestTask.java:95)
	at org.junit.platform.engine.support.hierarchical.SameThreadHierarchicalTestExecutorService.submit(SameThreadHierarchicalTestExecutorService.java:35)
	at org.junit.platform.engine.support.hierarchical.HierarchicalTestExecutor.execute(HierarchicalTestExecutor.java:57)
	at org.junit.platform.engine.support.hierarchical.HierarchicalTestEngine.execute(HierarchicalTestEngine.java:54)
	at org.junit.platform.launcher.core.EngineExecutionOrchestrator.execute(EngineExecutionOrchestrator.java:198)
	at org.junit.platform.launcher.core.EngineExecutionOrchestrator.execute(EngineExecutionOrchestrator.java:169)
	at org.junit.platform.launcher.core.EngineExecutionOrchestrator.execute(EngineExecutionOrchestrator.java:93)
	at org.junit.platform.launcher.core.EngineExecutionOrchestrator.lambda$execute$0(EngineExecutionOrchestrator.java:58)
	at org.junit.platform.launcher.core.EngineExecutionOrchestrator.withInterceptedStreams(EngineExecutionOrchestrator.java:141)
	at org.junit.platform.launcher.core.EngineExecutionOrchestrator.execute(EngineExecutionOrchestrator.java:57)
	at org.junit.platform.launcher.core.DefaultLauncher.execute(DefaultLauncher.java:103)
	at org.junit.platform.launcher.core.DefaultLauncher.execute(DefaultLauncher.java:85)
	at org.junit.platform.launcher.core.DelegatingLauncher.execute(DelegatingLauncher.java:47)
	at org.apache.maven.surefire.junitplatform.LazyLauncher.execute(LazyLauncher.java:56)
	at org.apache.maven.surefire.junitplatform.JUnitPlatformProvider.execute(JUnitPlatformProvider.java:184)
	at org.apache.maven.surefire.junitplatform.JUnitPlatformProvider.invokeAllTests(JUnitPlatformProvider.java:148)
	at org.apache.maven.surefire.junitplatform.JUnitPlatformProvider.invoke(JUnitPlatformProvider.java:122)
	at org.apache.maven.surefire.booter.ForkedBooter.runSuitesInProcess(ForkedBooter.java:385)
	at org.apache.maven.surefire.booter.ForkedBooter.execute(ForkedBooter.java:162)
	at org.apache.maven.surefire.booter.ForkedBooter.run(ForkedBooter.java:507)
	at org.apache.maven.surefire.booter.ForkedBooter.main(ForkedBooter.java:495)
2026-05-02 15:38:03.364 [main] WARN  o.s.test.context.TestContextManager - Caught exception while allowing TestExecutionListener [org.springframework.boot.test.mock.mockito.MockitoTestExecutionListener] to prepare test instance [com.capg.pharma.catalogservice.controller.PrescriptionControllerTest@6b5e8b3a]
java.lang.IllegalStateException: ApplicationContext failure threshold (1) exceeded: skipping repeated attempt to load context for [WebMergedContextConfiguration@60dd53e9 testClass = com.capg.pharma.catalogservice.controller.PrescriptionControllerTest, locations = [], classes = [com.capg.pharma.catalogservice.CatalogServiceApplication], contextInitializerClasses = [], activeProfiles = [], propertySourceDescriptors = [], propertySourceProperties = ["org.springframework.boot.test.autoconfigure.web.servlet.WebMvcTestContextBootstrapper=true"], contextCustomizers = [[ImportsContextCustomizer@eb7d4ba key = [org.springframework.boot.autoconfigure.task.TaskExecutionAutoConfiguration, org.springframework.boot.autoconfigure.cache.CacheAutoConfiguration, org.springframework.boot.autoconfigure.web.servlet.HttpEncodingAutoConfiguration, org.springframework.boot.autoconfigure.validation.ValidationAutoConfiguration, org.springframework.boot.autoconfigure.context.MessageSourceAutoConfiguration, org.springframework.boot.autoconfigure.hateoas.HypermediaAutoConfiguration, org.springframework.boot.autoconfigure.data.web.SpringDataWebAutoConfiguration, org.springframework.boot.autoconfigure.jackson.JacksonAutoConfiguration, org.springframework.boot.test.autoconfigure.web.reactive.WebTestClientAutoConfiguration, org.springframework.boot.autoconfigure.web.servlet.error.ErrorMvcAutoConfiguration, org.springframework.boot.test.autoconfigure.web.servlet.MockMvcAutoConfiguration, org.springframework.boot.autoconfigure.http.HttpMessageConvertersAutoConfiguration, com.capg.pharma.catalogservice.config.TestSecurityConfig, org.springframework.boot.autoconfigure.security.oauth2.client.servlet.OAuth2ClientAutoConfiguration, org.springframework.boot.test.autoconfigure.web.servlet.MockMvcSecurityConfiguration, org.springframework.boot.test.autoconfigure.web.servlet.MockMvcWebClientAutoConfiguration, org.springframework.boot.test.autoconfigure.web.servlet.MockMvcWebDriverAutoConfiguration, org.springframework.boot.autoconfigure.thymeleaf.ThymeleafAutoConfiguration, org.springframework.boot.autoconfigure.gson.GsonAutoConfiguration, org.springframework.boot.autoconfigure.jsonb.JsonbAutoConfiguration, org.springframework.boot.autoconfigure.freemarker.FreeMarkerAutoConfiguration, org.springframework.boot.autoconfigure.web.servlet.WebMvcAutoConfiguration, org.springframework.boot.autoconfigure.security.servlet.UserDetailsServiceAutoConfiguration, org.springframework.boot.autoconfigure.security.oauth2.resource.servlet.OAuth2ResourceServerAutoConfiguration, org.springframework.boot.autoconfigure.groovy.template.GroovyTemplateAutoConfiguration, org.springframework.boot.autoconfigure.mustache.MustacheAutoConfiguration]], org.springframework.boot.test.context.filter.ExcludeFilterContextCustomizer@5ce4369b, org.springframework.boot.test.json.DuplicateJsonObjectContextCustomizerFactory$DuplicateJsonObjectContextCustomizer@1931d99, org.springframework.boot.test.mock.mockito.MockitoContextCustomizer@5e5b05b1, org.springframework.boot.test.autoconfigure.OverrideAutoConfigurationContextCustomizerFactory$DisableAutoConfigurationContextCustomizer@4e61e4c2, org.springframework.boot.test.autoconfigure.actuate.observability.ObservabilityContextCustomizerFactory$DisableObservabilityContextCustomizer@1f, org.springframework.boot.test.autoconfigure.filter.TypeExcludeFiltersContextCustomizer@3ee0cf47, org.springframework.boot.test.autoconfigure.properties.PropertyMappingContextCustomizer@3cb2812e, org.springframework.boot.test.autoconfigure.web.servlet.WebDriverContextCustomizer@68c87fc3, org.springframework.boot.test.context.SpringBootTestAnnotation@9c157952], resourceBasePath = "src/main/webapp", contextLoader = org.springframework.boot.test.context.SpringBootContextLoader, parent = null]
	at org.springframework.test.context.cache.DefaultCacheAwareContextLoaderDelegate.loadContext(DefaultCacheAwareContextLoaderDelegate.java:145)
	at org.springframework.test.context.support.DefaultTestContext.getApplicationContext(DefaultTestContext.java:130)
	at org.springframework.boot.test.mock.mockito.MockitoTestExecutionListener.postProcessFields(MockitoTestExecutionListener.java:122)
	at org.springframework.boot.test.mock.mockito.MockitoTestExecutionListener.injectFields(MockitoTestExecutionListener.java:106)
	at org.springframework.boot.test.mock.mockito.MockitoTestExecutionListener.prepareTestInstance(MockitoTestExecutionListener.java:63)
	at org.springframework.test.context.TestContextManager.prepareTestInstance(TestContextManager.java:260)
	at org.springframework.test.context.junit.jupiter.SpringExtension.postProcessTestInstance(SpringExtension.java:163)
	at org.junit.jupiter.engine.descriptor.ClassBasedTestDescriptor.lambda$invokeTestInstancePostProcessors$10(ClassBasedTestDescriptor.java:378)
	at org.junit.jupiter.engine.descriptor.ClassBasedTestDescriptor.executeAndMaskThrowable(ClassBasedTestDescriptor.java:383)
	at org.junit.jupiter.engine.descriptor.ClassBasedTestDescriptor.lambda$invokeTestInstancePostProcessors$11(ClassBasedTestDescriptor.java:378)
	at java.base/java.util.stream.ReferencePipeline$3$1.accept(ReferencePipeline.java:197)
	at java.base/java.util.stream.ReferencePipeline$2$1.accept(ReferencePipeline.java:179)
	at java.base/java.util.ArrayList$ArrayListSpliterator.forEachRemaining(ArrayList.java:1625)
	at java.base/java.util.stream.AbstractPipeline.copyInto(AbstractPipeline.java:509)
	at java.base/java.util.stream.AbstractPipeline.wrapAndCopyInto(AbstractPipeline.java:499)
	at java.base/java.util.stream.StreamSpliterators$WrappingSpliterator.forEachRemaining(StreamSpliterators.java:310)
	at java.base/java.util.stream.Streams$ConcatSpliterator.forEachRemaining(Streams.java:735)
	at java.base/java.util.stream.Streams$ConcatSpliterator.forEachRemaining(Streams.java:734)
	at java.base/java.util.stream.ReferencePipeline$Head.forEach(ReferencePipeline.java:762)
	at org.junit.jupiter.engine.descriptor.ClassBasedTestDescriptor.invokeTestInstancePostProcessors(ClassBasedTestDescriptor.java:377)
	at org.junit.jupiter.engine.descriptor.ClassBasedTestDescriptor.lambda$instantiateAndPostProcessTestInstance$6(ClassBasedTestDescriptor.java:290)
	at org.junit.platform.engine.support.hierarchical.ThrowableCollector.execute(ThrowableCollector.java:73)
	at org.junit.jupiter.engine.descriptor.ClassBasedTestDescriptor.instantiateAndPostProcessTestInstance(ClassBasedTestDescriptor.java:289)
	at org.junit.jupiter.engine.descriptor.ClassBasedTestDescriptor.lambda$testInstancesProvider$4(ClassBasedTestDescriptor.java:279)
	at java.base/java.util.Optional.orElseGet(Optional.java:364)
	at org.junit.jupiter.engine.descriptor.ClassBasedTestDescriptor.lambda$testInstancesProvider$5(ClassBasedTestDescriptor.java:278)
	at org.junit.jupiter.engine.execution.TestInstancesProvider.getTestInstances(TestInstancesProvider.java:31)
	at org.junit.jupiter.engine.descriptor.TestMethodTestDescriptor.lambda$prepare$0(TestMethodTestDescriptor.java:106)
	at org.junit.platform.engine.support.hierarchical.ThrowableCollector.execute(ThrowableCollector.java:73)
	at org.junit.jupiter.engine.descriptor.TestMethodTestDescriptor.prepare(TestMethodTestDescriptor.java:105)
	at org.junit.jupiter.engine.descriptor.TestMethodTestDescriptor.prepare(TestMethodTestDescriptor.java:69)
	at org.junit.platform.engine.support.hierarchical.NodeTestTask.lambda$prepare$2(NodeTestTask.java:123)
	at org.junit.platform.engine.support.hierarchical.ThrowableCollector.execute(ThrowableCollector.java:73)
	at org.junit.platform.engine.support.hierarchical.NodeTestTask.prepare(NodeTestTask.java:123)
	at org.junit.platform.engine.support.hierarchical.NodeTestTask.execute(NodeTestTask.java:90)
	at java.base/java.util.ArrayList.forEach(ArrayList.java:1511)
	at org.junit.platform.engine.support.hierarchical.SameThreadHierarchicalTestExecutorService.invokeAll(SameThreadHierarchicalTestExecutorService.java:41)
	at org.junit.platform.engine.support.hierarchical.NodeTestTask.lambda$executeRecursively$6(NodeTestTask.java:155)
	at org.junit.platform.engine.support.hierarchical.ThrowableCollector.execute(ThrowableCollector.java:73)
	at org.junit.platform.engine.support.hierarchical.NodeTestTask.lambda$executeRecursively$8(NodeTestTask.java:141)
	at org.junit.platform.engine.support.hierarchical.Node.around(Node.java:137)
	at org.junit.platform.engine.support.hierarchical.NodeTestTask.lambda$executeRecursively$9(NodeTestTask.java:139)
	at org.junit.platform.engine.support.hierarchical.ThrowableCollector.execute(ThrowableCollector.java:73)
	at org.junit.platform.engine.support.hierarchical.NodeTestTask.executeRecursively(NodeTestTask.java:138)
	at org.junit.platform.engine.support.hierarchical.NodeTestTask.execute(NodeTestTask.java:95)
	at java.base/java.util.ArrayList.forEach(ArrayList.java:1511)
	at org.junit.platform.engine.support.hierarchical.SameThreadHierarchicalTestExecutorService.invokeAll(SameThreadHierarchicalTestExecutorService.java:41)
	at org.junit.platform.engine.support.hierarchical.NodeTestTask.lambda$executeRecursively$6(NodeTestTask.java:155)
	at org.junit.platform.engine.support.hierarchical.ThrowableCollector.execute(ThrowableCollector.java:73)
	at org.junit.platform.engine.support.hierarchical.NodeTestTask.lambda$executeRecursively$8(NodeTestTask.java:141)
	at org.junit.platform.engine.support.hierarchical.Node.around(Node.java:137)
	at org.junit.platform.engine.support.hierarchical.NodeTestTask.lambda$executeRecursively$9(NodeTestTask.java:139)
	at org.junit.platform.engine.support.hierarchical.ThrowableCollector.execute(ThrowableCollector.java:73)
	at org.junit.platform.engine.support.hierarchical.NodeTestTask.executeRecursively(NodeTestTask.java:138)
	at org.junit.platform.engine.support.hierarchical.NodeTestTask.execute(NodeTestTask.java:95)
	at org.junit.platform.engine.support.hierarchical.SameThreadHierarchicalTestExecutorService.submit(SameThreadHierarchicalTestExecutorService.java:35)
	at org.junit.platform.engine.support.hierarchical.HierarchicalTestExecutor.execute(HierarchicalTestExecutor.java:57)
	at org.junit.platform.engine.support.hierarchical.HierarchicalTestEngine.execute(HierarchicalTestEngine.java:54)
	at org.junit.platform.launcher.core.EngineExecutionOrchestrator.execute(EngineExecutionOrchestrator.java:198)
	at org.junit.platform.launcher.core.EngineExecutionOrchestrator.execute(EngineExecutionOrchestrator.java:169)
	at org.junit.platform.launcher.core.EngineExecutionOrchestrator.execute(EngineExecutionOrchestrator.java:93)
	at org.junit.platform.launcher.core.EngineExecutionOrchestrator.lambda$execute$0(EngineExecutionOrchestrator.java:58)
	at org.junit.platform.launcher.core.EngineExecutionOrchestrator.withInterceptedStreams(EngineExecutionOrchestrator.java:141)
	at org.junit.platform.launcher.core.EngineExecutionOrchestrator.execute(EngineExecutionOrchestrator.java:57)
	at org.junit.platform.launcher.core.DefaultLauncher.execute(DefaultLauncher.java:103)
	at org.junit.platform.launcher.core.DefaultLauncher.execute(DefaultLauncher.java:85)
	at org.junit.platform.launcher.core.DelegatingLauncher.execute(DelegatingLauncher.java:47)
	at org.apache.maven.surefire.junitplatform.LazyLauncher.execute(LazyLauncher.java:56)
	at org.apache.maven.surefire.junitplatform.JUnitPlatformProvider.execute(JUnitPlatformProvider.java:184)
	at org.apache.maven.surefire.junitplatform.JUnitPlatformProvider.invokeAllTests(JUnitPlatformProvider.java:148)
	at org.apache.maven.surefire.junitplatform.JUnitPlatformProvider.invoke(JUnitPlatformProvider.java:122)
	at org.apache.maven.surefire.booter.ForkedBooter.runSuitesInProcess(ForkedBooter.java:385)
	at org.apache.maven.surefire.booter.ForkedBooter.execute(ForkedBooter.java:162)
	at org.apache.maven.surefire.booter.ForkedBooter.run(ForkedBooter.java:507)
	at org.apache.maven.surefire.booter.ForkedBooter.main(ForkedBooter.java:495)
2026-05-02 15:38:03.370 [main] WARN  o.s.test.context.TestContextManager - Caught exception while allowing TestExecutionListener [org.springframework.boot.test.mock.mockito.MockitoTestExecutionListener] to prepare test instance [com.capg.pharma.catalogservice.controller.PrescriptionControllerTest@564d9ec2]
java.lang.IllegalStateException: ApplicationContext failure threshold (1) exceeded: skipping repeated attempt to load context for [WebMergedContextConfiguration@60dd53e9 testClass = com.capg.pharma.catalogservice.controller.PrescriptionControllerTest, locations = [], classes = [com.capg.pharma.catalogservice.CatalogServiceApplication], contextInitializerClasses = [], activeProfiles = [], propertySourceDescriptors = [], propertySourceProperties = ["org.springframework.boot.test.autoconfigure.web.servlet.WebMvcTestContextBootstrapper=true"], contextCustomizers = [[ImportsContextCustomizer@eb7d4ba key = [org.springframework.boot.autoconfigure.task.TaskExecutionAutoConfiguration, org.springframework.boot.autoconfigure.cache.CacheAutoConfiguration, org.springframework.boot.autoconfigure.web.servlet.HttpEncodingAutoConfiguration, org.springframework.boot.autoconfigure.validation.ValidationAutoConfiguration, org.springframework.boot.autoconfigure.context.MessageSourceAutoConfiguration, org.springframework.boot.autoconfigure.hateoas.HypermediaAutoConfiguration, org.springframework.boot.autoconfigure.data.web.SpringDataWebAutoConfiguration, org.springframework.boot.autoconfigure.jackson.JacksonAutoConfiguration, org.springframework.boot.test.autoconfigure.web.reactive.WebTestClientAutoConfiguration, org.springframework.boot.autoconfigure.web.servlet.error.ErrorMvcAutoConfiguration, org.springframework.boot.test.autoconfigure.web.servlet.MockMvcAutoConfiguration, org.springframework.boot.autoconfigure.http.HttpMessageConvertersAutoConfiguration, com.capg.pharma.catalogservice.config.TestSecurityConfig, org.springframework.boot.autoconfigure.security.oauth2.client.servlet.OAuth2ClientAutoConfiguration, org.springframework.boot.test.autoconfigure.web.servlet.MockMvcSecurityConfiguration, org.springframework.boot.test.autoconfigure.web.servlet.MockMvcWebClientAutoConfiguration, org.springframework.boot.test.autoconfigure.web.servlet.MockMvcWebDriverAutoConfiguration, org.springframework.boot.autoconfigure.thymeleaf.ThymeleafAutoConfiguration, org.springframework.boot.autoconfigure.gson.GsonAutoConfiguration, org.springframework.boot.autoconfigure.jsonb.JsonbAutoConfiguration, org.springframework.boot.autoconfigure.freemarker.FreeMarkerAutoConfiguration, org.springframework.boot.autoconfigure.web.servlet.WebMvcAutoConfiguration, org.springframework.boot.autoconfigure.security.servlet.UserDetailsServiceAutoConfiguration, org.springframework.boot.autoconfigure.security.oauth2.resource.servlet.OAuth2ResourceServerAutoConfiguration, org.springframework.boot.autoconfigure.groovy.template.GroovyTemplateAutoConfiguration, org.springframework.boot.autoconfigure.mustache.MustacheAutoConfiguration]], org.springframework.boot.test.context.filter.ExcludeFilterContextCustomizer@5ce4369b, org.springframework.boot.test.json.DuplicateJsonObjectContextCustomizerFactory$DuplicateJsonObjectContextCustomizer@1931d99, org.springframework.boot.test.mock.mockito.MockitoContextCustomizer@5e5b05b1, org.springframework.boot.test.autoconfigure.OverrideAutoConfigurationContextCustomizerFactory$DisableAutoConfigurationContextCustomizer@4e61e4c2, org.springframework.boot.test.autoconfigure.actuate.observability.ObservabilityContextCustomizerFactory$DisableObservabilityContextCustomizer@1f, org.springframework.boot.test.autoconfigure.filter.TypeExcludeFiltersContextCustomizer@3ee0cf47, org.springframework.boot.test.autoconfigure.properties.PropertyMappingContextCustomizer@3cb2812e, org.springframework.boot.test.autoconfigure.web.servlet.WebDriverContextCustomizer@68c87fc3, org.springframework.boot.test.context.SpringBootTestAnnotation@9c157952], resourceBasePath = "src/main/webapp", contextLoader = org.springframework.boot.test.context.SpringBootContextLoader, parent = null]
	at org.springframework.test.context.cache.DefaultCacheAwareContextLoaderDelegate.loadContext(DefaultCacheAwareContextLoaderDelegate.java:145)
	at org.springframework.test.context.support.DefaultTestContext.getApplicationContext(DefaultTestContext.java:130)
	at org.springframework.boot.test.mock.mockito.MockitoTestExecutionListener.postProcessFields(MockitoTestExecutionListener.java:122)
	at org.springframework.boot.test.mock.mockito.MockitoTestExecutionListener.injectFields(MockitoTestExecutionListener.java:106)
	at org.springframework.boot.test.mock.mockito.MockitoTestExecutionListener.prepareTestInstance(MockitoTestExecutionListener.java:63)
	at org.springframework.test.context.TestContextManager.prepareTestInstance(TestContextManager.java:260)
	at org.springframework.test.context.junit.jupiter.SpringExtension.postProcessTestInstance(SpringExtension.java:163)
	at org.junit.jupiter.engine.descriptor.ClassBasedTestDescriptor.lambda$invokeTestInstancePostProcessors$10(ClassBasedTestDescriptor.java:378)
	at org.junit.jupiter.engine.descriptor.ClassBasedTestDescriptor.executeAndMaskThrowable(ClassBasedTestDescriptor.java:383)
	at org.junit.jupiter.engine.descriptor.ClassBasedTestDescriptor.lambda$invokeTestInstancePostProcessors$11(ClassBasedTestDescriptor.java:378)
	at java.base/java.util.stream.ReferencePipeline$3$1.accept(ReferencePipeline.java:197)
	at java.base/java.util.stream.ReferencePipeline$2$1.accept(ReferencePipeline.java:179)
	at java.base/java.util.ArrayList$ArrayListSpliterator.forEachRemaining(ArrayList.java:1625)
	at java.base/java.util.stream.AbstractPipeline.copyInto(AbstractPipeline.java:509)
	at java.base/java.util.stream.AbstractPipeline.wrapAndCopyInto(AbstractPipeline.java:499)
	at java.base/java.util.stream.StreamSpliterators$WrappingSpliterator.forEachRemaining(StreamSpliterators.java:310)
	at java.base/java.util.stream.Streams$ConcatSpliterator.forEachRemaining(Streams.java:735)
	at java.base/java.util.stream.Streams$ConcatSpliterator.forEachRemaining(Streams.java:734)
	at java.base/java.util.stream.ReferencePipeline$Head.forEach(ReferencePipeline.java:762)
	at org.junit.jupiter.engine.descriptor.ClassBasedTestDescriptor.invokeTestInstancePostProcessors(ClassBasedTestDescriptor.java:377)
	at org.junit.jupiter.engine.descriptor.ClassBasedTestDescriptor.lambda$instantiateAndPostProcessTestInstance$6(ClassBasedTestDescriptor.java:290)
	at org.junit.platform.engine.support.hierarchical.ThrowableCollector.execute(ThrowableCollector.java:73)
	at org.junit.jupiter.engine.descriptor.ClassBasedTestDescriptor.instantiateAndPostProcessTestInstance(ClassBasedTestDescriptor.java:289)
	at org.junit.jupiter.engine.descriptor.ClassBasedTestDescriptor.lambda$testInstancesProvider$4(ClassBasedTestDescriptor.java:279)
	at java.base/java.util.Optional.orElseGet(Optional.java:364)
	at org.junit.jupiter.engine.descriptor.ClassBasedTestDescriptor.lambda$testInstancesProvider$5(ClassBasedTestDescriptor.java:278)
	at org.junit.jupiter.engine.execution.TestInstancesProvider.getTestInstances(TestInstancesProvider.java:31)
	at org.junit.jupiter.engine.descriptor.TestMethodTestDescriptor.lambda$prepare$0(TestMethodTestDescriptor.java:106)
	at org.junit.platform.engine.support.hierarchical.ThrowableCollector.execute(ThrowableCollector.java:73)
	at org.junit.jupiter.engine.descriptor.TestMethodTestDescriptor.prepare(TestMethodTestDescriptor.java:105)
	at org.junit.jupiter.engine.descriptor.TestMethodTestDescriptor.prepare(TestMethodTestDescriptor.java:69)
	at org.junit.platform.engine.support.hierarchical.NodeTestTask.lambda$prepare$2(NodeTestTask.java:123)
	at org.junit.platform.engine.support.hierarchical.ThrowableCollector.execute(ThrowableCollector.java:73)
	at org.junit.platform.engine.support.hierarchical.NodeTestTask.prepare(NodeTestTask.java:123)
	at org.junit.platform.engine.support.hierarchical.NodeTestTask.execute(NodeTestTask.java:90)
	at java.base/java.util.ArrayList.forEach(ArrayList.java:1511)
	at org.junit.platform.engine.support.hierarchical.SameThreadHierarchicalTestExecutorService.invokeAll(SameThreadHierarchicalTestExecutorService.java:41)
	at org.junit.platform.engine.support.hierarchical.NodeTestTask.lambda$executeRecursively$6(NodeTestTask.java:155)
	at org.junit.platform.engine.support.hierarchical.ThrowableCollector.execute(ThrowableCollector.java:73)
	at org.junit.platform.engine.support.hierarchical.NodeTestTask.lambda$executeRecursively$8(NodeTestTask.java:141)
	at org.junit.platform.engine.support.hierarchical.Node.around(Node.java:137)
	at org.junit.platform.engine.support.hierarchical.NodeTestTask.lambda$executeRecursively$9(NodeTestTask.java:139)
	at org.junit.platform.engine.support.hierarchical.ThrowableCollector.execute(ThrowableCollector.java:73)
	at org.junit.platform.engine.support.hierarchical.NodeTestTask.executeRecursively(NodeTestTask.java:138)
	at org.junit.platform.engine.support.hierarchical.NodeTestTask.execute(NodeTestTask.java:95)
	at java.base/java.util.ArrayList.forEach(ArrayList.java:1511)
	at org.junit.platform.engine.support.hierarchical.SameThreadHierarchicalTestExecutorService.invokeAll(SameThreadHierarchicalTestExecutorService.java:41)
	at org.junit.platform.engine.support.hierarchical.NodeTestTask.lambda$executeRecursively$6(NodeTestTask.java:155)
	at org.junit.platform.engine.support.hierarchical.ThrowableCollector.execute(ThrowableCollector.java:73)
	at org.junit.platform.engine.support.hierarchical.NodeTestTask.lambda$executeRecursively$8(NodeTestTask.java:141)
	at org.junit.platform.engine.support.hierarchical.Node.around(Node.java:137)
	at org.junit.platform.engine.support.hierarchical.NodeTestTask.lambda$executeRecursively$9(NodeTestTask.java:139)
	at org.junit.platform.engine.support.hierarchical.ThrowableCollector.execute(ThrowableCollector.java:73)
	at org.junit.platform.engine.support.hierarchical.NodeTestTask.executeRecursively(NodeTestTask.java:138)
	at org.junit.platform.engine.support.hierarchical.NodeTestTask.execute(NodeTestTask.java:95)
	at org.junit.platform.engine.support.hierarchical.SameThreadHierarchicalTestExecutorService.submit(SameThreadHierarchicalTestExecutorService.java:35)
	at org.junit.platform.engine.support.hierarchical.HierarchicalTestExecutor.execute(HierarchicalTestExecutor.java:57)
	at org.junit.platform.engine.support.hierarchical.HierarchicalTestEngine.execute(HierarchicalTestEngine.java:54)
	at org.junit.platform.launcher.core.EngineExecutionOrchestrator.execute(EngineExecutionOrchestrator.java:198)
	at org.junit.platform.launcher.core.EngineExecutionOrchestrator.execute(EngineExecutionOrchestrator.java:169)
	at org.junit.platform.launcher.core.EngineExecutionOrchestrator.execute(EngineExecutionOrchestrator.java:93)
	at org.junit.platform.launcher.core.EngineExecutionOrchestrator.lambda$execute$0(EngineExecutionOrchestrator.java:58)
	at org.junit.platform.launcher.core.EngineExecutionOrchestrator.withInterceptedStreams(EngineExecutionOrchestrator.java:141)
	at org.junit.platform.launcher.core.EngineExecutionOrchestrator.execute(EngineExecutionOrchestrator.java:57)
	at org.junit.platform.launcher.core.DefaultLauncher.execute(DefaultLauncher.java:103)
	at org.junit.platform.launcher.core.DefaultLauncher.execute(DefaultLauncher.java:85)
	at org.junit.platform.launcher.core.DelegatingLauncher.execute(DelegatingLauncher.java:47)
	at org.apache.maven.surefire.junitplatform.LazyLauncher.execute(LazyLauncher.java:56)
	at org.apache.maven.surefire.junitplatform.JUnitPlatformProvider.execute(JUnitPlatformProvider.java:184)
	at org.apache.maven.surefire.junitplatform.JUnitPlatformProvider.invokeAllTests(JUnitPlatformProvider.java:148)
	at org.apache.maven.surefire.junitplatform.JUnitPlatformProvider.invoke(JUnitPlatformProvider.java:122)
	at org.apache.maven.surefire.booter.ForkedBooter.runSuitesInProcess(ForkedBooter.java:385)
	at org.apache.maven.surefire.booter.ForkedBooter.execute(ForkedBooter.java:162)
	at org.apache.maven.surefire.booter.ForkedBooter.run(ForkedBooter.java:507)
	at org.apache.maven.surefire.booter.ForkedBooter.main(ForkedBooter.java:495)
2026-05-02 15:38:03.376 [main] WARN  o.s.test.context.TestContextManager - Caught exception while allowing TestExecutionListener [org.springframework.boot.test.mock.mockito.MockitoTestExecutionListener] to prepare test instance [com.capg.pharma.catalogservice.controller.PrescriptionControllerTest@572c50b6]
java.lang.IllegalStateException: ApplicationContext failure threshold (1) exceeded: skipping repeated attempt to load context for [WebMergedContextConfiguration@60dd53e9 testClass = com.capg.pharma.catalogservice.controller.PrescriptionControllerTest, locations = [], classes = [com.capg.pharma.catalogservice.CatalogServiceApplication], contextInitializerClasses = [], activeProfiles = [], propertySourceDescriptors = [], propertySourceProperties = ["org.springframework.boot.test.autoconfigure.web.servlet.WebMvcTestContextBootstrapper=true"], contextCustomizers = [[ImportsContextCustomizer@eb7d4ba key = [org.springframework.boot.autoconfigure.task.TaskExecutionAutoConfiguration, org.springframework.boot.autoconfigure.cache.CacheAutoConfiguration, org.springframework.boot.autoconfigure.web.servlet.HttpEncodingAutoConfiguration, org.springframework.boot.autoconfigure.validation.ValidationAutoConfiguration, org.springframework.boot.autoconfigure.context.MessageSourceAutoConfiguration, org.springframework.boot.autoconfigure.hateoas.HypermediaAutoConfiguration, org.springframework.boot.autoconfigure.data.web.SpringDataWebAutoConfiguration, org.springframework.boot.autoconfigure.jackson.JacksonAutoConfiguration, org.springframework.boot.test.autoconfigure.web.reactive.WebTestClientAutoConfiguration, org.springframework.boot.autoconfigure.web.servlet.error.ErrorMvcAutoConfiguration, org.springframework.boot.test.autoconfigure.web.servlet.MockMvcAutoConfiguration, org.springframework.boot.autoconfigure.http.HttpMessageConvertersAutoConfiguration, com.capg.pharma.catalogservice.config.TestSecurityConfig, org.springframework.boot.autoconfigure.security.oauth2.client.servlet.OAuth2ClientAutoConfiguration, org.springframework.boot.test.autoconfigure.web.servlet.MockMvcSecurityConfiguration, org.springframework.boot.test.autoconfigure.web.servlet.MockMvcWebClientAutoConfiguration, org.springframework.boot.test.autoconfigure.web.servlet.MockMvcWebDriverAutoConfiguration, org.springframework.boot.autoconfigure.thymeleaf.ThymeleafAutoConfiguration, org.springframework.boot.autoconfigure.gson.GsonAutoConfiguration, org.springframework.boot.autoconfigure.jsonb.JsonbAutoConfiguration, org.springframework.boot.autoconfigure.freemarker.FreeMarkerAutoConfiguration, org.springframework.boot.autoconfigure.web.servlet.WebMvcAutoConfiguration, org.springframework.boot.autoconfigure.security.servlet.UserDetailsServiceAutoConfiguration, org.springframework.boot.autoconfigure.security.oauth2.resource.servlet.OAuth2ResourceServerAutoConfiguration, org.springframework.boot.autoconfigure.groovy.template.GroovyTemplateAutoConfiguration, org.springframework.boot.autoconfigure.mustache.MustacheAutoConfiguration]], org.springframework.boot.test.context.filter.ExcludeFilterContextCustomizer@5ce4369b, org.springframework.boot.test.json.DuplicateJsonObjectContextCustomizerFactory$DuplicateJsonObjectContextCustomizer@1931d99, org.springframework.boot.test.mock.mockito.MockitoContextCustomizer@5e5b05b1, org.springframework.boot.test.autoconfigure.OverrideAutoConfigurationContextCustomizerFactory$DisableAutoConfigurationContextCustomizer@4e61e4c2, org.springframework.boot.test.autoconfigure.actuate.observability.ObservabilityContextCustomizerFactory$DisableObservabilityContextCustomizer@1f, org.springframework.boot.test.autoconfigure.filter.TypeExcludeFiltersContextCustomizer@3ee0cf47, org.springframework.boot.test.autoconfigure.properties.PropertyMappingContextCustomizer@3cb2812e, org.springframework.boot.test.autoconfigure.web.servlet.WebDriverContextCustomizer@68c87fc3, org.springframework.boot.test.context.SpringBootTestAnnotation@9c157952], resourceBasePath = "src/main/webapp", contextLoader = org.springframework.boot.test.context.SpringBootContextLoader, parent = null]
	at org.springframework.test.context.cache.DefaultCacheAwareContextLoaderDelegate.loadContext(DefaultCacheAwareContextLoaderDelegate.java:145)
	at org.springframework.test.context.support.DefaultTestContext.getApplicationContext(DefaultTestContext.java:130)
	at org.springframework.boot.test.mock.mockito.MockitoTestExecutionListener.postProcessFields(MockitoTestExecutionListener.java:122)
	at org.springframework.boot.test.mock.mockito.MockitoTestExecutionListener.injectFields(MockitoTestExecutionListener.java:106)
	at org.springframework.boot.test.mock.mockito.MockitoTestExecutionListener.prepareTestInstance(MockitoTestExecutionListener.java:63)
	at org.springframework.test.context.TestContextManager.prepareTestInstance(TestContextManager.java:260)
	at org.springframework.test.context.junit.jupiter.SpringExtension.postProcessTestInstance(SpringExtension.java:163)
	at org.junit.jupiter.engine.descriptor.ClassBasedTestDescriptor.lambda$invokeTestInstancePostProcessors$10(ClassBasedTestDescriptor.java:378)
	at org.junit.jupiter.engine.descriptor.ClassBasedTestDescriptor.executeAndMaskThrowable(ClassBasedTestDescriptor.java:383)
	at org.junit.jupiter.engine.descriptor.ClassBasedTestDescriptor.lambda$invokeTestInstancePostProcessors$11(ClassBasedTestDescriptor.java:378)
	at java.base/java.util.stream.ReferencePipeline$3$1.accept(ReferencePipeline.java:197)
	at java.base/java.util.stream.ReferencePipeline$2$1.accept(ReferencePipeline.java:179)
	at java.base/java.util.ArrayList$ArrayListSpliterator.forEachRemaining(ArrayList.java:1625)
	at java.base/java.util.stream.AbstractPipeline.copyInto(AbstractPipeline.java:509)
	at java.base/java.util.stream.AbstractPipeline.wrapAndCopyInto(AbstractPipeline.java:499)
	at java.base/java.util.stream.StreamSpliterators$WrappingSpliterator.forEachRemaining(StreamSpliterators.java:310)
	at java.base/java.util.stream.Streams$ConcatSpliterator.forEachRemaining(Streams.java:735)
	at java.base/java.util.stream.Streams$ConcatSpliterator.forEachRemaining(Streams.java:734)
	at java.base/java.util.stream.ReferencePipeline$Head.forEach(ReferencePipeline.java:762)
	at org.junit.jupiter.engine.descriptor.ClassBasedTestDescriptor.invokeTestInstancePostProcessors(ClassBasedTestDescriptor.java:377)
	at org.junit.jupiter.engine.descriptor.ClassBasedTestDescriptor.lambda$instantiateAndPostProcessTestInstance$6(ClassBasedTestDescriptor.java:290)
	at org.junit.platform.engine.support.hierarchical.ThrowableCollector.execute(ThrowableCollector.java:73)
	at org.junit.jupiter.engine.descriptor.ClassBasedTestDescriptor.instantiateAndPostProcessTestInstance(ClassBasedTestDescriptor.java:289)
	at org.junit.jupiter.engine.descriptor.ClassBasedTestDescriptor.lambda$testInstancesProvider$4(ClassBasedTestDescriptor.java:279)
	at java.base/java.util.Optional.orElseGet(Optional.java:364)
	at org.junit.jupiter.engine.descriptor.ClassBasedTestDescriptor.lambda$testInstancesProvider$5(ClassBasedTestDescriptor.java:278)
	at org.junit.jupiter.engine.execution.TestInstancesProvider.getTestInstances(TestInstancesProvider.java:31)
	at org.junit.jupiter.engine.descriptor.TestMethodTestDescriptor.lambda$prepare$0(TestMethodTestDescriptor.java:106)
	at org.junit.platform.engine.support.hierarchical.ThrowableCollector.execute(ThrowableCollector.java:73)
	at org.junit.jupiter.engine.descriptor.TestMethodTestDescriptor.prepare(TestMethodTestDescriptor.java:105)
	at org.junit.jupiter.engine.descriptor.TestMethodTestDescriptor.prepare(TestMethodTestDescriptor.java:69)
	at org.junit.platform.engine.support.hierarchical.NodeTestTask.lambda$prepare$2(NodeTestTask.java:123)
	at org.junit.platform.engine.support.hierarchical.ThrowableCollector.execute(ThrowableCollector.java:73)
	at org.junit.platform.engine.support.hierarchical.NodeTestTask.prepare(NodeTestTask.java:123)
	at org.junit.platform.engine.support.hierarchical.NodeTestTask.execute(NodeTestTask.java:90)
	at java.base/java.util.ArrayList.forEach(ArrayList.java:1511)
	at org.junit.platform.engine.support.hierarchical.SameThreadHierarchicalTestExecutorService.invokeAll(SameThreadHierarchicalTestExecutorService.java:41)
	at org.junit.platform.engine.support.hierarchical.NodeTestTask.lambda$executeRecursively$6(NodeTestTask.java:155)
	at org.junit.platform.engine.support.hierarchical.ThrowableCollector.execute(ThrowableCollector.java:73)
	at org.junit.platform.engine.support.hierarchical.NodeTestTask.lambda$executeRecursively$8(NodeTestTask.java:141)
	at org.junit.platform.engine.support.hierarchical.Node.around(Node.java:137)
	at org.junit.platform.engine.support.hierarchical.NodeTestTask.lambda$executeRecursively$9(NodeTestTask.java:139)
	at org.junit.platform.engine.support.hierarchical.ThrowableCollector.execute(ThrowableCollector.java:73)
	at org.junit.platform.engine.support.hierarchical.NodeTestTask.executeRecursively(NodeTestTask.java:138)
	at org.junit.platform.engine.support.hierarchical.NodeTestTask.execute(NodeTestTask.java:95)
	at java.base/java.util.ArrayList.forEach(ArrayList.java:1511)
	at org.junit.platform.engine.support.hierarchical.SameThreadHierarchicalTestExecutorService.invokeAll(SameThreadHierarchicalTestExecutorService.java:41)
	at org.junit.platform.engine.support.hierarchical.NodeTestTask.lambda$executeRecursively$6(NodeTestTask.java:155)
	at org.junit.platform.engine.support.hierarchical.ThrowableCollector.execute(ThrowableCollector.java:73)
	at org.junit.platform.engine.support.hierarchical.NodeTestTask.lambda$executeRecursively$8(NodeTestTask.java:141)
	at org.junit.platform.engine.support.hierarchical.Node.around(Node.java:137)
	at org.junit.platform.engine.support.hierarchical.NodeTestTask.lambda$executeRecursively$9(NodeTestTask.java:139)
	at org.junit.platform.engine.support.hierarchical.ThrowableCollector.execute(ThrowableCollector.java:73)
	at org.junit.platform.engine.support.hierarchical.NodeTestTask.executeRecursively(NodeTestTask.java:138)
	at org.junit.platform.engine.support.hierarchical.NodeTestTask.execute(NodeTestTask.java:95)
	at org.junit.platform.engine.support.hierarchical.SameThreadHierarchicalTestExecutorService.submit(SameThreadHierarchicalTestExecutorService.java:35)
	at org.junit.platform.engine.support.hierarchical.HierarchicalTestExecutor.execute(HierarchicalTestExecutor.java:57)
	at org.junit.platform.engine.support.hierarchical.HierarchicalTestEngine.execute(HierarchicalTestEngine.java:54)
	at org.junit.platform.launcher.core.EngineExecutionOrchestrator.execute(EngineExecutionOrchestrator.java:198)
	at org.junit.platform.launcher.core.EngineExecutionOrchestrator.execute(EngineExecutionOrchestrator.java:169)
	at org.junit.platform.launcher.core.EngineExecutionOrchestrator.execute(EngineExecutionOrchestrator.java:93)
	at org.junit.platform.launcher.core.EngineExecutionOrchestrator.lambda$execute$0(EngineExecutionOrchestrator.java:58)
	at org.junit.platform.launcher.core.EngineExecutionOrchestrator.withInterceptedStreams(EngineExecutionOrchestrator.java:141)
	at org.junit.platform.launcher.core.EngineExecutionOrchestrator.execute(EngineExecutionOrchestrator.java:57)
	at org.junit.platform.launcher.core.DefaultLauncher.execute(DefaultLauncher.java:103)
	at org.junit.platform.launcher.core.DefaultLauncher.execute(DefaultLauncher.java:85)
	at org.junit.platform.launcher.core.DelegatingLauncher.execute(DelegatingLauncher.java:47)
	at org.apache.maven.surefire.junitplatform.LazyLauncher.execute(LazyLauncher.java:56)
	at org.apache.maven.surefire.junitplatform.JUnitPlatformProvider.execute(JUnitPlatformProvider.java:184)
	at org.apache.maven.surefire.junitplatform.JUnitPlatformProvider.invokeAllTests(JUnitPlatformProvider.java:148)
	at org.apache.maven.surefire.junitplatform.JUnitPlatformProvider.invoke(JUnitPlatformProvider.java:122)
	at org.apache.maven.surefire.booter.ForkedBooter.runSuitesInProcess(ForkedBooter.java:385)
	at org.apache.maven.surefire.booter.ForkedBooter.execute(ForkedBooter.java:162)
	at org.apache.maven.surefire.booter.ForkedBooter.run(ForkedBooter.java:507)
	at org.apache.maven.surefire.booter.ForkedBooter.main(ForkedBooter.java:495)
2026-05-02 15:38:03.380 [main] WARN  o.s.test.context.TestContextManager - Caught exception while allowing TestExecutionListener [org.springframework.boot.test.mock.mockito.MockitoTestExecutionListener] to prepare test instance [com.capg.pharma.catalogservice.controller.PrescriptionControllerTest@115b0bf5]
java.lang.IllegalStateException: ApplicationContext failure threshold (1) exceeded: skipping repeated attempt to load context for [WebMergedContextConfiguration@60dd53e9 testClass = com.capg.pharma.catalogservice.controller.PrescriptionControllerTest, locations = [], classes = [com.capg.pharma.catalogservice.CatalogServiceApplication], contextInitializerClasses = [], activeProfiles = [], propertySourceDescriptors = [], propertySourceProperties = ["org.springframework.boot.test.autoconfigure.web.servlet.WebMvcTestContextBootstrapper=true"], contextCustomizers = [[ImportsContextCustomizer@eb7d4ba key = [org.springframework.boot.autoconfigure.task.TaskExecutionAutoConfiguration, org.springframework.boot.autoconfigure.cache.CacheAutoConfiguration, org.springframework.boot.autoconfigure.web.servlet.HttpEncodingAutoConfiguration, org.springframework.boot.autoconfigure.validation.ValidationAutoConfiguration, org.springframework.boot.autoconfigure.context.MessageSourceAutoConfiguration, org.springframework.boot.autoconfigure.hateoas.HypermediaAutoConfiguration, org.springframework.boot.autoconfigure.data.web.SpringDataWebAutoConfiguration, org.springframework.boot.autoconfigure.jackson.JacksonAutoConfiguration, org.springframework.boot.test.autoconfigure.web.reactive.WebTestClientAutoConfiguration, org.springframework.boot.autoconfigure.web.servlet.error.ErrorMvcAutoConfiguration, org.springframework.boot.test.autoconfigure.web.servlet.MockMvcAutoConfiguration, org.springframework.boot.autoconfigure.http.HttpMessageConvertersAutoConfiguration, com.capg.pharma.catalogservice.config.TestSecurityConfig, org.springframework.boot.autoconfigure.security.oauth2.client.servlet.OAuth2ClientAutoConfiguration, org.springframework.boot.test.autoconfigure.web.servlet.MockMvcSecurityConfiguration, org.springframework.boot.test.autoconfigure.web.servlet.MockMvcWebClientAutoConfiguration, org.springframework.boot.test.autoconfigure.web.servlet.MockMvcWebDriverAutoConfiguration, org.springframework.boot.autoconfigure.thymeleaf.ThymeleafAutoConfiguration, org.springframework.boot.autoconfigure.gson.GsonAutoConfiguration, org.springframework.boot.autoconfigure.jsonb.JsonbAutoConfiguration, org.springframework.boot.autoconfigure.freemarker.FreeMarkerAutoConfiguration, org.springframework.boot.autoconfigure.web.servlet.WebMvcAutoConfiguration, org.springframework.boot.autoconfigure.security.servlet.UserDetailsServiceAutoConfiguration, org.springframework.boot.autoconfigure.security.oauth2.resource.servlet.OAuth2ResourceServerAutoConfiguration, org.springframework.boot.autoconfigure.groovy.template.GroovyTemplateAutoConfiguration, org.springframework.boot.autoconfigure.mustache.MustacheAutoConfiguration]], org.springframework.boot.test.context.filter.ExcludeFilterContextCustomizer@5ce4369b, org.springframework.boot.test.json.DuplicateJsonObjectContextCustomizerFactory$DuplicateJsonObjectContextCustomizer@1931d99, org.springframework.boot.test.mock.mockito.MockitoContextCustomizer@5e5b05b1, org.springframework.boot.test.autoconfigure.OverrideAutoConfigurationContextCustomizerFactory$DisableAutoConfigurationContextCustomizer@4e61e4c2, org.springframework.boot.test.autoconfigure.actuate.observability.ObservabilityContextCustomizerFactory$DisableObservabilityContextCustomizer@1f, org.springframework.boot.test.autoconfigure.filter.TypeExcludeFiltersContextCustomizer@3ee0cf47, org.springframework.boot.test.autoconfigure.properties.PropertyMappingContextCustomizer@3cb2812e, org.springframework.boot.test.autoconfigure.web.servlet.WebDriverContextCustomizer@68c87fc3, org.springframework.boot.test.context.SpringBootTestAnnotation@9c157952], resourceBasePath = "src/main/webapp", contextLoader = org.springframework.boot.test.context.SpringBootContextLoader, parent = null]
	at org.springframework.test.context.cache.DefaultCacheAwareContextLoaderDelegate.loadContext(DefaultCacheAwareContextLoaderDelegate.java:145)
	at org.springframework.test.context.support.DefaultTestContext.getApplicationContext(DefaultTestContext.java:130)
	at org.springframework.boot.test.mock.mockito.MockitoTestExecutionListener.postProcessFields(MockitoTestExecutionListener.java:122)
	at org.springframework.boot.test.mock.mockito.MockitoTestExecutionListener.injectFields(MockitoTestExecutionListener.java:106)
	at org.springframework.boot.test.mock.mockito.MockitoTestExecutionListener.prepareTestInstance(MockitoTestExecutionListener.java:63)
	at org.springframework.test.context.TestContextManager.prepareTestInstance(TestContextManager.java:260)
	at org.springframework.test.context.junit.jupiter.SpringExtension.postProcessTestInstance(SpringExtension.java:163)
	at org.junit.jupiter.engine.descriptor.ClassBasedTestDescriptor.lambda$invokeTestInstancePostProcessors$10(ClassBasedTestDescriptor.java:378)
	at org.junit.jupiter.engine.descriptor.ClassBasedTestDescriptor.executeAndMaskThrowable(ClassBasedTestDescriptor.java:383)
	at org.junit.jupiter.engine.descriptor.ClassBasedTestDescriptor.lambda$invokeTestInstancePostProcessors$11(ClassBasedTestDescriptor.java:378)
	at java.base/java.util.stream.ReferencePipeline$3$1.accept(ReferencePipeline.java:197)
	at java.base/java.util.stream.ReferencePipeline$2$1.accept(ReferencePipeline.java:179)
	at java.base/java.util.ArrayList$ArrayListSpliterator.forEachRemaining(ArrayList.java:1625)
	at java.base/java.util.stream.AbstractPipeline.copyInto(AbstractPipeline.java:509)
	at java.base/java.util.stream.AbstractPipeline.wrapAndCopyInto(AbstractPipeline.java:499)
	at java.base/java.util.stream.StreamSpliterators$WrappingSpliterator.forEachRemaining(StreamSpliterators.java:310)
	at java.base/java.util.stream.Streams$ConcatSpliterator.forEachRemaining(Streams.java:735)
	at java.base/java.util.stream.Streams$ConcatSpliterator.forEachRemaining(Streams.java:734)
	at java.base/java.util.stream.ReferencePipeline$Head.forEach(ReferencePipeline.java:762)
	at org.junit.jupiter.engine.descriptor.ClassBasedTestDescriptor.invokeTestInstancePostProcessors(ClassBasedTestDescriptor.java:377)
	at org.junit.jupiter.engine.descriptor.ClassBasedTestDescriptor.lambda$instantiateAndPostProcessTestInstance$6(ClassBasedTestDescriptor.java:290)
	at org.junit.platform.engine.support.hierarchical.ThrowableCollector.execute(ThrowableCollector.java:73)
	at org.junit.jupiter.engine.descriptor.ClassBasedTestDescriptor.instantiateAndPostProcessTestInstance(ClassBasedTestDescriptor.java:289)
	at org.junit.jupiter.engine.descriptor.ClassBasedTestDescriptor.lambda$testInstancesProvider$4(ClassBasedTestDescriptor.java:279)
	at java.base/java.util.Optional.orElseGet(Optional.java:364)
	at org.junit.jupiter.engine.descriptor.ClassBasedTestDescriptor.lambda$testInstancesProvider$5(ClassBasedTestDescriptor.java:278)
	at org.junit.jupiter.engine.execution.TestInstancesProvider.getTestInstances(TestInstancesProvider.java:31)
	at org.junit.jupiter.engine.descriptor.TestMethodTestDescriptor.lambda$prepare$0(TestMethodTestDescriptor.java:106)
	at org.junit.platform.engine.support.hierarchical.ThrowableCollector.execute(ThrowableCollector.java:73)
	at org.junit.jupiter.engine.descriptor.TestMethodTestDescriptor.prepare(TestMethodTestDescriptor.java:105)
	at org.junit.jupiter.engine.descriptor.TestMethodTestDescriptor.prepare(TestMethodTestDescriptor.java:69)
	at org.junit.platform.engine.support.hierarchical.NodeTestTask.lambda$prepare$2(NodeTestTask.java:123)
	at org.junit.platform.engine.support.hierarchical.ThrowableCollector.execute(ThrowableCollector.java:73)
	at org.junit.platform.engine.support.hierarchical.NodeTestTask.prepare(NodeTestTask.java:123)
	at org.junit.platform.engine.support.hierarchical.NodeTestTask.execute(NodeTestTask.java:90)
	at java.base/java.util.ArrayList.forEach(ArrayList.java:1511)
	at org.junit.platform.engine.support.hierarchical.SameThreadHierarchicalTestExecutorService.invokeAll(SameThreadHierarchicalTestExecutorService.java:41)
	at org.junit.platform.engine.support.hierarchical.NodeTestTask.lambda$executeRecursively$6(NodeTestTask.java:155)
	at org.junit.platform.engine.support.hierarchical.ThrowableCollector.execute(ThrowableCollector.java:73)
	at org.junit.platform.engine.support.hierarchical.NodeTestTask.lambda$executeRecursively$8(NodeTestTask.java:141)
	at org.junit.platform.engine.support.hierarchical.Node.around(Node.java:137)
	at org.junit.platform.engine.support.hierarchical.NodeTestTask.lambda$executeRecursively$9(NodeTestTask.java:139)
	at org.junit.platform.engine.support.hierarchical.ThrowableCollector.execute(ThrowableCollector.java:73)
	at org.junit.platform.engine.support.hierarchical.NodeTestTask.executeRecursively(NodeTestTask.java:138)
	at org.junit.platform.engine.support.hierarchical.NodeTestTask.execute(NodeTestTask.java:95)
	at java.base/java.util.ArrayList.forEach(ArrayList.java:1511)
	at org.junit.platform.engine.support.hierarchical.SameThreadHierarchicalTestExecutorService.invokeAll(SameThreadHierarchicalTestExecutorService.java:41)
	at org.junit.platform.engine.support.hierarchical.NodeTestTask.lambda$executeRecursively$6(NodeTestTask.java:155)
	at org.junit.platform.engine.support.hierarchical.ThrowableCollector.execute(ThrowableCollector.java:73)
	at org.junit.platform.engine.support.hierarchical.NodeTestTask.lambda$executeRecursively$8(NodeTestTask.java:141)
	at org.junit.platform.engine.support.hierarchical.Node.around(Node.java:137)
	at org.junit.platform.engine.support.hierarchical.NodeTestTask.lambda$executeRecursively$9(NodeTestTask.java:139)
	at org.junit.platform.engine.support.hierarchical.ThrowableCollector.execute(ThrowableCollector.java:73)
	at org.junit.platform.engine.support.hierarchical.NodeTestTask.executeRecursively(NodeTestTask.java:138)
	at org.junit.platform.engine.support.hierarchical.NodeTestTask.execute(NodeTestTask.java:95)
	at org.junit.platform.engine.support.hierarchical.SameThreadHierarchicalTestExecutorService.submit(SameThreadHierarchicalTestExecutorService.java:35)
	at org.junit.platform.engine.support.hierarchical.HierarchicalTestExecutor.execute(HierarchicalTestExecutor.java:57)
	at org.junit.platform.engine.support.hierarchical.HierarchicalTestEngine.execute(HierarchicalTestEngine.java:54)
	at org.junit.platform.launcher.core.EngineExecutionOrchestrator.execute(EngineExecutionOrchestrator.java:198)
	at org.junit.platform.launcher.core.EngineExecutionOrchestrator.execute(EngineExecutionOrchestrator.java:169)
	at org.junit.platform.launcher.core.EngineExecutionOrchestrator.execute(EngineExecutionOrchestrator.java:93)
	at org.junit.platform.launcher.core.EngineExecutionOrchestrator.lambda$execute$0(EngineExecutionOrchestrator.java:58)
	at org.junit.platform.launcher.core.EngineExecutionOrchestrator.withInterceptedStreams(EngineExecutionOrchestrator.java:141)
	at org.junit.platform.launcher.core.EngineExecutionOrchestrator.execute(EngineExecutionOrchestrator.java:57)
	at org.junit.platform.launcher.core.DefaultLauncher.execute(DefaultLauncher.java:103)
	at org.junit.platform.launcher.core.DefaultLauncher.execute(DefaultLauncher.java:85)
	at org.junit.platform.launcher.core.DelegatingLauncher.execute(DelegatingLauncher.java:47)
	at org.apache.maven.surefire.junitplatform.LazyLauncher.execute(LazyLauncher.java:56)
	at org.apache.maven.surefire.junitplatform.JUnitPlatformProvider.execute(JUnitPlatformProvider.java:184)
	at org.apache.maven.surefire.junitplatform.JUnitPlatformProvider.invokeAllTests(JUnitPlatformProvider.java:148)
	at org.apache.maven.surefire.junitplatform.JUnitPlatformProvider.invoke(JUnitPlatformProvider.java:122)
	at org.apache.maven.surefire.booter.ForkedBooter.runSuitesInProcess(ForkedBooter.java:385)
	at org.apache.maven.surefire.booter.ForkedBooter.execute(ForkedBooter.java:162)
	at org.apache.maven.surefire.booter.ForkedBooter.run(ForkedBooter.java:507)
	at org.apache.maven.surefire.booter.ForkedBooter.main(ForkedBooter.java:495)
2026-05-02 15:38:03.420 [main] WARN  o.s.test.context.TestContextManager - Caught exception while allowing TestExecutionListener [org.springframework.boot.test.mock.mockito.MockitoTestExecutionListener] to prepare test instance [com.capg.pharma.catalogservice.exception.GlobalExceptionHandlerTest@7b01f056]
java.lang.IllegalStateException: ApplicationContext failure threshold (1) exceeded: skipping repeated attempt to load context for [WebMergedContextConfiguration@73daf6a6 testClass = com.capg.pharma.catalogservice.exception.GlobalExceptionHandlerTest, locations = [], classes = [com.capg.pharma.catalogservice.CatalogServiceApplication], contextInitializerClasses = [], activeProfiles = [], propertySourceDescriptors = [], propertySourceProperties = ["org.springframework.boot.test.autoconfigure.web.servlet.WebMvcTestContextBootstrapper=true"], contextCustomizers = [[ImportsContextCustomizer@59ea2a36 key = [org.springframework.boot.autoconfigure.task.TaskExecutionAutoConfiguration, org.springframework.boot.autoconfigure.cache.CacheAutoConfiguration, org.springframework.boot.autoconfigure.web.servlet.HttpEncodingAutoConfiguration, org.springframework.boot.autoconfigure.validation.ValidationAutoConfiguration, org.springframework.boot.autoconfigure.context.MessageSourceAutoConfiguration, org.springframework.boot.autoconfigure.hateoas.HypermediaAutoConfiguration, org.springframework.boot.autoconfigure.data.web.SpringDataWebAutoConfiguration, org.springframework.boot.autoconfigure.jackson.JacksonAutoConfiguration, org.springframework.boot.test.autoconfigure.web.reactive.WebTestClientAutoConfiguration, org.springframework.boot.autoconfigure.web.servlet.error.ErrorMvcAutoConfiguration, org.springframework.boot.test.autoconfigure.web.servlet.MockMvcAutoConfiguration, org.springframework.boot.autoconfigure.http.HttpMessageConvertersAutoConfiguration, com.capg.pharma.catalogservice.config.TestSecurityConfig, org.springframework.boot.autoconfigure.security.oauth2.client.servlet.OAuth2ClientAutoConfiguration, org.springframework.boot.test.autoconfigure.web.servlet.MockMvcSecurityConfiguration, org.springframework.boot.test.autoconfigure.web.servlet.MockMvcWebClientAutoConfiguration, org.springframework.boot.test.autoconfigure.web.servlet.MockMvcWebDriverAutoConfiguration, org.springframework.boot.autoconfigure.thymeleaf.ThymeleafAutoConfiguration, org.springframework.boot.autoconfigure.gson.GsonAutoConfiguration, org.springframework.boot.autoconfigure.jsonb.JsonbAutoConfiguration, org.springframework.boot.autoconfigure.freemarker.FreeMarkerAutoConfiguration, org.springframework.boot.autoconfigure.web.servlet.WebMvcAutoConfiguration, org.springframework.boot.autoconfigure.security.servlet.UserDetailsServiceAutoConfiguration, org.springframework.boot.autoconfigure.security.oauth2.resource.servlet.OAuth2ResourceServerAutoConfiguration, org.springframework.boot.autoconfigure.groovy.template.GroovyTemplateAutoConfiguration, org.springframework.boot.autoconfigure.mustache.MustacheAutoConfiguration]], org.springframework.boot.test.context.filter.ExcludeFilterContextCustomizer@5ce4369b, org.springframework.boot.test.json.DuplicateJsonObjectContextCustomizerFactory$DuplicateJsonObjectContextCustomizer@1931d99, org.springframework.boot.test.mock.mockito.MockitoContextCustomizer@c44fee51, org.springframework.boot.test.autoconfigure.OverrideAutoConfigurationContextCustomizerFactory$DisableAutoConfigurationContextCustomizer@4e61e4c2, org.springframework.boot.test.autoconfigure.actuate.observability.ObservabilityContextCustomizerFactory$DisableObservabilityContextCustomizer@1f, org.springframework.boot.test.autoconfigure.filter.TypeExcludeFiltersContextCustomizer@fab90c48, org.springframework.boot.test.autoconfigure.properties.PropertyMappingContextCustomizer@3cb2812e, org.springframework.boot.test.autoconfigure.web.servlet.WebDriverContextCustomizer@68c87fc3, org.springframework.boot.test.context.SpringBootTestAnnotation@9c157952], resourceBasePath = "src/main/webapp", contextLoader = org.springframework.boot.test.context.SpringBootContextLoader, parent = null]
	at org.springframework.test.context.cache.DefaultCacheAwareContextLoaderDelegate.loadContext(DefaultCacheAwareContextLoaderDelegate.java:145)
	at org.springframework.test.context.support.DefaultTestContext.getApplicationContext(DefaultTestContext.java:130)
	at org.springframework.boot.test.mock.mockito.MockitoTestExecutionListener.postProcessFields(MockitoTestExecutionListener.java:122)
	at org.springframework.boot.test.mock.mockito.MockitoTestExecutionListener.injectFields(MockitoTestExecutionListener.java:106)
	at org.springframework.boot.test.mock.mockito.MockitoTestExecutionListener.prepareTestInstance(MockitoTestExecutionListener.java:63)
	at org.springframework.test.context.TestContextManager.prepareTestInstance(TestContextManager.java:260)
	at org.springframework.test.context.junit.jupiter.SpringExtension.postProcessTestInstance(SpringExtension.java:163)
	at org.junit.jupiter.engine.descriptor.ClassBasedTestDescriptor.lambda$invokeTestInstancePostProcessors$10(ClassBasedTestDescriptor.java:378)
	at org.junit.jupiter.engine.descriptor.ClassBasedTestDescriptor.executeAndMaskThrowable(ClassBasedTestDescriptor.java:383)
	at org.junit.jupiter.engine.descriptor.ClassBasedTestDescriptor.lambda$invokeTestInstancePostProcessors$11(ClassBasedTestDescriptor.java:378)
	at java.base/java.util.stream.ReferencePipeline$3$1.accept(ReferencePipeline.java:197)
	at java.base/java.util.stream.ReferencePipeline$2$1.accept(ReferencePipeline.java:179)
	at java.base/java.util.ArrayList$ArrayListSpliterator.forEachRemaining(ArrayList.java:1625)
	at java.base/java.util.stream.AbstractPipeline.copyInto(AbstractPipeline.java:509)
	at java.base/java.util.stream.AbstractPipeline.wrapAndCopyInto(AbstractPipeline.java:499)
	at java.base/java.util.stream.StreamSpliterators$WrappingSpliterator.forEachRemaining(StreamSpliterators.java:310)
	at java.base/java.util.stream.Streams$ConcatSpliterator.forEachRemaining(Streams.java:735)
	at java.base/java.util.stream.Streams$ConcatSpliterator.forEachRemaining(Streams.java:734)
	at java.base/java.util.stream.ReferencePipeline$Head.forEach(ReferencePipeline.java:762)
	at org.junit.jupiter.engine.descriptor.ClassBasedTestDescriptor.invokeTestInstancePostProcessors(ClassBasedTestDescriptor.java:377)
	at org.junit.jupiter.engine.descriptor.ClassBasedTestDescriptor.lambda$instantiateAndPostProcessTestInstance$6(ClassBasedTestDescriptor.java:290)
	at org.junit.platform.engine.support.hierarchical.ThrowableCollector.execute(ThrowableCollector.java:73)
	at org.junit.jupiter.engine.descriptor.ClassBasedTestDescriptor.instantiateAndPostProcessTestInstance(ClassBasedTestDescriptor.java:289)
	at org.junit.jupiter.engine.descriptor.ClassBasedTestDescriptor.lambda$testInstancesProvider$4(ClassBasedTestDescriptor.java:279)
	at java.base/java.util.Optional.orElseGet(Optional.java:364)
	at org.junit.jupiter.engine.descriptor.ClassBasedTestDescriptor.lambda$testInstancesProvider$5(ClassBasedTestDescriptor.java:278)
	at org.junit.jupiter.engine.execution.TestInstancesProvider.getTestInstances(TestInstancesProvider.java:31)
	at org.junit.jupiter.engine.descriptor.TestMethodTestDescriptor.lambda$prepare$0(TestMethodTestDescriptor.java:106)
	at org.junit.platform.engine.support.hierarchical.ThrowableCollector.execute(ThrowableCollector.java:73)
	at org.junit.jupiter.engine.descriptor.TestMethodTestDescriptor.prepare(TestMethodTestDescriptor.java:105)
	at org.junit.jupiter.engine.descriptor.TestMethodTestDescriptor.prepare(TestMethodTestDescriptor.java:69)
	at org.junit.platform.engine.support.hierarchical.NodeTestTask.lambda$prepare$2(NodeTestTask.java:123)
	at org.junit.platform.engine.support.hierarchical.ThrowableCollector.execute(ThrowableCollector.java:73)
	at org.junit.platform.engine.support.hierarchical.NodeTestTask.prepare(NodeTestTask.java:123)
	at org.junit.platform.engine.support.hierarchical.NodeTestTask.execute(NodeTestTask.java:90)
	at java.base/java.util.ArrayList.forEach(ArrayList.java:1511)
	at org.junit.platform.engine.support.hierarchical.SameThreadHierarchicalTestExecutorService.invokeAll(SameThreadHierarchicalTestExecutorService.java:41)
	at org.junit.platform.engine.support.hierarchical.NodeTestTask.lambda$executeRecursively$6(NodeTestTask.java:155)
	at org.junit.platform.engine.support.hierarchical.ThrowableCollector.execute(ThrowableCollector.java:73)
	at org.junit.platform.engine.support.hierarchical.NodeTestTask.lambda$executeRecursively$8(NodeTestTask.java:141)
	at org.junit.platform.engine.support.hierarchical.Node.around(Node.java:137)
	at org.junit.platform.engine.support.hierarchical.NodeTestTask.lambda$executeRecursively$9(NodeTestTask.java:139)
	at org.junit.platform.engine.support.hierarchical.ThrowableCollector.execute(ThrowableCollector.java:73)
	at org.junit.platform.engine.support.hierarchical.NodeTestTask.executeRecursively(NodeTestTask.java:138)
	at org.junit.platform.engine.support.hierarchical.NodeTestTask.execute(NodeTestTask.java:95)
	at java.base/java.util.ArrayList.forEach(ArrayList.java:1511)
	at org.junit.platform.engine.support.hierarchical.SameThreadHierarchicalTestExecutorService.invokeAll(SameThreadHierarchicalTestExecutorService.java:41)
	at org.junit.platform.engine.support.hierarchical.NodeTestTask.lambda$executeRecursively$6(NodeTestTask.java:155)
	at org.junit.platform.engine.support.hierarchical.ThrowableCollector.execute(ThrowableCollector.java:73)
	at org.junit.platform.engine.support.hierarchical.NodeTestTask.lambda$executeRecursively$8(NodeTestTask.java:141)
	at org.junit.platform.engine.support.hierarchical.Node.around(Node.java:137)
	at org.junit.platform.engine.support.hierarchical.NodeTestTask.lambda$executeRecursively$9(NodeTestTask.java:139)
	at org.junit.platform.engine.support.hierarchical.ThrowableCollector.execute(ThrowableCollector.java:73)
	at org.junit.platform.engine.support.hierarchical.NodeTestTask.executeRecursively(NodeTestTask.java:138)
	at org.junit.platform.engine.support.hierarchical.NodeTestTask.execute(NodeTestTask.java:95)
	at org.junit.platform.engine.support.hierarchical.SameThreadHierarchicalTestExecutorService.submit(SameThreadHierarchicalTestExecutorService.java:35)
	at org.junit.platform.engine.support.hierarchical.HierarchicalTestExecutor.execute(HierarchicalTestExecutor.java:57)
	at org.junit.platform.engine.support.hierarchical.HierarchicalTestEngine.execute(HierarchicalTestEngine.java:54)
	at org.junit.platform.launcher.core.EngineExecutionOrchestrator.execute(EngineExecutionOrchestrator.java:198)
	at org.junit.platform.launcher.core.EngineExecutionOrchestrator.execute(EngineExecutionOrchestrator.java:169)
	at org.junit.platform.launcher.core.EngineExecutionOrchestrator.execute(EngineExecutionOrchestrator.java:93)
	at org.junit.platform.launcher.core.EngineExecutionOrchestrator.lambda$execute$0(EngineExecutionOrchestrator.java:58)
	at org.junit.platform.launcher.core.EngineExecutionOrchestrator.withInterceptedStreams(EngineExecutionOrchestrator.java:141)
	at org.junit.platform.launcher.core.EngineExecutionOrchestrator.execute(EngineExecutionOrchestrator.java:57)
	at org.junit.platform.launcher.core.DefaultLauncher.execute(DefaultLauncher.java:103)
	at org.junit.platform.launcher.core.DefaultLauncher.execute(DefaultLauncher.java:85)
	at org.junit.platform.launcher.core.DelegatingLauncher.execute(DelegatingLauncher.java:47)
	at org.apache.maven.surefire.junitplatform.LazyLauncher.execute(LazyLauncher.java:56)
	at org.apache.maven.surefire.junitplatform.JUnitPlatformProvider.execute(JUnitPlatformProvider.java:184)
	at org.apache.maven.surefire.junitplatform.JUnitPlatformProvider.invokeAllTests(JUnitPlatformProvider.java:148)
	at org.apache.maven.surefire.junitplatform.JUnitPlatformProvider.invoke(JUnitPlatformProvider.java:122)
	at org.apache.maven.surefire.booter.ForkedBooter.runSuitesInProcess(ForkedBooter.java:385)
	at org.apache.maven.surefire.booter.ForkedBooter.execute(ForkedBooter.java:162)
	at org.apache.maven.surefire.booter.ForkedBooter.run(ForkedBooter.java:507)
	at org.apache.maven.surefire.booter.ForkedBooter.main(ForkedBooter.java:495)
2026-05-02 15:38:03.424 [main] WARN  o.s.test.context.TestContextManager - Caught exception while allowing TestExecutionListener [org.springframework.boot.test.mock.mockito.MockitoTestExecutionListener] to prepare test instance [com.capg.pharma.catalogservice.exception.GlobalExceptionHandlerTest@7b14e7dc]
java.lang.IllegalStateException: ApplicationContext failure threshold (1) exceeded: skipping repeated attempt to load context for [WebMergedContextConfiguration@73daf6a6 testClass = com.capg.pharma.catalogservice.exception.GlobalExceptionHandlerTest, locations = [], classes = [com.capg.pharma.catalogservice.CatalogServiceApplication], contextInitializerClasses = [], activeProfiles = [], propertySourceDescriptors = [], propertySourceProperties = ["org.springframework.boot.test.autoconfigure.web.servlet.WebMvcTestContextBootstrapper=true"], contextCustomizers = [[ImportsContextCustomizer@59ea2a36 key = [org.springframework.boot.autoconfigure.task.TaskExecutionAutoConfiguration, org.springframework.boot.autoconfigure.cache.CacheAutoConfiguration, org.springframework.boot.autoconfigure.web.servlet.HttpEncodingAutoConfiguration, org.springframework.boot.autoconfigure.validation.ValidationAutoConfiguration, org.springframework.boot.autoconfigure.context.MessageSourceAutoConfiguration, org.springframework.boot.autoconfigure.hateoas.HypermediaAutoConfiguration, org.springframework.boot.autoconfigure.data.web.SpringDataWebAutoConfiguration, org.springframework.boot.autoconfigure.jackson.JacksonAutoConfiguration, org.springframework.boot.test.autoconfigure.web.reactive.WebTestClientAutoConfiguration, org.springframework.boot.autoconfigure.web.servlet.error.ErrorMvcAutoConfiguration, org.springframework.boot.test.autoconfigure.web.servlet.MockMvcAutoConfiguration, org.springframework.boot.autoconfigure.http.HttpMessageConvertersAutoConfiguration, com.capg.pharma.catalogservice.config.TestSecurityConfig, org.springframework.boot.autoconfigure.security.oauth2.client.servlet.OAuth2ClientAutoConfiguration, org.springframework.boot.test.autoconfigure.web.servlet.MockMvcSecurityConfiguration, org.springframework.boot.test.autoconfigure.web.servlet.MockMvcWebClientAutoConfiguration, org.springframework.boot.test.autoconfigure.web.servlet.MockMvcWebDriverAutoConfiguration, org.springframework.boot.autoconfigure.thymeleaf.ThymeleafAutoConfiguration, org.springframework.boot.autoconfigure.gson.GsonAutoConfiguration, org.springframework.boot.autoconfigure.jsonb.JsonbAutoConfiguration, org.springframework.boot.autoconfigure.freemarker.FreeMarkerAutoConfiguration, org.springframework.boot.autoconfigure.web.servlet.WebMvcAutoConfiguration, org.springframework.boot.autoconfigure.security.servlet.UserDetailsServiceAutoConfiguration, org.springframework.boot.autoconfigure.security.oauth2.resource.servlet.OAuth2ResourceServerAutoConfiguration, org.springframework.boot.autoconfigure.groovy.template.GroovyTemplateAutoConfiguration, org.springframework.boot.autoconfigure.mustache.MustacheAutoConfiguration]], org.springframework.boot.test.context.filter.ExcludeFilterContextCustomizer@5ce4369b, org.springframework.boot.test.json.DuplicateJsonObjectContextCustomizerFactory$DuplicateJsonObjectContextCustomizer@1931d99, org.springframework.boot.test.mock.mockito.MockitoContextCustomizer@c44fee51, org.springframework.boot.test.autoconfigure.OverrideAutoConfigurationContextCustomizerFactory$DisableAutoConfigurationContextCustomizer@4e61e4c2, org.springframework.boot.test.autoconfigure.actuate.observability.ObservabilityContextCustomizerFactory$DisableObservabilityContextCustomizer@1f, org.springframework.boot.test.autoconfigure.filter.TypeExcludeFiltersContextCustomizer@fab90c48, org.springframework.boot.test.autoconfigure.properties.PropertyMappingContextCustomizer@3cb2812e, org.springframework.boot.test.autoconfigure.web.servlet.WebDriverContextCustomizer@68c87fc3, org.springframework.boot.test.context.SpringBootTestAnnotation@9c157952], resourceBasePath = "src/main/webapp", contextLoader = org.springframework.boot.test.context.SpringBootContextLoader, parent = null]
	at org.springframework.test.context.cache.DefaultCacheAwareContextLoaderDelegate.loadContext(DefaultCacheAwareContextLoaderDelegate.java:145)
	at org.springframework.test.context.support.DefaultTestContext.getApplicationContext(DefaultTestContext.java:130)
	at org.springframework.boot.test.mock.mockito.MockitoTestExecutionListener.postProcessFields(MockitoTestExecutionListener.java:122)
	at org.springframework.boot.test.mock.mockito.MockitoTestExecutionListener.injectFields(MockitoTestExecutionListener.java:106)
	at org.springframework.boot.test.mock.mockito.MockitoTestExecutionListener.prepareTestInstance(MockitoTestExecutionListener.java:63)
	at org.springframework.test.context.TestContextManager.prepareTestInstance(TestContextManager.java:260)
	at org.springframework.test.context.junit.jupiter.SpringExtension.postProcessTestInstance(SpringExtension.java:163)
	at org.junit.jupiter.engine.descriptor.ClassBasedTestDescriptor.lambda$invokeTestInstancePostProcessors$10(ClassBasedTestDescriptor.java:378)
	at org.junit.jupiter.engine.descriptor.ClassBasedTestDescriptor.executeAndMaskThrowable(ClassBasedTestDescriptor.java:383)
	at org.junit.jupiter.engine.descriptor.ClassBasedTestDescriptor.lambda$invokeTestInstancePostProcessors$11(ClassBasedTestDescriptor.java:378)
	at java.base/java.util.stream.ReferencePipeline$3$1.accept(ReferencePipeline.java:197)
	at java.base/java.util.stream.ReferencePipeline$2$1.accept(ReferencePipeline.java:179)
	at java.base/java.util.ArrayList$ArrayListSpliterator.forEachRemaining(ArrayList.java:1625)
	at java.base/java.util.stream.AbstractPipeline.copyInto(AbstractPipeline.java:509)
	at java.base/java.util.stream.AbstractPipeline.wrapAndCopyInto(AbstractPipeline.java:499)
	at java.base/java.util.stream.StreamSpliterators$WrappingSpliterator.forEachRemaining(StreamSpliterators.java:310)
	at java.base/java.util.stream.Streams$ConcatSpliterator.forEachRemaining(Streams.java:735)
	at java.base/java.util.stream.Streams$ConcatSpliterator.forEachRemaining(Streams.java:734)
	at java.base/java.util.stream.ReferencePipeline$Head.forEach(ReferencePipeline.java:762)
	at org.junit.jupiter.engine.descriptor.ClassBasedTestDescriptor.invokeTestInstancePostProcessors(ClassBasedTestDescriptor.java:377)
	at org.junit.jupiter.engine.descriptor.ClassBasedTestDescriptor.lambda$instantiateAndPostProcessTestInstance$6(ClassBasedTestDescriptor.java:290)
	at org.junit.platform.engine.support.hierarchical.ThrowableCollector.execute(ThrowableCollector.java:73)
	at org.junit.jupiter.engine.descriptor.ClassBasedTestDescriptor.instantiateAndPostProcessTestInstance(ClassBasedTestDescriptor.java:289)
	at org.junit.jupiter.engine.descriptor.ClassBasedTestDescriptor.lambda$testInstancesProvider$4(ClassBasedTestDescriptor.java:279)
	at java.base/java.util.Optional.orElseGet(Optional.java:364)
	at org.junit.jupiter.engine.descriptor.ClassBasedTestDescriptor.lambda$testInstancesProvider$5(ClassBasedTestDescriptor.java:278)
	at org.junit.jupiter.engine.execution.TestInstancesProvider.getTestInstances(TestInstancesProvider.java:31)
	at org.junit.jupiter.engine.descriptor.TestMethodTestDescriptor.lambda$prepare$0(TestMethodTestDescriptor.java:106)
	at org.junit.platform.engine.support.hierarchical.ThrowableCollector.execute(ThrowableCollector.java:73)
	at org.junit.jupiter.engine.descriptor.TestMethodTestDescriptor.prepare(TestMethodTestDescriptor.java:105)
	at org.junit.jupiter.engine.descriptor.TestMethodTestDescriptor.prepare(TestMethodTestDescriptor.java:69)
	at org.junit.platform.engine.support.hierarchical.NodeTestTask.lambda$prepare$2(NodeTestTask.java:123)
	at org.junit.platform.engine.support.hierarchical.ThrowableCollector.execute(ThrowableCollector.java:73)
	at org.junit.platform.engine.support.hierarchical.NodeTestTask.prepare(NodeTestTask.java:123)
	at org.junit.platform.engine.support.hierarchical.NodeTestTask.execute(NodeTestTask.java:90)
	at java.base/java.util.ArrayList.forEach(ArrayList.java:1511)
	at org.junit.platform.engine.support.hierarchical.SameThreadHierarchicalTestExecutorService.invokeAll(SameThreadHierarchicalTestExecutorService.java:41)
	at org.junit.platform.engine.support.hierarchical.NodeTestTask.lambda$executeRecursively$6(NodeTestTask.java:155)
	at org.junit.platform.engine.support.hierarchical.ThrowableCollector.execute(ThrowableCollector.java:73)
	at org.junit.platform.engine.support.hierarchical.NodeTestTask.lambda$executeRecursively$8(NodeTestTask.java:141)
	at org.junit.platform.engine.support.hierarchical.Node.around(Node.java:137)
	at org.junit.platform.engine.support.hierarchical.NodeTestTask.lambda$executeRecursively$9(NodeTestTask.java:139)
	at org.junit.platform.engine.support.hierarchical.ThrowableCollector.execute(ThrowableCollector.java:73)
	at org.junit.platform.engine.support.hierarchical.NodeTestTask.executeRecursively(NodeTestTask.java:138)
	at org.junit.platform.engine.support.hierarchical.NodeTestTask.execute(NodeTestTask.java:95)
	at java.base/java.util.ArrayList.forEach(ArrayList.java:1511)
	at org.junit.platform.engine.support.hierarchical.SameThreadHierarchicalTestExecutorService.invokeAll(SameThreadHierarchicalTestExecutorService.java:41)
	at org.junit.platform.engine.support.hierarchical.NodeTestTask.lambda$executeRecursively$6(NodeTestTask.java:155)
	at org.junit.platform.engine.support.hierarchical.ThrowableCollector.execute(ThrowableCollector.java:73)
	at org.junit.platform.engine.support.hierarchical.NodeTestTask.lambda$executeRecursively$8(NodeTestTask.java:141)
	at org.junit.platform.engine.support.hierarchical.Node.around(Node.java:137)
	at org.junit.platform.engine.support.hierarchical.NodeTestTask.lambda$executeRecursively$9(NodeTestTask.java:139)
	at org.junit.platform.engine.support.hierarchical.ThrowableCollector.execute(ThrowableCollector.java:73)
	at org.junit.platform.engine.support.hierarchical.NodeTestTask.executeRecursively(NodeTestTask.java:138)
	at org.junit.platform.engine.support.hierarchical.NodeTestTask.execute(NodeTestTask.java:95)
	at org.junit.platform.engine.support.hierarchical.SameThreadHierarchicalTestExecutorService.submit(SameThreadHierarchicalTestExecutorService.java:35)
	at org.junit.platform.engine.support.hierarchical.HierarchicalTestExecutor.execute(HierarchicalTestExecutor.java:57)
	at org.junit.platform.engine.support.hierarchical.HierarchicalTestEngine.execute(HierarchicalTestEngine.java:54)
	at org.junit.platform.launcher.core.EngineExecutionOrchestrator.execute(EngineExecutionOrchestrator.java:198)
	at org.junit.platform.launcher.core.EngineExecutionOrchestrator.execute(EngineExecutionOrchestrator.java:169)
	at org.junit.platform.launcher.core.EngineExecutionOrchestrator.execute(EngineExecutionOrchestrator.java:93)
	at org.junit.platform.launcher.core.EngineExecutionOrchestrator.lambda$execute$0(EngineExecutionOrchestrator.java:58)
	at org.junit.platform.launcher.core.EngineExecutionOrchestrator.withInterceptedStreams(EngineExecutionOrchestrator.java:141)
	at org.junit.platform.launcher.core.EngineExecutionOrchestrator.execute(EngineExecutionOrchestrator.java:57)
	at org.junit.platform.launcher.core.DefaultLauncher.execute(DefaultLauncher.java:103)
	at org.junit.platform.launcher.core.DefaultLauncher.execute(DefaultLauncher.java:85)
	at org.junit.platform.launcher.core.DelegatingLauncher.execute(DelegatingLauncher.java:47)
	at org.apache.maven.surefire.junitplatform.LazyLauncher.execute(LazyLauncher.java:56)
	at org.apache.maven.surefire.junitplatform.JUnitPlatformProvider.execute(JUnitPlatformProvider.java:184)
	at org.apache.maven.surefire.junitplatform.JUnitPlatformProvider.invokeAllTests(JUnitPlatformProvider.java:148)
	at org.apache.maven.surefire.junitplatform.JUnitPlatformProvider.invoke(JUnitPlatformProvider.java:122)
	at org.apache.maven.surefire.booter.ForkedBooter.runSuitesInProcess(ForkedBooter.java:385)
	at org.apache.maven.surefire.booter.ForkedBooter.execute(ForkedBooter.java:162)
	at org.apache.maven.surefire.booter.ForkedBooter.run(ForkedBooter.java:507)
	at org.apache.maven.surefire.booter.ForkedBooter.main(ForkedBooter.java:495)
2026-05-02 15:38:03.429 [main] WARN  o.s.test.context.TestContextManager - Caught exception while allowing TestExecutionListener [org.springframework.boot.test.mock.mockito.MockitoTestExecutionListener] to prepare test instance [com.capg.pharma.catalogservice.exception.GlobalExceptionHandlerTest@464d25b2]
java.lang.IllegalStateException: ApplicationContext failure threshold (1) exceeded: skipping repeated attempt to load context for [WebMergedContextConfiguration@73daf6a6 testClass = com.capg.pharma.catalogservice.exception.GlobalExceptionHandlerTest, locations = [], classes = [com.capg.pharma.catalogservice.CatalogServiceApplication], contextInitializerClasses = [], activeProfiles = [], propertySourceDescriptors = [], propertySourceProperties = ["org.springframework.boot.test.autoconfigure.web.servlet.WebMvcTestContextBootstrapper=true"], contextCustomizers = [[ImportsContextCustomizer@59ea2a36 key = [org.springframework.boot.autoconfigure.task.TaskExecutionAutoConfiguration, org.springframework.boot.autoconfigure.cache.CacheAutoConfiguration, org.springframework.boot.autoconfigure.web.servlet.HttpEncodingAutoConfiguration, org.springframework.boot.autoconfigure.validation.ValidationAutoConfiguration, org.springframework.boot.autoconfigure.context.MessageSourceAutoConfiguration, org.springframework.boot.autoconfigure.hateoas.HypermediaAutoConfiguration, org.springframework.boot.autoconfigure.data.web.SpringDataWebAutoConfiguration, org.springframework.boot.autoconfigure.jackson.JacksonAutoConfiguration, org.springframework.boot.test.autoconfigure.web.reactive.WebTestClientAutoConfiguration, org.springframework.boot.autoconfigure.web.servlet.error.ErrorMvcAutoConfiguration, org.springframework.boot.test.autoconfigure.web.servlet.MockMvcAutoConfiguration, org.springframework.boot.autoconfigure.http.HttpMessageConvertersAutoConfiguration, com.capg.pharma.catalogservice.config.TestSecurityConfig, org.springframework.boot.autoconfigure.security.oauth2.client.servlet.OAuth2ClientAutoConfiguration, org.springframework.boot.test.autoconfigure.web.servlet.MockMvcSecurityConfiguration, org.springframework.boot.test.autoconfigure.web.servlet.MockMvcWebClientAutoConfiguration, org.springframework.boot.test.autoconfigure.web.servlet.MockMvcWebDriverAutoConfiguration, org.springframework.boot.autoconfigure.thymeleaf.ThymeleafAutoConfiguration, org.springframework.boot.autoconfigure.gson.GsonAutoConfiguration, org.springframework.boot.autoconfigure.jsonb.JsonbAutoConfiguration, org.springframework.boot.autoconfigure.freemarker.FreeMarkerAutoConfiguration, org.springframework.boot.autoconfigure.web.servlet.WebMvcAutoConfiguration, org.springframework.boot.autoconfigure.security.servlet.UserDetailsServiceAutoConfiguration, org.springframework.boot.autoconfigure.security.oauth2.resource.servlet.OAuth2ResourceServerAutoConfiguration, org.springframework.boot.autoconfigure.groovy.template.GroovyTemplateAutoConfiguration, org.springframework.boot.autoconfigure.mustache.MustacheAutoConfiguration]], org.springframework.boot.test.context.filter.ExcludeFilterContextCustomizer@5ce4369b, org.springframework.boot.test.json.DuplicateJsonObjectContextCustomizerFactory$DuplicateJsonObjectContextCustomizer@1931d99, org.springframework.boot.test.mock.mockito.MockitoContextCustomizer@c44fee51, org.springframework.boot.test.autoconfigure.OverrideAutoConfigurationContextCustomizerFactory$DisableAutoConfigurationContextCustomizer@4e61e4c2, org.springframework.boot.test.autoconfigure.actuate.observability.ObservabilityContextCustomizerFactory$DisableObservabilityContextCustomizer@1f, org.springframework.boot.test.autoconfigure.filter.TypeExcludeFiltersContextCustomizer@fab90c48, org.springframework.boot.test.autoconfigure.properties.PropertyMappingContextCustomizer@3cb2812e, org.springframework.boot.test.autoconfigure.web.servlet.WebDriverContextCustomizer@68c87fc3, org.springframework.boot.test.context.SpringBootTestAnnotation@9c157952], resourceBasePath = "src/main/webapp", contextLoader = org.springframework.boot.test.context.SpringBootContextLoader, parent = null]
	at org.springframework.test.context.cache.DefaultCacheAwareContextLoaderDelegate.loadContext(DefaultCacheAwareContextLoaderDelegate.java:145)
	at org.springframework.test.context.support.DefaultTestContext.getApplicationContext(DefaultTestContext.java:130)
	at org.springframework.boot.test.mock.mockito.MockitoTestExecutionListener.postProcessFields(MockitoTestExecutionListener.java:122)
	at org.springframework.boot.test.mock.mockito.MockitoTestExecutionListener.injectFields(MockitoTestExecutionListener.java:106)
	at org.springframework.boot.test.mock.mockito.MockitoTestExecutionListener.prepareTestInstance(MockitoTestExecutionListener.java:63)
	at org.springframework.test.context.TestContextManager.prepareTestInstance(TestContextManager.java:260)
	at org.springframework.test.context.junit.jupiter.SpringExtension.postProcessTestInstance(SpringExtension.java:163)
	at org.junit.jupiter.engine.descriptor.ClassBasedTestDescriptor.lambda$invokeTestInstancePostProcessors$10(ClassBasedTestDescriptor.java:378)
	at org.junit.jupiter.engine.descriptor.ClassBasedTestDescriptor.executeAndMaskThrowable(ClassBasedTestDescriptor.java:383)
	at org.junit.jupiter.engine.descriptor.ClassBasedTestDescriptor.lambda$invokeTestInstancePostProcessors$11(ClassBasedTestDescriptor.java:378)
	at java.base/java.util.stream.ReferencePipeline$3$1.accept(ReferencePipeline.java:197)
	at java.base/java.util.stream.ReferencePipeline$2$1.accept(ReferencePipeline.java:179)
	at java.base/java.util.ArrayList$ArrayListSpliterator.forEachRemaining(ArrayList.java:1625)
	at java.base/java.util.stream.AbstractPipeline.copyInto(AbstractPipeline.java:509)
	at java.base/java.util.stream.AbstractPipeline.wrapAndCopyInto(AbstractPipeline.java:499)
	at java.base/java.util.stream.StreamSpliterators$WrappingSpliterator.forEachRemaining(StreamSpliterators.java:310)
	at java.base/java.util.stream.Streams$ConcatSpliterator.forEachRemaining(Streams.java:735)
	at java.base/java.util.stream.Streams$ConcatSpliterator.forEachRemaining(Streams.java:734)
	at java.base/java.util.stream.ReferencePipeline$Head.forEach(ReferencePipeline.java:762)
	at org.junit.jupiter.engine.descriptor.ClassBasedTestDescriptor.invokeTestInstancePostProcessors(ClassBasedTestDescriptor.java:377)
	at org.junit.jupiter.engine.descriptor.ClassBasedTestDescriptor.lambda$instantiateAndPostProcessTestInstance$6(ClassBasedTestDescriptor.java:290)
	at org.junit.platform.engine.support.hierarchical.ThrowableCollector.execute(ThrowableCollector.java:73)
	at org.junit.jupiter.engine.descriptor.ClassBasedTestDescriptor.instantiateAndPostProcessTestInstance(ClassBasedTestDescriptor.java:289)
	at org.junit.jupiter.engine.descriptor.ClassBasedTestDescriptor.lambda$testInstancesProvider$4(ClassBasedTestDescriptor.java:279)
	at java.base/java.util.Optional.orElseGet(Optional.java:364)
	at org.junit.jupiter.engine.descriptor.ClassBasedTestDescriptor.lambda$testInstancesProvider$5(ClassBasedTestDescriptor.java:278)
	at org.junit.jupiter.engine.execution.TestInstancesProvider.getTestInstances(TestInstancesProvider.java:31)
	at org.junit.jupiter.engine.descriptor.TestMethodTestDescriptor.lambda$prepare$0(TestMethodTestDescriptor.java:106)
	at org.junit.platform.engine.support.hierarchical.ThrowableCollector.execute(ThrowableCollector.java:73)
	at org.junit.jupiter.engine.descriptor.TestMethodTestDescriptor.prepare(TestMethodTestDescriptor.java:105)
	at org.junit.jupiter.engine.descriptor.TestMethodTestDescriptor.prepare(TestMethodTestDescriptor.java:69)
	at org.junit.platform.engine.support.hierarchical.NodeTestTask.lambda$prepare$2(NodeTestTask.java:123)
	at org.junit.platform.engine.support.hierarchical.ThrowableCollector.execute(ThrowableCollector.java:73)
	at org.junit.platform.engine.support.hierarchical.NodeTestTask.prepare(NodeTestTask.java:123)
	at org.junit.platform.engine.support.hierarchical.NodeTestTask.execute(NodeTestTask.java:90)
	at java.base/java.util.ArrayList.forEach(ArrayList.java:1511)
	at org.junit.platform.engine.support.hierarchical.SameThreadHierarchicalTestExecutorService.invokeAll(SameThreadHierarchicalTestExecutorService.java:41)
	at org.junit.platform.engine.support.hierarchical.NodeTestTask.lambda$executeRecursively$6(NodeTestTask.java:155)
	at org.junit.platform.engine.support.hierarchical.ThrowableCollector.execute(ThrowableCollector.java:73)
	at org.junit.platform.engine.support.hierarchical.NodeTestTask.lambda$executeRecursively$8(NodeTestTask.java:141)
	at org.junit.platform.engine.support.hierarchical.Node.around(Node.java:137)
	at org.junit.platform.engine.support.hierarchical.NodeTestTask.lambda$executeRecursively$9(NodeTestTask.java:139)
	at org.junit.platform.engine.support.hierarchical.ThrowableCollector.execute(ThrowableCollector.java:73)
	at org.junit.platform.engine.support.hierarchical.NodeTestTask.executeRecursively(NodeTestTask.java:138)
	at org.junit.platform.engine.support.hierarchical.NodeTestTask.execute(NodeTestTask.java:95)
	at java.base/java.util.ArrayList.forEach(ArrayList.java:1511)
	at org.junit.platform.engine.support.hierarchical.SameThreadHierarchicalTestExecutorService.invokeAll(SameThreadHierarchicalTestExecutorService.java:41)
	at org.junit.platform.engine.support.hierarchical.NodeTestTask.lambda$executeRecursively$6(NodeTestTask.java:155)
	at org.junit.platform.engine.support.hierarchical.ThrowableCollector.execute(ThrowableCollector.java:73)
	at org.junit.platform.engine.support.hierarchical.NodeTestTask.lambda$executeRecursively$8(NodeTestTask.java:141)
	at org.junit.platform.engine.support.hierarchical.Node.around(Node.java:137)
	at org.junit.platform.engine.support.hierarchical.NodeTestTask.lambda$executeRecursively$9(NodeTestTask.java:139)
	at org.junit.platform.engine.support.hierarchical.ThrowableCollector.execute(ThrowableCollector.java:73)
	at org.junit.platform.engine.support.hierarchical.NodeTestTask.executeRecursively(NodeTestTask.java:138)
	at org.junit.platform.engine.support.hierarchical.NodeTestTask.execute(NodeTestTask.java:95)
	at org.junit.platform.engine.support.hierarchical.SameThreadHierarchicalTestExecutorService.submit(SameThreadHierarchicalTestExecutorService.java:35)
	at org.junit.platform.engine.support.hierarchical.HierarchicalTestExecutor.execute(HierarchicalTestExecutor.java:57)
	at org.junit.platform.engine.support.hierarchical.HierarchicalTestEngine.execute(HierarchicalTestEngine.java:54)
	at org.junit.platform.launcher.core.EngineExecutionOrchestrator.execute(EngineExecutionOrchestrator.java:198)
	at org.junit.platform.launcher.core.EngineExecutionOrchestrator.execute(EngineExecutionOrchestrator.java:169)
	at org.junit.platform.launcher.core.EngineExecutionOrchestrator.execute(EngineExecutionOrchestrator.java:93)
	at org.junit.platform.launcher.core.EngineExecutionOrchestrator.lambda$execute$0(EngineExecutionOrchestrator.java:58)
	at org.junit.platform.launcher.core.EngineExecutionOrchestrator.withInterceptedStreams(EngineExecutionOrchestrator.java:141)
	at org.junit.platform.launcher.core.EngineExecutionOrchestrator.execute(EngineExecutionOrchestrator.java:57)
	at org.junit.platform.launcher.core.DefaultLauncher.execute(DefaultLauncher.java:103)
	at org.junit.platform.launcher.core.DefaultLauncher.execute(DefaultLauncher.java:85)
	at org.junit.platform.launcher.core.DelegatingLauncher.execute(DelegatingLauncher.java:47)
	at org.apache.maven.surefire.junitplatform.LazyLauncher.execute(LazyLauncher.java:56)
	at org.apache.maven.surefire.junitplatform.JUnitPlatformProvider.execute(JUnitPlatformProvider.java:184)
	at org.apache.maven.surefire.junitplatform.JUnitPlatformProvider.invokeAllTests(JUnitPlatformProvider.java:148)
	at org.apache.maven.surefire.junitplatform.JUnitPlatformProvider.invoke(JUnitPlatformProvider.java:122)
	at org.apache.maven.surefire.booter.ForkedBooter.runSuitesInProcess(ForkedBooter.java:385)
	at org.apache.maven.surefire.booter.ForkedBooter.execute(ForkedBooter.java:162)
	at org.apache.maven.surefire.booter.ForkedBooter.run(ForkedBooter.java:507)
	at org.apache.maven.surefire.booter.ForkedBooter.main(ForkedBooter.java:495)
2026-05-02 15:38:03.434 [main] WARN  o.s.test.context.TestContextManager - Caught exception while allowing TestExecutionListener [org.springframework.boot.test.mock.mockito.MockitoTestExecutionListener] to prepare test instance [com.capg.pharma.catalogservice.exception.GlobalExceptionHandlerTest@5936e4ba]
java.lang.IllegalStateException: ApplicationContext failure threshold (1) exceeded: skipping repeated attempt to load context for [WebMergedContextConfiguration@73daf6a6 testClass = com.capg.pharma.catalogservice.exception.GlobalExceptionHandlerTest, locations = [], classes = [com.capg.pharma.catalogservice.CatalogServiceApplication], contextInitializerClasses = [], activeProfiles = [], propertySourceDescriptors = [], propertySourceProperties = ["org.springframework.boot.test.autoconfigure.web.servlet.WebMvcTestContextBootstrapper=true"], contextCustomizers = [[ImportsContextCustomizer@59ea2a36 key = [org.springframework.boot.autoconfigure.task.TaskExecutionAutoConfiguration, org.springframework.boot.autoconfigure.cache.CacheAutoConfiguration, org.springframework.boot.autoconfigure.web.servlet.HttpEncodingAutoConfiguration, org.springframework.boot.autoconfigure.validation.ValidationAutoConfiguration, org.springframework.boot.autoconfigure.context.MessageSourceAutoConfiguration, org.springframework.boot.autoconfigure.hateoas.HypermediaAutoConfiguration, org.springframework.boot.autoconfigure.data.web.SpringDataWebAutoConfiguration, org.springframework.boot.autoconfigure.jackson.JacksonAutoConfiguration, org.springframework.boot.test.autoconfigure.web.reactive.WebTestClientAutoConfiguration, org.springframework.boot.autoconfigure.web.servlet.error.ErrorMvcAutoConfiguration, org.springframework.boot.test.autoconfigure.web.servlet.MockMvcAutoConfiguration, org.springframework.boot.autoconfigure.http.HttpMessageConvertersAutoConfiguration, com.capg.pharma.catalogservice.config.TestSecurityConfig, org.springframework.boot.autoconfigure.security.oauth2.client.servlet.OAuth2ClientAutoConfiguration, org.springframework.boot.test.autoconfigure.web.servlet.MockMvcSecurityConfiguration, org.springframework.boot.test.autoconfigure.web.servlet.MockMvcWebClientAutoConfiguration, org.springframework.boot.test.autoconfigure.web.servlet.MockMvcWebDriverAutoConfiguration, org.springframework.boot.autoconfigure.thymeleaf.ThymeleafAutoConfiguration, org.springframework.boot.autoconfigure.gson.GsonAutoConfiguration, org.springframework.boot.autoconfigure.jsonb.JsonbAutoConfiguration, org.springframework.boot.autoconfigure.freemarker.FreeMarkerAutoConfiguration, org.springframework.boot.autoconfigure.web.servlet.WebMvcAutoConfiguration, org.springframework.boot.autoconfigure.security.servlet.UserDetailsServiceAutoConfiguration, org.springframework.boot.autoconfigure.security.oauth2.resource.servlet.OAuth2ResourceServerAutoConfiguration, org.springframework.boot.autoconfigure.groovy.template.GroovyTemplateAutoConfiguration, org.springframework.boot.autoconfigure.mustache.MustacheAutoConfiguration]], org.springframework.boot.test.context.filter.ExcludeFilterContextCustomizer@5ce4369b, org.springframework.boot.test.json.DuplicateJsonObjectContextCustomizerFactory$DuplicateJsonObjectContextCustomizer@1931d99, org.springframework.boot.test.mock.mockito.MockitoContextCustomizer@c44fee51, org.springframework.boot.test.autoconfigure.OverrideAutoConfigurationContextCustomizerFactory$DisableAutoConfigurationContextCustomizer@4e61e4c2, org.springframework.boot.test.autoconfigure.actuate.observability.ObservabilityContextCustomizerFactory$DisableObservabilityContextCustomizer@1f, org.springframework.boot.test.autoconfigure.filter.TypeExcludeFiltersContextCustomizer@fab90c48, org.springframework.boot.test.autoconfigure.properties.PropertyMappingContextCustomizer@3cb2812e, org.springframework.boot.test.autoconfigure.web.servlet.WebDriverContextCustomizer@68c87fc3, org.springframework.boot.test.context.SpringBootTestAnnotation@9c157952], resourceBasePath = "src/main/webapp", contextLoader = org.springframework.boot.test.context.SpringBootContextLoader, parent = null]
	at org.springframework.test.context.cache.DefaultCacheAwareContextLoaderDelegate.loadContext(DefaultCacheAwareContextLoaderDelegate.java:145)
	at org.springframework.test.context.support.DefaultTestContext.getApplicationContext(DefaultTestContext.java:130)
	at org.springframework.boot.test.mock.mockito.MockitoTestExecutionListener.postProcessFields(MockitoTestExecutionListener.java:122)
	at org.springframework.boot.test.mock.mockito.MockitoTestExecutionListener.injectFields(MockitoTestExecutionListener.java:106)
	at org.springframework.boot.test.mock.mockito.MockitoTestExecutionListener.prepareTestInstance(MockitoTestExecutionListener.java:63)
	at org.springframework.test.context.TestContextManager.prepareTestInstance(TestContextManager.java:260)
	at org.springframework.test.context.junit.jupiter.SpringExtension.postProcessTestInstance(SpringExtension.java:163)
	at org.junit.jupiter.engine.descriptor.ClassBasedTestDescriptor.lambda$invokeTestInstancePostProcessors$10(ClassBasedTestDescriptor.java:378)
	at org.junit.jupiter.engine.descriptor.ClassBasedTestDescriptor.executeAndMaskThrowable(ClassBasedTestDescriptor.java:383)
	at org.junit.jupiter.engine.descriptor.ClassBasedTestDescriptor.lambda$invokeTestInstancePostProcessors$11(ClassBasedTestDescriptor.java:378)
	at java.base/java.util.stream.ReferencePipeline$3$1.accept(ReferencePipeline.java:197)
	at java.base/java.util.stream.ReferencePipeline$2$1.accept(ReferencePipeline.java:179)
	at java.base/java.util.ArrayList$ArrayListSpliterator.forEachRemaining(ArrayList.java:1625)
	at java.base/java.util.stream.AbstractPipeline.copyInto(AbstractPipeline.java:509)
	at java.base/java.util.stream.AbstractPipeline.wrapAndCopyInto(AbstractPipeline.java:499)
	at java.base/java.util.stream.StreamSpliterators$WrappingSpliterator.forEachRemaining(StreamSpliterators.java:310)
	at java.base/java.util.stream.Streams$ConcatSpliterator.forEachRemaining(Streams.java:735)
	at java.base/java.util.stream.Streams$ConcatSpliterator.forEachRemaining(Streams.java:734)
	at java.base/java.util.stream.ReferencePipeline$Head.forEach(ReferencePipeline.java:762)
	at org.junit.jupiter.engine.descriptor.ClassBasedTestDescriptor.invokeTestInstancePostProcessors(ClassBasedTestDescriptor.java:377)
	at org.junit.jupiter.engine.descriptor.ClassBasedTestDescriptor.lambda$instantiateAndPostProcessTestInstance$6(ClassBasedTestDescriptor.java:290)
	at org.junit.platform.engine.support.hierarchical.ThrowableCollector.execute(ThrowableCollector.java:73)
	at org.junit.jupiter.engine.descriptor.ClassBasedTestDescriptor.instantiateAndPostProcessTestInstance(ClassBasedTestDescriptor.java:289)
	at org.junit.jupiter.engine.descriptor.ClassBasedTestDescriptor.lambda$testInstancesProvider$4(ClassBasedTestDescriptor.java:279)
	at java.base/java.util.Optional.orElseGet(Optional.java:364)
	at org.junit.jupiter.engine.descriptor.ClassBasedTestDescriptor.lambda$testInstancesProvider$5(ClassBasedTestDescriptor.java:278)
	at org.junit.jupiter.engine.execution.TestInstancesProvider.getTestInstances(TestInstancesProvider.java:31)
	at org.junit.jupiter.engine.descriptor.TestMethodTestDescriptor.lambda$prepare$0(TestMethodTestDescriptor.java:106)
	at org.junit.platform.engine.support.hierarchical.ThrowableCollector.execute(ThrowableCollector.java:73)
	at org.junit.jupiter.engine.descriptor.TestMethodTestDescriptor.prepare(TestMethodTestDescriptor.java:105)
	at org.junit.jupiter.engine.descriptor.TestMethodTestDescriptor.prepare(TestMethodTestDescriptor.java:69)
	at org.junit.platform.engine.support.hierarchical.NodeTestTask.lambda$prepare$2(NodeTestTask.java:123)
	at org.junit.platform.engine.support.hierarchical.ThrowableCollector.execute(ThrowableCollector.java:73)
	at org.junit.platform.engine.support.hierarchical.NodeTestTask.prepare(NodeTestTask.java:123)
	at org.junit.platform.engine.support.hierarchical.NodeTestTask.execute(NodeTestTask.java:90)
	at java.base/java.util.ArrayList.forEach(ArrayList.java:1511)
	at org.junit.platform.engine.support.hierarchical.SameThreadHierarchicalTestExecutorService.invokeAll(SameThreadHierarchicalTestExecutorService.java:41)
	at org.junit.platform.engine.support.hierarchical.NodeTestTask.lambda$executeRecursively$6(NodeTestTask.java:155)
	at org.junit.platform.engine.support.hierarchical.ThrowableCollector.execute(ThrowableCollector.java:73)
	at org.junit.platform.engine.support.hierarchical.NodeTestTask.lambda$executeRecursively$8(NodeTestTask.java:141)
	at org.junit.platform.engine.support.hierarchical.Node.around(Node.java:137)
	at org.junit.platform.engine.support.hierarchical.NodeTestTask.lambda$executeRecursively$9(NodeTestTask.java:139)
	at org.junit.platform.engine.support.hierarchical.ThrowableCollector.execute(ThrowableCollector.java:73)
	at org.junit.platform.engine.support.hierarchical.NodeTestTask.executeRecursively(NodeTestTask.java:138)
	at org.junit.platform.engine.support.hierarchical.NodeTestTask.execute(NodeTestTask.java:95)
	at java.base/java.util.ArrayList.forEach(ArrayList.java:1511)
	at org.junit.platform.engine.support.hierarchical.SameThreadHierarchicalTestExecutorService.invokeAll(SameThreadHierarchicalTestExecutorService.java:41)
	at org.junit.platform.engine.support.hierarchical.NodeTestTask.lambda$executeRecursively$6(NodeTestTask.java:155)
	at org.junit.platform.engine.support.hierarchical.ThrowableCollector.execute(ThrowableCollector.java:73)
	at org.junit.platform.engine.support.hierarchical.NodeTestTask.lambda$executeRecursively$8(NodeTestTask.java:141)
	at org.junit.platform.engine.support.hierarchical.Node.around(Node.java:137)
	at org.junit.platform.engine.support.hierarchical.NodeTestTask.lambda$executeRecursively$9(NodeTestTask.java:139)
	at org.junit.platform.engine.support.hierarchical.ThrowableCollector.execute(ThrowableCollector.java:73)
	at org.junit.platform.engine.support.hierarchical.NodeTestTask.executeRecursively(NodeTestTask.java:138)
	at org.junit.platform.engine.support.hierarchical.NodeTestTask.execute(NodeTestTask.java:95)
	at org.junit.platform.engine.support.hierarchical.SameThreadHierarchicalTestExecutorService.submit(SameThreadHierarchicalTestExecutorService.java:35)
	at org.junit.platform.engine.support.hierarchical.HierarchicalTestExecutor.execute(HierarchicalTestExecutor.java:57)
	at org.junit.platform.engine.support.hierarchical.HierarchicalTestEngine.execute(HierarchicalTestEngine.java:54)
	at org.junit.platform.launcher.core.EngineExecutionOrchestrator.execute(EngineExecutionOrchestrator.java:198)
	at org.junit.platform.launcher.core.EngineExecutionOrchestrator.execute(EngineExecutionOrchestrator.java:169)
	at org.junit.platform.launcher.core.EngineExecutionOrchestrator.execute(EngineExecutionOrchestrator.java:93)
	at org.junit.platform.launcher.core.EngineExecutionOrchestrator.lambda$execute$0(EngineExecutionOrchestrator.java:58)
	at org.junit.platform.launcher.core.EngineExecutionOrchestrator.withInterceptedStreams(EngineExecutionOrchestrator.java:141)
	at org.junit.platform.launcher.core.EngineExecutionOrchestrator.execute(EngineExecutionOrchestrator.java:57)
	at org.junit.platform.launcher.core.DefaultLauncher.execute(DefaultLauncher.java:103)
	at org.junit.platform.launcher.core.DefaultLauncher.execute(DefaultLauncher.java:85)
	at org.junit.platform.launcher.core.DelegatingLauncher.execute(DelegatingLauncher.java:47)
	at org.apache.maven.surefire.junitplatform.LazyLauncher.execute(LazyLauncher.java:56)
	at org.apache.maven.surefire.junitplatform.JUnitPlatformProvider.execute(JUnitPlatformProvider.java:184)
	at org.apache.maven.surefire.junitplatform.JUnitPlatformProvider.invokeAllTests(JUnitPlatformProvider.java:148)
	at org.apache.maven.surefire.junitplatform.JUnitPlatformProvider.invoke(JUnitPlatformProvider.java:122)
	at org.apache.maven.surefire.booter.ForkedBooter.runSuitesInProcess(ForkedBooter.java:385)
	at org.apache.maven.surefire.booter.ForkedBooter.execute(ForkedBooter.java:162)
	at org.apache.maven.surefire.booter.ForkedBooter.run(ForkedBooter.java:507)
	at org.apache.maven.surefire.booter.ForkedBooter.main(ForkedBooter.java:495)
2026-05-02 15:38:03.439 [main] WARN  o.s.test.context.TestContextManager - Caught exception while allowing TestExecutionListener [org.springframework.boot.test.mock.mockito.MockitoTestExecutionListener] to prepare test instance [com.capg.pharma.catalogservice.exception.GlobalExceptionHandlerTest@635900ef]
java.lang.IllegalStateException: ApplicationContext failure threshold (1) exceeded: skipping repeated attempt to load context for [WebMergedContextConfiguration@73daf6a6 testClass = com.capg.pharma.catalogservice.exception.GlobalExceptionHandlerTest, locations = [], classes = [com.capg.pharma.catalogservice.CatalogServiceApplication], contextInitializerClasses = [], activeProfiles = [], propertySourceDescriptors = [], propertySourceProperties = ["org.springframework.boot.test.autoconfigure.web.servlet.WebMvcTestContextBootstrapper=true"], contextCustomizers = [[ImportsContextCustomizer@59ea2a36 key = [org.springframework.boot.autoconfigure.task.TaskExecutionAutoConfiguration, org.springframework.boot.autoconfigure.cache.CacheAutoConfiguration, org.springframework.boot.autoconfigure.web.servlet.HttpEncodingAutoConfiguration, org.springframework.boot.autoconfigure.validation.ValidationAutoConfiguration, org.springframework.boot.autoconfigure.context.MessageSourceAutoConfiguration, org.springframework.boot.autoconfigure.hateoas.HypermediaAutoConfiguration, org.springframework.boot.autoconfigure.data.web.SpringDataWebAutoConfiguration, org.springframework.boot.autoconfigure.jackson.JacksonAutoConfiguration, org.springframework.boot.test.autoconfigure.web.reactive.WebTestClientAutoConfiguration, org.springframework.boot.autoconfigure.web.servlet.error.ErrorMvcAutoConfiguration, org.springframework.boot.test.autoconfigure.web.servlet.MockMvcAutoConfiguration, org.springframework.boot.autoconfigure.http.HttpMessageConvertersAutoConfiguration, com.capg.pharma.catalogservice.config.TestSecurityConfig, org.springframework.boot.autoconfigure.security.oauth2.client.servlet.OAuth2ClientAutoConfiguration, org.springframework.boot.test.autoconfigure.web.servlet.MockMvcSecurityConfiguration, org.springframework.boot.test.autoconfigure.web.servlet.MockMvcWebClientAutoConfiguration, org.springframework.boot.test.autoconfigure.web.servlet.MockMvcWebDriverAutoConfiguration, org.springframework.boot.autoconfigure.thymeleaf.ThymeleafAutoConfiguration, org.springframework.boot.autoconfigure.gson.GsonAutoConfiguration, org.springframework.boot.autoconfigure.jsonb.JsonbAutoConfiguration, org.springframework.boot.autoconfigure.freemarker.FreeMarkerAutoConfiguration, org.springframework.boot.autoconfigure.web.servlet.WebMvcAutoConfiguration, org.springframework.boot.autoconfigure.security.servlet.UserDetailsServiceAutoConfiguration, org.springframework.boot.autoconfigure.security.oauth2.resource.servlet.OAuth2ResourceServerAutoConfiguration, org.springframework.boot.autoconfigure.groovy.template.GroovyTemplateAutoConfiguration, org.springframework.boot.autoconfigure.mustache.MustacheAutoConfiguration]], org.springframework.boot.test.context.filter.ExcludeFilterContextCustomizer@5ce4369b, org.springframework.boot.test.json.DuplicateJsonObjectContextCustomizerFactory$DuplicateJsonObjectContextCustomizer@1931d99, org.springframework.boot.test.mock.mockito.MockitoContextCustomizer@c44fee51, org.springframework.boot.test.autoconfigure.OverrideAutoConfigurationContextCustomizerFactory$DisableAutoConfigurationContextCustomizer@4e61e4c2, org.springframework.boot.test.autoconfigure.actuate.observability.ObservabilityContextCustomizerFactory$DisableObservabilityContextCustomizer@1f, org.springframework.boot.test.autoconfigure.filter.TypeExcludeFiltersContextCustomizer@fab90c48, org.springframework.boot.test.autoconfigure.properties.PropertyMappingContextCustomizer@3cb2812e, org.springframework.boot.test.autoconfigure.web.servlet.WebDriverContextCustomizer@68c87fc3, org.springframework.boot.test.context.SpringBootTestAnnotation@9c157952], resourceBasePath = "src/main/webapp", contextLoader = org.springframework.boot.test.context.SpringBootContextLoader, parent = null]
	at org.springframework.test.context.cache.DefaultCacheAwareContextLoaderDelegate.loadContext(DefaultCacheAwareContextLoaderDelegate.java:145)
	at org.springframework.test.context.support.DefaultTestContext.getApplicationContext(DefaultTestContext.java:130)
	at org.springframework.boot.test.mock.mockito.MockitoTestExecutionListener.postProcessFields(MockitoTestExecutionListener.java:122)
	at org.springframework.boot.test.mock.mockito.MockitoTestExecutionListener.injectFields(MockitoTestExecutionListener.java:106)
	at org.springframework.boot.test.mock.mockito.MockitoTestExecutionListener.prepareTestInstance(MockitoTestExecutionListener.java:63)
	at org.springframework.test.context.TestContextManager.prepareTestInstance(TestContextManager.java:260)
	at org.springframework.test.context.junit.jupiter.SpringExtension.postProcessTestInstance(SpringExtension.java:163)
	at org.junit.jupiter.engine.descriptor.ClassBasedTestDescriptor.lambda$invokeTestInstancePostProcessors$10(ClassBasedTestDescriptor.java:378)
	at org.junit.jupiter.engine.descriptor.ClassBasedTestDescriptor.executeAndMaskThrowable(ClassBasedTestDescriptor.java:383)
	at org.junit.jupiter.engine.descriptor.ClassBasedTestDescriptor.lambda$invokeTestInstancePostProcessors$11(ClassBasedTestDescriptor.java:378)
	at java.base/java.util.stream.ReferencePipeline$3$1.accept(ReferencePipeline.java:197)
	at java.base/java.util.stream.ReferencePipeline$2$1.accept(ReferencePipeline.java:179)
	at java.base/java.util.ArrayList$ArrayListSpliterator.forEachRemaining(ArrayList.java:1625)
	at java.base/java.util.stream.AbstractPipeline.copyInto(AbstractPipeline.java:509)
	at java.base/java.util.stream.AbstractPipeline.wrapAndCopyInto(AbstractPipeline.java:499)
	at java.base/java.util.stream.StreamSpliterators$WrappingSpliterator.forEachRemaining(StreamSpliterators.java:310)
	at java.base/java.util.stream.Streams$ConcatSpliterator.forEachRemaining(Streams.java:735)
	at java.base/java.util.stream.Streams$ConcatSpliterator.forEachRemaining(Streams.java:734)
	at java.base/java.util.stream.ReferencePipeline$Head.forEach(ReferencePipeline.java:762)
	at org.junit.jupiter.engine.descriptor.ClassBasedTestDescriptor.invokeTestInstancePostProcessors(ClassBasedTestDescriptor.java:377)
	at org.junit.jupiter.engine.descriptor.ClassBasedTestDescriptor.lambda$instantiateAndPostProcessTestInstance$6(ClassBasedTestDescriptor.java:290)
	at org.junit.platform.engine.support.hierarchical.ThrowableCollector.execute(ThrowableCollector.java:73)
	at org.junit.jupiter.engine.descriptor.ClassBasedTestDescriptor.instantiateAndPostProcessTestInstance(ClassBasedTestDescriptor.java:289)
	at org.junit.jupiter.engine.descriptor.ClassBasedTestDescriptor.lambda$testInstancesProvider$4(ClassBasedTestDescriptor.java:279)
	at java.base/java.util.Optional.orElseGet(Optional.java:364)
	at org.junit.jupiter.engine.descriptor.ClassBasedTestDescriptor.lambda$testInstancesProvider$5(ClassBasedTestDescriptor.java:278)
	at org.junit.jupiter.engine.execution.TestInstancesProvider.getTestInstances(TestInstancesProvider.java:31)
	at org.junit.jupiter.engine.descriptor.TestMethodTestDescriptor.lambda$prepare$0(TestMethodTestDescriptor.java:106)
	at org.junit.platform.engine.support.hierarchical.ThrowableCollector.execute(ThrowableCollector.java:73)
	at org.junit.jupiter.engine.descriptor.TestMethodTestDescriptor.prepare(TestMethodTestDescriptor.java:105)
	at org.junit.jupiter.engine.descriptor.TestMethodTestDescriptor.prepare(TestMethodTestDescriptor.java:69)
	at org.junit.platform.engine.support.hierarchical.NodeTestTask.lambda$prepare$2(NodeTestTask.java:123)
	at org.junit.platform.engine.support.hierarchical.ThrowableCollector.execute(ThrowableCollector.java:73)
	at org.junit.platform.engine.support.hierarchical.NodeTestTask.prepare(NodeTestTask.java:123)
	at org.junit.platform.engine.support.hierarchical.NodeTestTask.execute(NodeTestTask.java:90)
	at java.base/java.util.ArrayList.forEach(ArrayList.java:1511)
	at org.junit.platform.engine.support.hierarchical.SameThreadHierarchicalTestExecutorService.invokeAll(SameThreadHierarchicalTestExecutorService.java:41)
	at org.junit.platform.engine.support.hierarchical.NodeTestTask.lambda$executeRecursively$6(NodeTestTask.java:155)
	at org.junit.platform.engine.support.hierarchical.ThrowableCollector.execute(ThrowableCollector.java:73)
	at org.junit.platform.engine.support.hierarchical.NodeTestTask.lambda$executeRecursively$8(NodeTestTask.java:141)
	at org.junit.platform.engine.support.hierarchical.Node.around(Node.java:137)
	at org.junit.platform.engine.support.hierarchical.NodeTestTask.lambda$executeRecursively$9(NodeTestTask.java:139)
	at org.junit.platform.engine.support.hierarchical.ThrowableCollector.execute(ThrowableCollector.java:73)
	at org.junit.platform.engine.support.hierarchical.NodeTestTask.executeRecursively(NodeTestTask.java:138)
	at org.junit.platform.engine.support.hierarchical.NodeTestTask.execute(NodeTestTask.java:95)
	at java.base/java.util.ArrayList.forEach(ArrayList.java:1511)
	at org.junit.platform.engine.support.hierarchical.SameThreadHierarchicalTestExecutorService.invokeAll(SameThreadHierarchicalTestExecutorService.java:41)
	at org.junit.platform.engine.support.hierarchical.NodeTestTask.lambda$executeRecursively$6(NodeTestTask.java:155)
	at org.junit.platform.engine.support.hierarchical.ThrowableCollector.execute(ThrowableCollector.java:73)
	at org.junit.platform.engine.support.hierarchical.NodeTestTask.lambda$executeRecursively$8(NodeTestTask.java:141)
	at org.junit.platform.engine.support.hierarchical.Node.around(Node.java:137)
	at org.junit.platform.engine.support.hierarchical.NodeTestTask.lambda$executeRecursively$9(NodeTestTask.java:139)
	at org.junit.platform.engine.support.hierarchical.ThrowableCollector.execute(ThrowableCollector.java:73)
	at org.junit.platform.engine.support.hierarchical.NodeTestTask.executeRecursively(NodeTestTask.java:138)
	at org.junit.platform.engine.support.hierarchical.NodeTestTask.execute(NodeTestTask.java:95)
	at org.junit.platform.engine.support.hierarchical.SameThreadHierarchicalTestExecutorService.submit(SameThreadHierarchicalTestExecutorService.java:35)
	at org.junit.platform.engine.support.hierarchical.HierarchicalTestExecutor.execute(HierarchicalTestExecutor.java:57)
	at org.junit.platform.engine.support.hierarchical.HierarchicalTestEngine.execute(HierarchicalTestEngine.java:54)
	at org.junit.platform.launcher.core.EngineExecutionOrchestrator.execute(EngineExecutionOrchestrator.java:198)
	at org.junit.platform.launcher.core.EngineExecutionOrchestrator.execute(EngineExecutionOrchestrator.java:169)
	at org.junit.platform.launcher.core.EngineExecutionOrchestrator.execute(EngineExecutionOrchestrator.java:93)
	at org.junit.platform.launcher.core.EngineExecutionOrchestrator.lambda$execute$0(EngineExecutionOrchestrator.java:58)
	at org.junit.platform.launcher.core.EngineExecutionOrchestrator.withInterceptedStreams(EngineExecutionOrchestrator.java:141)
	at org.junit.platform.launcher.core.EngineExecutionOrchestrator.execute(EngineExecutionOrchestrator.java:57)
	at org.junit.platform.launcher.core.DefaultLauncher.execute(DefaultLauncher.java:103)
	at org.junit.platform.launcher.core.DefaultLauncher.execute(DefaultLauncher.java:85)
	at org.junit.platform.launcher.core.DelegatingLauncher.execute(DelegatingLauncher.java:47)
	at org.apache.maven.surefire.junitplatform.LazyLauncher.execute(LazyLauncher.java:56)
	at org.apache.maven.surefire.junitplatform.JUnitPlatformProvider.execute(JUnitPlatformProvider.java:184)
	at org.apache.maven.surefire.junitplatform.JUnitPlatformProvider.invokeAllTests(JUnitPlatformProvider.java:148)
	at org.apache.maven.surefire.junitplatform.JUnitPlatformProvider.invoke(JUnitPlatformProvider.java:122)
	at org.apache.maven.surefire.booter.ForkedBooter.runSuitesInProcess(ForkedBooter.java:385)
	at org.apache.maven.surefire.booter.ForkedBooter.execute(ForkedBooter.java:162)
	at org.apache.maven.surefire.booter.ForkedBooter.run(ForkedBooter.java:507)
	at org.apache.maven.surefire.booter.ForkedBooter.main(ForkedBooter.java:495)
2026-05-02 15:38:03.442 [main] WARN  o.s.test.context.TestContextManager - Caught exception while allowing TestExecutionListener [org.springframework.boot.test.mock.mockito.MockitoTestExecutionListener] to prepare test instance [com.capg.pharma.catalogservice.exception.GlobalExceptionHandlerTest@4fd9deed]
java.lang.IllegalStateException: ApplicationContext failure threshold (1) exceeded: skipping repeated attempt to load context for [WebMergedContextConfiguration@73daf6a6 testClass = com.capg.pharma.catalogservice.exception.GlobalExceptionHandlerTest, locations = [], classes = [com.capg.pharma.catalogservice.CatalogServiceApplication], contextInitializerClasses = [], activeProfiles = [], propertySourceDescriptors = [], propertySourceProperties = ["org.springframework.boot.test.autoconfigure.web.servlet.WebMvcTestContextBootstrapper=true"], contextCustomizers = [[ImportsContextCustomizer@59ea2a36 key = [org.springframework.boot.autoconfigure.task.TaskExecutionAutoConfiguration, org.springframework.boot.autoconfigure.cache.CacheAutoConfiguration, org.springframework.boot.autoconfigure.web.servlet.HttpEncodingAutoConfiguration, org.springframework.boot.autoconfigure.validation.ValidationAutoConfiguration, org.springframework.boot.autoconfigure.context.MessageSourceAutoConfiguration, org.springframework.boot.autoconfigure.hateoas.HypermediaAutoConfiguration, org.springframework.boot.autoconfigure.data.web.SpringDataWebAutoConfiguration, org.springframework.boot.autoconfigure.jackson.JacksonAutoConfiguration, org.springframework.boot.test.autoconfigure.web.reactive.WebTestClientAutoConfiguration, org.springframework.boot.autoconfigure.web.servlet.error.ErrorMvcAutoConfiguration, org.springframework.boot.test.autoconfigure.web.servlet.MockMvcAutoConfiguration, org.springframework.boot.autoconfigure.http.HttpMessageConvertersAutoConfiguration, com.capg.pharma.catalogservice.config.TestSecurityConfig, org.springframework.boot.autoconfigure.security.oauth2.client.servlet.OAuth2ClientAutoConfiguration, org.springframework.boot.test.autoconfigure.web.servlet.MockMvcSecurityConfiguration, org.springframework.boot.test.autoconfigure.web.servlet.MockMvcWebClientAutoConfiguration, org.springframework.boot.test.autoconfigure.web.servlet.MockMvcWebDriverAutoConfiguration, org.springframework.boot.autoconfigure.thymeleaf.ThymeleafAutoConfiguration, org.springframework.boot.autoconfigure.gson.GsonAutoConfiguration, org.springframework.boot.autoconfigure.jsonb.JsonbAutoConfiguration, org.springframework.boot.autoconfigure.freemarker.FreeMarkerAutoConfiguration, org.springframework.boot.autoconfigure.web.servlet.WebMvcAutoConfiguration, org.springframework.boot.autoconfigure.security.servlet.UserDetailsServiceAutoConfiguration, org.springframework.boot.autoconfigure.security.oauth2.resource.servlet.OAuth2ResourceServerAutoConfiguration, org.springframework.boot.autoconfigure.groovy.template.GroovyTemplateAutoConfiguration, org.springframework.boot.autoconfigure.mustache.MustacheAutoConfiguration]], org.springframework.boot.test.context.filter.ExcludeFilterContextCustomizer@5ce4369b, org.springframework.boot.test.json.DuplicateJsonObjectContextCustomizerFactory$DuplicateJsonObjectContextCustomizer@1931d99, org.springframework.boot.test.mock.mockito.MockitoContextCustomizer@c44fee51, org.springframework.boot.test.autoconfigure.OverrideAutoConfigurationContextCustomizerFactory$DisableAutoConfigurationContextCustomizer@4e61e4c2, org.springframework.boot.test.autoconfigure.actuate.observability.ObservabilityContextCustomizerFactory$DisableObservabilityContextCustomizer@1f, org.springframework.boot.test.autoconfigure.filter.TypeExcludeFiltersContextCustomizer@fab90c48, org.springframework.boot.test.autoconfigure.properties.PropertyMappingContextCustomizer@3cb2812e, org.springframework.boot.test.autoconfigure.web.servlet.WebDriverContextCustomizer@68c87fc3, org.springframework.boot.test.context.SpringBootTestAnnotation@9c157952], resourceBasePath = "src/main/webapp", contextLoader = org.springframework.boot.test.context.SpringBootContextLoader, parent = null]
	at org.springframework.test.context.cache.DefaultCacheAwareContextLoaderDelegate.loadContext(DefaultCacheAwareContextLoaderDelegate.java:145)
	at org.springframework.test.context.support.DefaultTestContext.getApplicationContext(DefaultTestContext.java:130)
	at org.springframework.boot.test.mock.mockito.MockitoTestExecutionListener.postProcessFields(MockitoTestExecutionListener.java:122)
	at org.springframework.boot.test.mock.mockito.MockitoTestExecutionListener.injectFields(MockitoTestExecutionListener.java:106)
	at org.springframework.boot.test.mock.mockito.MockitoTestExecutionListener.prepareTestInstance(MockitoTestExecutionListener.java:63)
	at org.springframework.test.context.TestContextManager.prepareTestInstance(TestContextManager.java:260)
	at org.springframework.test.context.junit.jupiter.SpringExtension.postProcessTestInstance(SpringExtension.java:163)
	at org.junit.jupiter.engine.descriptor.ClassBasedTestDescriptor.lambda$invokeTestInstancePostProcessors$10(ClassBasedTestDescriptor.java:378)
	at org.junit.jupiter.engine.descriptor.ClassBasedTestDescriptor.executeAndMaskThrowable(ClassBasedTestDescriptor.java:383)
	at org.junit.jupiter.engine.descriptor.ClassBasedTestDescriptor.lambda$invokeTestInstancePostProcessors$11(ClassBasedTestDescriptor.java:378)
	at java.base/java.util.stream.ReferencePipeline$3$1.accept(ReferencePipeline.java:197)
	at java.base/java.util.stream.ReferencePipeline$2$1.accept(ReferencePipeline.java:179)
	at java.base/java.util.ArrayList$ArrayListSpliterator.forEachRemaining(ArrayList.java:1625)
	at java.base/java.util.stream.AbstractPipeline.copyInto(AbstractPipeline.java:509)
	at java.base/java.util.stream.AbstractPipeline.wrapAndCopyInto(AbstractPipeline.java:499)
	at java.base/java.util.stream.StreamSpliterators$WrappingSpliterator.forEachRemaining(StreamSpliterators.java:310)
	at java.base/java.util.stream.Streams$ConcatSpliterator.forEachRemaining(Streams.java:735)
	at java.base/java.util.stream.Streams$ConcatSpliterator.forEachRemaining(Streams.java:734)
	at java.base/java.util.stream.ReferencePipeline$Head.forEach(ReferencePipeline.java:762)
	at org.junit.jupiter.engine.descriptor.ClassBasedTestDescriptor.invokeTestInstancePostProcessors(ClassBasedTestDescriptor.java:377)
	at org.junit.jupiter.engine.descriptor.ClassBasedTestDescriptor.lambda$instantiateAndPostProcessTestInstance$6(ClassBasedTestDescriptor.java:290)
	at org.junit.platform.engine.support.hierarchical.ThrowableCollector.execute(ThrowableCollector.java:73)
	at org.junit.jupiter.engine.descriptor.ClassBasedTestDescriptor.instantiateAndPostProcessTestInstance(ClassBasedTestDescriptor.java:289)
	at org.junit.jupiter.engine.descriptor.ClassBasedTestDescriptor.lambda$testInstancesProvider$4(ClassBasedTestDescriptor.java:279)
	at java.base/java.util.Optional.orElseGet(Optional.java:364)
	at org.junit.jupiter.engine.descriptor.ClassBasedTestDescriptor.lambda$testInstancesProvider$5(ClassBasedTestDescriptor.java:278)
	at org.junit.jupiter.engine.execution.TestInstancesProvider.getTestInstances(TestInstancesProvider.java:31)
	at org.junit.jupiter.engine.descriptor.TestMethodTestDescriptor.lambda$prepare$0(TestMethodTestDescriptor.java:106)
	at org.junit.platform.engine.support.hierarchical.ThrowableCollector.execute(ThrowableCollector.java:73)
	at org.junit.jupiter.engine.descriptor.TestMethodTestDescriptor.prepare(TestMethodTestDescriptor.java:105)
	at org.junit.jupiter.engine.descriptor.TestMethodTestDescriptor.prepare(TestMethodTestDescriptor.java:69)
	at org.junit.platform.engine.support.hierarchical.NodeTestTask.lambda$prepare$2(NodeTestTask.java:123)
	at org.junit.platform.engine.support.hierarchical.ThrowableCollector.execute(ThrowableCollector.java:73)
	at org.junit.platform.engine.support.hierarchical.NodeTestTask.prepare(NodeTestTask.java:123)
	at org.junit.platform.engine.support.hierarchical.NodeTestTask.execute(NodeTestTask.java:90)
	at java.base/java.util.ArrayList.forEach(ArrayList.java:1511)
	at org.junit.platform.engine.support.hierarchical.SameThreadHierarchicalTestExecutorService.invokeAll(SameThreadHierarchicalTestExecutorService.java:41)
	at org.junit.platform.engine.support.hierarchical.NodeTestTask.lambda$executeRecursively$6(NodeTestTask.java:155)
	at org.junit.platform.engine.support.hierarchical.ThrowableCollector.execute(ThrowableCollector.java:73)
	at org.junit.platform.engine.support.hierarchical.NodeTestTask.lambda$executeRecursively$8(NodeTestTask.java:141)
	at org.junit.platform.engine.support.hierarchical.Node.around(Node.java:137)
	at org.junit.platform.engine.support.hierarchical.NodeTestTask.lambda$executeRecursively$9(NodeTestTask.java:139)
	at org.junit.platform.engine.support.hierarchical.ThrowableCollector.execute(ThrowableCollector.java:73)
	at org.junit.platform.engine.support.hierarchical.NodeTestTask.executeRecursively(NodeTestTask.java:138)
	at org.junit.platform.engine.support.hierarchical.NodeTestTask.execute(NodeTestTask.java:95)
	at java.base/java.util.ArrayList.forEach(ArrayList.java:1511)
	at org.junit.platform.engine.support.hierarchical.SameThreadHierarchicalTestExecutorService.invokeAll(SameThreadHierarchicalTestExecutorService.java:41)
	at org.junit.platform.engine.support.hierarchical.NodeTestTask.lambda$executeRecursively$6(NodeTestTask.java:155)
	at org.junit.platform.engine.support.hierarchical.ThrowableCollector.execute(ThrowableCollector.java:73)
	at org.junit.platform.engine.support.hierarchical.NodeTestTask.lambda$executeRecursively$8(NodeTestTask.java:141)
	at org.junit.platform.engine.support.hierarchical.Node.around(Node.java:137)
	at org.junit.platform.engine.support.hierarchical.NodeTestTask.lambda$executeRecursively$9(NodeTestTask.java:139)
	at org.junit.platform.engine.support.hierarchical.ThrowableCollector.execute(ThrowableCollector.java:73)
	at org.junit.platform.engine.support.hierarchical.NodeTestTask.executeRecursively(NodeTestTask.java:138)
	at org.junit.platform.engine.support.hierarchical.NodeTestTask.execute(NodeTestTask.java:95)
	at org.junit.platform.engine.support.hierarchical.SameThreadHierarchicalTestExecutorService.submit(SameThreadHierarchicalTestExecutorService.java:35)
	at org.junit.platform.engine.support.hierarchical.HierarchicalTestExecutor.execute(HierarchicalTestExecutor.java:57)
	at org.junit.platform.engine.support.hierarchical.HierarchicalTestEngine.execute(HierarchicalTestEngine.java:54)
	at org.junit.platform.launcher.core.EngineExecutionOrchestrator.execute(EngineExecutionOrchestrator.java:198)
	at org.junit.platform.launcher.core.EngineExecutionOrchestrator.execute(EngineExecutionOrchestrator.java:169)
	at org.junit.platform.launcher.core.EngineExecutionOrchestrator.execute(EngineExecutionOrchestrator.java:93)
	at org.junit.platform.launcher.core.EngineExecutionOrchestrator.lambda$execute$0(EngineExecutionOrchestrator.java:58)
	at org.junit.platform.launcher.core.EngineExecutionOrchestrator.withInterceptedStreams(EngineExecutionOrchestrator.java:141)
	at org.junit.platform.launcher.core.EngineExecutionOrchestrator.execute(EngineExecutionOrchestrator.java:57)
	at org.junit.platform.launcher.core.DefaultLauncher.execute(DefaultLauncher.java:103)
	at org.junit.platform.launcher.core.DefaultLauncher.execute(DefaultLauncher.java:85)
	at org.junit.platform.launcher.core.DelegatingLauncher.execute(DelegatingLauncher.java:47)
	at org.apache.maven.surefire.junitplatform.LazyLauncher.execute(LazyLauncher.java:56)
	at org.apache.maven.surefire.junitplatform.JUnitPlatformProvider.execute(JUnitPlatformProvider.java:184)
	at org.apache.maven.surefire.junitplatform.JUnitPlatformProvider.invokeAllTests(JUnitPlatformProvider.java:148)
	at org.apache.maven.surefire.junitplatform.JUnitPlatformProvider.invoke(JUnitPlatformProvider.java:122)
	at org.apache.maven.surefire.booter.ForkedBooter.runSuitesInProcess(ForkedBooter.java:385)
	at org.apache.maven.surefire.booter.ForkedBooter.execute(ForkedBooter.java:162)
	at org.apache.maven.surefire.booter.ForkedBooter.run(ForkedBooter.java:507)
	at org.apache.maven.surefire.booter.ForkedBooter.main(ForkedBooter.java:495)
2026-05-02 15:39:21.347 [main] INFO  c.c.p.c.c.MedicineControllerTest - Starting MedicineControllerTest using Java 17.0.12 with PID 14380 (started by V in D:\yosker\PharmacyOnline\janviProject\pharmacy-microservices\catalog-service)
2026-05-02 15:39:21.351 [main] INFO  c.c.p.c.c.MedicineControllerTest - No active profile set, falling back to 1 default profile: "default"
2026-05-02 15:39:25.557 [main] WARN  o.s.b.a.s.s.UserDetailsServiceAutoConfiguration - 

Using generated security password: d7e04d00-145d-414d-9277-ae28e43bff4c

This generated password is for development use only. Your security configuration must be updated before running your application in production.

2026-05-02 15:39:27.858 [main] INFO  c.c.p.c.c.MedicineControllerTest - Started MedicineControllerTest in 8.068 seconds (process running for 10.757)
2026-05-02 15:39:28.851 [main] INFO  c.c.p.c.c.PrescriptionControllerTest - Starting PrescriptionControllerTest using Java 17.0.12 with PID 14380 (started by V in D:\yosker\PharmacyOnline\janviProject\pharmacy-microservices\catalog-service)
2026-05-02 15:39:28.852 [main] INFO  c.c.p.c.c.PrescriptionControllerTest - No active profile set, falling back to 1 default profile: "default"
2026-05-02 15:39:29.250 [main] WARN  o.s.b.a.s.s.UserDetailsServiceAutoConfiguration - 

Using generated security password: 06f36a8a-c956-480e-92ff-053bdffee1f6

This generated password is for development use only. Your security configuration must be updated before running your application in production.

2026-05-02 15:39:29.516 [main] INFO  c.c.p.c.c.PrescriptionControllerTest - Started PrescriptionControllerTest in 0.951 seconds (process running for 12.415)
2026-05-02 15:39:58.690 [main] INFO  c.c.p.c.c.MedicineControllerTest - Starting MedicineControllerTest using Java 17.0.12 with PID 17492 (started by V in D:\yosker\PharmacyOnline\janviProject\pharmacy-microservices\catalog-service)
2026-05-02 15:39:58.694 [main] INFO  c.c.p.c.c.MedicineControllerTest - No active profile set, falling back to 1 default profile: "default"
2026-05-02 15:40:02.771 [main] WARN  o.s.b.a.s.s.UserDetailsServiceAutoConfiguration - 

Using generated security password: a9123b6b-3bc8-4095-8de6-e2d79291240c

This generated password is for development use only. Your security configuration must be updated before running your application in production.

2026-05-02 15:40:05.010 [main] INFO  c.c.p.c.c.MedicineControllerTest - Started MedicineControllerTest in 7.912 seconds (process running for 10.517)
2026-05-02 15:40:28.935 [main] INFO  c.c.p.c.c.MedicineControllerTest - Starting MedicineControllerTest using Java 17.0.12 with PID 23976 (started by V in D:\yosker\PharmacyOnline\janviProject\pharmacy-microservices\catalog-service)
2026-05-02 15:40:28.938 [main] INFO  c.c.p.c.c.MedicineControllerTest - No active profile set, falling back to 1 default profile: "default"
2026-05-02 15:40:33.132 [main] WARN  o.s.b.a.s.s.UserDetailsServiceAutoConfiguration - 

Using generated security password: d61c83ca-ef0e-453c-8518-1148566ba8db

This generated password is for development use only. Your security configuration must be updated before running your application in production.

2026-05-02 15:40:35.233 [main] INFO  c.c.p.c.c.MedicineControllerTest - Started MedicineControllerTest in 7.868 seconds (process running for 10.798)
2026-05-02 15:41:56.610 [main] INFO  c.c.p.c.c.MedicineControllerTest - Starting MedicineControllerTest using Java 17.0.12 with PID 21576 (started by V in D:\yosker\PharmacyOnline\janviProject\pharmacy-microservices\catalog-service)
2026-05-02 15:41:56.613 [main] INFO  c.c.p.c.c.MedicineControllerTest - No active profile set, falling back to 1 default profile: "default"
2026-05-02 15:42:00.827 [main] WARN  o.s.b.a.s.s.UserDetailsServiceAutoConfiguration - 

Using generated security password: 091d8b5a-3968-48c8-8eca-0b0569c777e4

This generated password is for development use only. Your security configuration must be updated before running your application in production.

2026-05-02 15:42:02.728 [main] INFO  c.c.p.c.c.MedicineControllerTest - Started MedicineControllerTest in 7.706 seconds (process running for 10.271)
2026-05-02 15:42:04.121 [main] INFO  c.c.p.c.c.PrescriptionControllerTest - Starting PrescriptionControllerTest using Java 17.0.12 with PID 21576 (started by V in D:\yosker\PharmacyOnline\janviProject\pharmacy-microservices\catalog-service)
2026-05-02 15:42:04.121 [main] INFO  c.c.p.c.c.PrescriptionControllerTest - No active profile set, falling back to 1 default profile: "default"
2026-05-02 15:42:04.492 [main] WARN  o.s.b.a.s.s.UserDetailsServiceAutoConfiguration - 

Using generated security password: 68922d06-2824-4c36-b9b2-bd2ccb91089d

This generated password is for development use only. Your security configuration must be updated before running your application in production.

2026-05-02 15:42:04.750 [main] INFO  c.c.p.c.c.PrescriptionControllerTest - Started PrescriptionControllerTest in 0.918 seconds (process running for 12.293)
2026-05-02 15:42:41.660 [main] INFO  c.c.p.c.c.MedicineControllerTest - Starting MedicineControllerTest using Java 17.0.12 with PID 5012 (started by V in D:\yosker\PharmacyOnline\janviProject\pharmacy-microservices\catalog-service)
2026-05-02 15:42:41.665 [main] INFO  c.c.p.c.c.MedicineControllerTest - No active profile set, falling back to 1 default profile: "default"
2026-05-02 15:42:45.692 [main] WARN  o.s.b.a.s.s.UserDetailsServiceAutoConfiguration - 

Using generated security password: be7ad46c-6c3a-46c2-ac06-beee9a9f1bc6

This generated password is for development use only. Your security configuration must be updated before running your application in production.

2026-05-02 15:42:47.809 [main] INFO  c.c.p.c.c.MedicineControllerTest - Started MedicineControllerTest in 7.674 seconds (process running for 10.271)
2026-05-02 15:42:49.194 [main] INFO  c.c.p.c.c.PrescriptionControllerTest - Starting PrescriptionControllerTest using Java 17.0.12 with PID 5012 (started by V in D:\yosker\PharmacyOnline\janviProject\pharmacy-microservices\catalog-service)
2026-05-02 15:42:49.194 [main] INFO  c.c.p.c.c.PrescriptionControllerTest - No active profile set, falling back to 1 default profile: "default"
2026-05-02 15:42:49.610 [main] WARN  o.s.b.a.s.s.UserDetailsServiceAutoConfiguration - 

Using generated security password: 7ddf3f83-85bf-48ad-bdaf-1243b09d2c7f

This generated password is for development use only. Your security configuration must be updated before running your application in production.

2026-05-02 15:42:49.875 [main] INFO  c.c.p.c.c.PrescriptionControllerTest - Started PrescriptionControllerTest in 0.933 seconds (process running for 12.336)
2026-05-02 15:44:36.443 [main] INFO  c.c.p.c.c.MedicineControllerTest - Starting MedicineControllerTest using Java 17.0.12 with PID 23240 (started by V in D:\yosker\PharmacyOnline\janviProject\pharmacy-microservices\catalog-service)
2026-05-02 15:44:36.447 [main] INFO  c.c.p.c.c.MedicineControllerTest - No active profile set, falling back to 1 default profile: "default"
2026-05-02 15:44:40.828 [main] WARN  o.s.b.a.s.s.UserDetailsServiceAutoConfiguration - 

Using generated security password: b49975cc-e1e7-4afa-9055-d2289eceecf1

This generated password is for development use only. Your security configuration must be updated before running your application in production.

2026-05-02 15:44:42.925 [main] INFO  c.c.p.c.c.MedicineControllerTest - Started MedicineControllerTest in 8.026 seconds (process running for 10.739)
2026-05-02 15:44:44.356 [main] INFO  c.c.p.c.c.PrescriptionControllerTest - Starting PrescriptionControllerTest using Java 17.0.12 with PID 23240 (started by V in D:\yosker\PharmacyOnline\janviProject\pharmacy-microservices\catalog-service)
2026-05-02 15:44:44.357 [main] INFO  c.c.p.c.c.PrescriptionControllerTest - No active profile set, falling back to 1 default profile: "default"
2026-05-02 15:44:44.710 [main] WARN  o.s.b.a.s.s.UserDetailsServiceAutoConfiguration - 

Using generated security password: 4a6dd832-2ba6-4150-97dc-aac741e49ab3

This generated password is for development use only. Your security configuration must be updated before running your application in production.

2026-05-02 15:44:44.963 [main] INFO  c.c.p.c.c.PrescriptionControllerTest - Started PrescriptionControllerTest in 0.888 seconds (process running for 12.777)
2026-05-02 15:56:36.724 [main] INFO  c.c.p.c.c.MedicineControllerTest - Starting MedicineControllerTest using Java 17.0.12 with PID 10564 (started by V in D:\yosker\PharmacyOnline\janviProject\pharmacy-microservices\catalog-service)
2026-05-02 15:56:36.728 [main] INFO  c.c.p.c.c.MedicineControllerTest - No active profile set, falling back to 1 default profile: "default"
2026-05-02 15:56:41.150 [main] WARN  o.s.b.a.s.s.UserDetailsServiceAutoConfiguration - 

Using generated security password: 2c43a5d4-cd68-4aa3-bdd6-bfa2da47e681

This generated password is for development use only. Your security configuration must be updated before running your application in production.

2026-05-02 15:56:43.357 [main] INFO  c.c.p.c.c.MedicineControllerTest - Started MedicineControllerTest in 8.079 seconds (process running for 11.052)
2026-05-02 15:56:44.890 [main] INFO  c.c.p.c.c.PrescriptionControllerTest - Starting PrescriptionControllerTest using Java 17.0.12 with PID 10564 (started by V in D:\yosker\PharmacyOnline\janviProject\pharmacy-microservices\catalog-service)
2026-05-02 15:56:44.891 [main] INFO  c.c.p.c.c.PrescriptionControllerTest - No active profile set, falling back to 1 default profile: "default"
2026-05-02 15:56:45.289 [main] WARN  o.s.b.a.s.s.UserDetailsServiceAutoConfiguration - 

Using generated security password: fbec0e56-07da-49b5-86b9-25f031156729

This generated password is for development use only. Your security configuration must be updated before running your application in production.

2026-05-02 15:56:45.596 [main] INFO  c.c.p.c.c.PrescriptionControllerTest - Started PrescriptionControllerTest in 0.975 seconds (process running for 13.291)
2026-05-02 15:57:22.294 [main] INFO  c.c.p.c.c.MedicineControllerTest - Starting MedicineControllerTest using Java 17.0.12 with PID 11776 (started by V in D:\yosker\PharmacyOnline\janviProject\pharmacy-microservices\catalog-service)
2026-05-02 15:57:22.297 [main] INFO  c.c.p.c.c.MedicineControllerTest - No active profile set, falling back to 1 default profile: "default"
2026-05-02 15:57:26.479 [main] WARN  o.s.b.a.s.s.UserDetailsServiceAutoConfiguration - 

Using generated security password: 64548b00-58b1-4d05-896e-57906375688b

This generated password is for development use only. Your security configuration must be updated before running your application in production.

2026-05-02 15:57:28.624 [main] INFO  c.c.p.c.c.MedicineControllerTest - Started MedicineControllerTest in 7.803 seconds (process running for 10.358)
2026-05-02 15:57:29.970 [main] INFO  c.c.p.c.c.PrescriptionControllerTest - Starting PrescriptionControllerTest using Java 17.0.12 with PID 11776 (started by V in D:\yosker\PharmacyOnline\janviProject\pharmacy-microservices\catalog-service)
2026-05-02 15:57:29.971 [main] INFO  c.c.p.c.c.PrescriptionControllerTest - No active profile set, falling back to 1 default profile: "default"
2026-05-02 15:57:30.360 [main] WARN  o.s.b.a.s.s.UserDetailsServiceAutoConfiguration - 

Using generated security password: d8edd6d2-9dae-439b-a00e-dd6f8d78722d

This generated password is for development use only. Your security configuration must be updated before running your application in production.

2026-05-02 15:57:30.672 [main] INFO  c.c.p.c.c.PrescriptionControllerTest - Started PrescriptionControllerTest in 0.956 seconds (process running for 12.405)
2026-05-02 16:43:03.384 [main] INFO  c.c.p.c.c.MedicineControllerTest - Starting MedicineControllerTest using Java 17.0.12 with PID 25036 (started by V in D:\yosker\PharmacyOnline\janviProject\pharmacy-microservices\catalog-service)
2026-05-02 16:43:03.389 [main] INFO  c.c.p.c.c.MedicineControllerTest - No active profile set, falling back to 1 default profile: "default"
2026-05-02 16:43:08.555 [main] WARN  o.s.b.a.s.s.UserDetailsServiceAutoConfiguration - 

Using generated security password: d0bec9b5-365d-42d7-b5e2-f8ac67286889

This generated password is for development use only. Your security configuration must be updated before running your application in production.

2026-05-02 16:43:11.324 [main] INFO  c.c.p.c.c.MedicineControllerTest - Started MedicineControllerTest in 10.26 seconds (process running for 14.128)
2026-05-02 16:43:13.412 [main] INFO  c.c.p.c.c.PrescriptionControllerTest - Starting PrescriptionControllerTest using Java 17.0.12 with PID 25036 (started by V in D:\yosker\PharmacyOnline\janviProject\pharmacy-microservices\catalog-service)
2026-05-02 16:43:13.414 [main] INFO  c.c.p.c.c.PrescriptionControllerTest - No active profile set, falling back to 1 default profile: "default"
2026-05-02 16:43:14.101 [main] WARN  o.s.b.a.s.s.UserDetailsServiceAutoConfiguration - 

Using generated security password: f1874fee-b23b-48ec-95d0-c25b36cf1b5b

This generated password is for development use only. Your security configuration must be updated before running your application in production.

2026-05-02 16:43:14.527 [main] INFO  c.c.p.c.c.PrescriptionControllerTest - Started PrescriptionControllerTest in 1.609 seconds (process running for 17.331)
2026-05-02 16:46:01.709 [main] INFO  c.c.p.c.c.MedicineControllerTest - Starting MedicineControllerTest using Java 17.0.12 with PID 3396 (started by V in D:\yosker\PharmacyOnline\janviProject\pharmacy-microservices\catalog-service)
2026-05-02 16:46:01.714 [main] INFO  c.c.p.c.c.MedicineControllerTest - No active profile set, falling back to 1 default profile: "default"
2026-05-02 16:46:07.091 [main] WARN  o.s.b.a.s.s.UserDetailsServiceAutoConfiguration - 

Using generated security password: 6b87a105-5265-4f30-bd51-ce9d04e81e4d

This generated password is for development use only. Your security configuration must be updated before running your application in production.

2026-05-02 16:46:09.699 [main] INFO  c.c.p.c.c.MedicineControllerTest - Started MedicineControllerTest in 10.313 seconds (process running for 13.925)
2026-05-02 16:46:11.563 [main] INFO  c.c.p.c.c.PrescriptionControllerTest - Starting PrescriptionControllerTest using Java 17.0.12 with PID 3396 (started by V in D:\yosker\PharmacyOnline\janviProject\pharmacy-microservices\catalog-service)
2026-05-02 16:46:11.565 [main] INFO  c.c.p.c.c.PrescriptionControllerTest - No active profile set, falling back to 1 default profile: "default"
2026-05-02 16:46:12.165 [main] WARN  o.s.b.a.s.s.UserDetailsServiceAutoConfiguration - 

Using generated security password: 2e6d8e0f-b0b0-4e82-b82f-e7d84d4f4afc

This generated password is for development use only. Your security configuration must be updated before running your application in production.

2026-05-02 16:46:12.543 [main] INFO  c.c.p.c.c.PrescriptionControllerTest - Started PrescriptionControllerTest in 1.311 seconds (process running for 16.769)
2026-05-02 16:57:13.834 [main] INFO  c.c.p.c.c.MedicineControllerTest - Starting MedicineControllerTest using Java 17.0.12 with PID 22792 (started by V in D:\yosker\PharmacyOnline\janviProject\pharmacy-microservices\catalog-service)
2026-05-02 16:57:13.839 [main] INFO  c.c.p.c.c.MedicineControllerTest - No active profile set, falling back to 1 default profile: "default"
2026-05-02 16:57:19.126 [main] WARN  o.s.b.a.s.s.UserDetailsServiceAutoConfiguration - 

Using generated security password: 67cb44fd-b56d-4f96-8cc5-b44dd4e1b118

This generated password is for development use only. Your security configuration must be updated before running your application in production.

2026-05-02 16:57:21.883 [main] INFO  c.c.p.c.c.MedicineControllerTest - Started MedicineControllerTest in 10.104 seconds (process running for 13.718)
2026-05-02 16:57:23.910 [main] INFO  c.c.p.c.c.PrescriptionControllerTest - Starting PrescriptionControllerTest using Java 17.0.12 with PID 22792 (started by V in D:\yosker\PharmacyOnline\janviProject\pharmacy-microservices\catalog-service)
2026-05-02 16:57:23.912 [main] INFO  c.c.p.c.c.PrescriptionControllerTest - No active profile set, falling back to 1 default profile: "default"
2026-05-02 16:57:24.449 [main] WARN  o.s.b.a.s.s.UserDetailsServiceAutoConfiguration - 

Using generated security password: b0b7b9f3-9013-4a29-85bc-4747d1d7dca9

This generated password is for development use only. Your security configuration must be updated before running your application in production.

2026-05-02 16:57:24.987 [main] INFO  c.c.p.c.c.PrescriptionControllerTest - Started PrescriptionControllerTest in 1.532 seconds (process running for 16.822)
2026-05-02 21:56:20.943 [main] INFO  c.c.p.c.c.MedicineControllerTest - Starting MedicineControllerTest using Java 17.0.12 with PID 20696 (started by V in D:\yosker\PharmacyOnline\janviProject\pharmacy-microservices\catalog-service)
2026-05-02 21:56:20.948 [main] INFO  c.c.p.c.c.MedicineControllerTest - No active profile set, falling back to 1 default profile: "default"
2026-05-02 21:56:27.345 [main] WARN  o.s.b.a.s.s.UserDetailsServiceAutoConfiguration - 

Using generated security password: 2548c0df-244e-4665-b5a2-1b8d8ca7480d

This generated password is for development use only. Your security configuration must be updated before running your application in production.

2026-05-02 21:56:30.731 [main] INFO  c.c.p.c.c.MedicineControllerTest - Started MedicineControllerTest in 12.018 seconds (process running for 15.81)
2026-05-02 21:56:33.026 [main] INFO  c.c.p.c.c.PrescriptionControllerTest - Starting PrescriptionControllerTest using Java 17.0.12 with PID 20696 (started by V in D:\yosker\PharmacyOnline\janviProject\pharmacy-microservices\catalog-service)
2026-05-02 21:56:33.027 [main] INFO  c.c.p.c.c.PrescriptionControllerTest - No active profile set, falling back to 1 default profile: "default"
2026-05-02 21:56:33.818 [main] WARN  o.s.b.a.s.s.UserDetailsServiceAutoConfiguration - 

Using generated security password: 505220b0-235b-4a49-9985-a53e0a771eb7

This generated password is for development use only. Your security configuration must be updated before running your application in production.

2026-05-02 21:56:34.679 [main] INFO  c.c.p.c.c.PrescriptionControllerTest - Started PrescriptionControllerTest in 2.008 seconds (process running for 19.758)
2026-05-02 21:57:27.357 [main] INFO  c.c.p.c.c.MedicineControllerTest - Starting MedicineControllerTest using Java 17.0.12 with PID 20380 (started by V in D:\yosker\PharmacyOnline\janviProject\pharmacy-microservices\catalog-service)
2026-05-02 21:57:27.365 [main] INFO  c.c.p.c.c.MedicineControllerTest - No active profile set, falling back to 1 default profile: "default"
2026-05-02 21:57:33.882 [main] WARN  o.s.b.a.s.s.UserDetailsServiceAutoConfiguration - 

Using generated security password: 1a6e27d0-d6ba-4d22-91ce-dfa909cd7fa1

This generated password is for development use only. Your security configuration must be updated before running your application in production.

2026-05-02 21:57:36.947 [main] INFO  c.c.p.c.c.MedicineControllerTest - Started MedicineControllerTest in 11.979 seconds (process running for 16.435)
2026-05-02 21:57:38.997 [main] INFO  c.c.p.c.c.PrescriptionControllerTest - Starting PrescriptionControllerTest using Java 17.0.12 with PID 20380 (started by V in D:\yosker\PharmacyOnline\janviProject\pharmacy-microservices\catalog-service)
2026-05-02 21:57:38.998 [main] INFO  c.c.p.c.c.PrescriptionControllerTest - No active profile set, falling back to 1 default profile: "default"
2026-05-02 21:57:39.727 [main] WARN  o.s.b.a.s.s.UserDetailsServiceAutoConfiguration - 

Using generated security password: 6d9707d9-f45c-402c-9a32-016a3c12e39d

This generated password is for development use only. Your security configuration must be updated before running your application in production.

2026-05-02 21:57:40.234 [main] INFO  c.c.p.c.c.PrescriptionControllerTest - Started PrescriptionControllerTest in 1.61 seconds (process running for 19.722)
