2026-05-02 01:29:52.294 [main] INFO  c.c.p.c.CatalogServiceApplication - Starting CatalogServiceApplication using Java 21.0.7 with PID 24452 (D:\yosker\PharmacyOnline\janviProject\pharmacy-microservices\catalog-service\target\catalog-service-1.0.0.jar started by V in D:\yosker\PharmacyOnline\janviProject\pharmacy-microservices)
2026-05-02 01:29:52.307 [main] INFO  c.c.p.c.CatalogServiceApplication - No active profile set, falling back to 1 default profile: "default"
2026-05-02 01:29:52.900 [main] WARN  o.s.c.c.c.ConfigServerConfigDataLoader - Could not locate PropertySource ([ConfigServerConfigDataResource@3ef41c66 uris = array<String>['http://localhost:8085'], optional = true, profiles = 'default']): I/O error on GET request for "http://localhost:8085/catalog-service/default": Connection refused: getsockopt
2026-05-02 01:29:52.907 [main] WARN  o.s.c.c.c.ConfigServerConfigDataLoader - Could not locate PropertySource ([ConfigServerConfigDataResource@7e8e8651 uris = array<String>['http://localhost:8085'], optional = true, profiles = 'default']): I/O error on GET request for "http://localhost:8085/catalog-service/default": Connection refused: getsockopt
2026-05-02 01:29:52.910 [main] WARN  o.s.c.c.c.ConfigServerConfigDataLoader - Could not locate PropertySource ([ConfigServerConfigDataResource@49ef32e0 uris = array<String>['http://localhost:8085'], optional = true, profiles = 'default']): I/O error on GET request for "http://localhost:8085/catalog-service/default": Connection refused: getsockopt
2026-05-02 01:30:05.538 [main] WARN  o.s.c.s.PostProcessorRegistrationDelegate$BeanPostProcessorChecker - Bean 'org.springframework.cloud.client.loadbalancer.LoadBalancerAutoConfiguration$DeferringLoadBalancerInterceptorConfig' of type [org.springframework.cloud.client.loadbalancer.LoadBalancerAutoConfiguration$DeferringLoadBalancerInterceptorConfig] is not eligible for getting processed by all BeanPostProcessors (for example: not eligible for auto-proxying). The currently created BeanPostProcessor [lbRestClientPostProcessor] is declared through a non-static factory method on that class; consider declaring it as static instead.
2026-05-02 01:30:05.549 [main] WARN  o.s.c.s.PostProcessorRegistrationDelegate$BeanPostProcessorChecker - Bean 'deferringLoadBalancerInterceptor' of type [org.springframework.cloud.client.loadbalancer.DeferringLoadBalancerInterceptor] is not eligible for getting processed by all BeanPostProcessors (for example: not eligible for auto-proxying). Is this bean getting eagerly injected into a currently created BeanPostProcessor [lbRestClientPostProcessor]? Check the corresponding BeanPostProcessor declaration and its dependencies.
2026-05-02 01:30:07.755 [main] INFO  o.a.coyote.http11.Http11NioProtocol - Initializing ProtocolHandler ["http-nio-9092"]
2026-05-02 01:30:07.761 [main] INFO  o.a.catalina.core.StandardService - Starting service [Tomcat]
2026-05-02 01:30:07.763 [main] INFO  o.a.catalina.core.StandardEngine - Starting Servlet engine: [Apache Tomcat/10.1.20]
2026-05-02 01:30:07.926 [main] INFO  o.a.c.c.C.[Tomcat].[localhost].[/] - Initializing Spring embedded WebApplicationContext
2026-05-02 01:30:13.274 [main] INFO  com.zaxxer.hikari.HikariDataSource - HikariPool-1 - Starting...
2026-05-02 01:30:13.632 [main] INFO  com.zaxxer.hikari.pool.HikariPool - HikariPool-1 - Added connection com.mysql.cj.jdbc.ConnectionImpl@57edfa89
2026-05-02 01:30:13.637 [main] INFO  com.zaxxer.hikari.HikariDataSource - HikariPool-1 - Start completed.
2026-05-02 01:30:13.721 [main] WARN  org.hibernate.dialect.Dialect - HHH000511: The 5.5.27 version for [org.hibernate.dialect.MySQLDialect] is no longer supported, hence certain features may not work properly. The minimum supported version is 8.0.0. Check the community dialects project for available legacy versions.
2026-05-02 01:30:13.733 [main] WARN  org.hibernate.orm.deprecation - HHH90000025: MySQLDialect does not need to be specified explicitly using 'hibernate.dialect' (remove the property setting and it will be selected by default)
2026-05-02 01:30:15.932 [main] WARN  o.h.t.s.i.ExceptionHandlerLoggedImpl - GenerationTarget encountered exception accepting command : Error executing DDL "create table prescriptions (id bigint not null auto_increment, customer_email varchar(255), customer_id bigint not null, image_url varchar(255) not null, rejection_reason varchar(255), status enum ('PENDING','APPROVED','REJECTED'), uploaded_at datetime(6), primary key (id)) engine=InnoDB" via JDBC [You have an error in your SQL syntax; check the manual that corresponds to your MySQL server version for the right syntax to use near '(6), primary key (id)) engine=InnoDB' at line 1]
org.hibernate.tool.schema.spi.CommandAcceptanceException: Error executing DDL "create table prescriptions (id bigint not null auto_increment, customer_email varchar(255), customer_id bigint not null, image_url varchar(255) not null, rejection_reason varchar(255), status enum ('PENDING','APPROVED','REJECTED'), uploaded_at datetime(6), primary key (id)) engine=InnoDB" via JDBC [You have an error in your SQL syntax; check the manual that corresponds to your MySQL server version for the right syntax to use near '(6), primary key (id)) engine=InnoDB' at line 1]
	at org.hibernate.tool.schema.internal.exec.GenerationTargetToDatabase.accept(GenerationTargetToDatabase.java:94)
	at org.hibernate.tool.schema.internal.AbstractSchemaMigrator.applySqlString(AbstractSchemaMigrator.java:574)
	at org.hibernate.tool.schema.internal.AbstractSchemaMigrator.applySqlStrings(AbstractSchemaMigrator.java:514)
	at org.hibernate.tool.schema.internal.AbstractSchemaMigrator.createTable(AbstractSchemaMigrator.java:315)
	at org.hibernate.tool.schema.internal.GroupedSchemaMigratorImpl.performTablesMigration(GroupedSchemaMigratorImpl.java:80)
	at org.hibernate.tool.schema.internal.AbstractSchemaMigrator.performMigration(AbstractSchemaMigrator.java:232)
	at org.hibernate.tool.schema.internal.AbstractSchemaMigrator.doMigration(AbstractSchemaMigrator.java:117)
	at org.hibernate.tool.schema.spi.SchemaManagementToolCoordinator.performDatabaseAction(SchemaManagementToolCoordinator.java:286)
	at org.hibernate.tool.schema.spi.SchemaManagementToolCoordinator.lambda$process$5(SchemaManagementToolCoordinator.java:145)
	at java.base/java.util.HashMap.forEach(HashMap.java:1429)
	at org.hibernate.tool.schema.spi.SchemaManagementToolCoordinator.process(SchemaManagementToolCoordinator.java:142)
	at org.hibernate.boot.internal.SessionFactoryObserverForSchemaExport.sessionFactoryCreated(SessionFactoryObserverForSchemaExport.java:37)
	at org.hibernate.internal.SessionFactoryObserverChain.sessionFactoryCreated(SessionFactoryObserverChain.java:35)
	at org.hibernate.internal.SessionFactoryImpl.<init>(SessionFactoryImpl.java:315)
	at org.hibernate.boot.internal.SessionFactoryBuilderImpl.build(SessionFactoryBuilderImpl.java:450)
	at org.hibernate.jpa.boot.internal.EntityManagerFactoryBuilderImpl.build(EntityManagerFactoryBuilderImpl.java:1507)
	at org.springframework.orm.jpa.vendor.SpringHibernateJpaPersistenceProvider.createContainerEntityManagerFactory(SpringHibernateJpaPersistenceProvider.java:75)
	at org.springframework.orm.jpa.LocalContainerEntityManagerFactoryBean.createNativeEntityManagerFactory(LocalContainerEntityManagerFactoryBean.java:390)
	at org.springframework.orm.jpa.AbstractEntityManagerFactoryBean.buildNativeEntityManagerFactory(AbstractEntityManagerFactoryBean.java:409)
	at org.springframework.orm.jpa.AbstractEntityManagerFactoryBean.afterPropertiesSet(AbstractEntityManagerFactoryBean.java:396)
	at org.springframework.orm.jpa.LocalContainerEntityManagerFactoryBean.afterPropertiesSet(LocalContainerEntityManagerFactoryBean.java:366)
	at org.springframework.beans.factory.support.AbstractAutowireCapableBeanFactory.invokeInitMethods(AbstractAutowireCapableBeanFactory.java:1833)
	at org.springframework.beans.factory.support.AbstractAutowireCapableBeanFactory.initializeBean(AbstractAutowireCapableBeanFactory.java:1782)
	at org.springframework.beans.factory.support.AbstractAutowireCapableBeanFactory.doCreateBean(AbstractAutowireCapableBeanFactory.java:600)
	at org.springframework.beans.factory.support.AbstractAutowireCapableBeanFactory.createBean(AbstractAutowireCapableBeanFactory.java:522)
	at org.springframework.beans.factory.support.AbstractBeanFactory.lambda$doGetBean$0(AbstractBeanFactory.java:326)
	at org.springframework.beans.factory.support.DefaultSingletonBeanRegistry.getSingleton(DefaultSingletonBeanRegistry.java:234)
	at org.springframework.beans.factory.support.AbstractBeanFactory.doGetBean(AbstractBeanFactory.java:324)
	at org.springframework.beans.factory.support.AbstractBeanFactory.getBean(AbstractBeanFactory.java:200)
	at org.springframework.context.support.AbstractApplicationContext.getBean(AbstractApplicationContext.java:1234)
	at org.springframework.context.support.AbstractApplicationContext.finishBeanFactoryInitialization(AbstractApplicationContext.java:952)
	at org.springframework.context.support.AbstractApplicationContext.refresh(AbstractApplicationContext.java:624)
	at org.springframework.boot.web.servlet.context.ServletWebServerApplicationContext.refresh(ServletWebServerApplicationContext.java:146)
	at org.springframework.boot.SpringApplication.refresh(SpringApplication.java:754)
	at org.springframework.boot.SpringApplication.refreshContext(SpringApplication.java:456)
	at org.springframework.boot.SpringApplication.run(SpringApplication.java:334)
	at org.springframework.boot.SpringApplication.run(SpringApplication.java:1354)
	at org.springframework.boot.SpringApplication.run(SpringApplication.java:1343)
	at com.capg.pharma.catalogservice.CatalogServiceApplication.main(CatalogServiceApplication.java:28)
	at java.base/jdk.internal.reflect.DirectMethodHandleAccessor.invoke(DirectMethodHandleAccessor.java:103)
	at java.base/java.lang.reflect.Method.invoke(Method.java:580)
	at org.springframework.boot.loader.launch.Launcher.launch(Launcher.java:91)
	at org.springframework.boot.loader.launch.Launcher.launch(Launcher.java:53)
	at org.springframework.boot.loader.launch.JarLauncher.main(JarLauncher.java:58)
Caused by: java.sql.SQLSyntaxErrorException: You have an error in your SQL syntax; check the manual that corresponds to your MySQL server version for the right syntax to use near '(6), primary key (id)) engine=InnoDB' at line 1
	at com.mysql.cj.jdbc.exceptions.SQLError.createSQLException(SQLError.java:121)
	at com.mysql.cj.jdbc.exceptions.SQLExceptionsMapping.translateException(SQLExceptionsMapping.java:122)
	at com.mysql.cj.jdbc.StatementImpl.executeInternal(StatementImpl.java:770)
	at com.mysql.cj.jdbc.StatementImpl.execute(StatementImpl.java:653)
	at com.zaxxer.hikari.pool.ProxyStatement.execute(ProxyStatement.java:94)
	at com.zaxxer.hikari.pool.HikariProxyStatement.execute(HikariProxyStatement.java)
	at org.hibernate.tool.schema.internal.exec.GenerationTargetToDatabase.accept(GenerationTargetToDatabase.java:80)
	... 43 common frames omitted
2026-05-02 01:30:19.708 [main] WARN  o.s.b.a.o.j.JpaBaseConfiguration$JpaWebConfiguration - spring.jpa.open-in-view is enabled by default. Therefore, database queries may be performed during view rendering. Explicitly configure spring.jpa.open-in-view to disable this warning
2026-05-02 01:30:19.875 [main] WARN  o.s.b.a.s.s.UserDetailsServiceAutoConfiguration - 

Using generated security password: 4355030e-7514-4766-8f7e-e7ec3fad9bdc

This generated password is for development use only. Your security configuration must be updated before running your application in production.

2026-05-02 01:30:23.292 [main] WARN  o.s.c.l.c.LoadBalancerCacheAutoConfiguration$LoadBalancerCaffeineWarnLogger - Spring Cloud LoadBalancer is currently working with the default cache. While this cache implementation is useful for development and tests, it's recommended to use Caffeine cache in production.You can switch to using Caffeine cache, by adding it and org.springframework.cache.caffeine.CaffeineCacheManager to the classpath.
2026-05-02 01:30:23.984 [main] INFO  o.a.coyote.http11.Http11NioProtocol - Starting ProtocolHandler ["http-nio-9092"]
2026-05-02 01:30:24.094 [main] INFO  c.c.p.c.CatalogServiceApplication - Started CatalogServiceApplication in 37.097 seconds (process running for 40.365)
2026-05-02 01:31:50.114 [http-nio-9092-exec-1] INFO  o.a.c.c.C.[Tomcat].[localhost].[/] - Initializing Spring DispatcherServlet 'dispatcherServlet'
2026-05-02 01:31:51.236 [AsyncReporter{org.springframework.boot.actuate.autoconfigure.tracing.zipkin.ZipkinRestTemplateSender@6f67ece5}] WARN  z.r.AsyncReporter$BoundedAsyncReporter - Spans were dropped due to exceptions. All subsequent errors will be logged at FINE level.
2026-05-02 01:31:51.237 [AsyncReporter{org.springframework.boot.actuate.autoconfigure.tracing.zipkin.ZipkinRestTemplateSender@6f67ece5}] WARN  z.r.AsyncReporter$BoundedAsyncReporter - Dropped 10 spans due to ResourceAccessException(I/O error on POST request for "http://localhost:9411/api/v2/spans": Connect to http://localhost:9411 [localhost/127.0.0.1, localhost/0:0:0:0:0:0:0:1] failed: Connection refused: getsockopt)
org.springframework.web.client.ResourceAccessException: I/O error on POST request for "http://localhost:9411/api/v2/spans": Connect to http://localhost:9411 [localhost/127.0.0.1, localhost/0:0:0:0:0:0:0:1] failed: Connection refused: getsockopt
	at org.springframework.web.client.RestTemplate.createResourceAccessException(RestTemplate.java:915)
	at org.springframework.web.client.RestTemplate.doExecute(RestTemplate.java:895)
	at org.springframework.web.client.RestTemplate.execute(RestTemplate.java:790)
	at org.springframework.web.client.RestTemplate.exchange(RestTemplate.java:672)
	at org.springframework.boot.actuate.autoconfigure.tracing.zipkin.ZipkinRestTemplateSender$RestTemplateHttpPostCall.doExecute(ZipkinRestTemplateSender.java:68)
	at org.springframework.boot.actuate.autoconfigure.tracing.zipkin.ZipkinRestTemplateSender$RestTemplateHttpPostCall.doExecute(ZipkinRestTemplateSender.java:48)
	at zipkin2.Call$Base.execute(Call.java:391)
	at zipkin2.reporter.AsyncReporter$BoundedAsyncReporter.flush(AsyncReporter.java:299)
	at zipkin2.reporter.AsyncReporter$Flusher.run(AsyncReporter.java:378)
	at java.base/java.lang.Thread.run(Thread.java:1583)
Caused by: org.apache.hc.client5.http.HttpHostConnectException: Connect to http://localhost:9411 [localhost/127.0.0.1, localhost/0:0:0:0:0:0:0:1] failed: Connection refused: getsockopt
	at java.base/sun.nio.ch.Net.pollConnect(Native Method)
	at java.base/sun.nio.ch.Net.pollConnectNow(Net.java:682)
	at java.base/sun.nio.ch.NioSocketImpl.timedFinishConnect(NioSocketImpl.java:542)
	at java.base/sun.nio.ch.NioSocketImpl.connect(NioSocketImpl.java:592)
	at java.base/java.net.SocksSocketImpl.connect(SocksSocketImpl.java:327)
	at java.base/java.net.Socket.connect(Socket.java:751)
	at org.apache.hc.client5.http.socket.PlainConnectionSocketFactory.lambda$connectSocket$0(PlainConnectionSocketFactory.java:91)
	at java.base/java.security.AccessController.doPrivileged(AccessController.java:571)
	at org.apache.hc.client5.http.socket.PlainConnectionSocketFactory.connectSocket(PlainConnectionSocketFactory.java:90)
	at org.apache.hc.client5.http.socket.ConnectionSocketFactory.connectSocket(ConnectionSocketFactory.java:123)
	at org.apache.hc.client5.http.impl.io.DefaultHttpClientConnectionOperator.connect(DefaultHttpClientConnectionOperator.java:184)
	at org.apache.hc.client5.http.impl.io.PoolingHttpClientConnectionManager.connect(PoolingHttpClientConnectionManager.java:447)
	at org.apache.hc.client5.http.impl.classic.InternalExecRuntime.connectEndpoint(InternalExecRuntime.java:162)
	at org.apache.hc.client5.http.impl.classic.InternalExecRuntime.connectEndpoint(InternalExecRuntime.java:172)
	at org.apache.hc.client5.http.impl.classic.ConnectExec.execute(ConnectExec.java:142)
	at org.apache.hc.client5.http.impl.classic.ExecChainElement.execute(ExecChainElement.java:51)
	at org.apache.hc.client5.http.impl.classic.ProtocolExec.execute(ProtocolExec.java:192)
	at org.apache.hc.client5.http.impl.classic.ExecChainElement.execute(ExecChainElement.java:51)
	at org.apache.hc.client5.http.impl.classic.HttpRequestRetryExec.execute(HttpRequestRetryExec.java:96)
	at org.apache.hc.client5.http.impl.classic.ExecChainElement.execute(ExecChainElement.java:51)
	at org.apache.hc.client5.http.impl.classic.ContentCompressionExec.execute(ContentCompressionExec.java:152)
	at org.apache.hc.client5.http.impl.classic.ExecChainElement.execute(ExecChainElement.java:51)
	at org.apache.hc.client5.http.impl.classic.RedirectExec.execute(RedirectExec.java:115)
	at org.apache.hc.client5.http.impl.classic.ExecChainElement.execute(ExecChainElement.java:51)
	at org.apache.hc.client5.http.impl.classic.InternalHttpClient.doExecute(InternalHttpClient.java:170)
	at org.apache.hc.client5.http.impl.classic.CloseableHttpClient.execute(CloseableHttpClient.java:87)
	at org.apache.hc.client5.http.impl.classic.CloseableHttpClient.execute(CloseableHttpClient.java:55)
	at org.apache.hc.client5.http.classic.HttpClient.executeOpen(HttpClient.java:183)
	at org.springframework.http.client.HttpComponentsClientHttpRequest.executeInternal(HttpComponentsClientHttpRequest.java:95)
	at org.springframework.http.client.AbstractStreamingClientHttpRequest.executeInternal(AbstractStreamingClientHttpRequest.java:70)
	at org.springframework.http.client.AbstractClientHttpRequest.execute(AbstractClientHttpRequest.java:66)
	at org.springframework.web.client.RestTemplate.doExecute(RestTemplate.java:889)
	... 8 common frames omitted
2026-05-02 01:44:52.356 [http-nio-9092-exec-7] WARN  o.h.e.jdbc.spi.SqlExceptionHelper - SQL Error: 1146, SQLState: 42S02
2026-05-02 01:44:52.364 [http-nio-9092-exec-7] ERROR o.h.e.jdbc.spi.SqlExceptionHelper - Table 'catalog_db.prescriptions' doesn't exist
2026-05-02 01:45:18.816 [http-nio-9092-exec-10] WARN  o.h.e.jdbc.spi.SqlExceptionHelper - SQL Error: 1146, SQLState: 42S02
2026-05-02 01:45:18.817 [http-nio-9092-exec-10] ERROR o.h.e.jdbc.spi.SqlExceptionHelper - Table 'catalog_db.prescriptions' doesn't exist
2026-05-02 01:45:47.426 [http-nio-9092-exec-3] WARN  o.h.e.jdbc.spi.SqlExceptionHelper - SQL Error: 1146, SQLState: 42S02
2026-05-02 01:45:47.426 [http-nio-9092-exec-3] ERROR o.h.e.jdbc.spi.SqlExceptionHelper - Table 'catalog_db.prescriptions' doesn't exist
2026-05-02 01:50:28.449 [http-nio-9092-exec-8] WARN  o.h.e.jdbc.spi.SqlExceptionHelper - SQL Error: 1146, SQLState: 42S02
2026-05-02 01:50:28.450 [http-nio-9092-exec-8] ERROR o.h.e.jdbc.spi.SqlExceptionHelper - Table 'catalog_db.prescriptions' doesn't exist
2026-05-02 01:50:44.156 [http-nio-9092-exec-2] WARN  o.h.e.jdbc.spi.SqlExceptionHelper - SQL Error: 1146, SQLState: 42S02
2026-05-02 01:50:44.156 [http-nio-9092-exec-2] ERROR o.h.e.jdbc.spi.SqlExceptionHelper - Table 'catalog_db.prescriptions' doesn't exist
2026-05-02 01:54:36.005 [http-nio-9092-exec-3] WARN  o.h.e.jdbc.spi.SqlExceptionHelper - SQL Error: 1146, SQLState: 42S02
2026-05-02 01:54:36.006 [http-nio-9092-exec-3] ERROR o.h.e.jdbc.spi.SqlExceptionHelper - Table 'catalog_db.prescriptions' doesn't exist
2026-05-02 01:55:04.441 [http-nio-9092-exec-7] WARN  o.h.e.jdbc.spi.SqlExceptionHelper - SQL Error: 1146, SQLState: 42S02
2026-05-02 01:55:04.442 [http-nio-9092-exec-7] ERROR o.h.e.jdbc.spi.SqlExceptionHelper - Table 'catalog_db.prescriptions' doesn't exist
2026-05-02 01:55:28.197 [http-nio-9092-exec-1] WARN  o.h.e.jdbc.spi.SqlExceptionHelper - SQL Error: 1146, SQLState: 42S02
2026-05-02 01:55:28.198 [http-nio-9092-exec-1] ERROR o.h.e.jdbc.spi.SqlExceptionHelper - Table 'catalog_db.prescriptions' doesn't exist
2026-05-02 02:07:10.256 [http-nio-9092-exec-6] WARN  o.h.e.jdbc.spi.SqlExceptionHelper - SQL Error: 1146, SQLState: 42S02
2026-05-02 02:07:10.262 [http-nio-9092-exec-6] ERROR o.h.e.jdbc.spi.SqlExceptionHelper - Table 'catalog_db.prescriptions' doesn't exist
2026-05-02 02:08:15.575 [http-nio-9092-exec-1] WARN  o.h.e.jdbc.spi.SqlExceptionHelper - SQL Error: 1146, SQLState: 42S02
2026-05-02 02:08:15.576 [http-nio-9092-exec-1] ERROR o.h.e.jdbc.spi.SqlExceptionHelper - Table 'catalog_db.prescriptions' doesn't exist
2026-05-02 02:11:35.502 [http-nio-9092-exec-4] WARN  o.h.e.jdbc.spi.SqlExceptionHelper - SQL Error: 1146, SQLState: 42S02
2026-05-02 02:11:35.504 [http-nio-9092-exec-4] ERROR o.h.e.jdbc.spi.SqlExceptionHelper - Table 'catalog_db.prescriptions' doesn't exist
2026-05-02 02:11:45.329 [http-nio-9092-exec-5] WARN  o.h.e.jdbc.spi.SqlExceptionHelper - SQL Error: 1146, SQLState: 42S02
2026-05-02 02:11:45.330 [http-nio-9092-exec-5] ERROR o.h.e.jdbc.spi.SqlExceptionHelper - Table 'catalog_db.prescriptions' doesn't exist
2026-05-02 02:12:07.439 [http-nio-9092-exec-7] WARN  o.h.e.jdbc.spi.SqlExceptionHelper - SQL Error: 1146, SQLState: 42S02
2026-05-02 02:12:07.440 [http-nio-9092-exec-7] ERROR o.h.e.jdbc.spi.SqlExceptionHelper - Table 'catalog_db.prescriptions' doesn't exist
2026-05-02 02:12:10.164 [http-nio-9092-exec-9] WARN  o.h.e.jdbc.spi.SqlExceptionHelper - SQL Error: 1146, SQLState: 42S02
2026-05-02 02:12:10.165 [http-nio-9092-exec-9] ERROR o.h.e.jdbc.spi.SqlExceptionHelper - Table 'catalog_db.prescriptions' doesn't exist
2026-05-02 02:12:11.054 [http-nio-9092-exec-8] WARN  o.h.e.jdbc.spi.SqlExceptionHelper - SQL Error: 1146, SQLState: 42S02
2026-05-02 02:12:11.054 [http-nio-9092-exec-8] ERROR o.h.e.jdbc.spi.SqlExceptionHelper - Table 'catalog_db.prescriptions' doesn't exist
2026-05-02 02:13:22.264 [http-nio-9092-exec-4] WARN  o.h.e.jdbc.spi.SqlExceptionHelper - SQL Error: 1146, SQLState: 42S02
2026-05-02 02:13:22.265 [http-nio-9092-exec-4] ERROR o.h.e.jdbc.spi.SqlExceptionHelper - Table 'catalog_db.prescriptions' doesn't exist
2026-05-02 02:13:45.917 [http-nio-9092-exec-5] WARN  o.h.e.jdbc.spi.SqlExceptionHelper - SQL Error: 1146, SQLState: 42S02
2026-05-02 02:13:45.920 [http-nio-9092-exec-5] ERROR o.h.e.jdbc.spi.SqlExceptionHelper - Table 'catalog_db.prescriptions' doesn't exist
2026-05-02 02:13:51.788 [http-nio-9092-exec-7] WARN  o.h.e.jdbc.spi.SqlExceptionHelper - SQL Error: 1146, SQLState: 42S02
2026-05-02 02:13:51.789 [http-nio-9092-exec-7] ERROR o.h.e.jdbc.spi.SqlExceptionHelper - Table 'catalog_db.prescriptions' doesn't exist
2026-05-02 02:13:53.688 [http-nio-9092-exec-9] WARN  o.h.e.jdbc.spi.SqlExceptionHelper - SQL Error: 1146, SQLState: 42S02
2026-05-02 02:13:53.690 [http-nio-9092-exec-9] ERROR o.h.e.jdbc.spi.SqlExceptionHelper - Table 'catalog_db.prescriptions' doesn't exist
2026-05-02 02:14:03.057 [http-nio-9092-exec-8] WARN  o.h.e.jdbc.spi.SqlExceptionHelper - SQL Error: 1146, SQLState: 42S02
2026-05-02 02:14:03.058 [http-nio-9092-exec-8] ERROR o.h.e.jdbc.spi.SqlExceptionHelper - Table 'catalog_db.prescriptions' doesn't exist
2026-05-02 02:14:11.991 [http-nio-9092-exec-1] WARN  o.h.e.jdbc.spi.SqlExceptionHelper - SQL Error: 1146, SQLState: 42S02
2026-05-02 02:14:11.992 [http-nio-9092-exec-1] ERROR o.h.e.jdbc.spi.SqlExceptionHelper - Table 'catalog_db.prescriptions' doesn't exist
2026-05-02 02:15:54.317 [http-nio-9092-exec-5] WARN  o.h.e.jdbc.spi.SqlExceptionHelper - SQL Error: 1146, SQLState: 42S02
2026-05-02 02:15:54.320 [http-nio-9092-exec-5] ERROR o.h.e.jdbc.spi.SqlExceptionHelper - Table 'catalog_db.prescriptions' doesn't exist
2026-05-02 02:15:55.494 [http-nio-9092-exec-7] WARN  o.h.e.jdbc.spi.SqlExceptionHelper - SQL Error: 1146, SQLState: 42S02
2026-05-02 02:15:55.495 [http-nio-9092-exec-7] ERROR o.h.e.jdbc.spi.SqlExceptionHelper - Table 'catalog_db.prescriptions' doesn't exist
2026-05-02 02:16:57.667 [http-nio-9092-exec-10] WARN  o.h.e.jdbc.spi.SqlExceptionHelper - SQL Error: 1146, SQLState: 42S02
2026-05-02 02:16:57.668 [http-nio-9092-exec-10] ERROR o.h.e.jdbc.spi.SqlExceptionHelper - Table 'catalog_db.prescriptions' doesn't exist
2026-05-02 02:17:27.043 [http-nio-9092-exec-5] WARN  o.h.e.jdbc.spi.SqlExceptionHelper - SQL Error: 1146, SQLState: 42S02
2026-05-02 02:17:27.044 [http-nio-9092-exec-5] ERROR o.h.e.jdbc.spi.SqlExceptionHelper - Table 'catalog_db.prescriptions' doesn't exist
2026-05-02 02:24:36.684 [http-nio-9092-exec-8] WARN  o.h.e.jdbc.spi.SqlExceptionHelper - SQL Error: 1146, SQLState: 42S02
2026-05-02 02:24:36.698 [http-nio-9092-exec-8] ERROR o.h.e.jdbc.spi.SqlExceptionHelper - Table 'catalog_db.prescriptions' doesn't exist
2026-05-02 02:28:54.829 [http-nio-9092-exec-1] WARN  o.h.e.jdbc.spi.SqlExceptionHelper - SQL Error: 1146, SQLState: 42S02
2026-05-02 02:28:54.862 [http-nio-9092-exec-1] ERROR o.h.e.jdbc.spi.SqlExceptionHelper - Table 'catalog_db.prescriptions' doesn't exist
2026-05-02 02:33:12.555 [http-nio-9092-exec-2] WARN  o.h.e.jdbc.spi.SqlExceptionHelper - SQL Error: 1146, SQLState: 42S02
2026-05-02 02:33:12.565 [http-nio-9092-exec-2] ERROR o.h.e.jdbc.spi.SqlExceptionHelper - Table 'catalog_db.prescriptions' doesn't exist
2026-05-02 02:34:24.193 [http-nio-9092-exec-10] WARN  o.h.e.jdbc.spi.SqlExceptionHelper - SQL Error: 1146, SQLState: 42S02
2026-05-02 02:34:24.194 [http-nio-9092-exec-10] ERROR o.h.e.jdbc.spi.SqlExceptionHelper - Table 'catalog_db.prescriptions' doesn't exist
2026-05-02 02:35:42.405 [http-nio-9092-exec-2] WARN  o.h.e.jdbc.spi.SqlExceptionHelper - SQL Error: 1146, SQLState: 42S02
2026-05-02 02:35:42.406 [http-nio-9092-exec-2] ERROR o.h.e.jdbc.spi.SqlExceptionHelper - Table 'catalog_db.prescriptions' doesn't exist
2026-05-02 02:35:57.176 [http-nio-9092-exec-5] WARN  o.h.e.jdbc.spi.SqlExceptionHelper - SQL Error: 1146, SQLState: 42S02
2026-05-02 02:35:57.177 [http-nio-9092-exec-5] ERROR o.h.e.jdbc.spi.SqlExceptionHelper - Table 'catalog_db.prescriptions' doesn't exist
2026-05-02 02:35:59.186 [http-nio-9092-exec-6] WARN  o.h.e.jdbc.spi.SqlExceptionHelper - SQL Error: 1146, SQLState: 42S02
2026-05-02 02:35:59.188 [http-nio-9092-exec-6] ERROR o.h.e.jdbc.spi.SqlExceptionHelper - Table 'catalog_db.prescriptions' doesn't exist
2026-05-02 02:36:20.637 [http-nio-9092-exec-9] WARN  o.h.e.jdbc.spi.SqlExceptionHelper - SQL Error: 1146, SQLState: 42S02
2026-05-02 02:36:20.639 [http-nio-9092-exec-9] ERROR o.h.e.jdbc.spi.SqlExceptionHelper - Table 'catalog_db.prescriptions' doesn't exist
2026-05-02 02:37:04.979 [http-nio-9092-exec-8] WARN  o.h.e.jdbc.spi.SqlExceptionHelper - SQL Error: 1146, SQLState: 42S02
2026-05-02 02:37:04.981 [http-nio-9092-exec-8] ERROR o.h.e.jdbc.spi.SqlExceptionHelper - Table 'catalog_db.prescriptions' doesn't exist
2026-05-02 02:38:54.767 [http-nio-9092-exec-10] WARN  o.h.e.jdbc.spi.SqlExceptionHelper - SQL Error: 1146, SQLState: 42S02
2026-05-02 02:38:54.771 [http-nio-9092-exec-10] ERROR o.h.e.jdbc.spi.SqlExceptionHelper - Table 'catalog_db.prescriptions' doesn't exist
2026-05-02 02:39:05.589 [http-nio-9092-exec-1] WARN  o.h.e.jdbc.spi.SqlExceptionHelper - SQL Error: 1146, SQLState: 42S02
2026-05-02 02:39:05.590 [http-nio-9092-exec-1] ERROR o.h.e.jdbc.spi.SqlExceptionHelper - Table 'catalog_db.prescriptions' doesn't exist
2026-05-02 02:40:05.833 [http-nio-9092-exec-5] WARN  o.h.e.jdbc.spi.SqlExceptionHelper - SQL Error: 1146, SQLState: 42S02
2026-05-02 02:40:05.837 [http-nio-9092-exec-5] ERROR o.h.e.jdbc.spi.SqlExceptionHelper - Table 'catalog_db.prescriptions' doesn't exist
2026-05-02 11:38:01.477 [main] INFO  c.c.p.c.CatalogServiceApplication - Starting CatalogServiceApplication using Java 21.0.7 with PID 18880 (D:\yosker\PharmacyOnline\janviProject\pharmacy-microservices\catalog-service\target\catalog-service-1.0.0.jar started by V in D:\yosker\PharmacyOnline\janviProject\pharmacy-microservices)
2026-05-02 11:38:01.495 [main] INFO  c.c.p.c.CatalogServiceApplication - No active profile set, falling back to 1 default profile: "default"
2026-05-02 11:38:01.870 [main] WARN  o.s.c.c.c.ConfigServerConfigDataLoader - Could not locate PropertySource ([ConfigServerConfigDataResource@3ef41c66 uris = array<String>['http://localhost:8085'], optional = true, profiles = 'default']): I/O error on GET request for "http://localhost:8085/catalog-service/default": Connection refused: getsockopt
2026-05-02 11:38:01.872 [main] WARN  o.s.c.c.c.ConfigServerConfigDataLoader - Could not locate PropertySource ([ConfigServerConfigDataResource@7e8e8651 uris = array<String>['http://localhost:8085'], optional = true, profiles = 'default']): I/O error on GET request for "http://localhost:8085/catalog-service/default": Connection refused: getsockopt
2026-05-02 11:38:01.875 [main] WARN  o.s.c.c.c.ConfigServerConfigDataLoader - Could not locate PropertySource ([ConfigServerConfigDataResource@49ef32e0 uris = array<String>['http://localhost:8085'], optional = true, profiles = 'default']): I/O error on GET request for "http://localhost:8085/catalog-service/default": Connection refused: getsockopt
2026-05-02 11:38:15.438 [main] WARN  o.s.c.s.PostProcessorRegistrationDelegate$BeanPostProcessorChecker - Bean 'org.springframework.cloud.client.loadbalancer.LoadBalancerAutoConfiguration$DeferringLoadBalancerInterceptorConfig' of type [org.springframework.cloud.client.loadbalancer.LoadBalancerAutoConfiguration$DeferringLoadBalancerInterceptorConfig] is not eligible for getting processed by all BeanPostProcessors (for example: not eligible for auto-proxying). The currently created BeanPostProcessor [lbRestClientPostProcessor] is declared through a non-static factory method on that class; consider declaring it as static instead.
2026-05-02 11:38:15.622 [main] WARN  o.s.c.s.PostProcessorRegistrationDelegate$BeanPostProcessorChecker - Bean 'deferringLoadBalancerInterceptor' of type [org.springframework.cloud.client.loadbalancer.DeferringLoadBalancerInterceptor] is not eligible for getting processed by all BeanPostProcessors (for example: not eligible for auto-proxying). Is this bean getting eagerly injected into a currently created BeanPostProcessor [lbRestClientPostProcessor]? Check the corresponding BeanPostProcessor declaration and its dependencies.
2026-05-02 11:38:18.837 [main] INFO  o.a.coyote.http11.Http11NioProtocol - Initializing ProtocolHandler ["http-nio-9092"]
2026-05-02 11:38:18.848 [main] INFO  o.a.catalina.core.StandardService - Starting service [Tomcat]
2026-05-02 11:38:18.852 [main] INFO  o.a.catalina.core.StandardEngine - Starting Servlet engine: [Apache Tomcat/10.1.20]
2026-05-02 11:38:19.040 [main] INFO  o.a.c.c.C.[Tomcat].[localhost].[/] - Initializing Spring embedded WebApplicationContext
2026-05-02 11:38:28.310 [main] INFO  com.zaxxer.hikari.HikariDataSource - HikariPool-1 - Starting...
2026-05-02 11:38:29.012 [main] INFO  com.zaxxer.hikari.pool.HikariPool - HikariPool-1 - Added connection com.mysql.cj.jdbc.ConnectionImpl@57edfa89
2026-05-02 11:38:29.024 [main] INFO  com.zaxxer.hikari.HikariDataSource - HikariPool-1 - Start completed.
2026-05-02 11:38:29.250 [main] WARN  org.hibernate.dialect.Dialect - HHH000511: The 5.5.27 version for [org.hibernate.dialect.MySQLDialect] is no longer supported, hence certain features may not work properly. The minimum supported version is 8.0.0. Check the community dialects project for available legacy versions.
2026-05-02 11:38:29.269 [main] WARN  org.hibernate.orm.deprecation - HHH90000025: MySQLDialect does not need to be specified explicitly using 'hibernate.dialect' (remove the property setting and it will be selected by default)
2026-05-02 11:38:33.218 [main] WARN  o.h.t.s.i.ExceptionHandlerLoggedImpl - GenerationTarget encountered exception accepting command : Error executing DDL "create table prescriptions (id bigint not null auto_increment, customer_email varchar(255), customer_id bigint not null, image_url varchar(255) not null, rejection_reason varchar(255), status enum ('PENDING','APPROVED','REJECTED'), uploaded_at datetime(6), primary key (id)) engine=InnoDB" via JDBC [You have an error in your SQL syntax; check the manual that corresponds to your MySQL server version for the right syntax to use near '(6), primary key (id)) engine=InnoDB' at line 1]
org.hibernate.tool.schema.spi.CommandAcceptanceException: Error executing DDL "create table prescriptions (id bigint not null auto_increment, customer_email varchar(255), customer_id bigint not null, image_url varchar(255) not null, rejection_reason varchar(255), status enum ('PENDING','APPROVED','REJECTED'), uploaded_at datetime(6), primary key (id)) engine=InnoDB" via JDBC [You have an error in your SQL syntax; check the manual that corresponds to your MySQL server version for the right syntax to use near '(6), primary key (id)) engine=InnoDB' at line 1]
	at org.hibernate.tool.schema.internal.exec.GenerationTargetToDatabase.accept(GenerationTargetToDatabase.java:94)
	at org.hibernate.tool.schema.internal.AbstractSchemaMigrator.applySqlString(AbstractSchemaMigrator.java:574)
	at org.hibernate.tool.schema.internal.AbstractSchemaMigrator.applySqlStrings(AbstractSchemaMigrator.java:514)
	at org.hibernate.tool.schema.internal.AbstractSchemaMigrator.createTable(AbstractSchemaMigrator.java:315)
	at org.hibernate.tool.schema.internal.GroupedSchemaMigratorImpl.performTablesMigration(GroupedSchemaMigratorImpl.java:80)
	at org.hibernate.tool.schema.internal.AbstractSchemaMigrator.performMigration(AbstractSchemaMigrator.java:232)
	at org.hibernate.tool.schema.internal.AbstractSchemaMigrator.doMigration(AbstractSchemaMigrator.java:117)
	at org.hibernate.tool.schema.spi.SchemaManagementToolCoordinator.performDatabaseAction(SchemaManagementToolCoordinator.java:286)
	at org.hibernate.tool.schema.spi.SchemaManagementToolCoordinator.lambda$process$5(SchemaManagementToolCoordinator.java:145)
	at java.base/java.util.HashMap.forEach(HashMap.java:1429)
	at org.hibernate.tool.schema.spi.SchemaManagementToolCoordinator.process(SchemaManagementToolCoordinator.java:142)
	at org.hibernate.boot.internal.SessionFactoryObserverForSchemaExport.sessionFactoryCreated(SessionFactoryObserverForSchemaExport.java:37)
	at org.hibernate.internal.SessionFactoryObserverChain.sessionFactoryCreated(SessionFactoryObserverChain.java:35)
	at org.hibernate.internal.SessionFactoryImpl.<init>(SessionFactoryImpl.java:315)
	at org.hibernate.boot.internal.SessionFactoryBuilderImpl.build(SessionFactoryBuilderImpl.java:450)
	at org.hibernate.jpa.boot.internal.EntityManagerFactoryBuilderImpl.build(EntityManagerFactoryBuilderImpl.java:1507)
	at org.springframework.orm.jpa.vendor.SpringHibernateJpaPersistenceProvider.createContainerEntityManagerFactory(SpringHibernateJpaPersistenceProvider.java:75)
	at org.springframework.orm.jpa.LocalContainerEntityManagerFactoryBean.createNativeEntityManagerFactory(LocalContainerEntityManagerFactoryBean.java:390)
	at org.springframework.orm.jpa.AbstractEntityManagerFactoryBean.buildNativeEntityManagerFactory(AbstractEntityManagerFactoryBean.java:409)
	at org.springframework.orm.jpa.AbstractEntityManagerFactoryBean.afterPropertiesSet(AbstractEntityManagerFactoryBean.java:396)
	at org.springframework.orm.jpa.LocalContainerEntityManagerFactoryBean.afterPropertiesSet(LocalContainerEntityManagerFactoryBean.java:366)
	at org.springframework.beans.factory.support.AbstractAutowireCapableBeanFactory.invokeInitMethods(AbstractAutowireCapableBeanFactory.java:1833)
	at org.springframework.beans.factory.support.AbstractAutowireCapableBeanFactory.initializeBean(AbstractAutowireCapableBeanFactory.java:1782)
	at org.springframework.beans.factory.support.AbstractAutowireCapableBeanFactory.doCreateBean(AbstractAutowireCapableBeanFactory.java:600)
	at org.springframework.beans.factory.support.AbstractAutowireCapableBeanFactory.createBean(AbstractAutowireCapableBeanFactory.java:522)
	at org.springframework.beans.factory.support.AbstractBeanFactory.lambda$doGetBean$0(AbstractBeanFactory.java:326)
	at org.springframework.beans.factory.support.DefaultSingletonBeanRegistry.getSingleton(DefaultSingletonBeanRegistry.java:234)
	at org.springframework.beans.factory.support.AbstractBeanFactory.doGetBean(AbstractBeanFactory.java:324)
	at org.springframework.beans.factory.support.AbstractBeanFactory.getBean(AbstractBeanFactory.java:200)
	at org.springframework.context.support.AbstractApplicationContext.getBean(AbstractApplicationContext.java:1234)
	at org.springframework.context.support.AbstractApplicationContext.finishBeanFactoryInitialization(AbstractApplicationContext.java:952)
	at org.springframework.context.support.AbstractApplicationContext.refresh(AbstractApplicationContext.java:624)
	at org.springframework.boot.web.servlet.context.ServletWebServerApplicationContext.refresh(ServletWebServerApplicationContext.java:146)
	at org.springframework.boot.SpringApplication.refresh(SpringApplication.java:754)
	at org.springframework.boot.SpringApplication.refreshContext(SpringApplication.java:456)
	at org.springframework.boot.SpringApplication.run(SpringApplication.java:334)
	at org.springframework.boot.SpringApplication.run(SpringApplication.java:1354)
	at org.springframework.boot.SpringApplication.run(SpringApplication.java:1343)
	at com.capg.pharma.catalogservice.CatalogServiceApplication.main(CatalogServiceApplication.java:28)
	at java.base/jdk.internal.reflect.DirectMethodHandleAccessor.invoke(DirectMethodHandleAccessor.java:103)
	at java.base/java.lang.reflect.Method.invoke(Method.java:580)
	at org.springframework.boot.loader.launch.Launcher.launch(Launcher.java:91)
	at org.springframework.boot.loader.launch.Launcher.launch(Launcher.java:53)
	at org.springframework.boot.loader.launch.JarLauncher.main(JarLauncher.java:58)
Caused by: java.sql.SQLSyntaxErrorException: You have an error in your SQL syntax; check the manual that corresponds to your MySQL server version for the right syntax to use near '(6), primary key (id)) engine=InnoDB' at line 1
	at com.mysql.cj.jdbc.exceptions.SQLError.createSQLException(SQLError.java:121)
	at com.mysql.cj.jdbc.exceptions.SQLExceptionsMapping.translateException(SQLExceptionsMapping.java:122)
	at com.mysql.cj.jdbc.StatementImpl.executeInternal(StatementImpl.java:770)
	at com.mysql.cj.jdbc.StatementImpl.execute(StatementImpl.java:653)
	at com.zaxxer.hikari.pool.ProxyStatement.execute(ProxyStatement.java:94)
	at com.zaxxer.hikari.pool.HikariProxyStatement.execute(HikariProxyStatement.java)
	at org.hibernate.tool.schema.internal.exec.GenerationTargetToDatabase.accept(GenerationTargetToDatabase.java:80)
	... 43 common frames omitted
2026-05-02 11:38:41.450 [main] WARN  o.s.b.a.o.j.JpaBaseConfiguration$JpaWebConfiguration - spring.jpa.open-in-view is enabled by default. Therefore, database queries may be performed during view rendering. Explicitly configure spring.jpa.open-in-view to disable this warning
2026-05-02 11:38:41.760 [main] WARN  o.s.b.a.s.s.UserDetailsServiceAutoConfiguration - 

Using generated security password: b3a8fae6-a002-48b3-8eba-1286637b7e84

This generated password is for development use only. Your security configuration must be updated before running your application in production.

2026-05-02 11:38:47.649 [main] WARN  o.s.c.l.c.LoadBalancerCacheAutoConfiguration$LoadBalancerCaffeineWarnLogger - Spring Cloud LoadBalancer is currently working with the default cache. While this cache implementation is useful for development and tests, it's recommended to use Caffeine cache in production.You can switch to using Caffeine cache, by adding it and org.springframework.cache.caffeine.CaffeineCacheManager to the classpath.
2026-05-02 11:38:49.155 [main] INFO  o.a.coyote.http11.Http11NioProtocol - Starting ProtocolHandler ["http-nio-9092"]
2026-05-02 11:38:49.278 [main] INFO  c.c.p.c.CatalogServiceApplication - Started CatalogServiceApplication in 55.982 seconds (process running for 60.057)
2026-05-02 11:44:28.386 [http-nio-9092-exec-1] INFO  o.a.c.c.C.[Tomcat].[localhost].[/] - Initializing Spring DispatcherServlet 'dispatcherServlet'
2026-05-02 11:44:29.933 [AsyncReporter{org.springframework.boot.actuate.autoconfigure.tracing.zipkin.ZipkinRestTemplateSender@7b8fcdf2}] WARN  z.r.AsyncReporter$BoundedAsyncReporter - Spans were dropped due to exceptions. All subsequent errors will be logged at FINE level.
2026-05-02 11:44:29.934 [AsyncReporter{org.springframework.boot.actuate.autoconfigure.tracing.zipkin.ZipkinRestTemplateSender@7b8fcdf2}] WARN  z.r.AsyncReporter$BoundedAsyncReporter - Dropped 5 spans due to ResourceAccessException(I/O error on POST request for "http://localhost:9411/api/v2/spans": Connect to http://localhost:9411 [localhost/127.0.0.1, localhost/0:0:0:0:0:0:0:1] failed: Connection refused: getsockopt)
org.springframework.web.client.ResourceAccessException: I/O error on POST request for "http://localhost:9411/api/v2/spans": Connect to http://localhost:9411 [localhost/127.0.0.1, localhost/0:0:0:0:0:0:0:1] failed: Connection refused: getsockopt
	at org.springframework.web.client.RestTemplate.createResourceAccessException(RestTemplate.java:915)
	at org.springframework.web.client.RestTemplate.doExecute(RestTemplate.java:895)
	at org.springframework.web.client.RestTemplate.execute(RestTemplate.java:790)
	at org.springframework.web.client.RestTemplate.exchange(RestTemplate.java:672)
	at org.springframework.boot.actuate.autoconfigure.tracing.zipkin.ZipkinRestTemplateSender$RestTemplateHttpPostCall.doExecute(ZipkinRestTemplateSender.java:68)
	at org.springframework.boot.actuate.autoconfigure.tracing.zipkin.ZipkinRestTemplateSender$RestTemplateHttpPostCall.doExecute(ZipkinRestTemplateSender.java:48)
	at zipkin2.Call$Base.execute(Call.java:391)
	at zipkin2.reporter.AsyncReporter$BoundedAsyncReporter.flush(AsyncReporter.java:299)
	at zipkin2.reporter.AsyncReporter$Flusher.run(AsyncReporter.java:378)
	at java.base/java.lang.Thread.run(Thread.java:1583)
Caused by: org.apache.hc.client5.http.HttpHostConnectException: Connect to http://localhost:9411 [localhost/127.0.0.1, localhost/0:0:0:0:0:0:0:1] failed: Connection refused: getsockopt
	at java.base/sun.nio.ch.Net.pollConnect(Native Method)
	at java.base/sun.nio.ch.Net.pollConnectNow(Net.java:682)
	at java.base/sun.nio.ch.NioSocketImpl.timedFinishConnect(NioSocketImpl.java:542)
	at java.base/sun.nio.ch.NioSocketImpl.connect(NioSocketImpl.java:592)
	at java.base/java.net.SocksSocketImpl.connect(SocksSocketImpl.java:327)
	at java.base/java.net.Socket.connect(Socket.java:751)
	at org.apache.hc.client5.http.socket.PlainConnectionSocketFactory.lambda$connectSocket$0(PlainConnectionSocketFactory.java:91)
	at java.base/java.security.AccessController.doPrivileged(AccessController.java:571)
	at org.apache.hc.client5.http.socket.PlainConnectionSocketFactory.connectSocket(PlainConnectionSocketFactory.java:90)
	at org.apache.hc.client5.http.socket.ConnectionSocketFactory.connectSocket(ConnectionSocketFactory.java:123)
	at org.apache.hc.client5.http.impl.io.DefaultHttpClientConnectionOperator.connect(DefaultHttpClientConnectionOperator.java:184)
	at org.apache.hc.client5.http.impl.io.PoolingHttpClientConnectionManager.connect(PoolingHttpClientConnectionManager.java:447)
	at org.apache.hc.client5.http.impl.classic.InternalExecRuntime.connectEndpoint(InternalExecRuntime.java:162)
	at org.apache.hc.client5.http.impl.classic.InternalExecRuntime.connectEndpoint(InternalExecRuntime.java:172)
	at org.apache.hc.client5.http.impl.classic.ConnectExec.execute(ConnectExec.java:142)
	at org.apache.hc.client5.http.impl.classic.ExecChainElement.execute(ExecChainElement.java:51)
	at org.apache.hc.client5.http.impl.classic.ProtocolExec.execute(ProtocolExec.java:192)
	at org.apache.hc.client5.http.impl.classic.ExecChainElement.execute(ExecChainElement.java:51)
	at org.apache.hc.client5.http.impl.classic.HttpRequestRetryExec.execute(HttpRequestRetryExec.java:96)
	at org.apache.hc.client5.http.impl.classic.ExecChainElement.execute(ExecChainElement.java:51)
	at org.apache.hc.client5.http.impl.classic.ContentCompressionExec.execute(ContentCompressionExec.java:152)
	at org.apache.hc.client5.http.impl.classic.ExecChainElement.execute(ExecChainElement.java:51)
	at org.apache.hc.client5.http.impl.classic.RedirectExec.execute(RedirectExec.java:115)
	at org.apache.hc.client5.http.impl.classic.ExecChainElement.execute(ExecChainElement.java:51)
	at org.apache.hc.client5.http.impl.classic.InternalHttpClient.doExecute(InternalHttpClient.java:170)
	at org.apache.hc.client5.http.impl.classic.CloseableHttpClient.execute(CloseableHttpClient.java:87)
	at org.apache.hc.client5.http.impl.classic.CloseableHttpClient.execute(CloseableHttpClient.java:55)
	at org.apache.hc.client5.http.classic.HttpClient.executeOpen(HttpClient.java:183)
	at org.springframework.http.client.HttpComponentsClientHttpRequest.executeInternal(HttpComponentsClientHttpRequest.java:95)
	at org.springframework.http.client.AbstractStreamingClientHttpRequest.executeInternal(AbstractStreamingClientHttpRequest.java:70)
	at org.springframework.http.client.AbstractClientHttpRequest.execute(AbstractClientHttpRequest.java:66)
	at org.springframework.web.client.RestTemplate.doExecute(RestTemplate.java:889)
	... 8 common frames omitted
2026-05-02 12:21:04.623 [http-nio-9092-exec-10] WARN  o.h.e.jdbc.spi.SqlExceptionHelper - SQL Error: 1146, SQLState: 42S02
2026-05-02 12:21:04.623 [http-nio-9092-exec-10] ERROR o.h.e.jdbc.spi.SqlExceptionHelper - Table 'catalog_db.prescriptions' doesn't exist
2026-05-02 12:21:27.049 [http-nio-9092-exec-2] WARN  o.h.e.jdbc.spi.SqlExceptionHelper - SQL Error: 1146, SQLState: 42S02
2026-05-02 12:21:27.049 [http-nio-9092-exec-2] ERROR o.h.e.jdbc.spi.SqlExceptionHelper - Table 'catalog_db.prescriptions' doesn't exist
2026-05-02 12:24:13.847 [http-nio-9092-exec-7] WARN  o.h.e.jdbc.spi.SqlExceptionHelper - SQL Error: 1146, SQLState: 42S02
2026-05-02 12:24:13.848 [http-nio-9092-exec-7] ERROR o.h.e.jdbc.spi.SqlExceptionHelper - Table 'catalog_db.prescriptions' doesn't exist
2026-05-02 12:24:35.121 [http-nio-9092-exec-9] WARN  o.h.e.jdbc.spi.SqlExceptionHelper - SQL Error: 1146, SQLState: 42S02
2026-05-02 12:24:35.121 [http-nio-9092-exec-9] ERROR o.h.e.jdbc.spi.SqlExceptionHelper - Table 'catalog_db.prescriptions' doesn't exist
2026-05-02 12:24:40.618 [http-nio-9092-exec-1] WARN  o.h.e.jdbc.spi.SqlExceptionHelper - SQL Error: 1146, SQLState: 42S02
2026-05-02 12:24:40.622 [http-nio-9092-exec-1] ERROR o.h.e.jdbc.spi.SqlExceptionHelper - Table 'catalog_db.prescriptions' doesn't exist
2026-05-02 12:24:56.546 [http-nio-9092-exec-3] WARN  o.h.e.jdbc.spi.SqlExceptionHelper - SQL Error: 1146, SQLState: 42S02
2026-05-02 12:24:56.546 [http-nio-9092-exec-3] ERROR o.h.e.jdbc.spi.SqlExceptionHelper - Table 'catalog_db.prescriptions' doesn't exist
2026-05-02 12:26:25.222 [http-nio-9092-exec-6] WARN  o.h.e.jdbc.spi.SqlExceptionHelper - SQL Error: 1146, SQLState: 42S02
2026-05-02 12:26:25.224 [http-nio-9092-exec-6] ERROR o.h.e.jdbc.spi.SqlExceptionHelper - Table 'catalog_db.prescriptions' doesn't exist
2026-05-02 12:28:50.330 [http-nio-9092-exec-3] WARN  o.h.e.jdbc.spi.SqlExceptionHelper - SQL Error: 1146, SQLState: 42S02
2026-05-02 12:28:50.330 [http-nio-9092-exec-3] ERROR o.h.e.jdbc.spi.SqlExceptionHelper - Table 'catalog_db.prescriptions' doesn't exist
2026-05-02 12:29:18.326 [http-nio-9092-exec-7] WARN  o.h.e.jdbc.spi.SqlExceptionHelper - SQL Error: 1146, SQLState: 42S02
2026-05-02 12:29:18.328 [http-nio-9092-exec-7] ERROR o.h.e.jdbc.spi.SqlExceptionHelper - Table 'catalog_db.prescriptions' doesn't exist
2026-05-02 12:29:19.734 [http-nio-9092-exec-9] WARN  o.h.e.jdbc.spi.SqlExceptionHelper - SQL Error: 1146, SQLState: 42S02
2026-05-02 12:29:19.734 [http-nio-9092-exec-9] ERROR o.h.e.jdbc.spi.SqlExceptionHelper - Table 'catalog_db.prescriptions' doesn't exist
2026-05-02 12:31:57.030 [http-nio-9092-exec-2] WARN  o.h.e.jdbc.spi.SqlExceptionHelper - SQL Error: 1146, SQLState: 42S02
2026-05-02 12:31:57.030 [http-nio-9092-exec-2] ERROR o.h.e.jdbc.spi.SqlExceptionHelper - Table 'catalog_db.prescriptions' doesn't exist
2026-05-02 12:32:48.275 [http-nio-9092-exec-5] WARN  o.h.e.jdbc.spi.SqlExceptionHelper - SQL Error: 1146, SQLState: 42S02
2026-05-02 12:32:48.285 [http-nio-9092-exec-5] ERROR o.h.e.jdbc.spi.SqlExceptionHelper - Table 'catalog_db.prescriptions' doesn't exist
2026-05-02 12:33:21.706 [http-nio-9092-exec-8] WARN  o.h.e.jdbc.spi.SqlExceptionHelper - SQL Error: 1146, SQLState: 42S02
2026-05-02 12:33:21.709 [http-nio-9092-exec-8] ERROR o.h.e.jdbc.spi.SqlExceptionHelper - Table 'catalog_db.prescriptions' doesn't exist
2026-05-02 12:43:24.069 [http-nio-9092-exec-5] INFO  o.s.api.AbstractOpenApiResource - Init duration for springdoc-openapi is: 3004 ms
2026-05-02 13:50:42.102 [main] INFO  c.c.p.c.CatalogServiceApplication - Starting CatalogServiceApplication using Java 21.0.7 with PID 7572 (D:\yosker\PharmacyOnline\janviProject\pharmacy-microservices\catalog-service\target\catalog-service-1.0.0.jar started by V in D:\yosker\PharmacyOnline\janviProject\pharmacy-microservices)
2026-05-02 13:50:42.115 [main] INFO  c.c.p.c.CatalogServiceApplication - No active profile set, falling back to 1 default profile: "default"
2026-05-02 13:50:42.676 [main] WARN  o.s.c.c.c.ConfigServerConfigDataLoader - Could not locate PropertySource ([ConfigServerConfigDataResource@3ef41c66 uris = array<String>['http://localhost:8085'], optional = true, profiles = 'default']): I/O error on GET request for "http://localhost:8085/catalog-service/default": Connection refused: getsockopt
2026-05-02 13:50:42.686 [main] WARN  o.s.c.c.c.ConfigServerConfigDataLoader - Could not locate PropertySource ([ConfigServerConfigDataResource@7e8e8651 uris = array<String>['http://localhost:8085'], optional = true, profiles = 'default']): I/O error on GET request for "http://localhost:8085/catalog-service/default": Connection refused: getsockopt
2026-05-02 13:50:42.688 [main] WARN  o.s.c.c.c.ConfigServerConfigDataLoader - Could not locate PropertySource ([ConfigServerConfigDataResource@49ef32e0 uris = array<String>['http://localhost:8085'], optional = true, profiles = 'default']): I/O error on GET request for "http://localhost:8085/catalog-service/default": Connection refused: getsockopt
2026-05-02 13:50:54.623 [main] WARN  o.s.c.s.PostProcessorRegistrationDelegate$BeanPostProcessorChecker - Bean 'org.springframework.cloud.client.loadbalancer.LoadBalancerAutoConfiguration$DeferringLoadBalancerInterceptorConfig' of type [org.springframework.cloud.client.loadbalancer.LoadBalancerAutoConfiguration$DeferringLoadBalancerInterceptorConfig] is not eligible for getting processed by all BeanPostProcessors (for example: not eligible for auto-proxying). The currently created BeanPostProcessor [lbRestClientPostProcessor] is declared through a non-static factory method on that class; consider declaring it as static instead.
2026-05-02 13:50:54.742 [main] WARN  o.s.c.s.PostProcessorRegistrationDelegate$BeanPostProcessorChecker - Bean 'deferringLoadBalancerInterceptor' of type [org.springframework.cloud.client.loadbalancer.DeferringLoadBalancerInterceptor] is not eligible for getting processed by all BeanPostProcessors (for example: not eligible for auto-proxying). Is this bean getting eagerly injected into a currently created BeanPostProcessor [lbRestClientPostProcessor]? Check the corresponding BeanPostProcessor declaration and its dependencies.
2026-05-02 13:50:57.682 [main] INFO  o.a.coyote.http11.Http11NioProtocol - Initializing ProtocolHandler ["http-nio-9092"]
2026-05-02 13:50:57.693 [main] INFO  o.a.catalina.core.StandardService - Starting service [Tomcat]
2026-05-02 13:50:57.695 [main] INFO  o.a.catalina.core.StandardEngine - Starting Servlet engine: [Apache Tomcat/10.1.20]
2026-05-02 13:50:57.903 [main] INFO  o.a.c.c.C.[Tomcat].[localhost].[/] - Initializing Spring embedded WebApplicationContext
2026-05-02 13:51:03.999 [main] INFO  com.zaxxer.hikari.HikariDataSource - HikariPool-1 - Starting...
2026-05-02 13:51:04.461 [main] INFO  com.zaxxer.hikari.pool.HikariPool - HikariPool-1 - Added connection com.mysql.cj.jdbc.ConnectionImpl@11b74ecb
2026-05-02 13:51:04.466 [main] INFO  com.zaxxer.hikari.HikariDataSource - HikariPool-1 - Start completed.
2026-05-02 13:51:04.568 [main] WARN  org.hibernate.dialect.Dialect - HHH000511: The 5.5.27 version for [org.hibernate.dialect.MySQLDialect] is no longer supported, hence certain features may not work properly. The minimum supported version is 8.0.0. Check the community dialects project for available legacy versions.
2026-05-02 13:51:04.581 [main] WARN  org.hibernate.orm.deprecation - HHH90000025: MySQLDialect does not need to be specified explicitly using 'hibernate.dialect' (remove the property setting and it will be selected by default)
2026-05-02 13:51:07.106 [main] WARN  o.h.t.s.i.ExceptionHandlerLoggedImpl - GenerationTarget encountered exception accepting command : Error executing DDL "create table prescriptions (id bigint not null auto_increment, customer_email varchar(255), customer_id bigint not null, image_url varchar(255) not null, rejection_reason varchar(255), status enum ('PENDING','APPROVED','REJECTED'), uploaded_at datetime(6), primary key (id)) engine=InnoDB" via JDBC [You have an error in your SQL syntax; check the manual that corresponds to your MySQL server version for the right syntax to use near '(6), primary key (id)) engine=InnoDB' at line 1]
org.hibernate.tool.schema.spi.CommandAcceptanceException: Error executing DDL "create table prescriptions (id bigint not null auto_increment, customer_email varchar(255), customer_id bigint not null, image_url varchar(255) not null, rejection_reason varchar(255), status enum ('PENDING','APPROVED','REJECTED'), uploaded_at datetime(6), primary key (id)) engine=InnoDB" via JDBC [You have an error in your SQL syntax; check the manual that corresponds to your MySQL server version for the right syntax to use near '(6), primary key (id)) engine=InnoDB' at line 1]
	at org.hibernate.tool.schema.internal.exec.GenerationTargetToDatabase.accept(GenerationTargetToDatabase.java:94)
	at org.hibernate.tool.schema.internal.AbstractSchemaMigrator.applySqlString(AbstractSchemaMigrator.java:574)
	at org.hibernate.tool.schema.internal.AbstractSchemaMigrator.applySqlStrings(AbstractSchemaMigrator.java:514)
	at org.hibernate.tool.schema.internal.AbstractSchemaMigrator.createTable(AbstractSchemaMigrator.java:315)
	at org.hibernate.tool.schema.internal.GroupedSchemaMigratorImpl.performTablesMigration(GroupedSchemaMigratorImpl.java:80)
	at org.hibernate.tool.schema.internal.AbstractSchemaMigrator.performMigration(AbstractSchemaMigrator.java:232)
	at org.hibernate.tool.schema.internal.AbstractSchemaMigrator.doMigration(AbstractSchemaMigrator.java:117)
	at org.hibernate.tool.schema.spi.SchemaManagementToolCoordinator.performDatabaseAction(SchemaManagementToolCoordinator.java:286)
	at org.hibernate.tool.schema.spi.SchemaManagementToolCoordinator.lambda$process$5(SchemaManagementToolCoordinator.java:145)
	at java.base/java.util.HashMap.forEach(HashMap.java:1429)
	at org.hibernate.tool.schema.spi.SchemaManagementToolCoordinator.process(SchemaManagementToolCoordinator.java:142)
	at org.hibernate.boot.internal.SessionFactoryObserverForSchemaExport.sessionFactoryCreated(SessionFactoryObserverForSchemaExport.java:37)
	at org.hibernate.internal.SessionFactoryObserverChain.sessionFactoryCreated(SessionFactoryObserverChain.java:35)
	at org.hibernate.internal.SessionFactoryImpl.<init>(SessionFactoryImpl.java:315)
	at org.hibernate.boot.internal.SessionFactoryBuilderImpl.build(SessionFactoryBuilderImpl.java:450)
	at org.hibernate.jpa.boot.internal.EntityManagerFactoryBuilderImpl.build(EntityManagerFactoryBuilderImpl.java:1507)
	at org.springframework.orm.jpa.vendor.SpringHibernateJpaPersistenceProvider.createContainerEntityManagerFactory(SpringHibernateJpaPersistenceProvider.java:75)
	at org.springframework.orm.jpa.LocalContainerEntityManagerFactoryBean.createNativeEntityManagerFactory(LocalContainerEntityManagerFactoryBean.java:390)
	at org.springframework.orm.jpa.AbstractEntityManagerFactoryBean.buildNativeEntityManagerFactory(AbstractEntityManagerFactoryBean.java:409)
	at org.springframework.orm.jpa.AbstractEntityManagerFactoryBean.afterPropertiesSet(AbstractEntityManagerFactoryBean.java:396)
	at org.springframework.orm.jpa.LocalContainerEntityManagerFactoryBean.afterPropertiesSet(LocalContainerEntityManagerFactoryBean.java:366)
	at org.springframework.beans.factory.support.AbstractAutowireCapableBeanFactory.invokeInitMethods(AbstractAutowireCapableBeanFactory.java:1833)
	at org.springframework.beans.factory.support.AbstractAutowireCapableBeanFactory.initializeBean(AbstractAutowireCapableBeanFactory.java:1782)
	at org.springframework.beans.factory.support.AbstractAutowireCapableBeanFactory.doCreateBean(AbstractAutowireCapableBeanFactory.java:600)
	at org.springframework.beans.factory.support.AbstractAutowireCapableBeanFactory.createBean(AbstractAutowireCapableBeanFactory.java:522)
	at org.springframework.beans.factory.support.AbstractBeanFactory.lambda$doGetBean$0(AbstractBeanFactory.java:326)
	at org.springframework.beans.factory.support.DefaultSingletonBeanRegistry.getSingleton(DefaultSingletonBeanRegistry.java:234)
	at org.springframework.beans.factory.support.AbstractBeanFactory.doGetBean(AbstractBeanFactory.java:324)
	at org.springframework.beans.factory.support.AbstractBeanFactory.getBean(AbstractBeanFactory.java:200)
	at org.springframework.context.support.AbstractApplicationContext.getBean(AbstractApplicationContext.java:1234)
	at org.springframework.context.support.AbstractApplicationContext.finishBeanFactoryInitialization(AbstractApplicationContext.java:952)
	at org.springframework.context.support.AbstractApplicationContext.refresh(AbstractApplicationContext.java:624)
	at org.springframework.boot.web.servlet.context.ServletWebServerApplicationContext.refresh(ServletWebServerApplicationContext.java:146)
	at org.springframework.boot.SpringApplication.refresh(SpringApplication.java:754)
	at org.springframework.boot.SpringApplication.refreshContext(SpringApplication.java:456)
	at org.springframework.boot.SpringApplication.run(SpringApplication.java:334)
	at org.springframework.boot.SpringApplication.run(SpringApplication.java:1354)
	at org.springframework.boot.SpringApplication.run(SpringApplication.java:1343)
	at com.capg.pharma.catalogservice.CatalogServiceApplication.main(CatalogServiceApplication.java:28)
	at java.base/jdk.internal.reflect.DirectMethodHandleAccessor.invoke(DirectMethodHandleAccessor.java:103)
	at java.base/java.lang.reflect.Method.invoke(Method.java:580)
	at org.springframework.boot.loader.launch.Launcher.launch(Launcher.java:91)
	at org.springframework.boot.loader.launch.Launcher.launch(Launcher.java:53)
	at org.springframework.boot.loader.launch.JarLauncher.main(JarLauncher.java:58)
Caused by: java.sql.SQLSyntaxErrorException: You have an error in your SQL syntax; check the manual that corresponds to your MySQL server version for the right syntax to use near '(6), primary key (id)) engine=InnoDB' at line 1
	at com.mysql.cj.jdbc.exceptions.SQLError.createSQLException(SQLError.java:121)
	at com.mysql.cj.jdbc.exceptions.SQLExceptionsMapping.translateException(SQLExceptionsMapping.java:122)
	at com.mysql.cj.jdbc.StatementImpl.executeInternal(StatementImpl.java:770)
	at com.mysql.cj.jdbc.StatementImpl.execute(StatementImpl.java:653)
	at com.zaxxer.hikari.pool.ProxyStatement.execute(ProxyStatement.java:94)
	at com.zaxxer.hikari.pool.HikariProxyStatement.execute(HikariProxyStatement.java)
	at org.hibernate.tool.schema.internal.exec.GenerationTargetToDatabase.accept(GenerationTargetToDatabase.java:80)
	... 43 common frames omitted
2026-05-02 13:51:12.812 [main] WARN  o.s.b.a.o.j.JpaBaseConfiguration$JpaWebConfiguration - spring.jpa.open-in-view is enabled by default. Therefore, database queries may be performed during view rendering. Explicitly configure spring.jpa.open-in-view to disable this warning
2026-05-02 13:51:13.092 [main] WARN  o.s.b.a.s.s.UserDetailsServiceAutoConfiguration - 

Using generated security password: e09797d5-ce7d-4ad7-8caa-d5732f8d255f

This generated password is for development use only. Your security configuration must be updated before running your application in production.

2026-05-02 13:51:18.238 [main] WARN  o.s.c.l.c.LoadBalancerCacheAutoConfiguration$LoadBalancerCaffeineWarnLogger - Spring Cloud LoadBalancer is currently working with the default cache. While this cache implementation is useful for development and tests, it's recommended to use Caffeine cache in production.You can switch to using Caffeine cache, by adding it and org.springframework.cache.caffeine.CaffeineCacheManager to the classpath.
2026-05-02 13:51:19.001 [main] INFO  o.a.coyote.http11.Http11NioProtocol - Starting ProtocolHandler ["http-nio-9092"]
2026-05-02 13:51:19.073 [main] INFO  c.c.p.c.CatalogServiceApplication - Started CatalogServiceApplication in 42.073 seconds (process running for 45.47)
2026-05-02 13:54:58.495 [http-nio-9092-exec-1] INFO  o.a.c.c.C.[Tomcat].[localhost].[/] - Initializing Spring DispatcherServlet 'dispatcherServlet'
2026-05-02 13:54:59.715 [AsyncReporter{org.springframework.boot.actuate.autoconfigure.tracing.zipkin.ZipkinRestTemplateSender@44f23927}] WARN  z.r.AsyncReporter$BoundedAsyncReporter - Spans were dropped due to exceptions. All subsequent errors will be logged at FINE level.
2026-05-02 13:54:59.716 [AsyncReporter{org.springframework.boot.actuate.autoconfigure.tracing.zipkin.ZipkinRestTemplateSender@44f23927}] WARN  z.r.AsyncReporter$BoundedAsyncReporter - Dropped 5 spans due to ResourceAccessException(I/O error on POST request for "http://localhost:9411/api/v2/spans": Connect to http://localhost:9411 [localhost/127.0.0.1, localhost/0:0:0:0:0:0:0:1] failed: Connection refused: getsockopt)
org.springframework.web.client.ResourceAccessException: I/O error on POST request for "http://localhost:9411/api/v2/spans": Connect to http://localhost:9411 [localhost/127.0.0.1, localhost/0:0:0:0:0:0:0:1] failed: Connection refused: getsockopt
	at org.springframework.web.client.RestTemplate.createResourceAccessException(RestTemplate.java:915)
	at org.springframework.web.client.RestTemplate.doExecute(RestTemplate.java:895)
	at org.springframework.web.client.RestTemplate.execute(RestTemplate.java:790)
	at org.springframework.web.client.RestTemplate.exchange(RestTemplate.java:672)
	at org.springframework.boot.actuate.autoconfigure.tracing.zipkin.ZipkinRestTemplateSender$RestTemplateHttpPostCall.doExecute(ZipkinRestTemplateSender.java:68)
	at org.springframework.boot.actuate.autoconfigure.tracing.zipkin.ZipkinRestTemplateSender$RestTemplateHttpPostCall.doExecute(ZipkinRestTemplateSender.java:48)
	at zipkin2.Call$Base.execute(Call.java:391)
	at zipkin2.reporter.AsyncReporter$BoundedAsyncReporter.flush(AsyncReporter.java:299)
	at zipkin2.reporter.AsyncReporter$Flusher.run(AsyncReporter.java:378)
	at java.base/java.lang.Thread.run(Thread.java:1583)
Caused by: org.apache.hc.client5.http.HttpHostConnectException: Connect to http://localhost:9411 [localhost/127.0.0.1, localhost/0:0:0:0:0:0:0:1] failed: Connection refused: getsockopt
	at java.base/sun.nio.ch.Net.pollConnect(Native Method)
	at java.base/sun.nio.ch.Net.pollConnectNow(Net.java:682)
	at java.base/sun.nio.ch.NioSocketImpl.timedFinishConnect(NioSocketImpl.java:542)
	at java.base/sun.nio.ch.NioSocketImpl.connect(NioSocketImpl.java:592)
	at java.base/java.net.SocksSocketImpl.connect(SocksSocketImpl.java:327)
	at java.base/java.net.Socket.connect(Socket.java:751)
	at org.apache.hc.client5.http.socket.PlainConnectionSocketFactory.lambda$connectSocket$0(PlainConnectionSocketFactory.java:91)
	at java.base/java.security.AccessController.doPrivileged(AccessController.java:571)
	at org.apache.hc.client5.http.socket.PlainConnectionSocketFactory.connectSocket(PlainConnectionSocketFactory.java:90)
	at org.apache.hc.client5.http.socket.ConnectionSocketFactory.connectSocket(ConnectionSocketFactory.java:123)
	at org.apache.hc.client5.http.impl.io.DefaultHttpClientConnectionOperator.connect(DefaultHttpClientConnectionOperator.java:184)
	at org.apache.hc.client5.http.impl.io.PoolingHttpClientConnectionManager.connect(PoolingHttpClientConnectionManager.java:447)
	at org.apache.hc.client5.http.impl.classic.InternalExecRuntime.connectEndpoint(InternalExecRuntime.java:162)
	at org.apache.hc.client5.http.impl.classic.InternalExecRuntime.connectEndpoint(InternalExecRuntime.java:172)
	at org.apache.hc.client5.http.impl.classic.ConnectExec.execute(ConnectExec.java:142)
	at org.apache.hc.client5.http.impl.classic.ExecChainElement.execute(ExecChainElement.java:51)
	at org.apache.hc.client5.http.impl.classic.ProtocolExec.execute(ProtocolExec.java:192)
	at org.apache.hc.client5.http.impl.classic.ExecChainElement.execute(ExecChainElement.java:51)
	at org.apache.hc.client5.http.impl.classic.HttpRequestRetryExec.execute(HttpRequestRetryExec.java:96)
	at org.apache.hc.client5.http.impl.classic.ExecChainElement.execute(ExecChainElement.java:51)
	at org.apache.hc.client5.http.impl.classic.ContentCompressionExec.execute(ContentCompressionExec.java:152)
	at org.apache.hc.client5.http.impl.classic.ExecChainElement.execute(ExecChainElement.java:51)
	at org.apache.hc.client5.http.impl.classic.RedirectExec.execute(RedirectExec.java:115)
	at org.apache.hc.client5.http.impl.classic.ExecChainElement.execute(ExecChainElement.java:51)
	at org.apache.hc.client5.http.impl.classic.InternalHttpClient.doExecute(InternalHttpClient.java:170)
	at org.apache.hc.client5.http.impl.classic.CloseableHttpClient.execute(CloseableHttpClient.java:87)
	at org.apache.hc.client5.http.impl.classic.CloseableHttpClient.execute(CloseableHttpClient.java:55)
	at org.apache.hc.client5.http.classic.HttpClient.executeOpen(HttpClient.java:183)
	at org.springframework.http.client.HttpComponentsClientHttpRequest.executeInternal(HttpComponentsClientHttpRequest.java:95)
	at org.springframework.http.client.AbstractStreamingClientHttpRequest.executeInternal(AbstractStreamingClientHttpRequest.java:70)
	at org.springframework.http.client.AbstractClientHttpRequest.execute(AbstractClientHttpRequest.java:66)
	at org.springframework.web.client.RestTemplate.doExecute(RestTemplate.java:889)
	... 8 common frames omitted
2026-05-02 14:02:15.042 [http-nio-9092-exec-9] WARN  o.h.e.jdbc.spi.SqlExceptionHelper - SQL Error: 1146, SQLState: 42S02
2026-05-02 14:02:15.056 [http-nio-9092-exec-9] ERROR o.h.e.jdbc.spi.SqlExceptionHelper - Table 'catalog_db.prescriptions' doesn't exist
2026-05-02 14:03:50.986 [http-nio-9092-exec-5] WARN  o.h.e.jdbc.spi.SqlExceptionHelper - SQL Error: 1146, SQLState: 42S02
2026-05-02 14:03:50.986 [http-nio-9092-exec-5] ERROR o.h.e.jdbc.spi.SqlExceptionHelper - Table 'catalog_db.prescriptions' doesn't exist
2026-05-02 14:05:35.040 [http-nio-9092-exec-10] WARN  o.h.e.jdbc.spi.SqlExceptionHelper - SQL Error: 1146, SQLState: 42S02
2026-05-02 14:05:35.040 [http-nio-9092-exec-10] ERROR o.h.e.jdbc.spi.SqlExceptionHelper - Table 'catalog_db.prescriptions' doesn't exist
2026-05-02 14:06:09.437 [http-nio-9092-exec-2] WARN  o.h.e.jdbc.spi.SqlExceptionHelper - SQL Error: 1146, SQLState: 42S02
2026-05-02 14:06:09.455 [http-nio-9092-exec-2] ERROR o.h.e.jdbc.spi.SqlExceptionHelper - Table 'catalog_db.prescriptions' doesn't exist
2026-05-02 14:11:56.819 [http-nio-9092-exec-7] WARN  o.h.e.jdbc.spi.SqlExceptionHelper - SQL Error: 1146, SQLState: 42S02
2026-05-02 14:11:56.825 [http-nio-9092-exec-7] ERROR o.h.e.jdbc.spi.SqlExceptionHelper - Table 'catalog_db.prescriptions' doesn't exist
2026-05-02 14:11:59.550 [http-nio-9092-exec-6] WARN  o.h.e.jdbc.spi.SqlExceptionHelper - SQL Error: 1146, SQLState: 42S02
2026-05-02 14:11:59.552 [http-nio-9092-exec-6] ERROR o.h.e.jdbc.spi.SqlExceptionHelper - Table 'catalog_db.prescriptions' doesn't exist
2026-05-02 14:14:35.781 [http-nio-9092-exec-8] WARN  o.h.e.jdbc.spi.SqlExceptionHelper - SQL Error: 1146, SQLState: 42S02
2026-05-02 14:14:35.781 [http-nio-9092-exec-8] ERROR o.h.e.jdbc.spi.SqlExceptionHelper - Table 'catalog_db.prescriptions' doesn't exist
2026-05-02 14:22:20.941 [http-nio-9092-exec-7] WARN  o.h.e.jdbc.spi.SqlExceptionHelper - SQL Error: 1146, SQLState: 42S02
2026-05-02 14:22:20.948 [http-nio-9092-exec-7] ERROR o.h.e.jdbc.spi.SqlExceptionHelper - Table 'catalog_db.prescriptions' doesn't exist
2026-05-02 14:22:43.020 [http-nio-9092-exec-8] WARN  o.h.e.jdbc.spi.SqlExceptionHelper - SQL Error: 1146, SQLState: 42S02
2026-05-02 14:22:43.020 [http-nio-9092-exec-8] ERROR o.h.e.jdbc.spi.SqlExceptionHelper - Table 'catalog_db.prescriptions' doesn't exist
2026-05-02 14:22:45.071 [http-nio-9092-exec-9] WARN  o.h.e.jdbc.spi.SqlExceptionHelper - SQL Error: 1146, SQLState: 42S02
2026-05-02 14:22:45.073 [http-nio-9092-exec-9] ERROR o.h.e.jdbc.spi.SqlExceptionHelper - Table 'catalog_db.prescriptions' doesn't exist
2026-05-02 14:25:42.129 [http-nio-9092-exec-5] WARN  o.h.e.jdbc.spi.SqlExceptionHelper - SQL Error: 1146, SQLState: 42S02
2026-05-02 14:25:42.132 [http-nio-9092-exec-5] ERROR o.h.e.jdbc.spi.SqlExceptionHelper - Table 'catalog_db.prescriptions' doesn't exist
2026-05-02 14:25:43.902 [http-nio-9092-exec-6] WARN  o.h.e.jdbc.spi.SqlExceptionHelper - SQL Error: 1146, SQLState: 42S02
2026-05-02 14:25:43.902 [http-nio-9092-exec-6] ERROR o.h.e.jdbc.spi.SqlExceptionHelper - Table 'catalog_db.prescriptions' doesn't exist
2026-05-02 14:25:45.726 [http-nio-9092-exec-8] WARN  o.h.e.jdbc.spi.SqlExceptionHelper - SQL Error: 1146, SQLState: 42S02
2026-05-02 14:25:45.733 [http-nio-9092-exec-8] ERROR o.h.e.jdbc.spi.SqlExceptionHelper - Table 'catalog_db.prescriptions' doesn't exist
2026-05-02 14:25:48.830 [http-nio-9092-exec-9] WARN  o.h.e.jdbc.spi.SqlExceptionHelper - SQL Error: 1146, SQLState: 42S02
2026-05-02 14:25:48.833 [http-nio-9092-exec-9] ERROR o.h.e.jdbc.spi.SqlExceptionHelper - Table 'catalog_db.prescriptions' doesn't exist
2026-05-02 14:26:17.864 [http-nio-9092-exec-2] WARN  o.h.e.jdbc.spi.SqlExceptionHelper - SQL Error: 1146, SQLState: 42S02
2026-05-02 14:26:17.867 [http-nio-9092-exec-2] ERROR o.h.e.jdbc.spi.SqlExceptionHelper - Table 'catalog_db.prescriptions' doesn't exist
2026-05-02 14:26:35.496 [http-nio-9092-exec-5] WARN  o.h.e.jdbc.spi.SqlExceptionHelper - SQL Error: 1146, SQLState: 42S02
2026-05-02 14:26:35.496 [http-nio-9092-exec-5] ERROR o.h.e.jdbc.spi.SqlExceptionHelper - Table 'catalog_db.prescriptions' doesn't exist
2026-05-02 14:31:32.282 [http-nio-9092-exec-8] WARN  o.h.e.jdbc.spi.SqlExceptionHelper - SQL Error: 1146, SQLState: 42S02
2026-05-02 14:31:32.282 [http-nio-9092-exec-8] ERROR o.h.e.jdbc.spi.SqlExceptionHelper - Table 'catalog_db.prescriptions' doesn't exist
2026-05-02 14:31:36.022 [http-nio-9092-exec-9] WARN  o.h.e.jdbc.spi.SqlExceptionHelper - SQL Error: 1146, SQLState: 42S02
2026-05-02 14:31:36.024 [http-nio-9092-exec-9] ERROR o.h.e.jdbc.spi.SqlExceptionHelper - Table 'catalog_db.prescriptions' doesn't exist
2026-05-02 14:31:40.203 [http-nio-9092-exec-3] WARN  o.h.e.jdbc.spi.SqlExceptionHelper - SQL Error: 1146, SQLState: 42S02
2026-05-02 14:31:40.206 [http-nio-9092-exec-3] ERROR o.h.e.jdbc.spi.SqlExceptionHelper - Table 'catalog_db.prescriptions' doesn't exist
2026-05-02 14:31:41.808 [http-nio-9092-exec-2] WARN  o.h.e.jdbc.spi.SqlExceptionHelper - SQL Error: 1146, SQLState: 42S02
2026-05-02 14:31:41.808 [http-nio-9092-exec-2] ERROR o.h.e.jdbc.spi.SqlExceptionHelper - Table 'catalog_db.prescriptions' doesn't exist
2026-05-02 14:31:45.887 [http-nio-9092-exec-4] WARN  o.h.e.jdbc.spi.SqlExceptionHelper - SQL Error: 1146, SQLState: 42S02
2026-05-02 14:31:45.887 [http-nio-9092-exec-4] ERROR o.h.e.jdbc.spi.SqlExceptionHelper - Table 'catalog_db.prescriptions' doesn't exist
2026-05-02 14:32:04.822 [http-nio-9092-exec-6] WARN  o.h.e.jdbc.spi.SqlExceptionHelper - SQL Error: 1146, SQLState: 42S02
2026-05-02 14:32:04.822 [http-nio-9092-exec-6] ERROR o.h.e.jdbc.spi.SqlExceptionHelper - Table 'catalog_db.prescriptions' doesn't exist
2026-05-02 14:35:14.232 [http-nio-9092-exec-1] WARN  o.h.e.jdbc.spi.SqlExceptionHelper - SQL Error: 1146, SQLState: 42S02
2026-05-02 14:35:14.232 [http-nio-9092-exec-1] ERROR o.h.e.jdbc.spi.SqlExceptionHelper - Table 'catalog_db.prescriptions' doesn't exist
2026-05-02 14:35:17.217 [http-nio-9092-exec-3] WARN  o.h.e.jdbc.spi.SqlExceptionHelper - SQL Error: 1146, SQLState: 42S02
2026-05-02 14:35:17.223 [http-nio-9092-exec-3] ERROR o.h.e.jdbc.spi.SqlExceptionHelper - Table 'catalog_db.prescriptions' doesn't exist
2026-05-02 14:35:24.293 [http-nio-9092-exec-5] WARN  o.h.e.jdbc.spi.SqlExceptionHelper - SQL Error: 1146, SQLState: 42S02
2026-05-02 14:35:24.293 [http-nio-9092-exec-5] ERROR o.h.e.jdbc.spi.SqlExceptionHelper - Table 'catalog_db.prescriptions' doesn't exist
2026-05-02 14:49:42.165 [http-nio-9092-exec-2] WARN  o.h.e.jdbc.spi.SqlExceptionHelper - SQL Error: 1146, SQLState: 42S02
2026-05-02 14:49:42.172 [http-nio-9092-exec-2] ERROR o.h.e.jdbc.spi.SqlExceptionHelper - Table 'catalog_db.prescriptions' doesn't exist
2026-05-02 14:59:09.849 [http-nio-9092-exec-2] WARN  o.h.e.jdbc.spi.SqlExceptionHelper - SQL Error: 1146, SQLState: 42S02
2026-05-02 14:59:09.857 [http-nio-9092-exec-2] ERROR o.h.e.jdbc.spi.SqlExceptionHelper - Table 'catalog_db.prescriptions' doesn't exist
2026-05-02 14:59:20.700 [http-nio-9092-exec-10] WARN  o.h.e.jdbc.spi.SqlExceptionHelper - SQL Error: 1146, SQLState: 42S02
2026-05-02 14:59:20.700 [http-nio-9092-exec-10] ERROR o.h.e.jdbc.spi.SqlExceptionHelper - Table 'catalog_db.prescriptions' doesn't exist
2026-05-02 14:59:22.509 [http-nio-9092-exec-8] WARN  o.h.e.jdbc.spi.SqlExceptionHelper - SQL Error: 1146, SQLState: 42S02
2026-05-02 14:59:22.511 [http-nio-9092-exec-8] ERROR o.h.e.jdbc.spi.SqlExceptionHelper - Table 'catalog_db.prescriptions' doesn't exist
2026-05-02 15:04:55.811 [http-nio-9092-exec-7] WARN  o.h.e.jdbc.spi.SqlExceptionHelper - SQL Error: 1146, SQLState: 42S02
2026-05-02 15:04:55.817 [http-nio-9092-exec-7] ERROR o.h.e.jdbc.spi.SqlExceptionHelper - Table 'catalog_db.prescriptions' doesn't exist
2026-05-02 15:47:46.730 [http-nio-9092-exec-7] WARN  o.s.s.c.SpringSecurityMessageSource - ResourceBundle [org.springframework.security.messages] not found for MessageSource: Can't find bundle for base name org.springframework.security.messages, locale en_US
2026-05-02 15:47:46.878 [http-nio-9092-exec-6] WARN  o.s.s.c.SpringSecurityMessageSource - ResourceBundle [org.springframework.security.messages] not found for MessageSource: Can't find bundle for base name org.springframework.security.messages, locale en_US
2026-05-02 15:47:46.943 [http-nio-9092-exec-7] ERROR o.a.c.c.C.[Tomcat].[localhost] - Exception Processing [ErrorPage[errorCode=0, location=/error]]
java.lang.NoClassDefFoundError: org/apache/catalina/core/ApplicationContext$DispatchData
	at org.apache.catalina.core.ApplicationContext.getRequestDispatcher(ApplicationContext.java:421)
	at org.apache.catalina.core.ApplicationContextFacade.getRequestDispatcher(ApplicationContextFacade.java:215)
	at org.apache.catalina.core.StandardHostValve.custom(StandardHostValve.java:332)
	at org.apache.catalina.core.StandardHostValve.status(StandardHostValve.java:222)
	at org.apache.catalina.core.StandardHostValve.invoke(StandardHostValve.java:151)
	at org.apache.catalina.valves.ErrorReportValve.invoke(ErrorReportValve.java:93)
	at org.apache.catalina.core.StandardEngineValve.invoke(StandardEngineValve.java:74)
	at org.apache.catalina.connector.CoyoteAdapter.service(CoyoteAdapter.java:344)
	at org.apache.coyote.http11.Http11Processor.service(Http11Processor.java:391)
	at org.apache.coyote.AbstractProcessorLight.process(AbstractProcessorLight.java:63)
	at org.apache.coyote.AbstractProtocol$ConnectionHandler.process(AbstractProtocol.java:896)
	at org.apache.tomcat.util.net.NioEndpoint$SocketProcessor.doRun(NioEndpoint.java:1736)
	at org.apache.tomcat.util.net.SocketProcessorBase.run(SocketProcessorBase.java:52)
	at org.apache.tomcat.util.threads.ThreadPoolExecutor.runWorker(ThreadPoolExecutor.java:1191)
	at org.apache.tomcat.util.threads.ThreadPoolExecutor$Worker.run(ThreadPoolExecutor.java:659)
	at org.apache.tomcat.util.threads.TaskThread$WrappingRunnable.run(TaskThread.java:63)
	at java.base/java.lang.Thread.run(Thread.java:1583)
Caused by: java.lang.ClassNotFoundException: org.apache.catalina.core.ApplicationContext$DispatchData
	at java.base/java.net.URLClassLoader.findClass(URLClassLoader.java:445)
	at java.base/java.lang.ClassLoader.loadClass(ClassLoader.java:593)
	at org.springframework.boot.loader.net.protocol.jar.JarUrlClassLoader.loadClass(JarUrlClassLoader.java:104)
	at org.springframework.boot.loader.launch.LaunchedClassLoader.loadClass(LaunchedClassLoader.java:91)
	at java.base/java.lang.ClassLoader.loadClass(ClassLoader.java:526)
	... 17 common frames omitted
2026-05-02 15:47:46.975 [http-nio-9092-exec-6] ERROR o.a.c.c.C.[.[.[.[dispatcherServlet] - Servlet.service() for servlet [dispatcherServlet] in context with path [] threw exception [Handler processing failed: java.lang.NoClassDefFoundError: org/springframework/core/ExceptionDepthComparator] with root cause
java.lang.ClassNotFoundException: org.springframework.core.ExceptionDepthComparator
	at java.base/java.net.URLClassLoader.findClass(URLClassLoader.java:445)
	at java.base/java.lang.ClassLoader.loadClass(ClassLoader.java:593)
	at org.springframework.boot.loader.net.protocol.jar.JarUrlClassLoader.loadClass(JarUrlClassLoader.java:104)
	at org.springframework.boot.loader.launch.LaunchedClassLoader.loadClass(LaunchedClassLoader.java:91)
	at java.base/java.lang.ClassLoader.loadClass(ClassLoader.java:526)
	at org.springframework.web.method.annotation.ExceptionHandlerMethodResolver.getMappedMethod(ExceptionHandlerMethodResolver.java:187)
	at org.springframework.web.method.annotation.ExceptionHandlerMethodResolver.resolveMethodByExceptionType(ExceptionHandlerMethodResolver.java:167)
	at org.springframework.web.method.annotation.ExceptionHandlerMethodResolver.resolveMethodByThrowable(ExceptionHandlerMethodResolver.java:146)
	at org.springframework.web.method.annotation.ExceptionHandlerMethodResolver.resolveMethod(ExceptionHandlerMethodResolver.java:134)
	at org.springframework.web.servlet.mvc.method.annotation.ExceptionHandlerExceptionResolver.getExceptionHandlerMethod(ExceptionHandlerExceptionResolver.java:503)
	at org.springframework.web.servlet.mvc.method.annotation.ExceptionHandlerExceptionResolver.doResolveHandlerMethodException(ExceptionHandlerExceptionResolver.java:402)
	at org.springframework.web.servlet.handler.AbstractHandlerMethodExceptionResolver.doResolveException(AbstractHandlerMethodExceptionResolver.java:74)
	at org.springframework.web.servlet.handler.AbstractHandlerExceptionResolver.resolveException(AbstractHandlerExceptionResolver.java:175)
	at org.springframework.web.servlet.handler.HandlerExceptionResolverComposite.resolveException(HandlerExceptionResolverComposite.java:80)
	at org.springframework.web.servlet.DispatcherServlet.processHandlerException(DispatcherServlet.java:1357)
	at org.springframework.web.servlet.DispatcherServlet.processDispatchResult(DispatcherServlet.java:1160)
	at org.springframework.web.servlet.DispatcherServlet.doDispatch(DispatcherServlet.java:1106)
	at org.springframework.web.servlet.DispatcherServlet.doService(DispatcherServlet.java:979)
	at org.springframework.web.servlet.FrameworkServlet.processRequest(FrameworkServlet.java:1014)
	at org.springframework.web.servlet.FrameworkServlet.doGet(FrameworkServlet.java:903)
	at jakarta.servlet.http.HttpServlet.service(HttpServlet.java:564)
	at org.springframework.web.servlet.FrameworkServlet.service(FrameworkServlet.java:885)
	at jakarta.servlet.http.HttpServlet.service(HttpServlet.java:658)
	at org.apache.catalina.core.ApplicationFilterChain.internalDoFilter(ApplicationFilterChain.java:206)
	at org.apache.catalina.core.ApplicationFilterChain.doFilter(ApplicationFilterChain.java:150)
	at org.apache.tomcat.websocket.server.WsFilter.doFilter(WsFilter.java:51)
	at org.apache.catalina.core.ApplicationFilterChain.internalDoFilter(ApplicationFilterChain.java:175)
	at org.apache.catalina.core.ApplicationFilterChain.doFilter(ApplicationFilterChain.java:150)
	at org.springframework.web.filter.OncePerRequestFilter.doFilter(OncePerRequestFilter.java:110)
	at org.apache.catalina.core.ApplicationFilterChain.internalDoFilter(ApplicationFilterChain.java:175)
	at org.apache.catalina.core.ApplicationFilterChain.doFilter(ApplicationFilterChain.java:150)
	at org.springframework.web.filter.CompositeFilter$VirtualFilterChain.doFilter(CompositeFilter.java:108)
	at org.springframework.security.web.FilterChainProxy.lambda$doFilterInternal$3(FilterChainProxy.java:231)
	at org.springframework.security.web.ObservationFilterChainDecorator$FilterObservation$SimpleFilterObservation.lambda$wrap$1(ObservationFilterChainDecorator.java:479)
	at org.springframework.security.web.ObservationFilterChainDecorator$AroundFilterObservation$SimpleAroundFilterObservation.lambda$wrap$1(ObservationFilterChainDecorator.java:340)
	at org.springframework.security.web.ObservationFilterChainDecorator.lambda$wrapSecured$0(ObservationFilterChainDecorator.java:82)
	at org.springframework.security.web.ObservationFilterChainDecorator$VirtualFilterChain.doFilter(ObservationFilterChainDecorator.java:128)
	at org.springframework.security.web.access.intercept.AuthorizationFilter.doFilter(AuthorizationFilter.java:100)
	at org.springframework.security.web.ObservationFilterChainDecorator$ObservationFilter.wrapFilter(ObservationFilterChainDecorator.java:240)
	at org.springframework.security.web.ObservationFilterChainDecorator$ObservationFilter.doFilter(ObservationFilterChainDecorator.java:227)
	at org.springframework.security.web.ObservationFilterChainDecorator$VirtualFilterChain.doFilter(ObservationFilterChainDecorator.java:137)
	at org.springframework.security.web.access.ExceptionTranslationFilter.doFilter(ExceptionTranslationFilter.java:126)
	at org.springframework.security.web.access.ExceptionTranslationFilter.doFilter(ExceptionTranslationFilter.java:120)
	at org.springframework.security.web.ObservationFilterChainDecorator$ObservationFilter.wrapFilter(ObservationFilterChainDecorator.java:240)
	at org.springframework.security.web.ObservationFilterChainDecorator$ObservationFilter.doFilter(ObservationFilterChainDecorator.java:227)
	at org.springframework.security.web.ObservationFilterChainDecorator$VirtualFilterChain.doFilter(ObservationFilterChainDecorator.java:137)
	at org.springframework.security.web.session.SessionManagementFilter.doFilter(SessionManagementFilter.java:131)
	at org.springframework.security.web.session.SessionManagementFilter.doFilter(SessionManagementFilter.java:85)
	at org.springframework.security.web.ObservationFilterChainDecorator$ObservationFilter.wrapFilter(ObservationFilterChainDecorator.java:240)
	at org.springframework.security.web.ObservationFilterChainDecorator$ObservationFilter.doFilter(ObservationFilterChainDecorator.java:227)
	at org.springframework.security.web.ObservationFilterChainDecorator$VirtualFilterChain.doFilter(ObservationFilterChainDecorator.java:137)
	at org.springframework.security.web.authentication.AnonymousAuthenticationFilter.doFilter(AnonymousAuthenticationFilter.java:100)
	at org.springframework.security.web.ObservationFilterChainDecorator$ObservationFilter.wrapFilter(ObservationFilterChainDecorator.java:240)
	at org.springframework.security.web.ObservationFilterChainDecorator$ObservationFilter.doFilter(ObservationFilterChainDecorator.java:227)
	at org.springframework.security.web.ObservationFilterChainDecorator$VirtualFilterChain.doFilter(ObservationFilterChainDecorator.java:137)
	at org.springframework.security.web.servletapi.SecurityContextHolderAwareRequestFilter.doFilter(SecurityContextHolderAwareRequestFilter.java:179)
	at org.springframework.security.web.ObservationFilterChainDecorator$ObservationFilter.wrapFilter(ObservationFilterChainDecorator.java:240)
	at org.springframework.security.web.ObservationFilterChainDecorator$ObservationFilter.doFilter(ObservationFilterChainDecorator.java:227)
	at org.springframework.security.web.ObservationFilterChainDecorator$VirtualFilterChain.doFilter(ObservationFilterChainDecorator.java:137)
	at org.springframework.security.web.savedrequest.RequestCacheAwareFilter.doFilter(RequestCacheAwareFilter.java:63)
	at org.springframework.security.web.ObservationFilterChainDecorator$ObservationFilter.wrapFilter(ObservationFilterChainDecorator.java:240)
	at org.springframework.security.web.ObservationFilterChainDecorator$ObservationFilter.doFilter(ObservationFilterChainDecorator.java:227)
	at org.springframework.security.web.ObservationFilterChainDecorator$VirtualFilterChain.doFilter(ObservationFilterChainDecorator.java:137)
	at com.capg.pharma.catalogservice.security.JwtAuthFilter.doFilterInternal(JwtAuthFilter.java:66)
	at org.springframework.web.filter.OncePerRequestFilter.doFilter(OncePerRequestFilter.java:116)
	at org.springframework.security.web.ObservationFilterChainDecorator$ObservationFilter.wrapFilter(ObservationFilterChainDecorator.java:240)
	at org.springframework.security.web.ObservationFilterChainDecorator$ObservationFilter.doFilter(ObservationFilterChainDecorator.java:227)
	at org.springframework.security.web.ObservationFilterChainDecorator$VirtualFilterChain.doFilter(ObservationFilterChainDecorator.java:137)
	at org.springframework.security.web.authentication.logout.LogoutFilter.doFilter(LogoutFilter.java:107)
	at org.springframework.security.web.authentication.logout.LogoutFilter.doFilter(LogoutFilter.java:93)
	at org.springframework.security.web.ObservationFilterChainDecorator$ObservationFilter.wrapFilter(ObservationFilterChainDecorator.java:240)
	at org.springframework.security.web.ObservationFilterChainDecorator$ObservationFilter.doFilter(ObservationFilterChainDecorator.java:227)
	at org.springframework.security.web.ObservationFilterChainDecorator$VirtualFilterChain.doFilter(ObservationFilterChainDecorator.java:137)
	at org.springframework.web.filter.CorsFilter.doFilterInternal(CorsFilter.java:91)
	at org.springframework.web.filter.OncePerRequestFilter.doFilter(OncePerRequestFilter.java:116)
	at org.springframework.security.web.ObservationFilterChainDecorator$ObservationFilter.wrapFilter(ObservationFilterChainDecorator.java:240)
	at org.springframework.security.web.ObservationFilterChainDecorator$ObservationFilter.doFilter(ObservationFilterChainDecorator.java:227)
	at org.springframework.security.web.ObservationFilterChainDecorator$VirtualFilterChain.doFilter(ObservationFilterChainDecorator.java:137)
	at org.springframework.security.web.header.HeaderWriterFilter.doHeadersAfter(HeaderWriterFilter.java:90)
	at org.springframework.security.web.header.HeaderWriterFilter.doFilterInternal(HeaderWriterFilter.java:75)
	at org.springframework.web.filter.OncePerRequestFilter.doFilter(OncePerRequestFilter.java:116)
	at org.springframework.security.web.ObservationFilterChainDecorator$ObservationFilter.wrapFilter(ObservationFilterChainDecorator.java:240)
	at org.springframework.security.web.ObservationFilterChainDecorator$ObservationFilter.doFilter(ObservationFilterChainDecorator.java:227)
	at org.springframework.security.web.ObservationFilterChainDecorator$VirtualFilterChain.doFilter(ObservationFilterChainDecorator.java:137)
	at org.springframework.security.web.context.SecurityContextHolderFilter.doFilter(SecurityContextHolderFilter.java:82)
	at org.springframework.security.web.context.SecurityContextHolderFilter.doFilter(SecurityContextHolderFilter.java:69)
	at org.springframework.security.web.ObservationFilterChainDecorator$ObservationFilter.wrapFilter(ObservationFilterChainDecorator.java:240)
	at org.springframework.security.web.ObservationFilterChainDecorator$ObservationFilter.doFilter(ObservationFilterChainDecorator.java:227)
	at org.springframework.security.web.ObservationFilterChainDecorator$VirtualFilterChain.doFilter(ObservationFilterChainDecorator.java:137)
	at org.springframework.security.web.context.request.async.WebAsyncManagerIntegrationFilter.doFilterInternal(WebAsyncManagerIntegrationFilter.java:62)
	at org.springframework.web.filter.OncePerRequestFilter.doFilter(OncePerRequestFilter.java:116)
	at org.springframework.security.web.ObservationFilterChainDecorator$ObservationFilter.wrapFilter(ObservationFilterChainDecorator.java:240)
	at org.springframework.security.web.ObservationFilterChainDecorator$ObservationFilter.doFilter(ObservationFilterChainDecorator.java:227)
	at org.springframework.security.web.ObservationFilterChainDecorator$VirtualFilterChain.doFilter(ObservationFilterChainDecorator.java:137)
	at org.springframework.security.web.session.DisableEncodeUrlFilter.doFilterInternal(DisableEncodeUrlFilter.java:42)
	at org.springframework.web.filter.OncePerRequestFilter.doFilter(OncePerRequestFilter.java:116)
	at org.springframework.security.web.ObservationFilterChainDecorator$ObservationFilter.wrapFilter(ObservationFilterChainDecorator.java:240)
	at org.springframework.security.web.ObservationFilterChainDecorator$AroundFilterObservation$SimpleAroundFilterObservation.lambda$wrap$0(ObservationFilterChainDecorator.java:323)
	at org.springframework.security.web.ObservationFilterChainDecorator$ObservationFilter.doFilter(ObservationFilterChainDecorator.java:224)
	at org.springframework.security.web.ObservationFilterChainDecorator$VirtualFilterChain.doFilter(ObservationFilterChainDecorator.java:137)
	at org.springframework.security.web.FilterChainProxy.doFilterInternal(FilterChainProxy.java:233)
	at org.springframework.security.web.FilterChainProxy.doFilter(FilterChainProxy.java:191)
	at org.springframework.web.filter.CompositeFilter$VirtualFilterChain.doFilter(CompositeFilter.java:113)
	at org.springframework.web.servlet.handler.HandlerMappingIntrospector.lambda$createCacheFilter$3(HandlerMappingIntrospector.java:195)
	at org.springframework.web.filter.CompositeFilter$VirtualFilterChain.doFilter(CompositeFilter.java:113)
	at org.springframework.web.filter.CompositeFilter.doFilter(CompositeFilter.java:74)
	at org.springframework.security.config.annotation.web.configuration.WebMvcSecurityConfiguration$CompositeFilterChainProxy.doFilter(WebMvcSecurityConfiguration.java:230)
	at org.springframework.web.filter.DelegatingFilterProxy.invokeDelegate(DelegatingFilterProxy.java:352)
	at org.springframework.web.filter.DelegatingFilterProxy.doFilter(DelegatingFilterProxy.java:268)
	at org.apache.catalina.core.ApplicationFilterChain.internalDoFilter(ApplicationFilterChain.java:175)
	at org.apache.catalina.core.ApplicationFilterChain.doFilter(ApplicationFilterChain.java:150)
	at org.springframework.web.filter.RequestContextFilter.doFilterInternal(RequestContextFilter.java:100)
	at org.springframework.web.filter.OncePerRequestFilter.doFilter(OncePerRequestFilter.java:116)
	at org.apache.catalina.core.ApplicationFilterChain.internalDoFilter(ApplicationFilterChain.java:175)
	at org.apache.catalina.core.ApplicationFilterChain.doFilter(ApplicationFilterChain.java:150)
	at org.springframework.web.filter.FormContentFilter.doFilterInternal(FormContentFilter.java:93)
	at org.springframework.web.filter.OncePerRequestFilter.doFilter(OncePerRequestFilter.java:116)
	at org.apache.catalina.core.ApplicationFilterChain.internalDoFilter(ApplicationFilterChain.java:175)
	at org.apache.catalina.core.ApplicationFilterChain.doFilter(ApplicationFilterChain.java:150)
	at org.springframework.web.filter.ServerHttpObservationFilter.doFilterInternal(ServerHttpObservationFilter.java:109)
	at org.springframework.web.filter.OncePerRequestFilter.doFilter(OncePerRequestFilter.java:116)
	at org.apache.catalina.core.ApplicationFilterChain.internalDoFilter(ApplicationFilterChain.java:175)
	at org.apache.catalina.core.ApplicationFilterChain.doFilter(ApplicationFilterChain.java:150)
	at org.springframework.web.filter.CharacterEncodingFilter.doFilterInternal(CharacterEncodingFilter.java:201)
	at org.springframework.web.filter.OncePerRequestFilter.doFilter(OncePerRequestFilter.java:116)
	at org.apache.catalina.core.ApplicationFilterChain.internalDoFilter(ApplicationFilterChain.java:175)
	at org.apache.catalina.core.ApplicationFilterChain.doFilter(ApplicationFilterChain.java:150)
	at org.apache.catalina.core.StandardWrapperValve.invoke(StandardWrapperValve.java:167)
	at org.apache.catalina.core.StandardContextValve.invoke(StandardContextValve.java:90)
	at org.apache.catalina.authenticator.AuthenticatorBase.invoke(AuthenticatorBase.java:482)
	at org.apache.catalina.core.StandardHostValve.invoke(StandardHostValve.java:115)
	at org.apache.catalina.valves.ErrorReportValve.invoke(ErrorReportValve.java:93)
	at org.apache.catalina.core.StandardEngineValve.invoke(StandardEngineValve.java:74)
	at org.apache.catalina.connector.CoyoteAdapter.service(CoyoteAdapter.java:344)
	at org.apache.coyote.http11.Http11Processor.service(Http11Processor.java:391)
	at org.apache.coyote.AbstractProcessorLight.process(AbstractProcessorLight.java:63)
	at org.apache.coyote.AbstractProtocol$ConnectionHandler.process(AbstractProtocol.java:896)
	at org.apache.tomcat.util.net.NioEndpoint$SocketProcessor.doRun(NioEndpoint.java:1736)
	at org.apache.tomcat.util.net.SocketProcessorBase.run(SocketProcessorBase.java:52)
	at org.apache.tomcat.util.threads.ThreadPoolExecutor.runWorker(ThreadPoolExecutor.java:1191)
	at org.apache.tomcat.util.threads.ThreadPoolExecutor$Worker.run(ThreadPoolExecutor.java:659)
	at org.apache.tomcat.util.threads.TaskThread$WrappingRunnable.run(TaskThread.java:63)
	at java.base/java.lang.Thread.run(Thread.java:1583)
2026-05-02 15:47:47.011 [http-nio-9092-exec-6] ERROR o.a.c.c.C.[Tomcat].[localhost] - Exception Processing [ErrorPage[errorCode=0, location=/error]]
java.lang.NoClassDefFoundError: org/apache/catalina/core/ApplicationContext$DispatchData
	at org.apache.catalina.core.ApplicationContext.getRequestDispatcher(ApplicationContext.java:421)
	at org.apache.catalina.core.ApplicationContextFacade.getRequestDispatcher(ApplicationContextFacade.java:215)
	at org.apache.catalina.core.StandardHostValve.custom(StandardHostValve.java:332)
	at org.apache.catalina.core.StandardHostValve.status(StandardHostValve.java:222)
	at org.apache.catalina.core.StandardHostValve.throwable(StandardHostValve.java:308)
	at org.apache.catalina.core.StandardHostValve.invoke(StandardHostValve.java:149)
	at org.apache.catalina.valves.ErrorReportValve.invoke(ErrorReportValve.java:93)
	at org.apache.catalina.core.StandardEngineValve.invoke(StandardEngineValve.java:74)
	at org.apache.catalina.connector.CoyoteAdapter.service(CoyoteAdapter.java:344)
	at org.apache.coyote.http11.Http11Processor.service(Http11Processor.java:391)
	at org.apache.coyote.AbstractProcessorLight.process(AbstractProcessorLight.java:63)
	at org.apache.coyote.AbstractProtocol$ConnectionHandler.process(AbstractProtocol.java:896)
	at org.apache.tomcat.util.net.NioEndpoint$SocketProcessor.doRun(NioEndpoint.java:1736)
	at org.apache.tomcat.util.net.SocketProcessorBase.run(SocketProcessorBase.java:52)
	at org.apache.tomcat.util.threads.ThreadPoolExecutor.runWorker(ThreadPoolExecutor.java:1191)
	at org.apache.tomcat.util.threads.ThreadPoolExecutor$Worker.run(ThreadPoolExecutor.java:659)
	at org.apache.tomcat.util.threads.TaskThread$WrappingRunnable.run(TaskThread.java:63)
	at java.base/java.lang.Thread.run(Thread.java:1583)
Caused by: java.lang.ClassNotFoundException: org.apache.catalina.core.ApplicationContext$DispatchData
	... 18 common frames omitted
2026-05-02 15:47:55.138 [http-nio-9092-exec-1] WARN  o.s.s.c.SpringSecurityMessageSource - ResourceBundle [org.springframework.security.messages] not found for MessageSource: Can't find bundle for base name org.springframework.security.messages, locale en_US
2026-05-02 15:47:55.142 [http-nio-9092-exec-1] ERROR o.a.c.c.C.[Tomcat].[localhost] - Exception Processing [ErrorPage[errorCode=0, location=/error]]
java.lang.NoClassDefFoundError: org/apache/catalina/core/ApplicationContext$DispatchData
	at org.apache.catalina.core.ApplicationContext.getRequestDispatcher(ApplicationContext.java:421)
	at org.apache.catalina.core.ApplicationContextFacade.getRequestDispatcher(ApplicationContextFacade.java:215)
	at org.apache.catalina.core.StandardHostValve.custom(StandardHostValve.java:332)
	at org.apache.catalina.core.StandardHostValve.status(StandardHostValve.java:222)
	at org.apache.catalina.core.StandardHostValve.invoke(StandardHostValve.java:151)
	at org.apache.catalina.valves.ErrorReportValve.invoke(ErrorReportValve.java:93)
	at org.apache.catalina.core.StandardEngineValve.invoke(StandardEngineValve.java:74)
	at org.apache.catalina.connector.CoyoteAdapter.service(CoyoteAdapter.java:344)
	at org.apache.coyote.http11.Http11Processor.service(Http11Processor.java:391)
	at org.apache.coyote.AbstractProcessorLight.process(AbstractProcessorLight.java:63)
	at org.apache.coyote.AbstractProtocol$ConnectionHandler.process(AbstractProtocol.java:896)
	at org.apache.tomcat.util.net.NioEndpoint$SocketProcessor.doRun(NioEndpoint.java:1736)
	at org.apache.tomcat.util.net.SocketProcessorBase.run(SocketProcessorBase.java:52)
	at org.apache.tomcat.util.threads.ThreadPoolExecutor.runWorker(ThreadPoolExecutor.java:1191)
	at org.apache.tomcat.util.threads.ThreadPoolExecutor$Worker.run(ThreadPoolExecutor.java:659)
	at org.apache.tomcat.util.threads.TaskThread$WrappingRunnable.run(TaskThread.java:63)
	at java.base/java.lang.Thread.run(Thread.java:1583)
Caused by: java.lang.ClassNotFoundException: org.apache.catalina.core.ApplicationContext$DispatchData
	... 17 common frames omitted
2026-05-02 15:58:59.447 [http-nio-9092-exec-1] WARN  o.s.s.c.SpringSecurityMessageSource - ResourceBundle [org.springframework.security.messages] not found for MessageSource: Can't find bundle for base name org.springframework.security.messages, locale en_US
2026-05-02 15:58:59.450 [http-nio-9092-exec-9] WARN  o.s.s.c.SpringSecurityMessageSource - ResourceBundle [org.springframework.security.messages] not found for MessageSource: Can't find bundle for base name org.springframework.security.messages, locale en_US
2026-05-02 15:58:59.486 [http-nio-9092-exec-9] ERROR o.a.c.c.C.[Tomcat].[localhost] - Exception Processing [ErrorPage[errorCode=0, location=/error]]
java.lang.NoClassDefFoundError: org/apache/catalina/core/ApplicationContext$DispatchData
	at org.apache.catalina.core.ApplicationContext.getRequestDispatcher(ApplicationContext.java:421)
	at org.apache.catalina.core.ApplicationContextFacade.getRequestDispatcher(ApplicationContextFacade.java:215)
	at org.apache.catalina.core.StandardHostValve.custom(StandardHostValve.java:332)
	at org.apache.catalina.core.StandardHostValve.status(StandardHostValve.java:222)
	at org.apache.catalina.core.StandardHostValve.invoke(StandardHostValve.java:151)
	at org.apache.catalina.valves.ErrorReportValve.invoke(ErrorReportValve.java:93)
	at org.apache.catalina.core.StandardEngineValve.invoke(StandardEngineValve.java:74)
	at org.apache.catalina.connector.CoyoteAdapter.service(CoyoteAdapter.java:344)
	at org.apache.coyote.http11.Http11Processor.service(Http11Processor.java:391)
	at org.apache.coyote.AbstractProcessorLight.process(AbstractProcessorLight.java:63)
	at org.apache.coyote.AbstractProtocol$ConnectionHandler.process(AbstractProtocol.java:896)
	at org.apache.tomcat.util.net.NioEndpoint$SocketProcessor.doRun(NioEndpoint.java:1736)
	at org.apache.tomcat.util.net.SocketProcessorBase.run(SocketProcessorBase.java:52)
	at org.apache.tomcat.util.threads.ThreadPoolExecutor.runWorker(ThreadPoolExecutor.java:1191)
	at org.apache.tomcat.util.threads.ThreadPoolExecutor$Worker.run(ThreadPoolExecutor.java:659)
	at org.apache.tomcat.util.threads.TaskThread$WrappingRunnable.run(TaskThread.java:63)
	at java.base/java.lang.Thread.run(Thread.java:1583)
Caused by: java.lang.ClassNotFoundException: org.apache.catalina.core.ApplicationContext$DispatchData
	... 17 common frames omitted
2026-05-02 15:58:59.489 [http-nio-9092-exec-1] ERROR o.a.c.c.C.[.[.[.[dispatcherServlet] - Servlet.service() for servlet [dispatcherServlet] in context with path [] threw exception [Handler processing failed: java.lang.NoClassDefFoundError: org/springframework/core/ExceptionDepthComparator] with root cause
java.lang.ClassNotFoundException: org.springframework.core.ExceptionDepthComparator
	at org.springframework.web.method.annotation.ExceptionHandlerMethodResolver.getMappedMethod(ExceptionHandlerMethodResolver.java:187)
	at org.springframework.web.method.annotation.ExceptionHandlerMethodResolver.resolveMethodByExceptionType(ExceptionHandlerMethodResolver.java:167)
	at org.springframework.web.method.annotation.ExceptionHandlerMethodResolver.resolveMethodByThrowable(ExceptionHandlerMethodResolver.java:146)
	at org.springframework.web.method.annotation.ExceptionHandlerMethodResolver.resolveMethod(ExceptionHandlerMethodResolver.java:134)
	at org.springframework.web.servlet.mvc.method.annotation.ExceptionHandlerExceptionResolver.getExceptionHandlerMethod(ExceptionHandlerExceptionResolver.java:503)
	at org.springframework.web.servlet.mvc.method.annotation.ExceptionHandlerExceptionResolver.doResolveHandlerMethodException(ExceptionHandlerExceptionResolver.java:402)
	at org.springframework.web.servlet.handler.AbstractHandlerMethodExceptionResolver.doResolveException(AbstractHandlerMethodExceptionResolver.java:74)
	at org.springframework.web.servlet.handler.AbstractHandlerExceptionResolver.resolveException(AbstractHandlerExceptionResolver.java:175)
	at org.springframework.web.servlet.handler.HandlerExceptionResolverComposite.resolveException(HandlerExceptionResolverComposite.java:80)
	at org.springframework.web.servlet.DispatcherServlet.processHandlerException(DispatcherServlet.java:1357)
	at org.springframework.web.servlet.DispatcherServlet.processDispatchResult(DispatcherServlet.java:1160)
	at org.springframework.web.servlet.DispatcherServlet.doDispatch(DispatcherServlet.java:1106)
	at org.springframework.web.servlet.DispatcherServlet.doService(DispatcherServlet.java:979)
	at org.springframework.web.servlet.FrameworkServlet.processRequest(FrameworkServlet.java:1014)
	at org.springframework.web.servlet.FrameworkServlet.doGet(FrameworkServlet.java:903)
	at jakarta.servlet.http.HttpServlet.service(HttpServlet.java:564)
	at org.springframework.web.servlet.FrameworkServlet.service(FrameworkServlet.java:885)
	at jakarta.servlet.http.HttpServlet.service(HttpServlet.java:658)
	at org.apache.catalina.core.ApplicationFilterChain.internalDoFilter(ApplicationFilterChain.java:206)
	at org.apache.catalina.core.ApplicationFilterChain.doFilter(ApplicationFilterChain.java:150)
	at org.apache.tomcat.websocket.server.WsFilter.doFilter(WsFilter.java:51)
	at org.apache.catalina.core.ApplicationFilterChain.internalDoFilter(ApplicationFilterChain.java:175)
	at org.apache.catalina.core.ApplicationFilterChain.doFilter(ApplicationFilterChain.java:150)
	at org.springframework.web.filter.OncePerRequestFilter.doFilter(OncePerRequestFilter.java:110)
	at org.apache.catalina.core.ApplicationFilterChain.internalDoFilter(ApplicationFilterChain.java:175)
	at org.apache.catalina.core.ApplicationFilterChain.doFilter(ApplicationFilterChain.java:150)
	at org.springframework.web.filter.CompositeFilter$VirtualFilterChain.doFilter(CompositeFilter.java:108)
	at org.springframework.security.web.FilterChainProxy.lambda$doFilterInternal$3(FilterChainProxy.java:231)
	at org.springframework.security.web.ObservationFilterChainDecorator$FilterObservation$SimpleFilterObservation.lambda$wrap$1(ObservationFilterChainDecorator.java:479)
	at org.springframework.security.web.ObservationFilterChainDecorator$AroundFilterObservation$SimpleAroundFilterObservation.lambda$wrap$1(ObservationFilterChainDecorator.java:340)
	at org.springframework.security.web.ObservationFilterChainDecorator.lambda$wrapSecured$0(ObservationFilterChainDecorator.java:82)
	at org.springframework.security.web.ObservationFilterChainDecorator$VirtualFilterChain.doFilter(ObservationFilterChainDecorator.java:128)
	at org.springframework.security.web.access.intercept.AuthorizationFilter.doFilter(AuthorizationFilter.java:100)
	at org.springframework.security.web.ObservationFilterChainDecorator$ObservationFilter.wrapFilter(ObservationFilterChainDecorator.java:240)
	at org.springframework.security.web.ObservationFilterChainDecorator$ObservationFilter.doFilter(ObservationFilterChainDecorator.java:227)
	at org.springframework.security.web.ObservationFilterChainDecorator$VirtualFilterChain.doFilter(ObservationFilterChainDecorator.java:137)
	at org.springframework.security.web.access.ExceptionTranslationFilter.doFilter(ExceptionTranslationFilter.java:126)
	at org.springframework.security.web.access.ExceptionTranslationFilter.doFilter(ExceptionTranslationFilter.java:120)
	at org.springframework.security.web.ObservationFilterChainDecorator$ObservationFilter.wrapFilter(ObservationFilterChainDecorator.java:240)
	at org.springframework.security.web.ObservationFilterChainDecorator$ObservationFilter.doFilter(ObservationFilterChainDecorator.java:227)
	at org.springframework.security.web.ObservationFilterChainDecorator$VirtualFilterChain.doFilter(ObservationFilterChainDecorator.java:137)
	at org.springframework.security.web.session.SessionManagementFilter.doFilter(SessionManagementFilter.java:131)
	at org.springframework.security.web.session.SessionManagementFilter.doFilter(SessionManagementFilter.java:85)
	at org.springframework.security.web.ObservationFilterChainDecorator$ObservationFilter.wrapFilter(ObservationFilterChainDecorator.java:240)
	at org.springframework.security.web.ObservationFilterChainDecorator$ObservationFilter.doFilter(ObservationFilterChainDecorator.java:227)
	at org.springframework.security.web.ObservationFilterChainDecorator$VirtualFilterChain.doFilter(ObservationFilterChainDecorator.java:137)
	at org.springframework.security.web.authentication.AnonymousAuthenticationFilter.doFilter(AnonymousAuthenticationFilter.java:100)
	at org.springframework.security.web.ObservationFilterChainDecorator$ObservationFilter.wrapFilter(ObservationFilterChainDecorator.java:240)
	at org.springframework.security.web.ObservationFilterChainDecorator$ObservationFilter.doFilter(ObservationFilterChainDecorator.java:227)
	at org.springframework.security.web.ObservationFilterChainDecorator$VirtualFilterChain.doFilter(ObservationFilterChainDecorator.java:137)
	at org.springframework.security.web.servletapi.SecurityContextHolderAwareRequestFilter.doFilter(SecurityContextHolderAwareRequestFilter.java:179)
	at org.springframework.security.web.ObservationFilterChainDecorator$ObservationFilter.wrapFilter(ObservationFilterChainDecorator.java:240)
	at org.springframework.security.web.ObservationFilterChainDecorator$ObservationFilter.doFilter(ObservationFilterChainDecorator.java:227)
	at org.springframework.security.web.ObservationFilterChainDecorator$VirtualFilterChain.doFilter(ObservationFilterChainDecorator.java:137)
	at org.springframework.security.web.savedrequest.RequestCacheAwareFilter.doFilter(RequestCacheAwareFilter.java:63)
	at org.springframework.security.web.ObservationFilterChainDecorator$ObservationFilter.wrapFilter(ObservationFilterChainDecorator.java:240)
	at org.springframework.security.web.ObservationFilterChainDecorator$ObservationFilter.doFilter(ObservationFilterChainDecorator.java:227)
	at org.springframework.security.web.ObservationFilterChainDecorator$VirtualFilterChain.doFilter(ObservationFilterChainDecorator.java:137)
	at com.capg.pharma.catalogservice.security.JwtAuthFilter.doFilterInternal(JwtAuthFilter.java:66)
	at org.springframework.web.filter.OncePerRequestFilter.doFilter(OncePerRequestFilter.java:116)
	at org.springframework.security.web.ObservationFilterChainDecorator$ObservationFilter.wrapFilter(ObservationFilterChainDecorator.java:240)
	at org.springframework.security.web.ObservationFilterChainDecorator$ObservationFilter.doFilter(ObservationFilterChainDecorator.java:227)
	at org.springframework.security.web.ObservationFilterChainDecorator$VirtualFilterChain.doFilter(ObservationFilterChainDecorator.java:137)
	at org.springframework.security.web.authentication.logout.LogoutFilter.doFilter(LogoutFilter.java:107)
	at org.springframework.security.web.authentication.logout.LogoutFilter.doFilter(LogoutFilter.java:93)
	at org.springframework.security.web.ObservationFilterChainDecorator$ObservationFilter.wrapFilter(ObservationFilterChainDecorator.java:240)
	at org.springframework.security.web.ObservationFilterChainDecorator$ObservationFilter.doFilter(ObservationFilterChainDecorator.java:227)
	at org.springframework.security.web.ObservationFilterChainDecorator$VirtualFilterChain.doFilter(ObservationFilterChainDecorator.java:137)
	at org.springframework.web.filter.CorsFilter.doFilterInternal(CorsFilter.java:91)
	at org.springframework.web.filter.OncePerRequestFilter.doFilter(OncePerRequestFilter.java:116)
	at org.springframework.security.web.ObservationFilterChainDecorator$ObservationFilter.wrapFilter(ObservationFilterChainDecorator.java:240)
	at org.springframework.security.web.ObservationFilterChainDecorator$ObservationFilter.doFilter(ObservationFilterChainDecorator.java:227)
	at org.springframework.security.web.ObservationFilterChainDecorator$VirtualFilterChain.doFilter(ObservationFilterChainDecorator.java:137)
	at org.springframework.security.web.header.HeaderWriterFilter.doHeadersAfter(HeaderWriterFilter.java:90)
	at org.springframework.security.web.header.HeaderWriterFilter.doFilterInternal(HeaderWriterFilter.java:75)
	at org.springframework.web.filter.OncePerRequestFilter.doFilter(OncePerRequestFilter.java:116)
	at org.springframework.security.web.ObservationFilterChainDecorator$ObservationFilter.wrapFilter(ObservationFilterChainDecorator.java:240)
	at org.springframework.security.web.ObservationFilterChainDecorator$ObservationFilter.doFilter(ObservationFilterChainDecorator.java:227)
	at org.springframework.security.web.ObservationFilterChainDecorator$VirtualFilterChain.doFilter(ObservationFilterChainDecorator.java:137)
	at org.springframework.security.web.context.SecurityContextHolderFilter.doFilter(SecurityContextHolderFilter.java:82)
	at org.springframework.security.web.context.SecurityContextHolderFilter.doFilter(SecurityContextHolderFilter.java:69)
	at org.springframework.security.web.ObservationFilterChainDecorator$ObservationFilter.wrapFilter(ObservationFilterChainDecorator.java:240)
	at org.springframework.security.web.ObservationFilterChainDecorator$ObservationFilter.doFilter(ObservationFilterChainDecorator.java:227)
	at org.springframework.security.web.ObservationFilterChainDecorator$VirtualFilterChain.doFilter(ObservationFilterChainDecorator.java:137)
	at org.springframework.security.web.context.request.async.WebAsyncManagerIntegrationFilter.doFilterInternal(WebAsyncManagerIntegrationFilter.java:62)
	at org.springframework.web.filter.OncePerRequestFilter.doFilter(OncePerRequestFilter.java:116)
	at org.springframework.security.web.ObservationFilterChainDecorator$ObservationFilter.wrapFilter(ObservationFilterChainDecorator.java:240)
	at org.springframework.security.web.ObservationFilterChainDecorator$ObservationFilter.doFilter(ObservationFilterChainDecorator.java:227)
	at org.springframework.security.web.ObservationFilterChainDecorator$VirtualFilterChain.doFilter(ObservationFilterChainDecorator.java:137)
	at org.springframework.security.web.session.DisableEncodeUrlFilter.doFilterInternal(DisableEncodeUrlFilter.java:42)
	at org.springframework.web.filter.OncePerRequestFilter.doFilter(OncePerRequestFilter.java:116)
	at org.springframework.security.web.ObservationFilterChainDecorator$ObservationFilter.wrapFilter(ObservationFilterChainDecorator.java:240)
	at org.springframework.security.web.ObservationFilterChainDecorator$AroundFilterObservation$SimpleAroundFilterObservation.lambda$wrap$0(ObservationFilterChainDecorator.java:323)
	at org.springframework.security.web.ObservationFilterChainDecorator$ObservationFilter.doFilter(ObservationFilterChainDecorator.java:224)
	at org.springframework.security.web.ObservationFilterChainDecorator$VirtualFilterChain.doFilter(ObservationFilterChainDecorator.java:137)
	at org.springframework.security.web.FilterChainProxy.doFilterInternal(FilterChainProxy.java:233)
	at org.springframework.security.web.FilterChainProxy.doFilter(FilterChainProxy.java:191)
	at org.springframework.web.filter.CompositeFilter$VirtualFilterChain.doFilter(CompositeFilter.java:113)
	at org.springframework.web.servlet.handler.HandlerMappingIntrospector.lambda$createCacheFilter$3(HandlerMappingIntrospector.java:195)
	at org.springframework.web.filter.CompositeFilter$VirtualFilterChain.doFilter(CompositeFilter.java:113)
	at org.springframework.web.filter.CompositeFilter.doFilter(CompositeFilter.java:74)
	at org.springframework.security.config.annotation.web.configuration.WebMvcSecurityConfiguration$CompositeFilterChainProxy.doFilter(WebMvcSecurityConfiguration.java:230)
	at org.springframework.web.filter.DelegatingFilterProxy.invokeDelegate(DelegatingFilterProxy.java:352)
	at org.springframework.web.filter.DelegatingFilterProxy.doFilter(DelegatingFilterProxy.java:268)
	at org.apache.catalina.core.ApplicationFilterChain.internalDoFilter(ApplicationFilterChain.java:175)
	at org.apache.catalina.core.ApplicationFilterChain.doFilter(ApplicationFilterChain.java:150)
	at org.springframework.web.filter.RequestContextFilter.doFilterInternal(RequestContextFilter.java:100)
	at org.springframework.web.filter.OncePerRequestFilter.doFilter(OncePerRequestFilter.java:116)
	at org.apache.catalina.core.ApplicationFilterChain.internalDoFilter(ApplicationFilterChain.java:175)
	at org.apache.catalina.core.ApplicationFilterChain.doFilter(ApplicationFilterChain.java:150)
	at org.springframework.web.filter.FormContentFilter.doFilterInternal(FormContentFilter.java:93)
	at org.springframework.web.filter.OncePerRequestFilter.doFilter(OncePerRequestFilter.java:116)
	at org.apache.catalina.core.ApplicationFilterChain.internalDoFilter(ApplicationFilterChain.java:175)
	at org.apache.catalina.core.ApplicationFilterChain.doFilter(ApplicationFilterChain.java:150)
	at org.springframework.web.filter.ServerHttpObservationFilter.doFilterInternal(ServerHttpObservationFilter.java:109)
	at org.springframework.web.filter.OncePerRequestFilter.doFilter(OncePerRequestFilter.java:116)
	at org.apache.catalina.core.ApplicationFilterChain.internalDoFilter(ApplicationFilterChain.java:175)
	at org.apache.catalina.core.ApplicationFilterChain.doFilter(ApplicationFilterChain.java:150)
	at org.springframework.web.filter.CharacterEncodingFilter.doFilterInternal(CharacterEncodingFilter.java:201)
	at org.springframework.web.filter.OncePerRequestFilter.doFilter(OncePerRequestFilter.java:116)
	at org.apache.catalina.core.ApplicationFilterChain.internalDoFilter(ApplicationFilterChain.java:175)
	at org.apache.catalina.core.ApplicationFilterChain.doFilter(ApplicationFilterChain.java:150)
	at org.apache.catalina.core.StandardWrapperValve.invoke(StandardWrapperValve.java:167)
	at org.apache.catalina.core.StandardContextValve.invoke(StandardContextValve.java:90)
	at org.apache.catalina.authenticator.AuthenticatorBase.invoke(AuthenticatorBase.java:482)
	at org.apache.catalina.core.StandardHostValve.invoke(StandardHostValve.java:115)
	at org.apache.catalina.valves.ErrorReportValve.invoke(ErrorReportValve.java:93)
	at org.apache.catalina.core.StandardEngineValve.invoke(StandardEngineValve.java:74)
	at org.apache.catalina.connector.CoyoteAdapter.service(CoyoteAdapter.java:344)
	at org.apache.coyote.http11.Http11Processor.service(Http11Processor.java:391)
	at org.apache.coyote.AbstractProcessorLight.process(AbstractProcessorLight.java:63)
	at org.apache.coyote.AbstractProtocol$ConnectionHandler.process(AbstractProtocol.java:896)
	at org.apache.tomcat.util.net.NioEndpoint$SocketProcessor.doRun(NioEndpoint.java:1736)
	at org.apache.tomcat.util.net.SocketProcessorBase.run(SocketProcessorBase.java:52)
	at org.apache.tomcat.util.threads.ThreadPoolExecutor.runWorker(ThreadPoolExecutor.java:1191)
	at org.apache.tomcat.util.threads.ThreadPoolExecutor$Worker.run(ThreadPoolExecutor.java:659)
	at org.apache.tomcat.util.threads.TaskThread$WrappingRunnable.run(TaskThread.java:63)
	at java.base/java.lang.Thread.run(Thread.java:1583)
2026-05-02 15:58:59.506 [http-nio-9092-exec-1] ERROR o.a.c.c.C.[Tomcat].[localhost] - Exception Processing [ErrorPage[errorCode=0, location=/error]]
java.lang.NoClassDefFoundError: org/apache/catalina/core/ApplicationContext$DispatchData
	at org.apache.catalina.core.ApplicationContext.getRequestDispatcher(ApplicationContext.java:421)
	at org.apache.catalina.core.ApplicationContextFacade.getRequestDispatcher(ApplicationContextFacade.java:215)
	at org.apache.catalina.core.StandardHostValve.custom(StandardHostValve.java:332)
	at org.apache.catalina.core.StandardHostValve.status(StandardHostValve.java:222)
	at org.apache.catalina.core.StandardHostValve.throwable(StandardHostValve.java:308)
	at org.apache.catalina.core.StandardHostValve.invoke(StandardHostValve.java:149)
	at org.apache.catalina.valves.ErrorReportValve.invoke(ErrorReportValve.java:93)
	at org.apache.catalina.core.StandardEngineValve.invoke(StandardEngineValve.java:74)
	at org.apache.catalina.connector.CoyoteAdapter.service(CoyoteAdapter.java:344)
	at org.apache.coyote.http11.Http11Processor.service(Http11Processor.java:391)
	at org.apache.coyote.AbstractProcessorLight.process(AbstractProcessorLight.java:63)
	at org.apache.coyote.AbstractProtocol$ConnectionHandler.process(AbstractProtocol.java:896)
	at org.apache.tomcat.util.net.NioEndpoint$SocketProcessor.doRun(NioEndpoint.java:1736)
	at org.apache.tomcat.util.net.SocketProcessorBase.run(SocketProcessorBase.java:52)
	at org.apache.tomcat.util.threads.ThreadPoolExecutor.runWorker(ThreadPoolExecutor.java:1191)
	at org.apache.tomcat.util.threads.ThreadPoolExecutor$Worker.run(ThreadPoolExecutor.java:659)
	at org.apache.tomcat.util.threads.TaskThread$WrappingRunnable.run(TaskThread.java:63)
	at java.base/java.lang.Thread.run(Thread.java:1583)
Caused by: java.lang.ClassNotFoundException: org.apache.catalina.core.ApplicationContext$DispatchData
	... 18 common frames omitted
2026-05-02 16:07:25.889 [http-nio-9092-exec-3] WARN  o.s.s.c.SpringSecurityMessageSource - ResourceBundle [org.springframework.security.messages] not found for MessageSource: Can't find bundle for base name org.springframework.security.messages, locale en_US
2026-05-02 16:07:25.905 [http-nio-9092-exec-3] ERROR o.a.c.c.C.[Tomcat].[localhost] - Exception Processing [ErrorPage[errorCode=0, location=/error]]
java.lang.NoClassDefFoundError: org/apache/catalina/core/ApplicationContext$DispatchData
	at org.apache.catalina.core.ApplicationContext.getRequestDispatcher(ApplicationContext.java:421)
	at org.apache.catalina.core.ApplicationContextFacade.getRequestDispatcher(ApplicationContextFacade.java:215)
	at org.apache.catalina.core.StandardHostValve.custom(StandardHostValve.java:332)
	at org.apache.catalina.core.StandardHostValve.status(StandardHostValve.java:222)
	at org.apache.catalina.core.StandardHostValve.invoke(StandardHostValve.java:151)
	at org.apache.catalina.valves.ErrorReportValve.invoke(ErrorReportValve.java:93)
	at org.apache.catalina.core.StandardEngineValve.invoke(StandardEngineValve.java:74)
	at org.apache.catalina.connector.CoyoteAdapter.service(CoyoteAdapter.java:344)
	at org.apache.coyote.http11.Http11Processor.service(Http11Processor.java:391)
	at org.apache.coyote.AbstractProcessorLight.process(AbstractProcessorLight.java:63)
	at org.apache.coyote.AbstractProtocol$ConnectionHandler.process(AbstractProtocol.java:896)
	at org.apache.tomcat.util.net.NioEndpoint$SocketProcessor.doRun(NioEndpoint.java:1736)
	at org.apache.tomcat.util.net.SocketProcessorBase.run(SocketProcessorBase.java:52)
	at org.apache.tomcat.util.threads.ThreadPoolExecutor.runWorker(ThreadPoolExecutor.java:1191)
	at org.apache.tomcat.util.threads.ThreadPoolExecutor$Worker.run(ThreadPoolExecutor.java:659)
	at org.apache.tomcat.util.threads.TaskThread$WrappingRunnable.run(TaskThread.java:63)
	at java.base/java.lang.Thread.run(Thread.java:1583)
Caused by: java.lang.ClassNotFoundException: org.apache.catalina.core.ApplicationContext$DispatchData
	... 17 common frames omitted
2026-05-02 16:07:36.592 [http-nio-9092-exec-2] WARN  o.s.s.c.SpringSecurityMessageSource - ResourceBundle [org.springframework.security.messages] not found for MessageSource: Can't find bundle for base name org.springframework.security.messages, locale en_US
2026-05-02 16:07:36.597 [http-nio-9092-exec-2] ERROR o.a.c.c.C.[Tomcat].[localhost] - Exception Processing [ErrorPage[errorCode=0, location=/error]]
java.lang.NoClassDefFoundError: org/apache/catalina/core/ApplicationContext$DispatchData
	at org.apache.catalina.core.ApplicationContext.getRequestDispatcher(ApplicationContext.java:421)
	at org.apache.catalina.core.ApplicationContextFacade.getRequestDispatcher(ApplicationContextFacade.java:215)
	at org.apache.catalina.core.StandardHostValve.custom(StandardHostValve.java:332)
	at org.apache.catalina.core.StandardHostValve.status(StandardHostValve.java:222)
	at org.apache.catalina.core.StandardHostValve.invoke(StandardHostValve.java:151)
	at org.apache.catalina.valves.ErrorReportValve.invoke(ErrorReportValve.java:93)
	at org.apache.catalina.core.StandardEngineValve.invoke(StandardEngineValve.java:74)
	at org.apache.catalina.connector.CoyoteAdapter.service(CoyoteAdapter.java:344)
	at org.apache.coyote.http11.Http11Processor.service(Http11Processor.java:391)
	at org.apache.coyote.AbstractProcessorLight.process(AbstractProcessorLight.java:63)
	at org.apache.coyote.AbstractProtocol$ConnectionHandler.process(AbstractProtocol.java:896)
	at org.apache.tomcat.util.net.NioEndpoint$SocketProcessor.doRun(NioEndpoint.java:1736)
	at org.apache.tomcat.util.net.SocketProcessorBase.run(SocketProcessorBase.java:52)
	at org.apache.tomcat.util.threads.ThreadPoolExecutor.runWorker(ThreadPoolExecutor.java:1191)
	at org.apache.tomcat.util.threads.ThreadPoolExecutor$Worker.run(ThreadPoolExecutor.java:659)
	at org.apache.tomcat.util.threads.TaskThread$WrappingRunnable.run(TaskThread.java:63)
	at java.base/java.lang.Thread.run(Thread.java:1583)
Caused by: java.lang.ClassNotFoundException: org.apache.catalina.core.ApplicationContext$DispatchData
	... 17 common frames omitted
2026-05-02 16:07:54.564 [http-nio-9092-exec-10] WARN  o.s.s.c.SpringSecurityMessageSource - ResourceBundle [org.springframework.security.messages] not found for MessageSource: Can't find bundle for base name org.springframework.security.messages, locale en_US
2026-05-02 16:07:54.564 [http-nio-9092-exec-8] WARN  o.s.s.c.SpringSecurityMessageSource - ResourceBundle [org.springframework.security.messages] not found for MessageSource: Can't find bundle for base name org.springframework.security.messages, locale en_US
2026-05-02 16:07:54.564 [http-nio-9092-exec-8] ERROR o.a.c.c.C.[Tomcat].[localhost] - Exception Processing [ErrorPage[errorCode=0, location=/error]]
java.lang.NoClassDefFoundError: org/apache/catalina/core/ApplicationContext$DispatchData
	at org.apache.catalina.core.ApplicationContext.getRequestDispatcher(ApplicationContext.java:421)
	at org.apache.catalina.core.ApplicationContextFacade.getRequestDispatcher(ApplicationContextFacade.java:215)
	at org.apache.catalina.core.StandardHostValve.custom(StandardHostValve.java:332)
	at org.apache.catalina.core.StandardHostValve.status(StandardHostValve.java:222)
	at org.apache.catalina.core.StandardHostValve.invoke(StandardHostValve.java:151)
	at org.apache.catalina.valves.ErrorReportValve.invoke(ErrorReportValve.java:93)
	at org.apache.catalina.core.StandardEngineValve.invoke(StandardEngineValve.java:74)
	at org.apache.catalina.connector.CoyoteAdapter.service(CoyoteAdapter.java:344)
	at org.apache.coyote.http11.Http11Processor.service(Http11Processor.java:391)
	at org.apache.coyote.AbstractProcessorLight.process(AbstractProcessorLight.java:63)
	at org.apache.coyote.AbstractProtocol$ConnectionHandler.process(AbstractProtocol.java:896)
	at org.apache.tomcat.util.net.NioEndpoint$SocketProcessor.doRun(NioEndpoint.java:1736)
	at org.apache.tomcat.util.net.SocketProcessorBase.run(SocketProcessorBase.java:52)
	at org.apache.tomcat.util.threads.ThreadPoolExecutor.runWorker(ThreadPoolExecutor.java:1191)
	at org.apache.tomcat.util.threads.ThreadPoolExecutor$Worker.run(ThreadPoolExecutor.java:659)
	at org.apache.tomcat.util.threads.TaskThread$WrappingRunnable.run(TaskThread.java:63)
	at java.base/java.lang.Thread.run(Thread.java:1583)
Caused by: java.lang.ClassNotFoundException: org.apache.catalina.core.ApplicationContext$DispatchData
	... 17 common frames omitted
2026-05-02 16:07:54.564 [http-nio-9092-exec-10] ERROR o.a.c.c.C.[.[.[.[dispatcherServlet] - Servlet.service() for servlet [dispatcherServlet] in context with path [] threw exception [Handler processing failed: java.lang.NoClassDefFoundError: org/springframework/core/ExceptionDepthComparator] with root cause
java.lang.ClassNotFoundException: org.springframework.core.ExceptionDepthComparator
	at org.springframework.web.method.annotation.ExceptionHandlerMethodResolver.getMappedMethod(ExceptionHandlerMethodResolver.java:187)
	at org.springframework.web.method.annotation.ExceptionHandlerMethodResolver.resolveMethodByExceptionType(ExceptionHandlerMethodResolver.java:167)
	at org.springframework.web.method.annotation.ExceptionHandlerMethodResolver.resolveMethodByThrowable(ExceptionHandlerMethodResolver.java:146)
	at org.springframework.web.method.annotation.ExceptionHandlerMethodResolver.resolveMethod(ExceptionHandlerMethodResolver.java:134)
	at org.springframework.web.servlet.mvc.method.annotation.ExceptionHandlerExceptionResolver.getExceptionHandlerMethod(ExceptionHandlerExceptionResolver.java:503)
	at org.springframework.web.servlet.mvc.method.annotation.ExceptionHandlerExceptionResolver.doResolveHandlerMethodException(ExceptionHandlerExceptionResolver.java:402)
	at org.springframework.web.servlet.handler.AbstractHandlerMethodExceptionResolver.doResolveException(AbstractHandlerMethodExceptionResolver.java:74)
	at org.springframework.web.servlet.handler.AbstractHandlerExceptionResolver.resolveException(AbstractHandlerExceptionResolver.java:175)
	at org.springframework.web.servlet.handler.HandlerExceptionResolverComposite.resolveException(HandlerExceptionResolverComposite.java:80)
	at org.springframework.web.servlet.DispatcherServlet.processHandlerException(DispatcherServlet.java:1357)
	at org.springframework.web.servlet.DispatcherServlet.processDispatchResult(DispatcherServlet.java:1160)
	at org.springframework.web.servlet.DispatcherServlet.doDispatch(DispatcherServlet.java:1106)
	at org.springframework.web.servlet.DispatcherServlet.doService(DispatcherServlet.java:979)
	at org.springframework.web.servlet.FrameworkServlet.processRequest(FrameworkServlet.java:1014)
	at org.springframework.web.servlet.FrameworkServlet.doGet(FrameworkServlet.java:903)
	at jakarta.servlet.http.HttpServlet.service(HttpServlet.java:564)
	at org.springframework.web.servlet.FrameworkServlet.service(FrameworkServlet.java:885)
	at jakarta.servlet.http.HttpServlet.service(HttpServlet.java:658)
	at org.apache.catalina.core.ApplicationFilterChain.internalDoFilter(ApplicationFilterChain.java:206)
	at org.apache.catalina.core.ApplicationFilterChain.doFilter(ApplicationFilterChain.java:150)
	at org.apache.tomcat.websocket.server.WsFilter.doFilter(WsFilter.java:51)
	at org.apache.catalina.core.ApplicationFilterChain.internalDoFilter(ApplicationFilterChain.java:175)
	at org.apache.catalina.core.ApplicationFilterChain.doFilter(ApplicationFilterChain.java:150)
	at org.springframework.web.filter.OncePerRequestFilter.doFilter(OncePerRequestFilter.java:110)
	at org.apache.catalina.core.ApplicationFilterChain.internalDoFilter(ApplicationFilterChain.java:175)
	at org.apache.catalina.core.ApplicationFilterChain.doFilter(ApplicationFilterChain.java:150)
	at org.springframework.web.filter.CompositeFilter$VirtualFilterChain.doFilter(CompositeFilter.java:108)
	at org.springframework.security.web.FilterChainProxy.lambda$doFilterInternal$3(FilterChainProxy.java:231)
	at org.springframework.security.web.ObservationFilterChainDecorator$FilterObservation$SimpleFilterObservation.lambda$wrap$1(ObservationFilterChainDecorator.java:479)
	at org.springframework.security.web.ObservationFilterChainDecorator$AroundFilterObservation$SimpleAroundFilterObservation.lambda$wrap$1(ObservationFilterChainDecorator.java:340)
	at org.springframework.security.web.ObservationFilterChainDecorator.lambda$wrapSecured$0(ObservationFilterChainDecorator.java:82)
	at org.springframework.security.web.ObservationFilterChainDecorator$VirtualFilterChain.doFilter(ObservationFilterChainDecorator.java:128)
	at org.springframework.security.web.access.intercept.AuthorizationFilter.doFilter(AuthorizationFilter.java:100)
	at org.springframework.security.web.ObservationFilterChainDecorator$ObservationFilter.wrapFilter(ObservationFilterChainDecorator.java:240)
	at org.springframework.security.web.ObservationFilterChainDecorator$ObservationFilter.doFilter(ObservationFilterChainDecorator.java:227)
	at org.springframework.security.web.ObservationFilterChainDecorator$VirtualFilterChain.doFilter(ObservationFilterChainDecorator.java:137)
	at org.springframework.security.web.access.ExceptionTranslationFilter.doFilter(ExceptionTranslationFilter.java:126)
	at org.springframework.security.web.access.ExceptionTranslationFilter.doFilter(ExceptionTranslationFilter.java:120)
	at org.springframework.security.web.ObservationFilterChainDecorator$ObservationFilter.wrapFilter(ObservationFilterChainDecorator.java:240)
	at org.springframework.security.web.ObservationFilterChainDecorator$ObservationFilter.doFilter(ObservationFilterChainDecorator.java:227)
	at org.springframework.security.web.ObservationFilterChainDecorator$VirtualFilterChain.doFilter(ObservationFilterChainDecorator.java:137)
	at org.springframework.security.web.session.SessionManagementFilter.doFilter(SessionManagementFilter.java:131)
	at org.springframework.security.web.session.SessionManagementFilter.doFilter(SessionManagementFilter.java:85)
	at org.springframework.security.web.ObservationFilterChainDecorator$ObservationFilter.wrapFilter(ObservationFilterChainDecorator.java:240)
	at org.springframework.security.web.ObservationFilterChainDecorator$ObservationFilter.doFilter(ObservationFilterChainDecorator.java:227)
	at org.springframework.security.web.ObservationFilterChainDecorator$VirtualFilterChain.doFilter(ObservationFilterChainDecorator.java:137)
	at org.springframework.security.web.authentication.AnonymousAuthenticationFilter.doFilter(AnonymousAuthenticationFilter.java:100)
	at org.springframework.security.web.ObservationFilterChainDecorator$ObservationFilter.wrapFilter(ObservationFilterChainDecorator.java:240)
	at org.springframework.security.web.ObservationFilterChainDecorator$ObservationFilter.doFilter(ObservationFilterChainDecorator.java:227)
	at org.springframework.security.web.ObservationFilterChainDecorator$VirtualFilterChain.doFilter(ObservationFilterChainDecorator.java:137)
	at org.springframework.security.web.servletapi.SecurityContextHolderAwareRequestFilter.doFilter(SecurityContextHolderAwareRequestFilter.java:179)
	at org.springframework.security.web.ObservationFilterChainDecorator$ObservationFilter.wrapFilter(ObservationFilterChainDecorator.java:240)
	at org.springframework.security.web.ObservationFilterChainDecorator$ObservationFilter.doFilter(ObservationFilterChainDecorator.java:227)
	at org.springframework.security.web.ObservationFilterChainDecorator$VirtualFilterChain.doFilter(ObservationFilterChainDecorator.java:137)
	at org.springframework.security.web.savedrequest.RequestCacheAwareFilter.doFilter(RequestCacheAwareFilter.java:63)
	at org.springframework.security.web.ObservationFilterChainDecorator$ObservationFilter.wrapFilter(ObservationFilterChainDecorator.java:240)
	at org.springframework.security.web.ObservationFilterChainDecorator$ObservationFilter.doFilter(ObservationFilterChainDecorator.java:227)
	at org.springframework.security.web.ObservationFilterChainDecorator$VirtualFilterChain.doFilter(ObservationFilterChainDecorator.java:137)
	at com.capg.pharma.catalogservice.security.JwtAuthFilter.doFilterInternal(JwtAuthFilter.java:66)
	at org.springframework.web.filter.OncePerRequestFilter.doFilter(OncePerRequestFilter.java:116)
	at org.springframework.security.web.ObservationFilterChainDecorator$ObservationFilter.wrapFilter(ObservationFilterChainDecorator.java:240)
	at org.springframework.security.web.ObservationFilterChainDecorator$ObservationFilter.doFilter(ObservationFilterChainDecorator.java:227)
	at org.springframework.security.web.ObservationFilterChainDecorator$VirtualFilterChain.doFilter(ObservationFilterChainDecorator.java:137)
	at org.springframework.security.web.authentication.logout.LogoutFilter.doFilter(LogoutFilter.java:107)
	at org.springframework.security.web.authentication.logout.LogoutFilter.doFilter(LogoutFilter.java:93)
	at org.springframework.security.web.ObservationFilterChainDecorator$ObservationFilter.wrapFilter(ObservationFilterChainDecorator.java:240)
	at org.springframework.security.web.ObservationFilterChainDecorator$ObservationFilter.doFilter(ObservationFilterChainDecorator.java:227)
	at org.springframework.security.web.ObservationFilterChainDecorator$VirtualFilterChain.doFilter(ObservationFilterChainDecorator.java:137)
	at org.springframework.web.filter.CorsFilter.doFilterInternal(CorsFilter.java:91)
	at org.springframework.web.filter.OncePerRequestFilter.doFilter(OncePerRequestFilter.java:116)
	at org.springframework.security.web.ObservationFilterChainDecorator$ObservationFilter.wrapFilter(ObservationFilterChainDecorator.java:240)
	at org.springframework.security.web.ObservationFilterChainDecorator$ObservationFilter.doFilter(ObservationFilterChainDecorator.java:227)
	at org.springframework.security.web.ObservationFilterChainDecorator$VirtualFilterChain.doFilter(ObservationFilterChainDecorator.java:137)
	at org.springframework.security.web.header.HeaderWriterFilter.doHeadersAfter(HeaderWriterFilter.java:90)
	at org.springframework.security.web.header.HeaderWriterFilter.doFilterInternal(HeaderWriterFilter.java:75)
	at org.springframework.web.filter.OncePerRequestFilter.doFilter(OncePerRequestFilter.java:116)
	at org.springframework.security.web.ObservationFilterChainDecorator$ObservationFilter.wrapFilter(ObservationFilterChainDecorator.java:240)
	at org.springframework.security.web.ObservationFilterChainDecorator$ObservationFilter.doFilter(ObservationFilterChainDecorator.java:227)
	at org.springframework.security.web.ObservationFilterChainDecorator$VirtualFilterChain.doFilter(ObservationFilterChainDecorator.java:137)
	at org.springframework.security.web.context.SecurityContextHolderFilter.doFilter(SecurityContextHolderFilter.java:82)
	at org.springframework.security.web.context.SecurityContextHolderFilter.doFilter(SecurityContextHolderFilter.java:69)
	at org.springframework.security.web.ObservationFilterChainDecorator$ObservationFilter.wrapFilter(ObservationFilterChainDecorator.java:240)
	at org.springframework.security.web.ObservationFilterChainDecorator$ObservationFilter.doFilter(ObservationFilterChainDecorator.java:227)
	at org.springframework.security.web.ObservationFilterChainDecorator$VirtualFilterChain.doFilter(ObservationFilterChainDecorator.java:137)
	at org.springframework.security.web.context.request.async.WebAsyncManagerIntegrationFilter.doFilterInternal(WebAsyncManagerIntegrationFilter.java:62)
	at org.springframework.web.filter.OncePerRequestFilter.doFilter(OncePerRequestFilter.java:116)
	at org.springframework.security.web.ObservationFilterChainDecorator$ObservationFilter.wrapFilter(ObservationFilterChainDecorator.java:240)
	at org.springframework.security.web.ObservationFilterChainDecorator$ObservationFilter.doFilter(ObservationFilterChainDecorator.java:227)
	at org.springframework.security.web.ObservationFilterChainDecorator$VirtualFilterChain.doFilter(ObservationFilterChainDecorator.java:137)
	at org.springframework.security.web.session.DisableEncodeUrlFilter.doFilterInternal(DisableEncodeUrlFilter.java:42)
	at org.springframework.web.filter.OncePerRequestFilter.doFilter(OncePerRequestFilter.java:116)
	at org.springframework.security.web.ObservationFilterChainDecorator$ObservationFilter.wrapFilter(ObservationFilterChainDecorator.java:240)
	at org.springframework.security.web.ObservationFilterChainDecorator$AroundFilterObservation$SimpleAroundFilterObservation.lambda$wrap$0(ObservationFilterChainDecorator.java:323)
	at org.springframework.security.web.ObservationFilterChainDecorator$ObservationFilter.doFilter(ObservationFilterChainDecorator.java:224)
	at org.springframework.security.web.ObservationFilterChainDecorator$VirtualFilterChain.doFilter(ObservationFilterChainDecorator.java:137)
	at org.springframework.security.web.FilterChainProxy.doFilterInternal(FilterChainProxy.java:233)
	at org.springframework.security.web.FilterChainProxy.doFilter(FilterChainProxy.java:191)
	at org.springframework.web.filter.CompositeFilter$VirtualFilterChain.doFilter(CompositeFilter.java:113)
	at org.springframework.web.servlet.handler.HandlerMappingIntrospector.lambda$createCacheFilter$3(HandlerMappingIntrospector.java:195)
	at org.springframework.web.filter.CompositeFilter$VirtualFilterChain.doFilter(CompositeFilter.java:113)
	at org.springframework.web.filter.CompositeFilter.doFilter(CompositeFilter.java:74)
	at org.springframework.security.config.annotation.web.configuration.WebMvcSecurityConfiguration$CompositeFilterChainProxy.doFilter(WebMvcSecurityConfiguration.java:230)
	at org.springframework.web.filter.DelegatingFilterProxy.invokeDelegate(DelegatingFilterProxy.java:352)
	at org.springframework.web.filter.DelegatingFilterProxy.doFilter(DelegatingFilterProxy.java:268)
	at org.apache.catalina.core.ApplicationFilterChain.internalDoFilter(ApplicationFilterChain.java:175)
	at org.apache.catalina.core.ApplicationFilterChain.doFilter(ApplicationFilterChain.java:150)
	at org.springframework.web.filter.RequestContextFilter.doFilterInternal(RequestContextFilter.java:100)
	at org.springframework.web.filter.OncePerRequestFilter.doFilter(OncePerRequestFilter.java:116)
	at org.apache.catalina.core.ApplicationFilterChain.internalDoFilter(ApplicationFilterChain.java:175)
	at org.apache.catalina.core.ApplicationFilterChain.doFilter(ApplicationFilterChain.java:150)
	at org.springframework.web.filter.FormContentFilter.doFilterInternal(FormContentFilter.java:93)
	at org.springframework.web.filter.OncePerRequestFilter.doFilter(OncePerRequestFilter.java:116)
	at org.apache.catalina.core.ApplicationFilterChain.internalDoFilter(ApplicationFilterChain.java:175)
	at org.apache.catalina.core.ApplicationFilterChain.doFilter(ApplicationFilterChain.java:150)
	at org.springframework.web.filter.ServerHttpObservationFilter.doFilterInternal(ServerHttpObservationFilter.java:109)
	at org.springframework.web.filter.OncePerRequestFilter.doFilter(OncePerRequestFilter.java:116)
	at org.apache.catalina.core.ApplicationFilterChain.internalDoFilter(ApplicationFilterChain.java:175)
	at org.apache.catalina.core.ApplicationFilterChain.doFilter(ApplicationFilterChain.java:150)
	at org.springframework.web.filter.CharacterEncodingFilter.doFilterInternal(CharacterEncodingFilter.java:201)
	at org.springframework.web.filter.OncePerRequestFilter.doFilter(OncePerRequestFilter.java:116)
	at org.apache.catalina.core.ApplicationFilterChain.internalDoFilter(ApplicationFilterChain.java:175)
	at org.apache.catalina.core.ApplicationFilterChain.doFilter(ApplicationFilterChain.java:150)
	at org.apache.catalina.core.StandardWrapperValve.invoke(StandardWrapperValve.java:167)
	at org.apache.catalina.core.StandardContextValve.invoke(StandardContextValve.java:90)
	at org.apache.catalina.authenticator.AuthenticatorBase.invoke(AuthenticatorBase.java:482)
	at org.apache.catalina.core.StandardHostValve.invoke(StandardHostValve.java:115)
	at org.apache.catalina.valves.ErrorReportValve.invoke(ErrorReportValve.java:93)
	at org.apache.catalina.core.StandardEngineValve.invoke(StandardEngineValve.java:74)
	at org.apache.catalina.connector.CoyoteAdapter.service(CoyoteAdapter.java:344)
	at org.apache.coyote.http11.Http11Processor.service(Http11Processor.java:391)
	at org.apache.coyote.AbstractProcessorLight.process(AbstractProcessorLight.java:63)
	at org.apache.coyote.AbstractProtocol$ConnectionHandler.process(AbstractProtocol.java:896)
	at org.apache.tomcat.util.net.NioEndpoint$SocketProcessor.doRun(NioEndpoint.java:1736)
	at org.apache.tomcat.util.net.SocketProcessorBase.run(SocketProcessorBase.java:52)
	at org.apache.tomcat.util.threads.ThreadPoolExecutor.runWorker(ThreadPoolExecutor.java:1191)
	at org.apache.tomcat.util.threads.ThreadPoolExecutor$Worker.run(ThreadPoolExecutor.java:659)
	at org.apache.tomcat.util.threads.TaskThread$WrappingRunnable.run(TaskThread.java:63)
	at java.base/java.lang.Thread.run(Thread.java:1583)
2026-05-02 16:07:54.580 [http-nio-9092-exec-10] ERROR o.a.c.c.C.[Tomcat].[localhost] - Exception Processing [ErrorPage[errorCode=0, location=/error]]
java.lang.NoClassDefFoundError: org/apache/catalina/core/ApplicationContext$DispatchData
	at org.apache.catalina.core.ApplicationContext.getRequestDispatcher(ApplicationContext.java:421)
	at org.apache.catalina.core.ApplicationContextFacade.getRequestDispatcher(ApplicationContextFacade.java:215)
	at org.apache.catalina.core.StandardHostValve.custom(StandardHostValve.java:332)
	at org.apache.catalina.core.StandardHostValve.status(StandardHostValve.java:222)
	at org.apache.catalina.core.StandardHostValve.throwable(StandardHostValve.java:308)
	at org.apache.catalina.core.StandardHostValve.invoke(StandardHostValve.java:149)
	at org.apache.catalina.valves.ErrorReportValve.invoke(ErrorReportValve.java:93)
	at org.apache.catalina.core.StandardEngineValve.invoke(StandardEngineValve.java:74)
	at org.apache.catalina.connector.CoyoteAdapter.service(CoyoteAdapter.java:344)
	at org.apache.coyote.http11.Http11Processor.service(Http11Processor.java:391)
	at org.apache.coyote.AbstractProcessorLight.process(AbstractProcessorLight.java:63)
	at org.apache.coyote.AbstractProtocol$ConnectionHandler.process(AbstractProtocol.java:896)
	at org.apache.tomcat.util.net.NioEndpoint$SocketProcessor.doRun(NioEndpoint.java:1736)
	at org.apache.tomcat.util.net.SocketProcessorBase.run(SocketProcessorBase.java:52)
	at org.apache.tomcat.util.threads.ThreadPoolExecutor.runWorker(ThreadPoolExecutor.java:1191)
	at org.apache.tomcat.util.threads.ThreadPoolExecutor$Worker.run(ThreadPoolExecutor.java:659)
	at org.apache.tomcat.util.threads.TaskThread$WrappingRunnable.run(TaskThread.java:63)
	at java.base/java.lang.Thread.run(Thread.java:1583)
Caused by: java.lang.ClassNotFoundException: org.apache.catalina.core.ApplicationContext$DispatchData
	... 18 common frames omitted
2026-05-02 16:08:00.664 [http-nio-9092-exec-3] WARN  o.s.s.c.SpringSecurityMessageSource - ResourceBundle [org.springframework.security.messages] not found for MessageSource: Can't find bundle for base name org.springframework.security.messages, locale en_US
2026-05-02 16:08:00.676 [http-nio-9092-exec-2] WARN  o.s.s.c.SpringSecurityMessageSource - ResourceBundle [org.springframework.security.messages] not found for MessageSource: Can't find bundle for base name org.springframework.security.messages, locale en_US
2026-05-02 16:08:00.676 [http-nio-9092-exec-3] ERROR o.a.c.c.C.[.[.[.[dispatcherServlet] - Servlet.service() for servlet [dispatcherServlet] in context with path [] threw exception [Handler processing failed: java.lang.NoClassDefFoundError: org/springframework/core/ExceptionDepthComparator] with root cause
java.lang.ClassNotFoundException: org.springframework.core.ExceptionDepthComparator
	at org.springframework.web.method.annotation.ExceptionHandlerMethodResolver.getMappedMethod(ExceptionHandlerMethodResolver.java:187)
	at org.springframework.web.method.annotation.ExceptionHandlerMethodResolver.resolveMethodByExceptionType(ExceptionHandlerMethodResolver.java:167)
	at org.springframework.web.method.annotation.ExceptionHandlerMethodResolver.resolveMethodByThrowable(ExceptionHandlerMethodResolver.java:146)
	at org.springframework.web.method.annotation.ExceptionHandlerMethodResolver.resolveMethod(ExceptionHandlerMethodResolver.java:134)
	at org.springframework.web.servlet.mvc.method.annotation.ExceptionHandlerExceptionResolver.getExceptionHandlerMethod(ExceptionHandlerExceptionResolver.java:503)
	at org.springframework.web.servlet.mvc.method.annotation.ExceptionHandlerExceptionResolver.doResolveHandlerMethodException(ExceptionHandlerExceptionResolver.java:402)
	at org.springframework.web.servlet.handler.AbstractHandlerMethodExceptionResolver.doResolveException(AbstractHandlerMethodExceptionResolver.java:74)
	at org.springframework.web.servlet.handler.AbstractHandlerExceptionResolver.resolveException(AbstractHandlerExceptionResolver.java:175)
	at org.springframework.web.servlet.handler.HandlerExceptionResolverComposite.resolveException(HandlerExceptionResolverComposite.java:80)
	at org.springframework.web.servlet.DispatcherServlet.processHandlerException(DispatcherServlet.java:1357)
	at org.springframework.web.servlet.DispatcherServlet.processDispatchResult(DispatcherServlet.java:1160)
	at org.springframework.web.servlet.DispatcherServlet.doDispatch(DispatcherServlet.java:1106)
	at org.springframework.web.servlet.DispatcherServlet.doService(DispatcherServlet.java:979)
	at org.springframework.web.servlet.FrameworkServlet.processRequest(FrameworkServlet.java:1014)
	at org.springframework.web.servlet.FrameworkServlet.doGet(FrameworkServlet.java:903)
	at jakarta.servlet.http.HttpServlet.service(HttpServlet.java:564)
	at org.springframework.web.servlet.FrameworkServlet.service(FrameworkServlet.java:885)
	at jakarta.servlet.http.HttpServlet.service(HttpServlet.java:658)
	at org.apache.catalina.core.ApplicationFilterChain.internalDoFilter(ApplicationFilterChain.java:206)
	at org.apache.catalina.core.ApplicationFilterChain.doFilter(ApplicationFilterChain.java:150)
	at org.apache.tomcat.websocket.server.WsFilter.doFilter(WsFilter.java:51)
	at org.apache.catalina.core.ApplicationFilterChain.internalDoFilter(ApplicationFilterChain.java:175)
	at org.apache.catalina.core.ApplicationFilterChain.doFilter(ApplicationFilterChain.java:150)
	at org.springframework.web.filter.OncePerRequestFilter.doFilter(OncePerRequestFilter.java:110)
	at org.apache.catalina.core.ApplicationFilterChain.internalDoFilter(ApplicationFilterChain.java:175)
	at org.apache.catalina.core.ApplicationFilterChain.doFilter(ApplicationFilterChain.java:150)
	at org.springframework.web.filter.CompositeFilter$VirtualFilterChain.doFilter(CompositeFilter.java:108)
	at org.springframework.security.web.FilterChainProxy.lambda$doFilterInternal$3(FilterChainProxy.java:231)
	at org.springframework.security.web.ObservationFilterChainDecorator$FilterObservation$SimpleFilterObservation.lambda$wrap$1(ObservationFilterChainDecorator.java:479)
	at org.springframework.security.web.ObservationFilterChainDecorator$AroundFilterObservation$SimpleAroundFilterObservation.lambda$wrap$1(ObservationFilterChainDecorator.java:340)
	at org.springframework.security.web.ObservationFilterChainDecorator.lambda$wrapSecured$0(ObservationFilterChainDecorator.java:82)
	at org.springframework.security.web.ObservationFilterChainDecorator$VirtualFilterChain.doFilter(ObservationFilterChainDecorator.java:128)
	at org.springframework.security.web.access.intercept.AuthorizationFilter.doFilter(AuthorizationFilter.java:100)
	at org.springframework.security.web.ObservationFilterChainDecorator$ObservationFilter.wrapFilter(ObservationFilterChainDecorator.java:240)
	at org.springframework.security.web.ObservationFilterChainDecorator$ObservationFilter.doFilter(ObservationFilterChainDecorator.java:227)
	at org.springframework.security.web.ObservationFilterChainDecorator$VirtualFilterChain.doFilter(ObservationFilterChainDecorator.java:137)
	at org.springframework.security.web.access.ExceptionTranslationFilter.doFilter(ExceptionTranslationFilter.java:126)
	at org.springframework.security.web.access.ExceptionTranslationFilter.doFilter(ExceptionTranslationFilter.java:120)
	at org.springframework.security.web.ObservationFilterChainDecorator$ObservationFilter.wrapFilter(ObservationFilterChainDecorator.java:240)
	at org.springframework.security.web.ObservationFilterChainDecorator$ObservationFilter.doFilter(ObservationFilterChainDecorator.java:227)
	at org.springframework.security.web.ObservationFilterChainDecorator$VirtualFilterChain.doFilter(ObservationFilterChainDecorator.java:137)
	at org.springframework.security.web.session.SessionManagementFilter.doFilter(SessionManagementFilter.java:131)
	at org.springframework.security.web.session.SessionManagementFilter.doFilter(SessionManagementFilter.java:85)
	at org.springframework.security.web.ObservationFilterChainDecorator$ObservationFilter.wrapFilter(ObservationFilterChainDecorator.java:240)
	at org.springframework.security.web.ObservationFilterChainDecorator$ObservationFilter.doFilter(ObservationFilterChainDecorator.java:227)
	at org.springframework.security.web.ObservationFilterChainDecorator$VirtualFilterChain.doFilter(ObservationFilterChainDecorator.java:137)
	at org.springframework.security.web.authentication.AnonymousAuthenticationFilter.doFilter(AnonymousAuthenticationFilter.java:100)
	at org.springframework.security.web.ObservationFilterChainDecorator$ObservationFilter.wrapFilter(ObservationFilterChainDecorator.java:240)
	at org.springframework.security.web.ObservationFilterChainDecorator$ObservationFilter.doFilter(ObservationFilterChainDecorator.java:227)
	at org.springframework.security.web.ObservationFilterChainDecorator$VirtualFilterChain.doFilter(ObservationFilterChainDecorator.java:137)
	at org.springframework.security.web.servletapi.SecurityContextHolderAwareRequestFilter.doFilter(SecurityContextHolderAwareRequestFilter.java:179)
	at org.springframework.security.web.ObservationFilterChainDecorator$ObservationFilter.wrapFilter(ObservationFilterChainDecorator.java:240)
	at org.springframework.security.web.ObservationFilterChainDecorator$ObservationFilter.doFilter(ObservationFilterChainDecorator.java:227)
	at org.springframework.security.web.ObservationFilterChainDecorator$VirtualFilterChain.doFilter(ObservationFilterChainDecorator.java:137)
	at org.springframework.security.web.savedrequest.RequestCacheAwareFilter.doFilter(RequestCacheAwareFilter.java:63)
	at org.springframework.security.web.ObservationFilterChainDecorator$ObservationFilter.wrapFilter(ObservationFilterChainDecorator.java:240)
	at org.springframework.security.web.ObservationFilterChainDecorator$ObservationFilter.doFilter(ObservationFilterChainDecorator.java:227)
	at org.springframework.security.web.ObservationFilterChainDecorator$VirtualFilterChain.doFilter(ObservationFilterChainDecorator.java:137)
	at com.capg.pharma.catalogservice.security.JwtAuthFilter.doFilterInternal(JwtAuthFilter.java:66)
	at org.springframework.web.filter.OncePerRequestFilter.doFilter(OncePerRequestFilter.java:116)
	at org.springframework.security.web.ObservationFilterChainDecorator$ObservationFilter.wrapFilter(ObservationFilterChainDecorator.java:240)
	at org.springframework.security.web.ObservationFilterChainDecorator$ObservationFilter.doFilter(ObservationFilterChainDecorator.java:227)
	at org.springframework.security.web.ObservationFilterChainDecorator$VirtualFilterChain.doFilter(ObservationFilterChainDecorator.java:137)
	at org.springframework.security.web.authentication.logout.LogoutFilter.doFilter(LogoutFilter.java:107)
	at org.springframework.security.web.authentication.logout.LogoutFilter.doFilter(LogoutFilter.java:93)
	at org.springframework.security.web.ObservationFilterChainDecorator$ObservationFilter.wrapFilter(ObservationFilterChainDecorator.java:240)
	at org.springframework.security.web.ObservationFilterChainDecorator$ObservationFilter.doFilter(ObservationFilterChainDecorator.java:227)
	at org.springframework.security.web.ObservationFilterChainDecorator$VirtualFilterChain.doFilter(ObservationFilterChainDecorator.java:137)
	at org.springframework.web.filter.CorsFilter.doFilterInternal(CorsFilter.java:91)
	at org.springframework.web.filter.OncePerRequestFilter.doFilter(OncePerRequestFilter.java:116)
	at org.springframework.security.web.ObservationFilterChainDecorator$ObservationFilter.wrapFilter(ObservationFilterChainDecorator.java:240)
	at org.springframework.security.web.ObservationFilterChainDecorator$ObservationFilter.doFilter(ObservationFilterChainDecorator.java:227)
	at org.springframework.security.web.ObservationFilterChainDecorator$VirtualFilterChain.doFilter(ObservationFilterChainDecorator.java:137)
	at org.springframework.security.web.header.HeaderWriterFilter.doHeadersAfter(HeaderWriterFilter.java:90)
	at org.springframework.security.web.header.HeaderWriterFilter.doFilterInternal(HeaderWriterFilter.java:75)
	at org.springframework.web.filter.OncePerRequestFilter.doFilter(OncePerRequestFilter.java:116)
	at org.springframework.security.web.ObservationFilterChainDecorator$ObservationFilter.wrapFilter(ObservationFilterChainDecorator.java:240)
	at org.springframework.security.web.ObservationFilterChainDecorator$ObservationFilter.doFilter(ObservationFilterChainDecorator.java:227)
	at org.springframework.security.web.ObservationFilterChainDecorator$VirtualFilterChain.doFilter(ObservationFilterChainDecorator.java:137)
	at org.springframework.security.web.context.SecurityContextHolderFilter.doFilter(SecurityContextHolderFilter.java:82)
	at org.springframework.security.web.context.SecurityContextHolderFilter.doFilter(SecurityContextHolderFilter.java:69)
	at org.springframework.security.web.ObservationFilterChainDecorator$ObservationFilter.wrapFilter(ObservationFilterChainDecorator.java:240)
	at org.springframework.security.web.ObservationFilterChainDecorator$ObservationFilter.doFilter(ObservationFilterChainDecorator.java:227)
	at org.springframework.security.web.ObservationFilterChainDecorator$VirtualFilterChain.doFilter(ObservationFilterChainDecorator.java:137)
	at org.springframework.security.web.context.request.async.WebAsyncManagerIntegrationFilter.doFilterInternal(WebAsyncManagerIntegrationFilter.java:62)
	at org.springframework.web.filter.OncePerRequestFilter.doFilter(OncePerRequestFilter.java:116)
	at org.springframework.security.web.ObservationFilterChainDecorator$ObservationFilter.wrapFilter(ObservationFilterChainDecorator.java:240)
	at org.springframework.security.web.ObservationFilterChainDecorator$ObservationFilter.doFilter(ObservationFilterChainDecorator.java:227)
	at org.springframework.security.web.ObservationFilterChainDecorator$VirtualFilterChain.doFilter(ObservationFilterChainDecorator.java:137)
	at org.springframework.security.web.session.DisableEncodeUrlFilter.doFilterInternal(DisableEncodeUrlFilter.java:42)
	at org.springframework.web.filter.OncePerRequestFilter.doFilter(OncePerRequestFilter.java:116)
	at org.springframework.security.web.ObservationFilterChainDecorator$ObservationFilter.wrapFilter(ObservationFilterChainDecorator.java:240)
	at org.springframework.security.web.ObservationFilterChainDecorator$AroundFilterObservation$SimpleAroundFilterObservation.lambda$wrap$0(ObservationFilterChainDecorator.java:323)
	at org.springframework.security.web.ObservationFilterChainDecorator$ObservationFilter.doFilter(ObservationFilterChainDecorator.java:224)
	at org.springframework.security.web.ObservationFilterChainDecorator$VirtualFilterChain.doFilter(ObservationFilterChainDecorator.java:137)
	at org.springframework.security.web.FilterChainProxy.doFilterInternal(FilterChainProxy.java:233)
	at org.springframework.security.web.FilterChainProxy.doFilter(FilterChainProxy.java:191)
	at org.springframework.web.filter.CompositeFilter$VirtualFilterChain.doFilter(CompositeFilter.java:113)
	at org.springframework.web.servlet.handler.HandlerMappingIntrospector.lambda$createCacheFilter$3(HandlerMappingIntrospector.java:195)
	at org.springframework.web.filter.CompositeFilter$VirtualFilterChain.doFilter(CompositeFilter.java:113)
	at org.springframework.web.filter.CompositeFilter.doFilter(CompositeFilter.java:74)
	at org.springframework.security.config.annotation.web.configuration.WebMvcSecurityConfiguration$CompositeFilterChainProxy.doFilter(WebMvcSecurityConfiguration.java:230)
	at org.springframework.web.filter.DelegatingFilterProxy.invokeDelegate(DelegatingFilterProxy.java:352)
	at org.springframework.web.filter.DelegatingFilterProxy.doFilter(DelegatingFilterProxy.java:268)
	at org.apache.catalina.core.ApplicationFilterChain.internalDoFilter(ApplicationFilterChain.java:175)
	at org.apache.catalina.core.ApplicationFilterChain.doFilter(ApplicationFilterChain.java:150)
	at org.springframework.web.filter.RequestContextFilter.doFilterInternal(RequestContextFilter.java:100)
	at org.springframework.web.filter.OncePerRequestFilter.doFilter(OncePerRequestFilter.java:116)
	at org.apache.catalina.core.ApplicationFilterChain.internalDoFilter(ApplicationFilterChain.java:175)
	at org.apache.catalina.core.ApplicationFilterChain.doFilter(ApplicationFilterChain.java:150)
	at org.springframework.web.filter.FormContentFilter.doFilterInternal(FormContentFilter.java:93)
	at org.springframework.web.filter.OncePerRequestFilter.doFilter(OncePerRequestFilter.java:116)
	at org.apache.catalina.core.ApplicationFilterChain.internalDoFilter(ApplicationFilterChain.java:175)
	at org.apache.catalina.core.ApplicationFilterChain.doFilter(ApplicationFilterChain.java:150)
	at org.springframework.web.filter.ServerHttpObservationFilter.doFilterInternal(ServerHttpObservationFilter.java:109)
	at org.springframework.web.filter.OncePerRequestFilter.doFilter(OncePerRequestFilter.java:116)
	at org.apache.catalina.core.ApplicationFilterChain.internalDoFilter(ApplicationFilterChain.java:175)
	at org.apache.catalina.core.ApplicationFilterChain.doFilter(ApplicationFilterChain.java:150)
	at org.springframework.web.filter.CharacterEncodingFilter.doFilterInternal(CharacterEncodingFilter.java:201)
	at org.springframework.web.filter.OncePerRequestFilter.doFilter(OncePerRequestFilter.java:116)
	at org.apache.catalina.core.ApplicationFilterChain.internalDoFilter(ApplicationFilterChain.java:175)
	at org.apache.catalina.core.ApplicationFilterChain.doFilter(ApplicationFilterChain.java:150)
	at org.apache.catalina.core.StandardWrapperValve.invoke(StandardWrapperValve.java:167)
	at org.apache.catalina.core.StandardContextValve.invoke(StandardContextValve.java:90)
	at org.apache.catalina.authenticator.AuthenticatorBase.invoke(AuthenticatorBase.java:482)
	at org.apache.catalina.core.StandardHostValve.invoke(StandardHostValve.java:115)
	at org.apache.catalina.valves.ErrorReportValve.invoke(ErrorReportValve.java:93)
	at org.apache.catalina.core.StandardEngineValve.invoke(StandardEngineValve.java:74)
	at org.apache.catalina.connector.CoyoteAdapter.service(CoyoteAdapter.java:344)
	at org.apache.coyote.http11.Http11Processor.service(Http11Processor.java:391)
	at org.apache.coyote.AbstractProcessorLight.process(AbstractProcessorLight.java:63)
	at org.apache.coyote.AbstractProtocol$ConnectionHandler.process(AbstractProtocol.java:896)
	at org.apache.tomcat.util.net.NioEndpoint$SocketProcessor.doRun(NioEndpoint.java:1736)
	at org.apache.tomcat.util.net.SocketProcessorBase.run(SocketProcessorBase.java:52)
	at org.apache.tomcat.util.threads.ThreadPoolExecutor.runWorker(ThreadPoolExecutor.java:1191)
	at org.apache.tomcat.util.threads.ThreadPoolExecutor$Worker.run(ThreadPoolExecutor.java:659)
	at org.apache.tomcat.util.threads.TaskThread$WrappingRunnable.run(TaskThread.java:63)
	at java.base/java.lang.Thread.run(Thread.java:1583)
2026-05-02 16:08:00.682 [http-nio-9092-exec-3] ERROR o.a.c.c.C.[Tomcat].[localhost] - Exception Processing [ErrorPage[errorCode=0, location=/error]]
java.lang.NoClassDefFoundError: org/apache/catalina/core/ApplicationContext$DispatchData
	at org.apache.catalina.core.ApplicationContext.getRequestDispatcher(ApplicationContext.java:421)
	at org.apache.catalina.core.ApplicationContextFacade.getRequestDispatcher(ApplicationContextFacade.java:215)
	at org.apache.catalina.core.StandardHostValve.custom(StandardHostValve.java:332)
	at org.apache.catalina.core.StandardHostValve.status(StandardHostValve.java:222)
	at org.apache.catalina.core.StandardHostValve.throwable(StandardHostValve.java:308)
	at org.apache.catalina.core.StandardHostValve.invoke(StandardHostValve.java:149)
	at org.apache.catalina.valves.ErrorReportValve.invoke(ErrorReportValve.java:93)
	at org.apache.catalina.core.StandardEngineValve.invoke(StandardEngineValve.java:74)
	at org.apache.catalina.connector.CoyoteAdapter.service(CoyoteAdapter.java:344)
	at org.apache.coyote.http11.Http11Processor.service(Http11Processor.java:391)
	at org.apache.coyote.AbstractProcessorLight.process(AbstractProcessorLight.java:63)
	at org.apache.coyote.AbstractProtocol$ConnectionHandler.process(AbstractProtocol.java:896)
	at org.apache.tomcat.util.net.NioEndpoint$SocketProcessor.doRun(NioEndpoint.java:1736)
	at org.apache.tomcat.util.net.SocketProcessorBase.run(SocketProcessorBase.java:52)
	at org.apache.tomcat.util.threads.ThreadPoolExecutor.runWorker(ThreadPoolExecutor.java:1191)
	at org.apache.tomcat.util.threads.ThreadPoolExecutor$Worker.run(ThreadPoolExecutor.java:659)
	at org.apache.tomcat.util.threads.TaskThread$WrappingRunnable.run(TaskThread.java:63)
	at java.base/java.lang.Thread.run(Thread.java:1583)
Caused by: java.lang.ClassNotFoundException: org.apache.catalina.core.ApplicationContext$DispatchData
	... 18 common frames omitted
2026-05-02 16:08:00.686 [http-nio-9092-exec-2] ERROR o.a.c.c.C.[Tomcat].[localhost] - Exception Processing [ErrorPage[errorCode=0, location=/error]]
java.lang.NoClassDefFoundError: org/apache/catalina/core/ApplicationContext$DispatchData
	at org.apache.catalina.core.ApplicationContext.getRequestDispatcher(ApplicationContext.java:421)
	at org.apache.catalina.core.ApplicationContextFacade.getRequestDispatcher(ApplicationContextFacade.java:215)
	at org.apache.catalina.core.StandardHostValve.custom(StandardHostValve.java:332)
	at org.apache.catalina.core.StandardHostValve.status(StandardHostValve.java:222)
	at org.apache.catalina.core.StandardHostValve.invoke(StandardHostValve.java:151)
	at org.apache.catalina.valves.ErrorReportValve.invoke(ErrorReportValve.java:93)
	at org.apache.catalina.core.StandardEngineValve.invoke(StandardEngineValve.java:74)
	at org.apache.catalina.connector.CoyoteAdapter.service(CoyoteAdapter.java:344)
	at org.apache.coyote.http11.Http11Processor.service(Http11Processor.java:391)
	at org.apache.coyote.AbstractProcessorLight.process(AbstractProcessorLight.java:63)
	at org.apache.coyote.AbstractProtocol$ConnectionHandler.process(AbstractProtocol.java:896)
	at org.apache.tomcat.util.net.NioEndpoint$SocketProcessor.doRun(NioEndpoint.java:1736)
	at org.apache.tomcat.util.net.SocketProcessorBase.run(SocketProcessorBase.java:52)
	at org.apache.tomcat.util.threads.ThreadPoolExecutor.runWorker(ThreadPoolExecutor.java:1191)
	at org.apache.tomcat.util.threads.ThreadPoolExecutor$Worker.run(ThreadPoolExecutor.java:659)
	at org.apache.tomcat.util.threads.TaskThread$WrappingRunnable.run(TaskThread.java:63)
	at java.base/java.lang.Thread.run(Thread.java:1583)
Caused by: java.lang.ClassNotFoundException: org.apache.catalina.core.ApplicationContext$DispatchData
	... 17 common frames omitted
2026-05-02 16:13:35.944 [http-nio-9092-exec-4] WARN  o.s.s.c.SpringSecurityMessageSource - ResourceBundle [org.springframework.security.messages] not found for MessageSource: Can't find bundle for base name org.springframework.security.messages, locale en_US
2026-05-02 16:13:35.952 [http-nio-9092-exec-4] ERROR o.a.c.c.C.[Tomcat].[localhost] - Exception Processing [ErrorPage[errorCode=0, location=/error]]
java.lang.NoClassDefFoundError: org/apache/catalina/core/ApplicationContext$DispatchData
	at org.apache.catalina.core.ApplicationContext.getRequestDispatcher(ApplicationContext.java:421)
	at org.apache.catalina.core.ApplicationContextFacade.getRequestDispatcher(ApplicationContextFacade.java:215)
	at org.apache.catalina.core.StandardHostValve.custom(StandardHostValve.java:332)
	at org.apache.catalina.core.StandardHostValve.status(StandardHostValve.java:222)
	at org.apache.catalina.core.StandardHostValve.invoke(StandardHostValve.java:151)
	at org.apache.catalina.valves.ErrorReportValve.invoke(ErrorReportValve.java:93)
	at org.apache.catalina.core.StandardEngineValve.invoke(StandardEngineValve.java:74)
	at org.apache.catalina.connector.CoyoteAdapter.service(CoyoteAdapter.java:344)
	at org.apache.coyote.http11.Http11Processor.service(Http11Processor.java:391)
	at org.apache.coyote.AbstractProcessorLight.process(AbstractProcessorLight.java:63)
	at org.apache.coyote.AbstractProtocol$ConnectionHandler.process(AbstractProtocol.java:896)
	at org.apache.tomcat.util.net.NioEndpoint$SocketProcessor.doRun(NioEndpoint.java:1736)
	at org.apache.tomcat.util.net.SocketProcessorBase.run(SocketProcessorBase.java:52)
	at org.apache.tomcat.util.threads.ThreadPoolExecutor.runWorker(ThreadPoolExecutor.java:1191)
	at org.apache.tomcat.util.threads.ThreadPoolExecutor$Worker.run(ThreadPoolExecutor.java:659)
	at org.apache.tomcat.util.threads.TaskThread$WrappingRunnable.run(TaskThread.java:63)
	at java.base/java.lang.Thread.run(Thread.java:1583)
Caused by: java.lang.ClassNotFoundException: org.apache.catalina.core.ApplicationContext$DispatchData
	... 17 common frames omitted
2026-05-02 16:15:32.173 [http-nio-9092-exec-1] WARN  o.s.s.c.SpringSecurityMessageSource - ResourceBundle [org.springframework.security.messages] not found for MessageSource: Can't find bundle for base name org.springframework.security.messages, locale en_US
2026-05-02 16:15:32.182 [http-nio-9092-exec-1] ERROR o.a.c.c.C.[Tomcat].[localhost] - Exception Processing [ErrorPage[errorCode=0, location=/error]]
java.lang.NoClassDefFoundError: org/apache/catalina/core/ApplicationContext$DispatchData
	at org.apache.catalina.core.ApplicationContext.getRequestDispatcher(ApplicationContext.java:421)
	at org.apache.catalina.core.ApplicationContextFacade.getRequestDispatcher(ApplicationContextFacade.java:215)
	at org.apache.catalina.core.StandardHostValve.custom(StandardHostValve.java:332)
	at org.apache.catalina.core.StandardHostValve.status(StandardHostValve.java:222)
	at org.apache.catalina.core.StandardHostValve.invoke(StandardHostValve.java:151)
	at org.apache.catalina.valves.ErrorReportValve.invoke(ErrorReportValve.java:93)
	at org.apache.catalina.core.StandardEngineValve.invoke(StandardEngineValve.java:74)
	at org.apache.catalina.connector.CoyoteAdapter.service(CoyoteAdapter.java:344)
	at org.apache.coyote.http11.Http11Processor.service(Http11Processor.java:391)
	at org.apache.coyote.AbstractProcessorLight.process(AbstractProcessorLight.java:63)
	at org.apache.coyote.AbstractProtocol$ConnectionHandler.process(AbstractProtocol.java:896)
	at org.apache.tomcat.util.net.NioEndpoint$SocketProcessor.doRun(NioEndpoint.java:1736)
	at org.apache.tomcat.util.net.SocketProcessorBase.run(SocketProcessorBase.java:52)
	at org.apache.tomcat.util.threads.ThreadPoolExecutor.runWorker(ThreadPoolExecutor.java:1191)
	at org.apache.tomcat.util.threads.ThreadPoolExecutor$Worker.run(ThreadPoolExecutor.java:659)
	at org.apache.tomcat.util.threads.TaskThread$WrappingRunnable.run(TaskThread.java:63)
	at java.base/java.lang.Thread.run(Thread.java:1583)
Caused by: java.lang.ClassNotFoundException: org.apache.catalina.core.ApplicationContext$DispatchData
	... 17 common frames omitted
2026-05-02 16:24:08.367 [http-nio-9092-exec-7] WARN  o.s.s.c.SpringSecurityMessageSource - ResourceBundle [org.springframework.security.messages] not found for MessageSource: Can't find bundle for base name org.springframework.security.messages, locale en_US
2026-05-02 16:24:08.367 [http-nio-9092-exec-5] WARN  o.s.s.c.SpringSecurityMessageSource - ResourceBundle [org.springframework.security.messages] not found for MessageSource: Can't find bundle for base name org.springframework.security.messages, locale en_US
2026-05-02 16:24:08.371 [http-nio-9092-exec-7] ERROR o.a.c.c.C.[Tomcat].[localhost] - Exception Processing [ErrorPage[errorCode=0, location=/error]]
java.lang.NoClassDefFoundError: org/apache/catalina/core/ApplicationContext$DispatchData
	at org.apache.catalina.core.ApplicationContext.getRequestDispatcher(ApplicationContext.java:421)
	at org.apache.catalina.core.ApplicationContextFacade.getRequestDispatcher(ApplicationContextFacade.java:215)
	at org.apache.catalina.core.StandardHostValve.custom(StandardHostValve.java:332)
	at org.apache.catalina.core.StandardHostValve.status(StandardHostValve.java:222)
	at org.apache.catalina.core.StandardHostValve.invoke(StandardHostValve.java:151)
	at org.apache.catalina.valves.ErrorReportValve.invoke(ErrorReportValve.java:93)
	at org.apache.catalina.core.StandardEngineValve.invoke(StandardEngineValve.java:74)
	at org.apache.catalina.connector.CoyoteAdapter.service(CoyoteAdapter.java:344)
	at org.apache.coyote.http11.Http11Processor.service(Http11Processor.java:391)
	at org.apache.coyote.AbstractProcessorLight.process(AbstractProcessorLight.java:63)
	at org.apache.coyote.AbstractProtocol$ConnectionHandler.process(AbstractProtocol.java:896)
	at org.apache.tomcat.util.net.NioEndpoint$SocketProcessor.doRun(NioEndpoint.java:1736)
	at org.apache.tomcat.util.net.SocketProcessorBase.run(SocketProcessorBase.java:52)
	at org.apache.tomcat.util.threads.ThreadPoolExecutor.runWorker(ThreadPoolExecutor.java:1191)
	at org.apache.tomcat.util.threads.ThreadPoolExecutor$Worker.run(ThreadPoolExecutor.java:659)
	at org.apache.tomcat.util.threads.TaskThread$WrappingRunnable.run(TaskThread.java:63)
	at java.base/java.lang.Thread.run(Thread.java:1583)
Caused by: java.lang.ClassNotFoundException: org.apache.catalina.core.ApplicationContext$DispatchData
	... 17 common frames omitted
2026-05-02 16:24:08.375 [http-nio-9092-exec-5] ERROR o.a.c.c.C.[.[.[.[dispatcherServlet] - Servlet.service() for servlet [dispatcherServlet] in context with path [] threw exception [Handler processing failed: java.lang.NoClassDefFoundError: org/springframework/core/ExceptionDepthComparator] with root cause
java.lang.ClassNotFoundException: org.springframework.core.ExceptionDepthComparator
	at org.springframework.web.method.annotation.ExceptionHandlerMethodResolver.getMappedMethod(ExceptionHandlerMethodResolver.java:187)
	at org.springframework.web.method.annotation.ExceptionHandlerMethodResolver.resolveMethodByExceptionType(ExceptionHandlerMethodResolver.java:167)
	at org.springframework.web.method.annotation.ExceptionHandlerMethodResolver.resolveMethodByThrowable(ExceptionHandlerMethodResolver.java:146)
	at org.springframework.web.method.annotation.ExceptionHandlerMethodResolver.resolveMethod(ExceptionHandlerMethodResolver.java:134)
	at org.springframework.web.servlet.mvc.method.annotation.ExceptionHandlerExceptionResolver.getExceptionHandlerMethod(ExceptionHandlerExceptionResolver.java:503)
	at org.springframework.web.servlet.mvc.method.annotation.ExceptionHandlerExceptionResolver.doResolveHandlerMethodException(ExceptionHandlerExceptionResolver.java:402)
	at org.springframework.web.servlet.handler.AbstractHandlerMethodExceptionResolver.doResolveException(AbstractHandlerMethodExceptionResolver.java:74)
	at org.springframework.web.servlet.handler.AbstractHandlerExceptionResolver.resolveException(AbstractHandlerExceptionResolver.java:175)
	at org.springframework.web.servlet.handler.HandlerExceptionResolverComposite.resolveException(HandlerExceptionResolverComposite.java:80)
	at org.springframework.web.servlet.DispatcherServlet.processHandlerException(DispatcherServlet.java:1357)
	at org.springframework.web.servlet.DispatcherServlet.processDispatchResult(DispatcherServlet.java:1160)
	at org.springframework.web.servlet.DispatcherServlet.doDispatch(DispatcherServlet.java:1106)
	at org.springframework.web.servlet.DispatcherServlet.doService(DispatcherServlet.java:979)
	at org.springframework.web.servlet.FrameworkServlet.processRequest(FrameworkServlet.java:1014)
	at org.springframework.web.servlet.FrameworkServlet.doGet(FrameworkServlet.java:903)
	at jakarta.servlet.http.HttpServlet.service(HttpServlet.java:564)
	at org.springframework.web.servlet.FrameworkServlet.service(FrameworkServlet.java:885)
	at jakarta.servlet.http.HttpServlet.service(HttpServlet.java:658)
	at org.apache.catalina.core.ApplicationFilterChain.internalDoFilter(ApplicationFilterChain.java:206)
	at org.apache.catalina.core.ApplicationFilterChain.doFilter(ApplicationFilterChain.java:150)
	at org.apache.tomcat.websocket.server.WsFilter.doFilter(WsFilter.java:51)
	at org.apache.catalina.core.ApplicationFilterChain.internalDoFilter(ApplicationFilterChain.java:175)
	at org.apache.catalina.core.ApplicationFilterChain.doFilter(ApplicationFilterChain.java:150)
	at org.springframework.web.filter.OncePerRequestFilter.doFilter(OncePerRequestFilter.java:110)
	at org.apache.catalina.core.ApplicationFilterChain.internalDoFilter(ApplicationFilterChain.java:175)
	at org.apache.catalina.core.ApplicationFilterChain.doFilter(ApplicationFilterChain.java:150)
	at org.springframework.web.filter.CompositeFilter$VirtualFilterChain.doFilter(CompositeFilter.java:108)
	at org.springframework.security.web.FilterChainProxy.lambda$doFilterInternal$3(FilterChainProxy.java:231)
	at org.springframework.security.web.ObservationFilterChainDecorator$FilterObservation$SimpleFilterObservation.lambda$wrap$1(ObservationFilterChainDecorator.java:479)
	at org.springframework.security.web.ObservationFilterChainDecorator$AroundFilterObservation$SimpleAroundFilterObservation.lambda$wrap$1(ObservationFilterChainDecorator.java:340)
	at org.springframework.security.web.ObservationFilterChainDecorator.lambda$wrapSecured$0(ObservationFilterChainDecorator.java:82)
	at org.springframework.security.web.ObservationFilterChainDecorator$VirtualFilterChain.doFilter(ObservationFilterChainDecorator.java:128)
	at org.springframework.security.web.access.intercept.AuthorizationFilter.doFilter(AuthorizationFilter.java:100)
	at org.springframework.security.web.ObservationFilterChainDecorator$ObservationFilter.wrapFilter(ObservationFilterChainDecorator.java:240)
	at org.springframework.security.web.ObservationFilterChainDecorator$ObservationFilter.doFilter(ObservationFilterChainDecorator.java:227)
	at org.springframework.security.web.ObservationFilterChainDecorator$VirtualFilterChain.doFilter(ObservationFilterChainDecorator.java:137)
	at org.springframework.security.web.access.ExceptionTranslationFilter.doFilter(ExceptionTranslationFilter.java:126)
	at org.springframework.security.web.access.ExceptionTranslationFilter.doFilter(ExceptionTranslationFilter.java:120)
	at org.springframework.security.web.ObservationFilterChainDecorator$ObservationFilter.wrapFilter(ObservationFilterChainDecorator.java:240)
	at org.springframework.security.web.ObservationFilterChainDecorator$ObservationFilter.doFilter(ObservationFilterChainDecorator.java:227)
	at org.springframework.security.web.ObservationFilterChainDecorator$VirtualFilterChain.doFilter(ObservationFilterChainDecorator.java:137)
	at org.springframework.security.web.session.SessionManagementFilter.doFilter(SessionManagementFilter.java:131)
	at org.springframework.security.web.session.SessionManagementFilter.doFilter(SessionManagementFilter.java:85)
	at org.springframework.security.web.ObservationFilterChainDecorator$ObservationFilter.wrapFilter(ObservationFilterChainDecorator.java:240)
	at org.springframework.security.web.ObservationFilterChainDecorator$ObservationFilter.doFilter(ObservationFilterChainDecorator.java:227)
	at org.springframework.security.web.ObservationFilterChainDecorator$VirtualFilterChain.doFilter(ObservationFilterChainDecorator.java:137)
	at org.springframework.security.web.authentication.AnonymousAuthenticationFilter.doFilter(AnonymousAuthenticationFilter.java:100)
	at org.springframework.security.web.ObservationFilterChainDecorator$ObservationFilter.wrapFilter(ObservationFilterChainDecorator.java:240)
	at org.springframework.security.web.ObservationFilterChainDecorator$ObservationFilter.doFilter(ObservationFilterChainDecorator.java:227)
	at org.springframework.security.web.ObservationFilterChainDecorator$VirtualFilterChain.doFilter(ObservationFilterChainDecorator.java:137)
	at org.springframework.security.web.servletapi.SecurityContextHolderAwareRequestFilter.doFilter(SecurityContextHolderAwareRequestFilter.java:179)
	at org.springframework.security.web.ObservationFilterChainDecorator$ObservationFilter.wrapFilter(ObservationFilterChainDecorator.java:240)
	at org.springframework.security.web.ObservationFilterChainDecorator$ObservationFilter.doFilter(ObservationFilterChainDecorator.java:227)
	at org.springframework.security.web.ObservationFilterChainDecorator$VirtualFilterChain.doFilter(ObservationFilterChainDecorator.java:137)
	at org.springframework.security.web.savedrequest.RequestCacheAwareFilter.doFilter(RequestCacheAwareFilter.java:63)
	at org.springframework.security.web.ObservationFilterChainDecorator$ObservationFilter.wrapFilter(ObservationFilterChainDecorator.java:240)
	at org.springframework.security.web.ObservationFilterChainDecorator$ObservationFilter.doFilter(ObservationFilterChainDecorator.java:227)
	at org.springframework.security.web.ObservationFilterChainDecorator$VirtualFilterChain.doFilter(ObservationFilterChainDecorator.java:137)
	at com.capg.pharma.catalogservice.security.JwtAuthFilter.doFilterInternal(JwtAuthFilter.java:66)
	at org.springframework.web.filter.OncePerRequestFilter.doFilter(OncePerRequestFilter.java:116)
	at org.springframework.security.web.ObservationFilterChainDecorator$ObservationFilter.wrapFilter(ObservationFilterChainDecorator.java:240)
	at org.springframework.security.web.ObservationFilterChainDecorator$ObservationFilter.doFilter(ObservationFilterChainDecorator.java:227)
	at org.springframework.security.web.ObservationFilterChainDecorator$VirtualFilterChain.doFilter(ObservationFilterChainDecorator.java:137)
	at org.springframework.security.web.authentication.logout.LogoutFilter.doFilter(LogoutFilter.java:107)
	at org.springframework.security.web.authentication.logout.LogoutFilter.doFilter(LogoutFilter.java:93)
	at org.springframework.security.web.ObservationFilterChainDecorator$ObservationFilter.wrapFilter(ObservationFilterChainDecorator.java:240)
	at org.springframework.security.web.ObservationFilterChainDecorator$ObservationFilter.doFilter(ObservationFilterChainDecorator.java:227)
	at org.springframework.security.web.ObservationFilterChainDecorator$VirtualFilterChain.doFilter(ObservationFilterChainDecorator.java:137)
	at org.springframework.web.filter.CorsFilter.doFilterInternal(CorsFilter.java:91)
	at org.springframework.web.filter.OncePerRequestFilter.doFilter(OncePerRequestFilter.java:116)
	at org.springframework.security.web.ObservationFilterChainDecorator$ObservationFilter.wrapFilter(ObservationFilterChainDecorator.java:240)
	at org.springframework.security.web.ObservationFilterChainDecorator$ObservationFilter.doFilter(ObservationFilterChainDecorator.java:227)
	at org.springframework.security.web.ObservationFilterChainDecorator$VirtualFilterChain.doFilter(ObservationFilterChainDecorator.java:137)
	at org.springframework.security.web.header.HeaderWriterFilter.doHeadersAfter(HeaderWriterFilter.java:90)
	at org.springframework.security.web.header.HeaderWriterFilter.doFilterInternal(HeaderWriterFilter.java:75)
	at org.springframework.web.filter.OncePerRequestFilter.doFilter(OncePerRequestFilter.java:116)
	at org.springframework.security.web.ObservationFilterChainDecorator$ObservationFilter.wrapFilter(ObservationFilterChainDecorator.java:240)
	at org.springframework.security.web.ObservationFilterChainDecorator$ObservationFilter.doFilter(ObservationFilterChainDecorator.java:227)
	at org.springframework.security.web.ObservationFilterChainDecorator$VirtualFilterChain.doFilter(ObservationFilterChainDecorator.java:137)
	at org.springframework.security.web.context.SecurityContextHolderFilter.doFilter(SecurityContextHolderFilter.java:82)
	at org.springframework.security.web.context.SecurityContextHolderFilter.doFilter(SecurityContextHolderFilter.java:69)
	at org.springframework.security.web.ObservationFilterChainDecorator$ObservationFilter.wrapFilter(ObservationFilterChainDecorator.java:240)
	at org.springframework.security.web.ObservationFilterChainDecorator$ObservationFilter.doFilter(ObservationFilterChainDecorator.java:227)
	at org.springframework.security.web.ObservationFilterChainDecorator$VirtualFilterChain.doFilter(ObservationFilterChainDecorator.java:137)
	at org.springframework.security.web.context.request.async.WebAsyncManagerIntegrationFilter.doFilterInternal(WebAsyncManagerIntegrationFilter.java:62)
	at org.springframework.web.filter.OncePerRequestFilter.doFilter(OncePerRequestFilter.java:116)
	at org.springframework.security.web.ObservationFilterChainDecorator$ObservationFilter.wrapFilter(ObservationFilterChainDecorator.java:240)
	at org.springframework.security.web.ObservationFilterChainDecorator$ObservationFilter.doFilter(ObservationFilterChainDecorator.java:227)
	at org.springframework.security.web.ObservationFilterChainDecorator$VirtualFilterChain.doFilter(ObservationFilterChainDecorator.java:137)
	at org.springframework.security.web.session.DisableEncodeUrlFilter.doFilterInternal(DisableEncodeUrlFilter.java:42)
	at org.springframework.web.filter.OncePerRequestFilter.doFilter(OncePerRequestFilter.java:116)
	at org.springframework.security.web.ObservationFilterChainDecorator$ObservationFilter.wrapFilter(ObservationFilterChainDecorator.java:240)
	at org.springframework.security.web.ObservationFilterChainDecorator$AroundFilterObservation$SimpleAroundFilterObservation.lambda$wrap$0(ObservationFilterChainDecorator.java:323)
	at org.springframework.security.web.ObservationFilterChainDecorator$ObservationFilter.doFilter(ObservationFilterChainDecorator.java:224)
	at org.springframework.security.web.ObservationFilterChainDecorator$VirtualFilterChain.doFilter(ObservationFilterChainDecorator.java:137)
	at org.springframework.security.web.FilterChainProxy.doFilterInternal(FilterChainProxy.java:233)
	at org.springframework.security.web.FilterChainProxy.doFilter(FilterChainProxy.java:191)
	at org.springframework.web.filter.CompositeFilter$VirtualFilterChain.doFilter(CompositeFilter.java:113)
	at org.springframework.web.servlet.handler.HandlerMappingIntrospector.lambda$createCacheFilter$3(HandlerMappingIntrospector.java:195)
	at org.springframework.web.filter.CompositeFilter$VirtualFilterChain.doFilter(CompositeFilter.java:113)
	at org.springframework.web.filter.CompositeFilter.doFilter(CompositeFilter.java:74)
	at org.springframework.security.config.annotation.web.configuration.WebMvcSecurityConfiguration$CompositeFilterChainProxy.doFilter(WebMvcSecurityConfiguration.java:230)
	at org.springframework.web.filter.DelegatingFilterProxy.invokeDelegate(DelegatingFilterProxy.java:352)
	at org.springframework.web.filter.DelegatingFilterProxy.doFilter(DelegatingFilterProxy.java:268)
	at org.apache.catalina.core.ApplicationFilterChain.internalDoFilter(ApplicationFilterChain.java:175)
	at org.apache.catalina.core.ApplicationFilterChain.doFilter(ApplicationFilterChain.java:150)
	at org.springframework.web.filter.RequestContextFilter.doFilterInternal(RequestContextFilter.java:100)
	at org.springframework.web.filter.OncePerRequestFilter.doFilter(OncePerRequestFilter.java:116)
	at org.apache.catalina.core.ApplicationFilterChain.internalDoFilter(ApplicationFilterChain.java:175)
	at org.apache.catalina.core.ApplicationFilterChain.doFilter(ApplicationFilterChain.java:150)
	at org.springframework.web.filter.FormContentFilter.doFilterInternal(FormContentFilter.java:93)
	at org.springframework.web.filter.OncePerRequestFilter.doFilter(OncePerRequestFilter.java:116)
	at org.apache.catalina.core.ApplicationFilterChain.internalDoFilter(ApplicationFilterChain.java:175)
	at org.apache.catalina.core.ApplicationFilterChain.doFilter(ApplicationFilterChain.java:150)
	at org.springframework.web.filter.ServerHttpObservationFilter.doFilterInternal(ServerHttpObservationFilter.java:109)
	at org.springframework.web.filter.OncePerRequestFilter.doFilter(OncePerRequestFilter.java:116)
	at org.apache.catalina.core.ApplicationFilterChain.internalDoFilter(ApplicationFilterChain.java:175)
	at org.apache.catalina.core.ApplicationFilterChain.doFilter(ApplicationFilterChain.java:150)
	at org.springframework.web.filter.CharacterEncodingFilter.doFilterInternal(CharacterEncodingFilter.java:201)
	at org.springframework.web.filter.OncePerRequestFilter.doFilter(OncePerRequestFilter.java:116)
	at org.apache.catalina.core.ApplicationFilterChain.internalDoFilter(ApplicationFilterChain.java:175)
	at org.apache.catalina.core.ApplicationFilterChain.doFilter(ApplicationFilterChain.java:150)
	at org.apache.catalina.core.StandardWrapperValve.invoke(StandardWrapperValve.java:167)
	at org.apache.catalina.core.StandardContextValve.invoke(StandardContextValve.java:90)
	at org.apache.catalina.authenticator.AuthenticatorBase.invoke(AuthenticatorBase.java:482)
	at org.apache.catalina.core.StandardHostValve.invoke(StandardHostValve.java:115)
	at org.apache.catalina.valves.ErrorReportValve.invoke(ErrorReportValve.java:93)
	at org.apache.catalina.core.StandardEngineValve.invoke(StandardEngineValve.java:74)
	at org.apache.catalina.connector.CoyoteAdapter.service(CoyoteAdapter.java:344)
	at org.apache.coyote.http11.Http11Processor.service(Http11Processor.java:391)
	at org.apache.coyote.AbstractProcessorLight.process(AbstractProcessorLight.java:63)
	at org.apache.coyote.AbstractProtocol$ConnectionHandler.process(AbstractProtocol.java:896)
	at org.apache.tomcat.util.net.NioEndpoint$SocketProcessor.doRun(NioEndpoint.java:1736)
	at org.apache.tomcat.util.net.SocketProcessorBase.run(SocketProcessorBase.java:52)
	at org.apache.tomcat.util.threads.ThreadPoolExecutor.runWorker(ThreadPoolExecutor.java:1191)
	at org.apache.tomcat.util.threads.ThreadPoolExecutor$Worker.run(ThreadPoolExecutor.java:659)
	at org.apache.tomcat.util.threads.TaskThread$WrappingRunnable.run(TaskThread.java:63)
	at java.base/java.lang.Thread.run(Thread.java:1583)
2026-05-02 16:24:08.381 [http-nio-9092-exec-5] ERROR o.a.c.c.C.[Tomcat].[localhost] - Exception Processing [ErrorPage[errorCode=0, location=/error]]
java.lang.NoClassDefFoundError: org/apache/catalina/core/ApplicationContext$DispatchData
	at org.apache.catalina.core.ApplicationContext.getRequestDispatcher(ApplicationContext.java:421)
	at org.apache.catalina.core.ApplicationContextFacade.getRequestDispatcher(ApplicationContextFacade.java:215)
	at org.apache.catalina.core.StandardHostValve.custom(StandardHostValve.java:332)
	at org.apache.catalina.core.StandardHostValve.status(StandardHostValve.java:222)
	at org.apache.catalina.core.StandardHostValve.throwable(StandardHostValve.java:308)
	at org.apache.catalina.core.StandardHostValve.invoke(StandardHostValve.java:149)
	at org.apache.catalina.valves.ErrorReportValve.invoke(ErrorReportValve.java:93)
	at org.apache.catalina.core.StandardEngineValve.invoke(StandardEngineValve.java:74)
	at org.apache.catalina.connector.CoyoteAdapter.service(CoyoteAdapter.java:344)
	at org.apache.coyote.http11.Http11Processor.service(Http11Processor.java:391)
	at org.apache.coyote.AbstractProcessorLight.process(AbstractProcessorLight.java:63)
	at org.apache.coyote.AbstractProtocol$ConnectionHandler.process(AbstractProtocol.java:896)
	at org.apache.tomcat.util.net.NioEndpoint$SocketProcessor.doRun(NioEndpoint.java:1736)
	at org.apache.tomcat.util.net.SocketProcessorBase.run(SocketProcessorBase.java:52)
	at org.apache.tomcat.util.threads.ThreadPoolExecutor.runWorker(ThreadPoolExecutor.java:1191)
	at org.apache.tomcat.util.threads.ThreadPoolExecutor$Worker.run(ThreadPoolExecutor.java:659)
	at org.apache.tomcat.util.threads.TaskThread$WrappingRunnable.run(TaskThread.java:63)
	at java.base/java.lang.Thread.run(Thread.java:1583)
Caused by: java.lang.ClassNotFoundException: org.apache.catalina.core.ApplicationContext$DispatchData
	... 18 common frames omitted
2026-05-02 16:34:28.930 [http-nio-9092-exec-8] WARN  o.s.s.c.SpringSecurityMessageSource - ResourceBundle [org.springframework.security.messages] not found for MessageSource: Can't find bundle for base name org.springframework.security.messages, locale en_US
2026-05-02 16:34:30.268 [http-nio-9092-exec-8] ERROR o.a.c.c.C.[Tomcat].[localhost] - Exception Processing [ErrorPage[errorCode=0, location=/error]]
java.lang.NoClassDefFoundError: org/apache/catalina/core/ApplicationContext$DispatchData
	at org.apache.catalina.core.ApplicationContext.getRequestDispatcher(ApplicationContext.java:421)
	at org.apache.catalina.core.ApplicationContextFacade.getRequestDispatcher(ApplicationContextFacade.java:215)
	at org.apache.catalina.core.StandardHostValve.custom(StandardHostValve.java:332)
	at org.apache.catalina.core.StandardHostValve.status(StandardHostValve.java:222)
	at org.apache.catalina.core.StandardHostValve.invoke(StandardHostValve.java:151)
	at org.apache.catalina.valves.ErrorReportValve.invoke(ErrorReportValve.java:93)
	at org.apache.catalina.core.StandardEngineValve.invoke(StandardEngineValve.java:74)
	at org.apache.catalina.connector.CoyoteAdapter.service(CoyoteAdapter.java:344)
	at org.apache.coyote.http11.Http11Processor.service(Http11Processor.java:391)
	at org.apache.coyote.AbstractProcessorLight.process(AbstractProcessorLight.java:63)
	at org.apache.coyote.AbstractProtocol$ConnectionHandler.process(AbstractProtocol.java:896)
	at org.apache.tomcat.util.net.NioEndpoint$SocketProcessor.doRun(NioEndpoint.java:1736)
	at org.apache.tomcat.util.net.SocketProcessorBase.run(SocketProcessorBase.java:52)
	at org.apache.tomcat.util.threads.ThreadPoolExecutor.runWorker(ThreadPoolExecutor.java:1191)
	at org.apache.tomcat.util.threads.ThreadPoolExecutor$Worker.run(ThreadPoolExecutor.java:659)
	at org.apache.tomcat.util.threads.TaskThread$WrappingRunnable.run(TaskThread.java:63)
	at java.base/java.lang.Thread.run(Thread.java:1583)
Caused by: java.lang.ClassNotFoundException: org.apache.catalina.core.ApplicationContext$DispatchData
	... 17 common frames omitted
2026-05-02 16:34:30.913 [http-nio-9092-exec-9] WARN  o.s.s.c.SpringSecurityMessageSource - ResourceBundle [org.springframework.security.messages] not found for MessageSource: Can't find bundle for base name org.springframework.security.messages, locale en_US
2026-05-02 16:34:31.715 [http-nio-9092-exec-9] ERROR o.a.c.c.C.[.[.[.[dispatcherServlet] - Servlet.service() for servlet [dispatcherServlet] in context with path [] threw exception [Handler processing failed: java.lang.NoClassDefFoundError: org/springframework/core/ExceptionDepthComparator] with root cause
java.lang.ClassNotFoundException: org.springframework.core.ExceptionDepthComparator
	at org.springframework.web.method.annotation.ExceptionHandlerMethodResolver.getMappedMethod(ExceptionHandlerMethodResolver.java:187)
	at org.springframework.web.method.annotation.ExceptionHandlerMethodResolver.resolveMethodByExceptionType(ExceptionHandlerMethodResolver.java:167)
	at org.springframework.web.method.annotation.ExceptionHandlerMethodResolver.resolveMethodByThrowable(ExceptionHandlerMethodResolver.java:146)
	at org.springframework.web.method.annotation.ExceptionHandlerMethodResolver.resolveMethod(ExceptionHandlerMethodResolver.java:134)
	at org.springframework.web.servlet.mvc.method.annotation.ExceptionHandlerExceptionResolver.getExceptionHandlerMethod(ExceptionHandlerExceptionResolver.java:503)
	at org.springframework.web.servlet.mvc.method.annotation.ExceptionHandlerExceptionResolver.doResolveHandlerMethodException(ExceptionHandlerExceptionResolver.java:402)
	at org.springframework.web.servlet.handler.AbstractHandlerMethodExceptionResolver.doResolveException(AbstractHandlerMethodExceptionResolver.java:74)
	at org.springframework.web.servlet.handler.AbstractHandlerExceptionResolver.resolveException(AbstractHandlerExceptionResolver.java:175)
	at org.springframework.web.servlet.handler.HandlerExceptionResolverComposite.resolveException(HandlerExceptionResolverComposite.java:80)
	at org.springframework.web.servlet.DispatcherServlet.processHandlerException(DispatcherServlet.java:1357)
	at org.springframework.web.servlet.DispatcherServlet.processDispatchResult(DispatcherServlet.java:1160)
	at org.springframework.web.servlet.DispatcherServlet.doDispatch(DispatcherServlet.java:1106)
	at org.springframework.web.servlet.DispatcherServlet.doService(DispatcherServlet.java:979)
	at org.springframework.web.servlet.FrameworkServlet.processRequest(FrameworkServlet.java:1014)
	at org.springframework.web.servlet.FrameworkServlet.doGet(FrameworkServlet.java:903)
	at jakarta.servlet.http.HttpServlet.service(HttpServlet.java:564)
	at org.springframework.web.servlet.FrameworkServlet.service(FrameworkServlet.java:885)
	at jakarta.servlet.http.HttpServlet.service(HttpServlet.java:658)
	at org.apache.catalina.core.ApplicationFilterChain.internalDoFilter(ApplicationFilterChain.java:206)
	at org.apache.catalina.core.ApplicationFilterChain.doFilter(ApplicationFilterChain.java:150)
	at org.apache.tomcat.websocket.server.WsFilter.doFilter(WsFilter.java:51)
	at org.apache.catalina.core.ApplicationFilterChain.internalDoFilter(ApplicationFilterChain.java:175)
	at org.apache.catalina.core.ApplicationFilterChain.doFilter(ApplicationFilterChain.java:150)
	at org.springframework.web.filter.OncePerRequestFilter.doFilter(OncePerRequestFilter.java:110)
	at org.apache.catalina.core.ApplicationFilterChain.internalDoFilter(ApplicationFilterChain.java:175)
	at org.apache.catalina.core.ApplicationFilterChain.doFilter(ApplicationFilterChain.java:150)
	at org.springframework.web.filter.CompositeFilter$VirtualFilterChain.doFilter(CompositeFilter.java:108)
	at org.springframework.security.web.FilterChainProxy.lambda$doFilterInternal$3(FilterChainProxy.java:231)
	at org.springframework.security.web.ObservationFilterChainDecorator$FilterObservation$SimpleFilterObservation.lambda$wrap$1(ObservationFilterChainDecorator.java:479)
	at org.springframework.security.web.ObservationFilterChainDecorator$AroundFilterObservation$SimpleAroundFilterObservation.lambda$wrap$1(ObservationFilterChainDecorator.java:340)
	at org.springframework.security.web.ObservationFilterChainDecorator.lambda$wrapSecured$0(ObservationFilterChainDecorator.java:82)
	at org.springframework.security.web.ObservationFilterChainDecorator$VirtualFilterChain.doFilter(ObservationFilterChainDecorator.java:128)
	at org.springframework.security.web.access.intercept.AuthorizationFilter.doFilter(AuthorizationFilter.java:100)
	at org.springframework.security.web.ObservationFilterChainDecorator$ObservationFilter.wrapFilter(ObservationFilterChainDecorator.java:240)
	at org.springframework.security.web.ObservationFilterChainDecorator$ObservationFilter.doFilter(ObservationFilterChainDecorator.java:227)
	at org.springframework.security.web.ObservationFilterChainDecorator$VirtualFilterChain.doFilter(ObservationFilterChainDecorator.java:137)
	at org.springframework.security.web.access.ExceptionTranslationFilter.doFilter(ExceptionTranslationFilter.java:126)
	at org.springframework.security.web.access.ExceptionTranslationFilter.doFilter(ExceptionTranslationFilter.java:120)
	at org.springframework.security.web.ObservationFilterChainDecorator$ObservationFilter.wrapFilter(ObservationFilterChainDecorator.java:240)
	at org.springframework.security.web.ObservationFilterChainDecorator$ObservationFilter.doFilter(ObservationFilterChainDecorator.java:227)
	at org.springframework.security.web.ObservationFilterChainDecorator$VirtualFilterChain.doFilter(ObservationFilterChainDecorator.java:137)
	at org.springframework.security.web.session.SessionManagementFilter.doFilter(SessionManagementFilter.java:131)
	at org.springframework.security.web.session.SessionManagementFilter.doFilter(SessionManagementFilter.java:85)
	at org.springframework.security.web.ObservationFilterChainDecorator$ObservationFilter.wrapFilter(ObservationFilterChainDecorator.java:240)
	at org.springframework.security.web.ObservationFilterChainDecorator$ObservationFilter.doFilter(ObservationFilterChainDecorator.java:227)
	at org.springframework.security.web.ObservationFilterChainDecorator$VirtualFilterChain.doFilter(ObservationFilterChainDecorator.java:137)
	at org.springframework.security.web.authentication.AnonymousAuthenticationFilter.doFilter(AnonymousAuthenticationFilter.java:100)
	at org.springframework.security.web.ObservationFilterChainDecorator$ObservationFilter.wrapFilter(ObservationFilterChainDecorator.java:240)
	at org.springframework.security.web.ObservationFilterChainDecorator$ObservationFilter.doFilter(ObservationFilterChainDecorator.java:227)
	at org.springframework.security.web.ObservationFilterChainDecorator$VirtualFilterChain.doFilter(ObservationFilterChainDecorator.java:137)
	at org.springframework.security.web.servletapi.SecurityContextHolderAwareRequestFilter.doFilter(SecurityContextHolderAwareRequestFilter.java:179)
	at org.springframework.security.web.ObservationFilterChainDecorator$ObservationFilter.wrapFilter(ObservationFilterChainDecorator.java:240)
	at org.springframework.security.web.ObservationFilterChainDecorator$ObservationFilter.doFilter(ObservationFilterChainDecorator.java:227)
	at org.springframework.security.web.ObservationFilterChainDecorator$VirtualFilterChain.doFilter(ObservationFilterChainDecorator.java:137)
	at org.springframework.security.web.savedrequest.RequestCacheAwareFilter.doFilter(RequestCacheAwareFilter.java:63)
	at org.springframework.security.web.ObservationFilterChainDecorator$ObservationFilter.wrapFilter(ObservationFilterChainDecorator.java:240)
	at org.springframework.security.web.ObservationFilterChainDecorator$ObservationFilter.doFilter(ObservationFilterChainDecorator.java:227)
	at org.springframework.security.web.ObservationFilterChainDecorator$VirtualFilterChain.doFilter(ObservationFilterChainDecorator.java:137)
	at com.capg.pharma.catalogservice.security.JwtAuthFilter.doFilterInternal(JwtAuthFilter.java:66)
	at org.springframework.web.filter.OncePerRequestFilter.doFilter(OncePerRequestFilter.java:116)
	at org.springframework.security.web.ObservationFilterChainDecorator$ObservationFilter.wrapFilter(ObservationFilterChainDecorator.java:240)
	at org.springframework.security.web.ObservationFilterChainDecorator$ObservationFilter.doFilter(ObservationFilterChainDecorator.java:227)
	at org.springframework.security.web.ObservationFilterChainDecorator$VirtualFilterChain.doFilter(ObservationFilterChainDecorator.java:137)
	at org.springframework.security.web.authentication.logout.LogoutFilter.doFilter(LogoutFilter.java:107)
	at org.springframework.security.web.authentication.logout.LogoutFilter.doFilter(LogoutFilter.java:93)
	at org.springframework.security.web.ObservationFilterChainDecorator$ObservationFilter.wrapFilter(ObservationFilterChainDecorator.java:240)
	at org.springframework.security.web.ObservationFilterChainDecorator$ObservationFilter.doFilter(ObservationFilterChainDecorator.java:227)
	at org.springframework.security.web.ObservationFilterChainDecorator$VirtualFilterChain.doFilter(ObservationFilterChainDecorator.java:137)
	at org.springframework.web.filter.CorsFilter.doFilterInternal(CorsFilter.java:91)
	at org.springframework.web.filter.OncePerRequestFilter.doFilter(OncePerRequestFilter.java:116)
	at org.springframework.security.web.ObservationFilterChainDecorator$ObservationFilter.wrapFilter(ObservationFilterChainDecorator.java:240)
	at org.springframework.security.web.ObservationFilterChainDecorator$ObservationFilter.doFilter(ObservationFilterChainDecorator.java:227)
	at org.springframework.security.web.ObservationFilterChainDecorator$VirtualFilterChain.doFilter(ObservationFilterChainDecorator.java:137)
	at org.springframework.security.web.header.HeaderWriterFilter.doHeadersAfter(HeaderWriterFilter.java:90)
	at org.springframework.security.web.header.HeaderWriterFilter.doFilterInternal(HeaderWriterFilter.java:75)
	at org.springframework.web.filter.OncePerRequestFilter.doFilter(OncePerRequestFilter.java:116)
	at org.springframework.security.web.ObservationFilterChainDecorator$ObservationFilter.wrapFilter(ObservationFilterChainDecorator.java:240)
	at org.springframework.security.web.ObservationFilterChainDecorator$ObservationFilter.doFilter(ObservationFilterChainDecorator.java:227)
	at org.springframework.security.web.ObservationFilterChainDecorator$VirtualFilterChain.doFilter(ObservationFilterChainDecorator.java:137)
	at org.springframework.security.web.context.SecurityContextHolderFilter.doFilter(SecurityContextHolderFilter.java:82)
	at org.springframework.security.web.context.SecurityContextHolderFilter.doFilter(SecurityContextHolderFilter.java:69)
	at org.springframework.security.web.ObservationFilterChainDecorator$ObservationFilter.wrapFilter(ObservationFilterChainDecorator.java:240)
	at org.springframework.security.web.ObservationFilterChainDecorator$ObservationFilter.doFilter(ObservationFilterChainDecorator.java:227)
	at org.springframework.security.web.ObservationFilterChainDecorator$VirtualFilterChain.doFilter(ObservationFilterChainDecorator.java:137)
	at org.springframework.security.web.context.request.async.WebAsyncManagerIntegrationFilter.doFilterInternal(WebAsyncManagerIntegrationFilter.java:62)
	at org.springframework.web.filter.OncePerRequestFilter.doFilter(OncePerRequestFilter.java:116)
	at org.springframework.security.web.ObservationFilterChainDecorator$ObservationFilter.wrapFilter(ObservationFilterChainDecorator.java:240)
	at org.springframework.security.web.ObservationFilterChainDecorator$ObservationFilter.doFilter(ObservationFilterChainDecorator.java:227)
	at org.springframework.security.web.ObservationFilterChainDecorator$VirtualFilterChain.doFilter(ObservationFilterChainDecorator.java:137)
	at org.springframework.security.web.session.DisableEncodeUrlFilter.doFilterInternal(DisableEncodeUrlFilter.java:42)
	at org.springframework.web.filter.OncePerRequestFilter.doFilter(OncePerRequestFilter.java:116)
	at org.springframework.security.web.ObservationFilterChainDecorator$ObservationFilter.wrapFilter(ObservationFilterChainDecorator.java:240)
	at org.springframework.security.web.ObservationFilterChainDecorator$AroundFilterObservation$SimpleAroundFilterObservation.lambda$wrap$0(ObservationFilterChainDecorator.java:323)
	at org.springframework.security.web.ObservationFilterChainDecorator$ObservationFilter.doFilter(ObservationFilterChainDecorator.java:224)
	at org.springframework.security.web.ObservationFilterChainDecorator$VirtualFilterChain.doFilter(ObservationFilterChainDecorator.java:137)
	at org.springframework.security.web.FilterChainProxy.doFilterInternal(FilterChainProxy.java:233)
	at org.springframework.security.web.FilterChainProxy.doFilter(FilterChainProxy.java:191)
	at org.springframework.web.filter.CompositeFilter$VirtualFilterChain.doFilter(CompositeFilter.java:113)
	at org.springframework.web.servlet.handler.HandlerMappingIntrospector.lambda$createCacheFilter$3(HandlerMappingIntrospector.java:195)
	at org.springframework.web.filter.CompositeFilter$VirtualFilterChain.doFilter(CompositeFilter.java:113)
	at org.springframework.web.filter.CompositeFilter.doFilter(CompositeFilter.java:74)
	at org.springframework.security.config.annotation.web.configuration.WebMvcSecurityConfiguration$CompositeFilterChainProxy.doFilter(WebMvcSecurityConfiguration.java:230)
	at org.springframework.web.filter.DelegatingFilterProxy.invokeDelegate(DelegatingFilterProxy.java:352)
	at org.springframework.web.filter.DelegatingFilterProxy.doFilter(DelegatingFilterProxy.java:268)
	at org.apache.catalina.core.ApplicationFilterChain.internalDoFilter(ApplicationFilterChain.java:175)
	at org.apache.catalina.core.ApplicationFilterChain.doFilter(ApplicationFilterChain.java:150)
	at org.springframework.web.filter.RequestContextFilter.doFilterInternal(RequestContextFilter.java:100)
	at org.springframework.web.filter.OncePerRequestFilter.doFilter(OncePerRequestFilter.java:116)
	at org.apache.catalina.core.ApplicationFilterChain.internalDoFilter(ApplicationFilterChain.java:175)
	at org.apache.catalina.core.ApplicationFilterChain.doFilter(ApplicationFilterChain.java:150)
	at org.springframework.web.filter.FormContentFilter.doFilterInternal(FormContentFilter.java:93)
	at org.springframework.web.filter.OncePerRequestFilter.doFilter(OncePerRequestFilter.java:116)
	at org.apache.catalina.core.ApplicationFilterChain.internalDoFilter(ApplicationFilterChain.java:175)
	at org.apache.catalina.core.ApplicationFilterChain.doFilter(ApplicationFilterChain.java:150)
	at org.springframework.web.filter.ServerHttpObservationFilter.doFilterInternal(ServerHttpObservationFilter.java:109)
	at org.springframework.web.filter.OncePerRequestFilter.doFilter(OncePerRequestFilter.java:116)
	at org.apache.catalina.core.ApplicationFilterChain.internalDoFilter(ApplicationFilterChain.java:175)
	at org.apache.catalina.core.ApplicationFilterChain.doFilter(ApplicationFilterChain.java:150)
	at org.springframework.web.filter.CharacterEncodingFilter.doFilterInternal(CharacterEncodingFilter.java:201)
	at org.springframework.web.filter.OncePerRequestFilter.doFilter(OncePerRequestFilter.java:116)
	at org.apache.catalina.core.ApplicationFilterChain.internalDoFilter(ApplicationFilterChain.java:175)
	at org.apache.catalina.core.ApplicationFilterChain.doFilter(ApplicationFilterChain.java:150)
	at org.apache.catalina.core.StandardWrapperValve.invoke(StandardWrapperValve.java:167)
	at org.apache.catalina.core.StandardContextValve.invoke(StandardContextValve.java:90)
	at org.apache.catalina.authenticator.AuthenticatorBase.invoke(AuthenticatorBase.java:482)
	at org.apache.catalina.core.StandardHostValve.invoke(StandardHostValve.java:115)
	at org.apache.catalina.valves.ErrorReportValve.invoke(ErrorReportValve.java:93)
	at org.apache.catalina.core.StandardEngineValve.invoke(StandardEngineValve.java:74)
	at org.apache.catalina.connector.CoyoteAdapter.service(CoyoteAdapter.java:344)
	at org.apache.coyote.http11.Http11Processor.service(Http11Processor.java:391)
	at org.apache.coyote.AbstractProcessorLight.process(AbstractProcessorLight.java:63)
	at org.apache.coyote.AbstractProtocol$ConnectionHandler.process(AbstractProtocol.java:896)
	at org.apache.tomcat.util.net.NioEndpoint$SocketProcessor.doRun(NioEndpoint.java:1736)
	at org.apache.tomcat.util.net.SocketProcessorBase.run(SocketProcessorBase.java:52)
	at org.apache.tomcat.util.threads.ThreadPoolExecutor.runWorker(ThreadPoolExecutor.java:1191)
	at org.apache.tomcat.util.threads.ThreadPoolExecutor$Worker.run(ThreadPoolExecutor.java:659)
	at org.apache.tomcat.util.threads.TaskThread$WrappingRunnable.run(TaskThread.java:63)
	at java.base/java.lang.Thread.run(Thread.java:1583)
2026-05-02 16:34:32.171 [http-nio-9092-exec-9] ERROR o.a.c.c.C.[Tomcat].[localhost] - Exception Processing [ErrorPage[errorCode=0, location=/error]]
java.lang.NoClassDefFoundError: org/apache/catalina/core/ApplicationContext$DispatchData
	at org.apache.catalina.core.ApplicationContext.getRequestDispatcher(ApplicationContext.java:421)
	at org.apache.catalina.core.ApplicationContextFacade.getRequestDispatcher(ApplicationContextFacade.java:215)
	at org.apache.catalina.core.StandardHostValve.custom(StandardHostValve.java:332)
	at org.apache.catalina.core.StandardHostValve.status(StandardHostValve.java:222)
	at org.apache.catalina.core.StandardHostValve.throwable(StandardHostValve.java:308)
	at org.apache.catalina.core.StandardHostValve.invoke(StandardHostValve.java:149)
	at org.apache.catalina.valves.ErrorReportValve.invoke(ErrorReportValve.java:93)
	at org.apache.catalina.core.StandardEngineValve.invoke(StandardEngineValve.java:74)
	at org.apache.catalina.connector.CoyoteAdapter.service(CoyoteAdapter.java:344)
	at org.apache.coyote.http11.Http11Processor.service(Http11Processor.java:391)
	at org.apache.coyote.AbstractProcessorLight.process(AbstractProcessorLight.java:63)
	at org.apache.coyote.AbstractProtocol$ConnectionHandler.process(AbstractProtocol.java:896)
	at org.apache.tomcat.util.net.NioEndpoint$SocketProcessor.doRun(NioEndpoint.java:1736)
	at org.apache.tomcat.util.net.SocketProcessorBase.run(SocketProcessorBase.java:52)
	at org.apache.tomcat.util.threads.ThreadPoolExecutor.runWorker(ThreadPoolExecutor.java:1191)
	at org.apache.tomcat.util.threads.ThreadPoolExecutor$Worker.run(ThreadPoolExecutor.java:659)
	at org.apache.tomcat.util.threads.TaskThread$WrappingRunnable.run(TaskThread.java:63)
	at java.base/java.lang.Thread.run(Thread.java:1583)
Caused by: java.lang.ClassNotFoundException: org.apache.catalina.core.ApplicationContext$DispatchData
	... 18 common frames omitted
2026-05-02 16:48:55.320 [http-nio-9092-exec-1] WARN  o.s.s.c.SpringSecurityMessageSource - ResourceBundle [org.springframework.security.messages] not found for MessageSource: Can't find bundle for base name org.springframework.security.messages, locale en_US
2026-05-02 16:48:55.361 [http-nio-9092-exec-1] ERROR o.a.c.c.C.[Tomcat].[localhost] - Exception Processing [ErrorPage[errorCode=0, location=/error]]
java.lang.NoClassDefFoundError: org/apache/catalina/core/ApplicationContext$DispatchData
	at org.apache.catalina.core.ApplicationContext.getRequestDispatcher(ApplicationContext.java:421)
	at org.apache.catalina.core.ApplicationContextFacade.getRequestDispatcher(ApplicationContextFacade.java:215)
	at org.apache.catalina.core.StandardHostValve.custom(StandardHostValve.java:332)
	at org.apache.catalina.core.StandardHostValve.status(StandardHostValve.java:222)
	at org.apache.catalina.core.StandardHostValve.invoke(StandardHostValve.java:151)
	at org.apache.catalina.valves.ErrorReportValve.invoke(ErrorReportValve.java:93)
	at org.apache.catalina.core.StandardEngineValve.invoke(StandardEngineValve.java:74)
	at org.apache.catalina.connector.CoyoteAdapter.service(CoyoteAdapter.java:344)
	at org.apache.coyote.http11.Http11Processor.service(Http11Processor.java:391)
	at org.apache.coyote.AbstractProcessorLight.process(AbstractProcessorLight.java:63)
	at org.apache.coyote.AbstractProtocol$ConnectionHandler.process(AbstractProtocol.java:896)
	at org.apache.tomcat.util.net.NioEndpoint$SocketProcessor.doRun(NioEndpoint.java:1736)
	at org.apache.tomcat.util.net.SocketProcessorBase.run(SocketProcessorBase.java:52)
	at org.apache.tomcat.util.threads.ThreadPoolExecutor.runWorker(ThreadPoolExecutor.java:1191)
	at org.apache.tomcat.util.threads.ThreadPoolExecutor$Worker.run(ThreadPoolExecutor.java:659)
	at org.apache.tomcat.util.threads.TaskThread$WrappingRunnable.run(TaskThread.java:63)
	at java.base/java.lang.Thread.run(Thread.java:1583)
Caused by: java.lang.ClassNotFoundException: org.apache.catalina.core.ApplicationContext$DispatchData
	... 17 common frames omitted
2026-05-02 16:48:55.367 [http-nio-9092-exec-3] WARN  o.s.s.c.SpringSecurityMessageSource - ResourceBundle [org.springframework.security.messages] not found for MessageSource: Can't find bundle for base name org.springframework.security.messages, locale en_US
2026-05-02 16:48:55.375 [http-nio-9092-exec-3] ERROR o.a.c.c.C.[.[.[.[dispatcherServlet] - Servlet.service() for servlet [dispatcherServlet] in context with path [] threw exception [Handler processing failed: java.lang.NoClassDefFoundError: org/springframework/core/ExceptionDepthComparator] with root cause
java.lang.ClassNotFoundException: org.springframework.core.ExceptionDepthComparator
	at org.springframework.web.method.annotation.ExceptionHandlerMethodResolver.getMappedMethod(ExceptionHandlerMethodResolver.java:187)
	at org.springframework.web.method.annotation.ExceptionHandlerMethodResolver.resolveMethodByExceptionType(ExceptionHandlerMethodResolver.java:167)
	at org.springframework.web.method.annotation.ExceptionHandlerMethodResolver.resolveMethodByThrowable(ExceptionHandlerMethodResolver.java:146)
	at org.springframework.web.method.annotation.ExceptionHandlerMethodResolver.resolveMethod(ExceptionHandlerMethodResolver.java:134)
	at org.springframework.web.servlet.mvc.method.annotation.ExceptionHandlerExceptionResolver.getExceptionHandlerMethod(ExceptionHandlerExceptionResolver.java:503)
	at org.springframework.web.servlet.mvc.method.annotation.ExceptionHandlerExceptionResolver.doResolveHandlerMethodException(ExceptionHandlerExceptionResolver.java:402)
	at org.springframework.web.servlet.handler.AbstractHandlerMethodExceptionResolver.doResolveException(AbstractHandlerMethodExceptionResolver.java:74)
	at org.springframework.web.servlet.handler.AbstractHandlerExceptionResolver.resolveException(AbstractHandlerExceptionResolver.java:175)
	at org.springframework.web.servlet.handler.HandlerExceptionResolverComposite.resolveException(HandlerExceptionResolverComposite.java:80)
	at org.springframework.web.servlet.DispatcherServlet.processHandlerException(DispatcherServlet.java:1357)
	at org.springframework.web.servlet.DispatcherServlet.processDispatchResult(DispatcherServlet.java:1160)
	at org.springframework.web.servlet.DispatcherServlet.doDispatch(DispatcherServlet.java:1106)
	at org.springframework.web.servlet.DispatcherServlet.doService(DispatcherServlet.java:979)
	at org.springframework.web.servlet.FrameworkServlet.processRequest(FrameworkServlet.java:1014)
	at org.springframework.web.servlet.FrameworkServlet.doGet(FrameworkServlet.java:903)
	at jakarta.servlet.http.HttpServlet.service(HttpServlet.java:564)
	at org.springframework.web.servlet.FrameworkServlet.service(FrameworkServlet.java:885)
	at jakarta.servlet.http.HttpServlet.service(HttpServlet.java:658)
	at org.apache.catalina.core.ApplicationFilterChain.internalDoFilter(ApplicationFilterChain.java:206)
	at org.apache.catalina.core.ApplicationFilterChain.doFilter(ApplicationFilterChain.java:150)
	at org.apache.tomcat.websocket.server.WsFilter.doFilter(WsFilter.java:51)
	at org.apache.catalina.core.ApplicationFilterChain.internalDoFilter(ApplicationFilterChain.java:175)
	at org.apache.catalina.core.ApplicationFilterChain.doFilter(ApplicationFilterChain.java:150)
	at org.springframework.web.filter.OncePerRequestFilter.doFilter(OncePerRequestFilter.java:110)
	at org.apache.catalina.core.ApplicationFilterChain.internalDoFilter(ApplicationFilterChain.java:175)
	at org.apache.catalina.core.ApplicationFilterChain.doFilter(ApplicationFilterChain.java:150)
	at org.springframework.web.filter.CompositeFilter$VirtualFilterChain.doFilter(CompositeFilter.java:108)
	at org.springframework.security.web.FilterChainProxy.lambda$doFilterInternal$3(FilterChainProxy.java:231)
	at org.springframework.security.web.ObservationFilterChainDecorator$FilterObservation$SimpleFilterObservation.lambda$wrap$1(ObservationFilterChainDecorator.java:479)
	at org.springframework.security.web.ObservationFilterChainDecorator$AroundFilterObservation$SimpleAroundFilterObservation.lambda$wrap$1(ObservationFilterChainDecorator.java:340)
	at org.springframework.security.web.ObservationFilterChainDecorator.lambda$wrapSecured$0(ObservationFilterChainDecorator.java:82)
	at org.springframework.security.web.ObservationFilterChainDecorator$VirtualFilterChain.doFilter(ObservationFilterChainDecorator.java:128)
	at org.springframework.security.web.access.intercept.AuthorizationFilter.doFilter(AuthorizationFilter.java:100)
	at org.springframework.security.web.ObservationFilterChainDecorator$ObservationFilter.wrapFilter(ObservationFilterChainDecorator.java:240)
	at org.springframework.security.web.ObservationFilterChainDecorator$ObservationFilter.doFilter(ObservationFilterChainDecorator.java:227)
	at org.springframework.security.web.ObservationFilterChainDecorator$VirtualFilterChain.doFilter(ObservationFilterChainDecorator.java:137)
	at org.springframework.security.web.access.ExceptionTranslationFilter.doFilter(ExceptionTranslationFilter.java:126)
	at org.springframework.security.web.access.ExceptionTranslationFilter.doFilter(ExceptionTranslationFilter.java:120)
	at org.springframework.security.web.ObservationFilterChainDecorator$ObservationFilter.wrapFilter(ObservationFilterChainDecorator.java:240)
	at org.springframework.security.web.ObservationFilterChainDecorator$ObservationFilter.doFilter(ObservationFilterChainDecorator.java:227)
	at org.springframework.security.web.ObservationFilterChainDecorator$VirtualFilterChain.doFilter(ObservationFilterChainDecorator.java:137)
	at org.springframework.security.web.session.SessionManagementFilter.doFilter(SessionManagementFilter.java:131)
	at org.springframework.security.web.session.SessionManagementFilter.doFilter(SessionManagementFilter.java:85)
	at org.springframework.security.web.ObservationFilterChainDecorator$ObservationFilter.wrapFilter(ObservationFilterChainDecorator.java:240)
	at org.springframework.security.web.ObservationFilterChainDecorator$ObservationFilter.doFilter(ObservationFilterChainDecorator.java:227)
	at org.springframework.security.web.ObservationFilterChainDecorator$VirtualFilterChain.doFilter(ObservationFilterChainDecorator.java:137)
	at org.springframework.security.web.authentication.AnonymousAuthenticationFilter.doFilter(AnonymousAuthenticationFilter.java:100)
	at org.springframework.security.web.ObservationFilterChainDecorator$ObservationFilter.wrapFilter(ObservationFilterChainDecorator.java:240)
	at org.springframework.security.web.ObservationFilterChainDecorator$ObservationFilter.doFilter(ObservationFilterChainDecorator.java:227)
	at org.springframework.security.web.ObservationFilterChainDecorator$VirtualFilterChain.doFilter(ObservationFilterChainDecorator.java:137)
	at org.springframework.security.web.servletapi.SecurityContextHolderAwareRequestFilter.doFilter(SecurityContextHolderAwareRequestFilter.java:179)
	at org.springframework.security.web.ObservationFilterChainDecorator$ObservationFilter.wrapFilter(ObservationFilterChainDecorator.java:240)
	at org.springframework.security.web.ObservationFilterChainDecorator$ObservationFilter.doFilter(ObservationFilterChainDecorator.java:227)
	at org.springframework.security.web.ObservationFilterChainDecorator$VirtualFilterChain.doFilter(ObservationFilterChainDecorator.java:137)
	at org.springframework.security.web.savedrequest.RequestCacheAwareFilter.doFilter(RequestCacheAwareFilter.java:63)
	at org.springframework.security.web.ObservationFilterChainDecorator$ObservationFilter.wrapFilter(ObservationFilterChainDecorator.java:240)
	at org.springframework.security.web.ObservationFilterChainDecorator$ObservationFilter.doFilter(ObservationFilterChainDecorator.java:227)
	at org.springframework.security.web.ObservationFilterChainDecorator$VirtualFilterChain.doFilter(ObservationFilterChainDecorator.java:137)
	at com.capg.pharma.catalogservice.security.JwtAuthFilter.doFilterInternal(JwtAuthFilter.java:66)
	at org.springframework.web.filter.OncePerRequestFilter.doFilter(OncePerRequestFilter.java:116)
	at org.springframework.security.web.ObservationFilterChainDecorator$ObservationFilter.wrapFilter(ObservationFilterChainDecorator.java:240)
	at org.springframework.security.web.ObservationFilterChainDecorator$ObservationFilter.doFilter(ObservationFilterChainDecorator.java:227)
	at org.springframework.security.web.ObservationFilterChainDecorator$VirtualFilterChain.doFilter(ObservationFilterChainDecorator.java:137)
	at org.springframework.security.web.authentication.logout.LogoutFilter.doFilter(LogoutFilter.java:107)
	at org.springframework.security.web.authentication.logout.LogoutFilter.doFilter(LogoutFilter.java:93)
	at org.springframework.security.web.ObservationFilterChainDecorator$ObservationFilter.wrapFilter(ObservationFilterChainDecorator.java:240)
	at org.springframework.security.web.ObservationFilterChainDecorator$ObservationFilter.doFilter(ObservationFilterChainDecorator.java:227)
	at org.springframework.security.web.ObservationFilterChainDecorator$VirtualFilterChain.doFilter(ObservationFilterChainDecorator.java:137)
	at org.springframework.web.filter.CorsFilter.doFilterInternal(CorsFilter.java:91)
	at org.springframework.web.filter.OncePerRequestFilter.doFilter(OncePerRequestFilter.java:116)
	at org.springframework.security.web.ObservationFilterChainDecorator$ObservationFilter.wrapFilter(ObservationFilterChainDecorator.java:240)
	at org.springframework.security.web.ObservationFilterChainDecorator$ObservationFilter.doFilter(ObservationFilterChainDecorator.java:227)
	at org.springframework.security.web.ObservationFilterChainDecorator$VirtualFilterChain.doFilter(ObservationFilterChainDecorator.java:137)
	at org.springframework.security.web.header.HeaderWriterFilter.doHeadersAfter(HeaderWriterFilter.java:90)
	at org.springframework.security.web.header.HeaderWriterFilter.doFilterInternal(HeaderWriterFilter.java:75)
	at org.springframework.web.filter.OncePerRequestFilter.doFilter(OncePerRequestFilter.java:116)
	at org.springframework.security.web.ObservationFilterChainDecorator$ObservationFilter.wrapFilter(ObservationFilterChainDecorator.java:240)
	at org.springframework.security.web.ObservationFilterChainDecorator$ObservationFilter.doFilter(ObservationFilterChainDecorator.java:227)
	at org.springframework.security.web.ObservationFilterChainDecorator$VirtualFilterChain.doFilter(ObservationFilterChainDecorator.java:137)
	at org.springframework.security.web.context.SecurityContextHolderFilter.doFilter(SecurityContextHolderFilter.java:82)
	at org.springframework.security.web.context.SecurityContextHolderFilter.doFilter(SecurityContextHolderFilter.java:69)
	at org.springframework.security.web.ObservationFilterChainDecorator$ObservationFilter.wrapFilter(ObservationFilterChainDecorator.java:240)
	at org.springframework.security.web.ObservationFilterChainDecorator$ObservationFilter.doFilter(ObservationFilterChainDecorator.java:227)
	at org.springframework.security.web.ObservationFilterChainDecorator$VirtualFilterChain.doFilter(ObservationFilterChainDecorator.java:137)
	at org.springframework.security.web.context.request.async.WebAsyncManagerIntegrationFilter.doFilterInternal(WebAsyncManagerIntegrationFilter.java:62)
	at org.springframework.web.filter.OncePerRequestFilter.doFilter(OncePerRequestFilter.java:116)
	at org.springframework.security.web.ObservationFilterChainDecorator$ObservationFilter.wrapFilter(ObservationFilterChainDecorator.java:240)
	at org.springframework.security.web.ObservationFilterChainDecorator$ObservationFilter.doFilter(ObservationFilterChainDecorator.java:227)
	at org.springframework.security.web.ObservationFilterChainDecorator$VirtualFilterChain.doFilter(ObservationFilterChainDecorator.java:137)
	at org.springframework.security.web.session.DisableEncodeUrlFilter.doFilterInternal(DisableEncodeUrlFilter.java:42)
	at org.springframework.web.filter.OncePerRequestFilter.doFilter(OncePerRequestFilter.java:116)
	at org.springframework.security.web.ObservationFilterChainDecorator$ObservationFilter.wrapFilter(ObservationFilterChainDecorator.java:240)
	at org.springframework.security.web.ObservationFilterChainDecorator$AroundFilterObservation$SimpleAroundFilterObservation.lambda$wrap$0(ObservationFilterChainDecorator.java:323)
	at org.springframework.security.web.ObservationFilterChainDecorator$ObservationFilter.doFilter(ObservationFilterChainDecorator.java:224)
	at org.springframework.security.web.ObservationFilterChainDecorator$VirtualFilterChain.doFilter(ObservationFilterChainDecorator.java:137)
	at org.springframework.security.web.FilterChainProxy.doFilterInternal(FilterChainProxy.java:233)
	at org.springframework.security.web.FilterChainProxy.doFilter(FilterChainProxy.java:191)
	at org.springframework.web.filter.CompositeFilter$VirtualFilterChain.doFilter(CompositeFilter.java:113)
	at org.springframework.web.servlet.handler.HandlerMappingIntrospector.lambda$createCacheFilter$3(HandlerMappingIntrospector.java:195)
	at org.springframework.web.filter.CompositeFilter$VirtualFilterChain.doFilter(CompositeFilter.java:113)
	at org.springframework.web.filter.CompositeFilter.doFilter(CompositeFilter.java:74)
	at org.springframework.security.config.annotation.web.configuration.WebMvcSecurityConfiguration$CompositeFilterChainProxy.doFilter(WebMvcSecurityConfiguration.java:230)
	at org.springframework.web.filter.DelegatingFilterProxy.invokeDelegate(DelegatingFilterProxy.java:352)
	at org.springframework.web.filter.DelegatingFilterProxy.doFilter(DelegatingFilterProxy.java:268)
	at org.apache.catalina.core.ApplicationFilterChain.internalDoFilter(ApplicationFilterChain.java:175)
	at org.apache.catalina.core.ApplicationFilterChain.doFilter(ApplicationFilterChain.java:150)
	at org.springframework.web.filter.RequestContextFilter.doFilterInternal(RequestContextFilter.java:100)
	at org.springframework.web.filter.OncePerRequestFilter.doFilter(OncePerRequestFilter.java:116)
	at org.apache.catalina.core.ApplicationFilterChain.internalDoFilter(ApplicationFilterChain.java:175)
	at org.apache.catalina.core.ApplicationFilterChain.doFilter(ApplicationFilterChain.java:150)
	at org.springframework.web.filter.FormContentFilter.doFilterInternal(FormContentFilter.java:93)
	at org.springframework.web.filter.OncePerRequestFilter.doFilter(OncePerRequestFilter.java:116)
	at org.apache.catalina.core.ApplicationFilterChain.internalDoFilter(ApplicationFilterChain.java:175)
	at org.apache.catalina.core.ApplicationFilterChain.doFilter(ApplicationFilterChain.java:150)
	at org.springframework.web.filter.ServerHttpObservationFilter.doFilterInternal(ServerHttpObservationFilter.java:109)
	at org.springframework.web.filter.OncePerRequestFilter.doFilter(OncePerRequestFilter.java:116)
	at org.apache.catalina.core.ApplicationFilterChain.internalDoFilter(ApplicationFilterChain.java:175)
	at org.apache.catalina.core.ApplicationFilterChain.doFilter(ApplicationFilterChain.java:150)
	at org.springframework.web.filter.CharacterEncodingFilter.doFilterInternal(CharacterEncodingFilter.java:201)
	at org.springframework.web.filter.OncePerRequestFilter.doFilter(OncePerRequestFilter.java:116)
	at org.apache.catalina.core.ApplicationFilterChain.internalDoFilter(ApplicationFilterChain.java:175)
	at org.apache.catalina.core.ApplicationFilterChain.doFilter(ApplicationFilterChain.java:150)
	at org.apache.catalina.core.StandardWrapperValve.invoke(StandardWrapperValve.java:167)
	at org.apache.catalina.core.StandardContextValve.invoke(StandardContextValve.java:90)
	at org.apache.catalina.authenticator.AuthenticatorBase.invoke(AuthenticatorBase.java:482)
	at org.apache.catalina.core.StandardHostValve.invoke(StandardHostValve.java:115)
	at org.apache.catalina.valves.ErrorReportValve.invoke(ErrorReportValve.java:93)
	at org.apache.catalina.core.StandardEngineValve.invoke(StandardEngineValve.java:74)
	at org.apache.catalina.connector.CoyoteAdapter.service(CoyoteAdapter.java:344)
	at org.apache.coyote.http11.Http11Processor.service(Http11Processor.java:391)
	at org.apache.coyote.AbstractProcessorLight.process(AbstractProcessorLight.java:63)
	at org.apache.coyote.AbstractProtocol$ConnectionHandler.process(AbstractProtocol.java:896)
	at org.apache.tomcat.util.net.NioEndpoint$SocketProcessor.doRun(NioEndpoint.java:1736)
	at org.apache.tomcat.util.net.SocketProcessorBase.run(SocketProcessorBase.java:52)
	at org.apache.tomcat.util.threads.ThreadPoolExecutor.runWorker(ThreadPoolExecutor.java:1191)
	at org.apache.tomcat.util.threads.ThreadPoolExecutor$Worker.run(ThreadPoolExecutor.java:659)
	at org.apache.tomcat.util.threads.TaskThread$WrappingRunnable.run(TaskThread.java:63)
	at java.base/java.lang.Thread.run(Thread.java:1583)
2026-05-02 16:48:55.395 [http-nio-9092-exec-3] ERROR o.a.c.c.C.[Tomcat].[localhost] - Exception Processing [ErrorPage[errorCode=0, location=/error]]
java.lang.NoClassDefFoundError: org/apache/catalina/core/ApplicationContext$DispatchData
	at org.apache.catalina.core.ApplicationContext.getRequestDispatcher(ApplicationContext.java:421)
	at org.apache.catalina.core.ApplicationContextFacade.getRequestDispatcher(ApplicationContextFacade.java:215)
	at org.apache.catalina.core.StandardHostValve.custom(StandardHostValve.java:332)
	at org.apache.catalina.core.StandardHostValve.status(StandardHostValve.java:222)
	at org.apache.catalina.core.StandardHostValve.throwable(StandardHostValve.java:308)
	at org.apache.catalina.core.StandardHostValve.invoke(StandardHostValve.java:149)
	at org.apache.catalina.valves.ErrorReportValve.invoke(ErrorReportValve.java:93)
	at org.apache.catalina.core.StandardEngineValve.invoke(StandardEngineValve.java:74)
	at org.apache.catalina.connector.CoyoteAdapter.service(CoyoteAdapter.java:344)
	at org.apache.coyote.http11.Http11Processor.service(Http11Processor.java:391)
	at org.apache.coyote.AbstractProcessorLight.process(AbstractProcessorLight.java:63)
	at org.apache.coyote.AbstractProtocol$ConnectionHandler.process(AbstractProtocol.java:896)
	at org.apache.tomcat.util.net.NioEndpoint$SocketProcessor.doRun(NioEndpoint.java:1736)
	at org.apache.tomcat.util.net.SocketProcessorBase.run(SocketProcessorBase.java:52)
	at org.apache.tomcat.util.threads.ThreadPoolExecutor.runWorker(ThreadPoolExecutor.java:1191)
	at org.apache.tomcat.util.threads.ThreadPoolExecutor$Worker.run(ThreadPoolExecutor.java:659)
	at org.apache.tomcat.util.threads.TaskThread$WrappingRunnable.run(TaskThread.java:63)
	at java.base/java.lang.Thread.run(Thread.java:1583)
Caused by: java.lang.ClassNotFoundException: org.apache.catalina.core.ApplicationContext$DispatchData
	... 18 common frames omitted
2026-05-02 16:51:44.481 [http-nio-9092-exec-10] WARN  o.s.s.c.SpringSecurityMessageSource - ResourceBundle [org.springframework.security.messages] not found for MessageSource: Can't find bundle for base name org.springframework.security.messages, locale en_US
2026-05-02 16:51:44.500 [http-nio-9092-exec-9] WARN  o.s.s.c.SpringSecurityMessageSource - ResourceBundle [org.springframework.security.messages] not found for MessageSource: Can't find bundle for base name org.springframework.security.messages, locale en_US
2026-05-02 16:51:44.495 [http-nio-9092-exec-10] ERROR o.a.c.c.C.[.[.[.[dispatcherServlet] - Servlet.service() for servlet [dispatcherServlet] in context with path [] threw exception [Handler processing failed: java.lang.NoClassDefFoundError: org/springframework/core/ExceptionDepthComparator] with root cause
java.lang.ClassNotFoundException: org.springframework.core.ExceptionDepthComparator
	at org.springframework.web.method.annotation.ExceptionHandlerMethodResolver.getMappedMethod(ExceptionHandlerMethodResolver.java:187)
	at org.springframework.web.method.annotation.ExceptionHandlerMethodResolver.resolveMethodByExceptionType(ExceptionHandlerMethodResolver.java:167)
	at org.springframework.web.method.annotation.ExceptionHandlerMethodResolver.resolveMethodByThrowable(ExceptionHandlerMethodResolver.java:146)
	at org.springframework.web.method.annotation.ExceptionHandlerMethodResolver.resolveMethod(ExceptionHandlerMethodResolver.java:134)
	at org.springframework.web.servlet.mvc.method.annotation.ExceptionHandlerExceptionResolver.getExceptionHandlerMethod(ExceptionHandlerExceptionResolver.java:503)
	at org.springframework.web.servlet.mvc.method.annotation.ExceptionHandlerExceptionResolver.doResolveHandlerMethodException(ExceptionHandlerExceptionResolver.java:402)
	at org.springframework.web.servlet.handler.AbstractHandlerMethodExceptionResolver.doResolveException(AbstractHandlerMethodExceptionResolver.java:74)
	at org.springframework.web.servlet.handler.AbstractHandlerExceptionResolver.resolveException(AbstractHandlerExceptionResolver.java:175)
	at org.springframework.web.servlet.handler.HandlerExceptionResolverComposite.resolveException(HandlerExceptionResolverComposite.java:80)
	at org.springframework.web.servlet.DispatcherServlet.processHandlerException(DispatcherServlet.java:1357)
	at org.springframework.web.servlet.DispatcherServlet.processDispatchResult(DispatcherServlet.java:1160)
	at org.springframework.web.servlet.DispatcherServlet.doDispatch(DispatcherServlet.java:1106)
	at org.springframework.web.servlet.DispatcherServlet.doService(DispatcherServlet.java:979)
	at org.springframework.web.servlet.FrameworkServlet.processRequest(FrameworkServlet.java:1014)
	at org.springframework.web.servlet.FrameworkServlet.doGet(FrameworkServlet.java:903)
	at jakarta.servlet.http.HttpServlet.service(HttpServlet.java:564)
	at org.springframework.web.servlet.FrameworkServlet.service(FrameworkServlet.java:885)
	at jakarta.servlet.http.HttpServlet.service(HttpServlet.java:658)
	at org.apache.catalina.core.ApplicationFilterChain.internalDoFilter(ApplicationFilterChain.java:206)
	at org.apache.catalina.core.ApplicationFilterChain.doFilter(ApplicationFilterChain.java:150)
	at org.apache.tomcat.websocket.server.WsFilter.doFilter(WsFilter.java:51)
	at org.apache.catalina.core.ApplicationFilterChain.internalDoFilter(ApplicationFilterChain.java:175)
	at org.apache.catalina.core.ApplicationFilterChain.doFilter(ApplicationFilterChain.java:150)
	at org.springframework.web.filter.OncePerRequestFilter.doFilter(OncePerRequestFilter.java:110)
	at org.apache.catalina.core.ApplicationFilterChain.internalDoFilter(ApplicationFilterChain.java:175)
	at org.apache.catalina.core.ApplicationFilterChain.doFilter(ApplicationFilterChain.java:150)
	at org.springframework.web.filter.CompositeFilter$VirtualFilterChain.doFilter(CompositeFilter.java:108)
	at org.springframework.security.web.FilterChainProxy.lambda$doFilterInternal$3(FilterChainProxy.java:231)
	at org.springframework.security.web.ObservationFilterChainDecorator$FilterObservation$SimpleFilterObservation.lambda$wrap$1(ObservationFilterChainDecorator.java:479)
	at org.springframework.security.web.ObservationFilterChainDecorator$AroundFilterObservation$SimpleAroundFilterObservation.lambda$wrap$1(ObservationFilterChainDecorator.java:340)
	at org.springframework.security.web.ObservationFilterChainDecorator.lambda$wrapSecured$0(ObservationFilterChainDecorator.java:82)
	at org.springframework.security.web.ObservationFilterChainDecorator$VirtualFilterChain.doFilter(ObservationFilterChainDecorator.java:128)
	at org.springframework.security.web.access.intercept.AuthorizationFilter.doFilter(AuthorizationFilter.java:100)
	at org.springframework.security.web.ObservationFilterChainDecorator$ObservationFilter.wrapFilter(ObservationFilterChainDecorator.java:240)
	at org.springframework.security.web.ObservationFilterChainDecorator$ObservationFilter.doFilter(ObservationFilterChainDecorator.java:227)
	at org.springframework.security.web.ObservationFilterChainDecorator$VirtualFilterChain.doFilter(ObservationFilterChainDecorator.java:137)
	at org.springframework.security.web.access.ExceptionTranslationFilter.doFilter(ExceptionTranslationFilter.java:126)
	at org.springframework.security.web.access.ExceptionTranslationFilter.doFilter(ExceptionTranslationFilter.java:120)
	at org.springframework.security.web.ObservationFilterChainDecorator$ObservationFilter.wrapFilter(ObservationFilterChainDecorator.java:240)
	at org.springframework.security.web.ObservationFilterChainDecorator$ObservationFilter.doFilter(ObservationFilterChainDecorator.java:227)
	at org.springframework.security.web.ObservationFilterChainDecorator$VirtualFilterChain.doFilter(ObservationFilterChainDecorator.java:137)
	at org.springframework.security.web.session.SessionManagementFilter.doFilter(SessionManagementFilter.java:131)
	at org.springframework.security.web.session.SessionManagementFilter.doFilter(SessionManagementFilter.java:85)
	at org.springframework.security.web.ObservationFilterChainDecorator$ObservationFilter.wrapFilter(ObservationFilterChainDecorator.java:240)
	at org.springframework.security.web.ObservationFilterChainDecorator$ObservationFilter.doFilter(ObservationFilterChainDecorator.java:227)
	at org.springframework.security.web.ObservationFilterChainDecorator$VirtualFilterChain.doFilter(ObservationFilterChainDecorator.java:137)
	at org.springframework.security.web.authentication.AnonymousAuthenticationFilter.doFilter(AnonymousAuthenticationFilter.java:100)
	at org.springframework.security.web.ObservationFilterChainDecorator$ObservationFilter.wrapFilter(ObservationFilterChainDecorator.java:240)
	at org.springframework.security.web.ObservationFilterChainDecorator$ObservationFilter.doFilter(ObservationFilterChainDecorator.java:227)
	at org.springframework.security.web.ObservationFilterChainDecorator$VirtualFilterChain.doFilter(ObservationFilterChainDecorator.java:137)
	at org.springframework.security.web.servletapi.SecurityContextHolderAwareRequestFilter.doFilter(SecurityContextHolderAwareRequestFilter.java:179)
	at org.springframework.security.web.ObservationFilterChainDecorator$ObservationFilter.wrapFilter(ObservationFilterChainDecorator.java:240)
	at org.springframework.security.web.ObservationFilterChainDecorator$ObservationFilter.doFilter(ObservationFilterChainDecorator.java:227)
	at org.springframework.security.web.ObservationFilterChainDecorator$VirtualFilterChain.doFilter(ObservationFilterChainDecorator.java:137)
	at org.springframework.security.web.savedrequest.RequestCacheAwareFilter.doFilter(RequestCacheAwareFilter.java:63)
	at org.springframework.security.web.ObservationFilterChainDecorator$ObservationFilter.wrapFilter(ObservationFilterChainDecorator.java:240)
	at org.springframework.security.web.ObservationFilterChainDecorator$ObservationFilter.doFilter(ObservationFilterChainDecorator.java:227)
	at org.springframework.security.web.ObservationFilterChainDecorator$VirtualFilterChain.doFilter(ObservationFilterChainDecorator.java:137)
	at com.capg.pharma.catalogservice.security.JwtAuthFilter.doFilterInternal(JwtAuthFilter.java:66)
	at org.springframework.web.filter.OncePerRequestFilter.doFilter(OncePerRequestFilter.java:116)
	at org.springframework.security.web.ObservationFilterChainDecorator$ObservationFilter.wrapFilter(ObservationFilterChainDecorator.java:240)
	at org.springframework.security.web.ObservationFilterChainDecorator$ObservationFilter.doFilter(ObservationFilterChainDecorator.java:227)
	at org.springframework.security.web.ObservationFilterChainDecorator$VirtualFilterChain.doFilter(ObservationFilterChainDecorator.java:137)
	at org.springframework.security.web.authentication.logout.LogoutFilter.doFilter(LogoutFilter.java:107)
	at org.springframework.security.web.authentication.logout.LogoutFilter.doFilter(LogoutFilter.java:93)
	at org.springframework.security.web.ObservationFilterChainDecorator$ObservationFilter.wrapFilter(ObservationFilterChainDecorator.java:240)
	at org.springframework.security.web.ObservationFilterChainDecorator$ObservationFilter.doFilter(ObservationFilterChainDecorator.java:227)
	at org.springframework.security.web.ObservationFilterChainDecorator$VirtualFilterChain.doFilter(ObservationFilterChainDecorator.java:137)
	at org.springframework.web.filter.CorsFilter.doFilterInternal(CorsFilter.java:91)
	at org.springframework.web.filter.OncePerRequestFilter.doFilter(OncePerRequestFilter.java:116)
	at org.springframework.security.web.ObservationFilterChainDecorator$ObservationFilter.wrapFilter(ObservationFilterChainDecorator.java:240)
	at org.springframework.security.web.ObservationFilterChainDecorator$ObservationFilter.doFilter(ObservationFilterChainDecorator.java:227)
	at org.springframework.security.web.ObservationFilterChainDecorator$VirtualFilterChain.doFilter(ObservationFilterChainDecorator.java:137)
	at org.springframework.security.web.header.HeaderWriterFilter.doHeadersAfter(HeaderWriterFilter.java:90)
	at org.springframework.security.web.header.HeaderWriterFilter.doFilterInternal(HeaderWriterFilter.java:75)
	at org.springframework.web.filter.OncePerRequestFilter.doFilter(OncePerRequestFilter.java:116)
	at org.springframework.security.web.ObservationFilterChainDecorator$ObservationFilter.wrapFilter(ObservationFilterChainDecorator.java:240)
	at org.springframework.security.web.ObservationFilterChainDecorator$ObservationFilter.doFilter(ObservationFilterChainDecorator.java:227)
	at org.springframework.security.web.ObservationFilterChainDecorator$VirtualFilterChain.doFilter(ObservationFilterChainDecorator.java:137)
	at org.springframework.security.web.context.SecurityContextHolderFilter.doFilter(SecurityContextHolderFilter.java:82)
	at org.springframework.security.web.context.SecurityContextHolderFilter.doFilter(SecurityContextHolderFilter.java:69)
	at org.springframework.security.web.ObservationFilterChainDecorator$ObservationFilter.wrapFilter(ObservationFilterChainDecorator.java:240)
	at org.springframework.security.web.ObservationFilterChainDecorator$ObservationFilter.doFilter(ObservationFilterChainDecorator.java:227)
	at org.springframework.security.web.ObservationFilterChainDecorator$VirtualFilterChain.doFilter(ObservationFilterChainDecorator.java:137)
	at org.springframework.security.web.context.request.async.WebAsyncManagerIntegrationFilter.doFilterInternal(WebAsyncManagerIntegrationFilter.java:62)
	at org.springframework.web.filter.OncePerRequestFilter.doFilter(OncePerRequestFilter.java:116)
	at org.springframework.security.web.ObservationFilterChainDecorator$ObservationFilter.wrapFilter(ObservationFilterChainDecorator.java:240)
	at org.springframework.security.web.ObservationFilterChainDecorator$ObservationFilter.doFilter(ObservationFilterChainDecorator.java:227)
	at org.springframework.security.web.ObservationFilterChainDecorator$VirtualFilterChain.doFilter(ObservationFilterChainDecorator.java:137)
	at org.springframework.security.web.session.DisableEncodeUrlFilter.doFilterInternal(DisableEncodeUrlFilter.java:42)
	at org.springframework.web.filter.OncePerRequestFilter.doFilter(OncePerRequestFilter.java:116)
	at org.springframework.security.web.ObservationFilterChainDecorator$ObservationFilter.wrapFilter(ObservationFilterChainDecorator.java:240)
	at org.springframework.security.web.ObservationFilterChainDecorator$AroundFilterObservation$SimpleAroundFilterObservation.lambda$wrap$0(ObservationFilterChainDecorator.java:323)
	at org.springframework.security.web.ObservationFilterChainDecorator$ObservationFilter.doFilter(ObservationFilterChainDecorator.java:224)
	at org.springframework.security.web.ObservationFilterChainDecorator$VirtualFilterChain.doFilter(ObservationFilterChainDecorator.java:137)
	at org.springframework.security.web.FilterChainProxy.doFilterInternal(FilterChainProxy.java:233)
	at org.springframework.security.web.FilterChainProxy.doFilter(FilterChainProxy.java:191)
	at org.springframework.web.filter.CompositeFilter$VirtualFilterChain.doFilter(CompositeFilter.java:113)
	at org.springframework.web.servlet.handler.HandlerMappingIntrospector.lambda$createCacheFilter$3(HandlerMappingIntrospector.java:195)
	at org.springframework.web.filter.CompositeFilter$VirtualFilterChain.doFilter(CompositeFilter.java:113)
	at org.springframework.web.filter.CompositeFilter.doFilter(CompositeFilter.java:74)
	at org.springframework.security.config.annotation.web.configuration.WebMvcSecurityConfiguration$CompositeFilterChainProxy.doFilter(WebMvcSecurityConfiguration.java:230)
	at org.springframework.web.filter.DelegatingFilterProxy.invokeDelegate(DelegatingFilterProxy.java:352)
	at org.springframework.web.filter.DelegatingFilterProxy.doFilter(DelegatingFilterProxy.java:268)
	at org.apache.catalina.core.ApplicationFilterChain.internalDoFilter(ApplicationFilterChain.java:175)
	at org.apache.catalina.core.ApplicationFilterChain.doFilter(ApplicationFilterChain.java:150)
	at org.springframework.web.filter.RequestContextFilter.doFilterInternal(RequestContextFilter.java:100)
	at org.springframework.web.filter.OncePerRequestFilter.doFilter(OncePerRequestFilter.java:116)
	at org.apache.catalina.core.ApplicationFilterChain.internalDoFilter(ApplicationFilterChain.java:175)
	at org.apache.catalina.core.ApplicationFilterChain.doFilter(ApplicationFilterChain.java:150)
	at org.springframework.web.filter.FormContentFilter.doFilterInternal(FormContentFilter.java:93)
	at org.springframework.web.filter.OncePerRequestFilter.doFilter(OncePerRequestFilter.java:116)
	at org.apache.catalina.core.ApplicationFilterChain.internalDoFilter(ApplicationFilterChain.java:175)
	at org.apache.catalina.core.ApplicationFilterChain.doFilter(ApplicationFilterChain.java:150)
	at org.springframework.web.filter.ServerHttpObservationFilter.doFilterInternal(ServerHttpObservationFilter.java:109)
	at org.springframework.web.filter.OncePerRequestFilter.doFilter(OncePerRequestFilter.java:116)
	at org.apache.catalina.core.ApplicationFilterChain.internalDoFilter(ApplicationFilterChain.java:175)
	at org.apache.catalina.core.ApplicationFilterChain.doFilter(ApplicationFilterChain.java:150)
	at org.springframework.web.filter.CharacterEncodingFilter.doFilterInternal(CharacterEncodingFilter.java:201)
	at org.springframework.web.filter.OncePerRequestFilter.doFilter(OncePerRequestFilter.java:116)
	at org.apache.catalina.core.ApplicationFilterChain.internalDoFilter(ApplicationFilterChain.java:175)
	at org.apache.catalina.core.ApplicationFilterChain.doFilter(ApplicationFilterChain.java:150)
	at org.apache.catalina.core.StandardWrapperValve.invoke(StandardWrapperValve.java:167)
	at org.apache.catalina.core.StandardContextValve.invoke(StandardContextValve.java:90)
	at org.apache.catalina.authenticator.AuthenticatorBase.invoke(AuthenticatorBase.java:482)
	at org.apache.catalina.core.StandardHostValve.invoke(StandardHostValve.java:115)
	at org.apache.catalina.valves.ErrorReportValve.invoke(ErrorReportValve.java:93)
	at org.apache.catalina.core.StandardEngineValve.invoke(StandardEngineValve.java:74)
	at org.apache.catalina.connector.CoyoteAdapter.service(CoyoteAdapter.java:344)
	at org.apache.coyote.http11.Http11Processor.service(Http11Processor.java:391)
	at org.apache.coyote.AbstractProcessorLight.process(AbstractProcessorLight.java:63)
	at org.apache.coyote.AbstractProtocol$ConnectionHandler.process(AbstractProtocol.java:896)
	at org.apache.tomcat.util.net.NioEndpoint$SocketProcessor.doRun(NioEndpoint.java:1736)
	at org.apache.tomcat.util.net.SocketProcessorBase.run(SocketProcessorBase.java:52)
	at org.apache.tomcat.util.threads.ThreadPoolExecutor.runWorker(ThreadPoolExecutor.java:1191)
	at org.apache.tomcat.util.threads.ThreadPoolExecutor$Worker.run(ThreadPoolExecutor.java:659)
	at org.apache.tomcat.util.threads.TaskThread$WrappingRunnable.run(TaskThread.java:63)
	at java.base/java.lang.Thread.run(Thread.java:1583)
2026-05-02 16:51:44.502 [http-nio-9092-exec-9] ERROR o.a.c.c.C.[Tomcat].[localhost] - Exception Processing [ErrorPage[errorCode=0, location=/error]]
java.lang.NoClassDefFoundError: org/apache/catalina/core/ApplicationContext$DispatchData
	at org.apache.catalina.core.ApplicationContext.getRequestDispatcher(ApplicationContext.java:421)
	at org.apache.catalina.core.ApplicationContextFacade.getRequestDispatcher(ApplicationContextFacade.java:215)
	at org.apache.catalina.core.StandardHostValve.custom(StandardHostValve.java:332)
	at org.apache.catalina.core.StandardHostValve.status(StandardHostValve.java:222)
	at org.apache.catalina.core.StandardHostValve.invoke(StandardHostValve.java:151)
	at org.apache.catalina.valves.ErrorReportValve.invoke(ErrorReportValve.java:93)
	at org.apache.catalina.core.StandardEngineValve.invoke(StandardEngineValve.java:74)
	at org.apache.catalina.connector.CoyoteAdapter.service(CoyoteAdapter.java:344)
	at org.apache.coyote.http11.Http11Processor.service(Http11Processor.java:391)
	at org.apache.coyote.AbstractProcessorLight.process(AbstractProcessorLight.java:63)
	at org.apache.coyote.AbstractProtocol$ConnectionHandler.process(AbstractProtocol.java:896)
	at org.apache.tomcat.util.net.NioEndpoint$SocketProcessor.doRun(NioEndpoint.java:1736)
	at org.apache.tomcat.util.net.SocketProcessorBase.run(SocketProcessorBase.java:52)
	at org.apache.tomcat.util.threads.ThreadPoolExecutor.runWorker(ThreadPoolExecutor.java:1191)
	at org.apache.tomcat.util.threads.ThreadPoolExecutor$Worker.run(ThreadPoolExecutor.java:659)
	at org.apache.tomcat.util.threads.TaskThread$WrappingRunnable.run(TaskThread.java:63)
	at java.base/java.lang.Thread.run(Thread.java:1583)
Caused by: java.lang.ClassNotFoundException: org.apache.catalina.core.ApplicationContext$DispatchData
	... 17 common frames omitted
2026-05-02 16:51:44.502 [http-nio-9092-exec-10] ERROR o.a.c.c.C.[Tomcat].[localhost] - Exception Processing [ErrorPage[errorCode=0, location=/error]]
java.lang.NoClassDefFoundError: org/apache/catalina/core/ApplicationContext$DispatchData
	at org.apache.catalina.core.ApplicationContext.getRequestDispatcher(ApplicationContext.java:421)
	at org.apache.catalina.core.ApplicationContextFacade.getRequestDispatcher(ApplicationContextFacade.java:215)
	at org.apache.catalina.core.StandardHostValve.custom(StandardHostValve.java:332)
	at org.apache.catalina.core.StandardHostValve.status(StandardHostValve.java:222)
	at org.apache.catalina.core.StandardHostValve.throwable(StandardHostValve.java:308)
	at org.apache.catalina.core.StandardHostValve.invoke(StandardHostValve.java:149)
	at org.apache.catalina.valves.ErrorReportValve.invoke(ErrorReportValve.java:93)
	at org.apache.catalina.core.StandardEngineValve.invoke(StandardEngineValve.java:74)
	at org.apache.catalina.connector.CoyoteAdapter.service(CoyoteAdapter.java:344)
	at org.apache.coyote.http11.Http11Processor.service(Http11Processor.java:391)
	at org.apache.coyote.AbstractProcessorLight.process(AbstractProcessorLight.java:63)
	at org.apache.coyote.AbstractProtocol$ConnectionHandler.process(AbstractProtocol.java:896)
	at org.apache.tomcat.util.net.NioEndpoint$SocketProcessor.doRun(NioEndpoint.java:1736)
	at org.apache.tomcat.util.net.SocketProcessorBase.run(SocketProcessorBase.java:52)
	at org.apache.tomcat.util.threads.ThreadPoolExecutor.runWorker(ThreadPoolExecutor.java:1191)
	at org.apache.tomcat.util.threads.ThreadPoolExecutor$Worker.run(ThreadPoolExecutor.java:659)
	at org.apache.tomcat.util.threads.TaskThread$WrappingRunnable.run(TaskThread.java:63)
	at java.base/java.lang.Thread.run(Thread.java:1583)
Caused by: java.lang.ClassNotFoundException: org.apache.catalina.core.ApplicationContext$DispatchData
	... 18 common frames omitted
2026-05-02 16:51:48.970 [http-nio-9092-exec-3] WARN  o.s.s.c.SpringSecurityMessageSource - ResourceBundle [org.springframework.security.messages] not found for MessageSource: Can't find bundle for base name org.springframework.security.messages, locale en_US
2026-05-02 16:51:48.980 [http-nio-9092-exec-3] ERROR o.a.c.c.C.[.[.[.[dispatcherServlet] - Servlet.service() for servlet [dispatcherServlet] in context with path [] threw exception [Handler processing failed: java.lang.NoClassDefFoundError: org/springframework/core/ExceptionDepthComparator] with root cause
java.lang.ClassNotFoundException: org.springframework.core.ExceptionDepthComparator
	at org.springframework.web.method.annotation.ExceptionHandlerMethodResolver.getMappedMethod(ExceptionHandlerMethodResolver.java:187)
	at org.springframework.web.method.annotation.ExceptionHandlerMethodResolver.resolveMethodByExceptionType(ExceptionHandlerMethodResolver.java:167)
	at org.springframework.web.method.annotation.ExceptionHandlerMethodResolver.resolveMethodByThrowable(ExceptionHandlerMethodResolver.java:146)
	at org.springframework.web.method.annotation.ExceptionHandlerMethodResolver.resolveMethod(ExceptionHandlerMethodResolver.java:134)
	at org.springframework.web.servlet.mvc.method.annotation.ExceptionHandlerExceptionResolver.getExceptionHandlerMethod(ExceptionHandlerExceptionResolver.java:503)
	at org.springframework.web.servlet.mvc.method.annotation.ExceptionHandlerExceptionResolver.doResolveHandlerMethodException(ExceptionHandlerExceptionResolver.java:402)
	at org.springframework.web.servlet.handler.AbstractHandlerMethodExceptionResolver.doResolveException(AbstractHandlerMethodExceptionResolver.java:74)
	at org.springframework.web.servlet.handler.AbstractHandlerExceptionResolver.resolveException(AbstractHandlerExceptionResolver.java:175)
	at org.springframework.web.servlet.handler.HandlerExceptionResolverComposite.resolveException(HandlerExceptionResolverComposite.java:80)
	at org.springframework.web.servlet.DispatcherServlet.processHandlerException(DispatcherServlet.java:1357)
	at org.springframework.web.servlet.DispatcherServlet.processDispatchResult(DispatcherServlet.java:1160)
	at org.springframework.web.servlet.DispatcherServlet.doDispatch(DispatcherServlet.java:1106)
	at org.springframework.web.servlet.DispatcherServlet.doService(DispatcherServlet.java:979)
	at org.springframework.web.servlet.FrameworkServlet.processRequest(FrameworkServlet.java:1014)
	at org.springframework.web.servlet.FrameworkServlet.doGet(FrameworkServlet.java:903)
	at jakarta.servlet.http.HttpServlet.service(HttpServlet.java:564)
	at org.springframework.web.servlet.FrameworkServlet.service(FrameworkServlet.java:885)
	at jakarta.servlet.http.HttpServlet.service(HttpServlet.java:658)
	at org.apache.catalina.core.ApplicationFilterChain.internalDoFilter(ApplicationFilterChain.java:206)
	at org.apache.catalina.core.ApplicationFilterChain.doFilter(ApplicationFilterChain.java:150)
	at org.apache.tomcat.websocket.server.WsFilter.doFilter(WsFilter.java:51)
	at org.apache.catalina.core.ApplicationFilterChain.internalDoFilter(ApplicationFilterChain.java:175)
	at org.apache.catalina.core.ApplicationFilterChain.doFilter(ApplicationFilterChain.java:150)
	at org.springframework.web.filter.OncePerRequestFilter.doFilter(OncePerRequestFilter.java:110)
	at org.apache.catalina.core.ApplicationFilterChain.internalDoFilter(ApplicationFilterChain.java:175)
	at org.apache.catalina.core.ApplicationFilterChain.doFilter(ApplicationFilterChain.java:150)
	at org.springframework.web.filter.CompositeFilter$VirtualFilterChain.doFilter(CompositeFilter.java:108)
	at org.springframework.security.web.FilterChainProxy.lambda$doFilterInternal$3(FilterChainProxy.java:231)
	at org.springframework.security.web.ObservationFilterChainDecorator$FilterObservation$SimpleFilterObservation.lambda$wrap$1(ObservationFilterChainDecorator.java:479)
	at org.springframework.security.web.ObservationFilterChainDecorator$AroundFilterObservation$SimpleAroundFilterObservation.lambda$wrap$1(ObservationFilterChainDecorator.java:340)
	at org.springframework.security.web.ObservationFilterChainDecorator.lambda$wrapSecured$0(ObservationFilterChainDecorator.java:82)
	at org.springframework.security.web.ObservationFilterChainDecorator$VirtualFilterChain.doFilter(ObservationFilterChainDecorator.java:128)
	at org.springframework.security.web.access.intercept.AuthorizationFilter.doFilter(AuthorizationFilter.java:100)
	at org.springframework.security.web.ObservationFilterChainDecorator$ObservationFilter.wrapFilter(ObservationFilterChainDecorator.java:240)
	at org.springframework.security.web.ObservationFilterChainDecorator$ObservationFilter.doFilter(ObservationFilterChainDecorator.java:227)
	at org.springframework.security.web.ObservationFilterChainDecorator$VirtualFilterChain.doFilter(ObservationFilterChainDecorator.java:137)
	at org.springframework.security.web.access.ExceptionTranslationFilter.doFilter(ExceptionTranslationFilter.java:126)
	at org.springframework.security.web.access.ExceptionTranslationFilter.doFilter(ExceptionTranslationFilter.java:120)
	at org.springframework.security.web.ObservationFilterChainDecorator$ObservationFilter.wrapFilter(ObservationFilterChainDecorator.java:240)
	at org.springframework.security.web.ObservationFilterChainDecorator$ObservationFilter.doFilter(ObservationFilterChainDecorator.java:227)
	at org.springframework.security.web.ObservationFilterChainDecorator$VirtualFilterChain.doFilter(ObservationFilterChainDecorator.java:137)
	at org.springframework.security.web.session.SessionManagementFilter.doFilter(SessionManagementFilter.java:131)
	at org.springframework.security.web.session.SessionManagementFilter.doFilter(SessionManagementFilter.java:85)
	at org.springframework.security.web.ObservationFilterChainDecorator$ObservationFilter.wrapFilter(ObservationFilterChainDecorator.java:240)
	at org.springframework.security.web.ObservationFilterChainDecorator$ObservationFilter.doFilter(ObservationFilterChainDecorator.java:227)
	at org.springframework.security.web.ObservationFilterChainDecorator$VirtualFilterChain.doFilter(ObservationFilterChainDecorator.java:137)
	at org.springframework.security.web.authentication.AnonymousAuthenticationFilter.doFilter(AnonymousAuthenticationFilter.java:100)
	at org.springframework.security.web.ObservationFilterChainDecorator$ObservationFilter.wrapFilter(ObservationFilterChainDecorator.java:240)
	at org.springframework.security.web.ObservationFilterChainDecorator$ObservationFilter.doFilter(ObservationFilterChainDecorator.java:227)
	at org.springframework.security.web.ObservationFilterChainDecorator$VirtualFilterChain.doFilter(ObservationFilterChainDecorator.java:137)
	at org.springframework.security.web.servletapi.SecurityContextHolderAwareRequestFilter.doFilter(SecurityContextHolderAwareRequestFilter.java:179)
	at org.springframework.security.web.ObservationFilterChainDecorator$ObservationFilter.wrapFilter(ObservationFilterChainDecorator.java:240)
	at org.springframework.security.web.ObservationFilterChainDecorator$ObservationFilter.doFilter(ObservationFilterChainDecorator.java:227)
	at org.springframework.security.web.ObservationFilterChainDecorator$VirtualFilterChain.doFilter(ObservationFilterChainDecorator.java:137)
	at org.springframework.security.web.savedrequest.RequestCacheAwareFilter.doFilter(RequestCacheAwareFilter.java:63)
	at org.springframework.security.web.ObservationFilterChainDecorator$ObservationFilter.wrapFilter(ObservationFilterChainDecorator.java:240)
	at org.springframework.security.web.ObservationFilterChainDecorator$ObservationFilter.doFilter(ObservationFilterChainDecorator.java:227)
	at org.springframework.security.web.ObservationFilterChainDecorator$VirtualFilterChain.doFilter(ObservationFilterChainDecorator.java:137)
	at com.capg.pharma.catalogservice.security.JwtAuthFilter.doFilterInternal(JwtAuthFilter.java:66)
	at org.springframework.web.filter.OncePerRequestFilter.doFilter(OncePerRequestFilter.java:116)
	at org.springframework.security.web.ObservationFilterChainDecorator$ObservationFilter.wrapFilter(ObservationFilterChainDecorator.java:240)
	at org.springframework.security.web.ObservationFilterChainDecorator$ObservationFilter.doFilter(ObservationFilterChainDecorator.java:227)
	at org.springframework.security.web.ObservationFilterChainDecorator$VirtualFilterChain.doFilter(ObservationFilterChainDecorator.java:137)
	at org.springframework.security.web.authentication.logout.LogoutFilter.doFilter(LogoutFilter.java:107)
	at org.springframework.security.web.authentication.logout.LogoutFilter.doFilter(LogoutFilter.java:93)
	at org.springframework.security.web.ObservationFilterChainDecorator$ObservationFilter.wrapFilter(ObservationFilterChainDecorator.java:240)
	at org.springframework.security.web.ObservationFilterChainDecorator$ObservationFilter.doFilter(ObservationFilterChainDecorator.java:227)
	at org.springframework.security.web.ObservationFilterChainDecorator$VirtualFilterChain.doFilter(ObservationFilterChainDecorator.java:137)
	at org.springframework.web.filter.CorsFilter.doFilterInternal(CorsFilter.java:91)
	at org.springframework.web.filter.OncePerRequestFilter.doFilter(OncePerRequestFilter.java:116)
	at org.springframework.security.web.ObservationFilterChainDecorator$ObservationFilter.wrapFilter(ObservationFilterChainDecorator.java:240)
	at org.springframework.security.web.ObservationFilterChainDecorator$ObservationFilter.doFilter(ObservationFilterChainDecorator.java:227)
	at org.springframework.security.web.ObservationFilterChainDecorator$VirtualFilterChain.doFilter(ObservationFilterChainDecorator.java:137)
	at org.springframework.security.web.header.HeaderWriterFilter.doHeadersAfter(HeaderWriterFilter.java:90)
	at org.springframework.security.web.header.HeaderWriterFilter.doFilterInternal(HeaderWriterFilter.java:75)
	at org.springframework.web.filter.OncePerRequestFilter.doFilter(OncePerRequestFilter.java:116)
	at org.springframework.security.web.ObservationFilterChainDecorator$ObservationFilter.wrapFilter(ObservationFilterChainDecorator.java:240)
	at org.springframework.security.web.ObservationFilterChainDecorator$ObservationFilter.doFilter(ObservationFilterChainDecorator.java:227)
	at org.springframework.security.web.ObservationFilterChainDecorator$VirtualFilterChain.doFilter(ObservationFilterChainDecorator.java:137)
	at org.springframework.security.web.context.SecurityContextHolderFilter.doFilter(SecurityContextHolderFilter.java:82)
	at org.springframework.security.web.context.SecurityContextHolderFilter.doFilter(SecurityContextHolderFilter.java:69)
	at org.springframework.security.web.ObservationFilterChainDecorator$ObservationFilter.wrapFilter(ObservationFilterChainDecorator.java:240)
	at org.springframework.security.web.ObservationFilterChainDecorator$ObservationFilter.doFilter(ObservationFilterChainDecorator.java:227)
	at org.springframework.security.web.ObservationFilterChainDecorator$VirtualFilterChain.doFilter(ObservationFilterChainDecorator.java:137)
	at org.springframework.security.web.context.request.async.WebAsyncManagerIntegrationFilter.doFilterInternal(WebAsyncManagerIntegrationFilter.java:62)
	at org.springframework.web.filter.OncePerRequestFilter.doFilter(OncePerRequestFilter.java:116)
	at org.springframework.security.web.ObservationFilterChainDecorator$ObservationFilter.wrapFilter(ObservationFilterChainDecorator.java:240)
	at org.springframework.security.web.ObservationFilterChainDecorator$ObservationFilter.doFilter(ObservationFilterChainDecorator.java:227)
	at org.springframework.security.web.ObservationFilterChainDecorator$VirtualFilterChain.doFilter(ObservationFilterChainDecorator.java:137)
	at org.springframework.security.web.session.DisableEncodeUrlFilter.doFilterInternal(DisableEncodeUrlFilter.java:42)
	at org.springframework.web.filter.OncePerRequestFilter.doFilter(OncePerRequestFilter.java:116)
	at org.springframework.security.web.ObservationFilterChainDecorator$ObservationFilter.wrapFilter(ObservationFilterChainDecorator.java:240)
	at org.springframework.security.web.ObservationFilterChainDecorator$AroundFilterObservation$SimpleAroundFilterObservation.lambda$wrap$0(ObservationFilterChainDecorator.java:323)
	at org.springframework.security.web.ObservationFilterChainDecorator$ObservationFilter.doFilter(ObservationFilterChainDecorator.java:224)
	at org.springframework.security.web.ObservationFilterChainDecorator$VirtualFilterChain.doFilter(ObservationFilterChainDecorator.java:137)
	at org.springframework.security.web.FilterChainProxy.doFilterInternal(FilterChainProxy.java:233)
	at org.springframework.security.web.FilterChainProxy.doFilter(FilterChainProxy.java:191)
	at org.springframework.web.filter.CompositeFilter$VirtualFilterChain.doFilter(CompositeFilter.java:113)
	at org.springframework.web.servlet.handler.HandlerMappingIntrospector.lambda$createCacheFilter$3(HandlerMappingIntrospector.java:195)
	at org.springframework.web.filter.CompositeFilter$VirtualFilterChain.doFilter(CompositeFilter.java:113)
	at org.springframework.web.filter.CompositeFilter.doFilter(CompositeFilter.java:74)
	at org.springframework.security.config.annotation.web.configuration.WebMvcSecurityConfiguration$CompositeFilterChainProxy.doFilter(WebMvcSecurityConfiguration.java:230)
	at org.springframework.web.filter.DelegatingFilterProxy.invokeDelegate(DelegatingFilterProxy.java:352)
	at org.springframework.web.filter.DelegatingFilterProxy.doFilter(DelegatingFilterProxy.java:268)
	at org.apache.catalina.core.ApplicationFilterChain.internalDoFilter(ApplicationFilterChain.java:175)
	at org.apache.catalina.core.ApplicationFilterChain.doFilter(ApplicationFilterChain.java:150)
	at org.springframework.web.filter.RequestContextFilter.doFilterInternal(RequestContextFilter.java:100)
	at org.springframework.web.filter.OncePerRequestFilter.doFilter(OncePerRequestFilter.java:116)
	at org.apache.catalina.core.ApplicationFilterChain.internalDoFilter(ApplicationFilterChain.java:175)
	at org.apache.catalina.core.ApplicationFilterChain.doFilter(ApplicationFilterChain.java:150)
	at org.springframework.web.filter.FormContentFilter.doFilterInternal(FormContentFilter.java:93)
	at org.springframework.web.filter.OncePerRequestFilter.doFilter(OncePerRequestFilter.java:116)
	at org.apache.catalina.core.ApplicationFilterChain.internalDoFilter(ApplicationFilterChain.java:175)
	at org.apache.catalina.core.ApplicationFilterChain.doFilter(ApplicationFilterChain.java:150)
	at org.springframework.web.filter.ServerHttpObservationFilter.doFilterInternal(ServerHttpObservationFilter.java:109)
	at org.springframework.web.filter.OncePerRequestFilter.doFilter(OncePerRequestFilter.java:116)
	at org.apache.catalina.core.ApplicationFilterChain.internalDoFilter(ApplicationFilterChain.java:175)
	at org.apache.catalina.core.ApplicationFilterChain.doFilter(ApplicationFilterChain.java:150)
	at org.springframework.web.filter.CharacterEncodingFilter.doFilterInternal(CharacterEncodingFilter.java:201)
	at org.springframework.web.filter.OncePerRequestFilter.doFilter(OncePerRequestFilter.java:116)
	at org.apache.catalina.core.ApplicationFilterChain.internalDoFilter(ApplicationFilterChain.java:175)
	at org.apache.catalina.core.ApplicationFilterChain.doFilter(ApplicationFilterChain.java:150)
	at org.apache.catalina.core.StandardWrapperValve.invoke(StandardWrapperValve.java:167)
	at org.apache.catalina.core.StandardContextValve.invoke(StandardContextValve.java:90)
	at org.apache.catalina.authenticator.AuthenticatorBase.invoke(AuthenticatorBase.java:482)
	at org.apache.catalina.core.StandardHostValve.invoke(StandardHostValve.java:115)
	at org.apache.catalina.valves.ErrorReportValve.invoke(ErrorReportValve.java:93)
	at org.apache.catalina.core.StandardEngineValve.invoke(StandardEngineValve.java:74)
	at org.apache.catalina.connector.CoyoteAdapter.service(CoyoteAdapter.java:344)
	at org.apache.coyote.http11.Http11Processor.service(Http11Processor.java:391)
	at org.apache.coyote.AbstractProcessorLight.process(AbstractProcessorLight.java:63)
	at org.apache.coyote.AbstractProtocol$ConnectionHandler.process(AbstractProtocol.java:896)
	at org.apache.tomcat.util.net.NioEndpoint$SocketProcessor.doRun(NioEndpoint.java:1736)
	at org.apache.tomcat.util.net.SocketProcessorBase.run(SocketProcessorBase.java:52)
	at org.apache.tomcat.util.threads.ThreadPoolExecutor.runWorker(ThreadPoolExecutor.java:1191)
	at org.apache.tomcat.util.threads.ThreadPoolExecutor$Worker.run(ThreadPoolExecutor.java:659)
	at org.apache.tomcat.util.threads.TaskThread$WrappingRunnable.run(TaskThread.java:63)
	at java.base/java.lang.Thread.run(Thread.java:1583)
2026-05-02 16:51:48.987 [http-nio-9092-exec-3] ERROR o.a.c.c.C.[Tomcat].[localhost] - Exception Processing [ErrorPage[errorCode=0, location=/error]]
java.lang.NoClassDefFoundError: org/apache/catalina/core/ApplicationContext$DispatchData
	at org.apache.catalina.core.ApplicationContext.getRequestDispatcher(ApplicationContext.java:421)
	at org.apache.catalina.core.ApplicationContextFacade.getRequestDispatcher(ApplicationContextFacade.java:215)
	at org.apache.catalina.core.StandardHostValve.custom(StandardHostValve.java:332)
	at org.apache.catalina.core.StandardHostValve.status(StandardHostValve.java:222)
	at org.apache.catalina.core.StandardHostValve.throwable(StandardHostValve.java:308)
	at org.apache.catalina.core.StandardHostValve.invoke(StandardHostValve.java:149)
	at org.apache.catalina.valves.ErrorReportValve.invoke(ErrorReportValve.java:93)
	at org.apache.catalina.core.StandardEngineValve.invoke(StandardEngineValve.java:74)
	at org.apache.catalina.connector.CoyoteAdapter.service(CoyoteAdapter.java:344)
	at org.apache.coyote.http11.Http11Processor.service(Http11Processor.java:391)
	at org.apache.coyote.AbstractProcessorLight.process(AbstractProcessorLight.java:63)
	at org.apache.coyote.AbstractProtocol$ConnectionHandler.process(AbstractProtocol.java:896)
	at org.apache.tomcat.util.net.NioEndpoint$SocketProcessor.doRun(NioEndpoint.java:1736)
	at org.apache.tomcat.util.net.SocketProcessorBase.run(SocketProcessorBase.java:52)
	at org.apache.tomcat.util.threads.ThreadPoolExecutor.runWorker(ThreadPoolExecutor.java:1191)
	at org.apache.tomcat.util.threads.ThreadPoolExecutor$Worker.run(ThreadPoolExecutor.java:659)
	at org.apache.tomcat.util.threads.TaskThread$WrappingRunnable.run(TaskThread.java:63)
	at java.base/java.lang.Thread.run(Thread.java:1583)
Caused by: java.lang.ClassNotFoundException: org.apache.catalina.core.ApplicationContext$DispatchData
	... 18 common frames omitted
2026-05-02 16:51:48.996 [http-nio-9092-exec-4] WARN  o.s.s.c.SpringSecurityMessageSource - ResourceBundle [org.springframework.security.messages] not found for MessageSource: Can't find bundle for base name org.springframework.security.messages, locale en_US
2026-05-02 16:51:49.000 [http-nio-9092-exec-4] ERROR o.a.c.c.C.[Tomcat].[localhost] - Exception Processing [ErrorPage[errorCode=0, location=/error]]
java.lang.NoClassDefFoundError: org/apache/catalina/core/ApplicationContext$DispatchData
	at org.apache.catalina.core.ApplicationContext.getRequestDispatcher(ApplicationContext.java:421)
	at org.apache.catalina.core.ApplicationContextFacade.getRequestDispatcher(ApplicationContextFacade.java:215)
	at org.apache.catalina.core.StandardHostValve.custom(StandardHostValve.java:332)
	at org.apache.catalina.core.StandardHostValve.status(StandardHostValve.java:222)
	at org.apache.catalina.core.StandardHostValve.invoke(StandardHostValve.java:151)
	at org.apache.catalina.valves.ErrorReportValve.invoke(ErrorReportValve.java:93)
	at org.apache.catalina.core.StandardEngineValve.invoke(StandardEngineValve.java:74)
	at org.apache.catalina.connector.CoyoteAdapter.service(CoyoteAdapter.java:344)
	at org.apache.coyote.http11.Http11Processor.service(Http11Processor.java:391)
	at org.apache.coyote.AbstractProcessorLight.process(AbstractProcessorLight.java:63)
	at org.apache.coyote.AbstractProtocol$ConnectionHandler.process(AbstractProtocol.java:896)
	at org.apache.tomcat.util.net.NioEndpoint$SocketProcessor.doRun(NioEndpoint.java:1736)
	at org.apache.tomcat.util.net.SocketProcessorBase.run(SocketProcessorBase.java:52)
	at org.apache.tomcat.util.threads.ThreadPoolExecutor.runWorker(ThreadPoolExecutor.java:1191)
	at org.apache.tomcat.util.threads.ThreadPoolExecutor$Worker.run(ThreadPoolExecutor.java:659)
	at org.apache.tomcat.util.threads.TaskThread$WrappingRunnable.run(TaskThread.java:63)
	at java.base/java.lang.Thread.run(Thread.java:1583)
Caused by: java.lang.ClassNotFoundException: org.apache.catalina.core.ApplicationContext$DispatchData
	... 17 common frames omitted
2026-05-02 16:51:52.944 [http-nio-9092-exec-5] WARN  o.s.s.c.SpringSecurityMessageSource - ResourceBundle [org.springframework.security.messages] not found for MessageSource: Can't find bundle for base name org.springframework.security.messages, locale en_US
2026-05-02 16:51:52.951 [http-nio-9092-exec-5] ERROR o.a.c.c.C.[.[.[.[dispatcherServlet] - Servlet.service() for servlet [dispatcherServlet] in context with path [] threw exception [Handler processing failed: java.lang.NoClassDefFoundError: org/springframework/core/ExceptionDepthComparator] with root cause
java.lang.ClassNotFoundException: org.springframework.core.ExceptionDepthComparator
	at org.springframework.web.method.annotation.ExceptionHandlerMethodResolver.getMappedMethod(ExceptionHandlerMethodResolver.java:187)
	at org.springframework.web.method.annotation.ExceptionHandlerMethodResolver.resolveMethodByExceptionType(ExceptionHandlerMethodResolver.java:167)
	at org.springframework.web.method.annotation.ExceptionHandlerMethodResolver.resolveMethodByThrowable(ExceptionHandlerMethodResolver.java:146)
	at org.springframework.web.method.annotation.ExceptionHandlerMethodResolver.resolveMethod(ExceptionHandlerMethodResolver.java:134)
	at org.springframework.web.servlet.mvc.method.annotation.ExceptionHandlerExceptionResolver.getExceptionHandlerMethod(ExceptionHandlerExceptionResolver.java:503)
	at org.springframework.web.servlet.mvc.method.annotation.ExceptionHandlerExceptionResolver.doResolveHandlerMethodException(ExceptionHandlerExceptionResolver.java:402)
	at org.springframework.web.servlet.handler.AbstractHandlerMethodExceptionResolver.doResolveException(AbstractHandlerMethodExceptionResolver.java:74)
	at org.springframework.web.servlet.handler.AbstractHandlerExceptionResolver.resolveException(AbstractHandlerExceptionResolver.java:175)
	at org.springframework.web.servlet.handler.HandlerExceptionResolverComposite.resolveException(HandlerExceptionResolverComposite.java:80)
	at org.springframework.web.servlet.DispatcherServlet.processHandlerException(DispatcherServlet.java:1357)
	at org.springframework.web.servlet.DispatcherServlet.processDispatchResult(DispatcherServlet.java:1160)
	at org.springframework.web.servlet.DispatcherServlet.doDispatch(DispatcherServlet.java:1106)
	at org.springframework.web.servlet.DispatcherServlet.doService(DispatcherServlet.java:979)
	at org.springframework.web.servlet.FrameworkServlet.processRequest(FrameworkServlet.java:1014)
	at org.springframework.web.servlet.FrameworkServlet.doGet(FrameworkServlet.java:903)
	at jakarta.servlet.http.HttpServlet.service(HttpServlet.java:564)
	at org.springframework.web.servlet.FrameworkServlet.service(FrameworkServlet.java:885)
	at jakarta.servlet.http.HttpServlet.service(HttpServlet.java:658)
	at org.apache.catalina.core.ApplicationFilterChain.internalDoFilter(ApplicationFilterChain.java:206)
	at org.apache.catalina.core.ApplicationFilterChain.doFilter(ApplicationFilterChain.java:150)
	at org.apache.tomcat.websocket.server.WsFilter.doFilter(WsFilter.java:51)
	at org.apache.catalina.core.ApplicationFilterChain.internalDoFilter(ApplicationFilterChain.java:175)
	at org.apache.catalina.core.ApplicationFilterChain.doFilter(ApplicationFilterChain.java:150)
	at org.springframework.web.filter.OncePerRequestFilter.doFilter(OncePerRequestFilter.java:110)
	at org.apache.catalina.core.ApplicationFilterChain.internalDoFilter(ApplicationFilterChain.java:175)
	at org.apache.catalina.core.ApplicationFilterChain.doFilter(ApplicationFilterChain.java:150)
	at org.springframework.web.filter.CompositeFilter$VirtualFilterChain.doFilter(CompositeFilter.java:108)
	at org.springframework.security.web.FilterChainProxy.lambda$doFilterInternal$3(FilterChainProxy.java:231)
	at org.springframework.security.web.ObservationFilterChainDecorator$FilterObservation$SimpleFilterObservation.lambda$wrap$1(ObservationFilterChainDecorator.java:479)
	at org.springframework.security.web.ObservationFilterChainDecorator$AroundFilterObservation$SimpleAroundFilterObservation.lambda$wrap$1(ObservationFilterChainDecorator.java:340)
	at org.springframework.security.web.ObservationFilterChainDecorator.lambda$wrapSecured$0(ObservationFilterChainDecorator.java:82)
	at org.springframework.security.web.ObservationFilterChainDecorator$VirtualFilterChain.doFilter(ObservationFilterChainDecorator.java:128)
	at org.springframework.security.web.access.intercept.AuthorizationFilter.doFilter(AuthorizationFilter.java:100)
	at org.springframework.security.web.ObservationFilterChainDecorator$ObservationFilter.wrapFilter(ObservationFilterChainDecorator.java:240)
	at org.springframework.security.web.ObservationFilterChainDecorator$ObservationFilter.doFilter(ObservationFilterChainDecorator.java:227)
	at org.springframework.security.web.ObservationFilterChainDecorator$VirtualFilterChain.doFilter(ObservationFilterChainDecorator.java:137)
	at org.springframework.security.web.access.ExceptionTranslationFilter.doFilter(ExceptionTranslationFilter.java:126)
	at org.springframework.security.web.access.ExceptionTranslationFilter.doFilter(ExceptionTranslationFilter.java:120)
	at org.springframework.security.web.ObservationFilterChainDecorator$ObservationFilter.wrapFilter(ObservationFilterChainDecorator.java:240)
	at org.springframework.security.web.ObservationFilterChainDecorator$ObservationFilter.doFilter(ObservationFilterChainDecorator.java:227)
	at org.springframework.security.web.ObservationFilterChainDecorator$VirtualFilterChain.doFilter(ObservationFilterChainDecorator.java:137)
	at org.springframework.security.web.session.SessionManagementFilter.doFilter(SessionManagementFilter.java:131)
	at org.springframework.security.web.session.SessionManagementFilter.doFilter(SessionManagementFilter.java:85)
	at org.springframework.security.web.ObservationFilterChainDecorator$ObservationFilter.wrapFilter(ObservationFilterChainDecorator.java:240)
	at org.springframework.security.web.ObservationFilterChainDecorator$ObservationFilter.doFilter(ObservationFilterChainDecorator.java:227)
	at org.springframework.security.web.ObservationFilterChainDecorator$VirtualFilterChain.doFilter(ObservationFilterChainDecorator.java:137)
	at org.springframework.security.web.authentication.AnonymousAuthenticationFilter.doFilter(AnonymousAuthenticationFilter.java:100)
	at org.springframework.security.web.ObservationFilterChainDecorator$ObservationFilter.wrapFilter(ObservationFilterChainDecorator.java:240)
	at org.springframework.security.web.ObservationFilterChainDecorator$ObservationFilter.doFilter(ObservationFilterChainDecorator.java:227)
	at org.springframework.security.web.ObservationFilterChainDecorator$VirtualFilterChain.doFilter(ObservationFilterChainDecorator.java:137)
	at org.springframework.security.web.servletapi.SecurityContextHolderAwareRequestFilter.doFilter(SecurityContextHolderAwareRequestFilter.java:179)
	at org.springframework.security.web.ObservationFilterChainDecorator$ObservationFilter.wrapFilter(ObservationFilterChainDecorator.java:240)
	at org.springframework.security.web.ObservationFilterChainDecorator$ObservationFilter.doFilter(ObservationFilterChainDecorator.java:227)
	at org.springframework.security.web.ObservationFilterChainDecorator$VirtualFilterChain.doFilter(ObservationFilterChainDecorator.java:137)
	at org.springframework.security.web.savedrequest.RequestCacheAwareFilter.doFilter(RequestCacheAwareFilter.java:63)
	at org.springframework.security.web.ObservationFilterChainDecorator$ObservationFilter.wrapFilter(ObservationFilterChainDecorator.java:240)
	at org.springframework.security.web.ObservationFilterChainDecorator$ObservationFilter.doFilter(ObservationFilterChainDecorator.java:227)
	at org.springframework.security.web.ObservationFilterChainDecorator$VirtualFilterChain.doFilter(ObservationFilterChainDecorator.java:137)
	at com.capg.pharma.catalogservice.security.JwtAuthFilter.doFilterInternal(JwtAuthFilter.java:66)
	at org.springframework.web.filter.OncePerRequestFilter.doFilter(OncePerRequestFilter.java:116)
	at org.springframework.security.web.ObservationFilterChainDecorator$ObservationFilter.wrapFilter(ObservationFilterChainDecorator.java:240)
	at org.springframework.security.web.ObservationFilterChainDecorator$ObservationFilter.doFilter(ObservationFilterChainDecorator.java:227)
	at org.springframework.security.web.ObservationFilterChainDecorator$VirtualFilterChain.doFilter(ObservationFilterChainDecorator.java:137)
	at org.springframework.security.web.authentication.logout.LogoutFilter.doFilter(LogoutFilter.java:107)
	at org.springframework.security.web.authentication.logout.LogoutFilter.doFilter(LogoutFilter.java:93)
	at org.springframework.security.web.ObservationFilterChainDecorator$ObservationFilter.wrapFilter(ObservationFilterChainDecorator.java:240)
	at org.springframework.security.web.ObservationFilterChainDecorator$ObservationFilter.doFilter(ObservationFilterChainDecorator.java:227)
	at org.springframework.security.web.ObservationFilterChainDecorator$VirtualFilterChain.doFilter(ObservationFilterChainDecorator.java:137)
	at org.springframework.web.filter.CorsFilter.doFilterInternal(CorsFilter.java:91)
	at org.springframework.web.filter.OncePerRequestFilter.doFilter(OncePerRequestFilter.java:116)
	at org.springframework.security.web.ObservationFilterChainDecorator$ObservationFilter.wrapFilter(ObservationFilterChainDecorator.java:240)
	at org.springframework.security.web.ObservationFilterChainDecorator$ObservationFilter.doFilter(ObservationFilterChainDecorator.java:227)
	at org.springframework.security.web.ObservationFilterChainDecorator$VirtualFilterChain.doFilter(ObservationFilterChainDecorator.java:137)
	at org.springframework.security.web.header.HeaderWriterFilter.doHeadersAfter(HeaderWriterFilter.java:90)
	at org.springframework.security.web.header.HeaderWriterFilter.doFilterInternal(HeaderWriterFilter.java:75)
	at org.springframework.web.filter.OncePerRequestFilter.doFilter(OncePerRequestFilter.java:116)
	at org.springframework.security.web.ObservationFilterChainDecorator$ObservationFilter.wrapFilter(ObservationFilterChainDecorator.java:240)
	at org.springframework.security.web.ObservationFilterChainDecorator$ObservationFilter.doFilter(ObservationFilterChainDecorator.java:227)
	at org.springframework.security.web.ObservationFilterChainDecorator$VirtualFilterChain.doFilter(ObservationFilterChainDecorator.java:137)
	at org.springframework.security.web.context.SecurityContextHolderFilter.doFilter(SecurityContextHolderFilter.java:82)
	at org.springframework.security.web.context.SecurityContextHolderFilter.doFilter(SecurityContextHolderFilter.java:69)
	at org.springframework.security.web.ObservationFilterChainDecorator$ObservationFilter.wrapFilter(ObservationFilterChainDecorator.java:240)
	at org.springframework.security.web.ObservationFilterChainDecorator$ObservationFilter.doFilter(ObservationFilterChainDecorator.java:227)
	at org.springframework.security.web.ObservationFilterChainDecorator$VirtualFilterChain.doFilter(ObservationFilterChainDecorator.java:137)
	at org.springframework.security.web.context.request.async.WebAsyncManagerIntegrationFilter.doFilterInternal(WebAsyncManagerIntegrationFilter.java:62)
	at org.springframework.web.filter.OncePerRequestFilter.doFilter(OncePerRequestFilter.java:116)
	at org.springframework.security.web.ObservationFilterChainDecorator$ObservationFilter.wrapFilter(ObservationFilterChainDecorator.java:240)
	at org.springframework.security.web.ObservationFilterChainDecorator$ObservationFilter.doFilter(ObservationFilterChainDecorator.java:227)
	at org.springframework.security.web.ObservationFilterChainDecorator$VirtualFilterChain.doFilter(ObservationFilterChainDecorator.java:137)
	at org.springframework.security.web.session.DisableEncodeUrlFilter.doFilterInternal(DisableEncodeUrlFilter.java:42)
	at org.springframework.web.filter.OncePerRequestFilter.doFilter(OncePerRequestFilter.java:116)
	at org.springframework.security.web.ObservationFilterChainDecorator$ObservationFilter.wrapFilter(ObservationFilterChainDecorator.java:240)
	at org.springframework.security.web.ObservationFilterChainDecorator$AroundFilterObservation$SimpleAroundFilterObservation.lambda$wrap$0(ObservationFilterChainDecorator.java:323)
	at org.springframework.security.web.ObservationFilterChainDecorator$ObservationFilter.doFilter(ObservationFilterChainDecorator.java:224)
	at org.springframework.security.web.ObservationFilterChainDecorator$VirtualFilterChain.doFilter(ObservationFilterChainDecorator.java:137)
	at org.springframework.security.web.FilterChainProxy.doFilterInternal(FilterChainProxy.java:233)
	at org.springframework.security.web.FilterChainProxy.doFilter(FilterChainProxy.java:191)
	at org.springframework.web.filter.CompositeFilter$VirtualFilterChain.doFilter(CompositeFilter.java:113)
	at org.springframework.web.servlet.handler.HandlerMappingIntrospector.lambda$createCacheFilter$3(HandlerMappingIntrospector.java:195)
	at org.springframework.web.filter.CompositeFilter$VirtualFilterChain.doFilter(CompositeFilter.java:113)
	at org.springframework.web.filter.CompositeFilter.doFilter(CompositeFilter.java:74)
	at org.springframework.security.config.annotation.web.configuration.WebMvcSecurityConfiguration$CompositeFilterChainProxy.doFilter(WebMvcSecurityConfiguration.java:230)
	at org.springframework.web.filter.DelegatingFilterProxy.invokeDelegate(DelegatingFilterProxy.java:352)
	at org.springframework.web.filter.DelegatingFilterProxy.doFilter(DelegatingFilterProxy.java:268)
	at org.apache.catalina.core.ApplicationFilterChain.internalDoFilter(ApplicationFilterChain.java:175)
	at org.apache.catalina.core.ApplicationFilterChain.doFilter(ApplicationFilterChain.java:150)
	at org.springframework.web.filter.RequestContextFilter.doFilterInternal(RequestContextFilter.java:100)
	at org.springframework.web.filter.OncePerRequestFilter.doFilter(OncePerRequestFilter.java:116)
	at org.apache.catalina.core.ApplicationFilterChain.internalDoFilter(ApplicationFilterChain.java:175)
	at org.apache.catalina.core.ApplicationFilterChain.doFilter(ApplicationFilterChain.java:150)
	at org.springframework.web.filter.FormContentFilter.doFilterInternal(FormContentFilter.java:93)
	at org.springframework.web.filter.OncePerRequestFilter.doFilter(OncePerRequestFilter.java:116)
	at org.apache.catalina.core.ApplicationFilterChain.internalDoFilter(ApplicationFilterChain.java:175)
	at org.apache.catalina.core.ApplicationFilterChain.doFilter(ApplicationFilterChain.java:150)
	at org.springframework.web.filter.ServerHttpObservationFilter.doFilterInternal(ServerHttpObservationFilter.java:109)
	at org.springframework.web.filter.OncePerRequestFilter.doFilter(OncePerRequestFilter.java:116)
	at org.apache.catalina.core.ApplicationFilterChain.internalDoFilter(ApplicationFilterChain.java:175)
	at org.apache.catalina.core.ApplicationFilterChain.doFilter(ApplicationFilterChain.java:150)
	at org.springframework.web.filter.CharacterEncodingFilter.doFilterInternal(CharacterEncodingFilter.java:201)
	at org.springframework.web.filter.OncePerRequestFilter.doFilter(OncePerRequestFilter.java:116)
	at org.apache.catalina.core.ApplicationFilterChain.internalDoFilter(ApplicationFilterChain.java:175)
	at org.apache.catalina.core.ApplicationFilterChain.doFilter(ApplicationFilterChain.java:150)
	at org.apache.catalina.core.StandardWrapperValve.invoke(StandardWrapperValve.java:167)
	at org.apache.catalina.core.StandardContextValve.invoke(StandardContextValve.java:90)
	at org.apache.catalina.authenticator.AuthenticatorBase.invoke(AuthenticatorBase.java:482)
	at org.apache.catalina.core.StandardHostValve.invoke(StandardHostValve.java:115)
	at org.apache.catalina.valves.ErrorReportValve.invoke(ErrorReportValve.java:93)
	at org.apache.catalina.core.StandardEngineValve.invoke(StandardEngineValve.java:74)
	at org.apache.catalina.connector.CoyoteAdapter.service(CoyoteAdapter.java:344)
	at org.apache.coyote.http11.Http11Processor.service(Http11Processor.java:391)
	at org.apache.coyote.AbstractProcessorLight.process(AbstractProcessorLight.java:63)
	at org.apache.coyote.AbstractProtocol$ConnectionHandler.process(AbstractProtocol.java:896)
	at org.apache.tomcat.util.net.NioEndpoint$SocketProcessor.doRun(NioEndpoint.java:1736)
	at org.apache.tomcat.util.net.SocketProcessorBase.run(SocketProcessorBase.java:52)
	at org.apache.tomcat.util.threads.ThreadPoolExecutor.runWorker(ThreadPoolExecutor.java:1191)
	at org.apache.tomcat.util.threads.ThreadPoolExecutor$Worker.run(ThreadPoolExecutor.java:659)
	at org.apache.tomcat.util.threads.TaskThread$WrappingRunnable.run(TaskThread.java:63)
	at java.base/java.lang.Thread.run(Thread.java:1583)
2026-05-02 16:51:52.958 [http-nio-9092-exec-5] ERROR o.a.c.c.C.[Tomcat].[localhost] - Exception Processing [ErrorPage[errorCode=0, location=/error]]
java.lang.NoClassDefFoundError: org/apache/catalina/core/ApplicationContext$DispatchData
	at org.apache.catalina.core.ApplicationContext.getRequestDispatcher(ApplicationContext.java:421)
	at org.apache.catalina.core.ApplicationContextFacade.getRequestDispatcher(ApplicationContextFacade.java:215)
	at org.apache.catalina.core.StandardHostValve.custom(StandardHostValve.java:332)
	at org.apache.catalina.core.StandardHostValve.status(StandardHostValve.java:222)
	at org.apache.catalina.core.StandardHostValve.throwable(StandardHostValve.java:308)
	at org.apache.catalina.core.StandardHostValve.invoke(StandardHostValve.java:149)
	at org.apache.catalina.valves.ErrorReportValve.invoke(ErrorReportValve.java:93)
	at org.apache.catalina.core.StandardEngineValve.invoke(StandardEngineValve.java:74)
	at org.apache.catalina.connector.CoyoteAdapter.service(CoyoteAdapter.java:344)
	at org.apache.coyote.http11.Http11Processor.service(Http11Processor.java:391)
	at org.apache.coyote.AbstractProcessorLight.process(AbstractProcessorLight.java:63)
	at org.apache.coyote.AbstractProtocol$ConnectionHandler.process(AbstractProtocol.java:896)
	at org.apache.tomcat.util.net.NioEndpoint$SocketProcessor.doRun(NioEndpoint.java:1736)
	at org.apache.tomcat.util.net.SocketProcessorBase.run(SocketProcessorBase.java:52)
	at org.apache.tomcat.util.threads.ThreadPoolExecutor.runWorker(ThreadPoolExecutor.java:1191)
	at org.apache.tomcat.util.threads.ThreadPoolExecutor$Worker.run(ThreadPoolExecutor.java:659)
	at org.apache.tomcat.util.threads.TaskThread$WrappingRunnable.run(TaskThread.java:63)
	at java.base/java.lang.Thread.run(Thread.java:1583)
Caused by: java.lang.ClassNotFoundException: org.apache.catalina.core.ApplicationContext$DispatchData
	... 18 common frames omitted
2026-05-02 16:51:52.960 [http-nio-9092-exec-8] WARN  o.s.s.c.SpringSecurityMessageSource - ResourceBundle [org.springframework.security.messages] not found for MessageSource: Can't find bundle for base name org.springframework.security.messages, locale en_US
2026-05-02 16:51:52.962 [http-nio-9092-exec-8] ERROR o.a.c.c.C.[Tomcat].[localhost] - Exception Processing [ErrorPage[errorCode=0, location=/error]]
java.lang.NoClassDefFoundError: org/apache/catalina/core/ApplicationContext$DispatchData
	at org.apache.catalina.core.ApplicationContext.getRequestDispatcher(ApplicationContext.java:421)
	at org.apache.catalina.core.ApplicationContextFacade.getRequestDispatcher(ApplicationContextFacade.java:215)
	at org.apache.catalina.core.StandardHostValve.custom(StandardHostValve.java:332)
	at org.apache.catalina.core.StandardHostValve.status(StandardHostValve.java:222)
	at org.apache.catalina.core.StandardHostValve.invoke(StandardHostValve.java:151)
	at org.apache.catalina.valves.ErrorReportValve.invoke(ErrorReportValve.java:93)
	at org.apache.catalina.core.StandardEngineValve.invoke(StandardEngineValve.java:74)
	at org.apache.catalina.connector.CoyoteAdapter.service(CoyoteAdapter.java:344)
	at org.apache.coyote.http11.Http11Processor.service(Http11Processor.java:391)
	at org.apache.coyote.AbstractProcessorLight.process(AbstractProcessorLight.java:63)
	at org.apache.coyote.AbstractProtocol$ConnectionHandler.process(AbstractProtocol.java:896)
	at org.apache.tomcat.util.net.NioEndpoint$SocketProcessor.doRun(NioEndpoint.java:1736)
	at org.apache.tomcat.util.net.SocketProcessorBase.run(SocketProcessorBase.java:52)
	at org.apache.tomcat.util.threads.ThreadPoolExecutor.runWorker(ThreadPoolExecutor.java:1191)
	at org.apache.tomcat.util.threads.ThreadPoolExecutor$Worker.run(ThreadPoolExecutor.java:659)
	at org.apache.tomcat.util.threads.TaskThread$WrappingRunnable.run(TaskThread.java:63)
	at java.base/java.lang.Thread.run(Thread.java:1583)
Caused by: java.lang.ClassNotFoundException: org.apache.catalina.core.ApplicationContext$DispatchData
	... 17 common frames omitted
2026-05-02 16:56:28.228 [http-nio-9092-exec-1] WARN  o.s.s.c.SpringSecurityMessageSource - ResourceBundle [org.springframework.security.messages] not found for MessageSource: Can't find bundle for base name org.springframework.security.messages, locale en_US
2026-05-02 16:56:28.235 [http-nio-9092-exec-1] ERROR o.a.c.c.C.[Tomcat].[localhost] - Exception Processing [ErrorPage[errorCode=0, location=/error]]
java.lang.NoClassDefFoundError: org/apache/catalina/core/ApplicationContext$DispatchData
	at org.apache.catalina.core.ApplicationContext.getRequestDispatcher(ApplicationContext.java:421)
	at org.apache.catalina.core.ApplicationContextFacade.getRequestDispatcher(ApplicationContextFacade.java:215)
	at org.apache.catalina.core.StandardHostValve.custom(StandardHostValve.java:332)
	at org.apache.catalina.core.StandardHostValve.status(StandardHostValve.java:222)
	at org.apache.catalina.core.StandardHostValve.invoke(StandardHostValve.java:151)
	at org.apache.catalina.valves.ErrorReportValve.invoke(ErrorReportValve.java:93)
	at org.apache.catalina.core.StandardEngineValve.invoke(StandardEngineValve.java:74)
	at org.apache.catalina.connector.CoyoteAdapter.service(CoyoteAdapter.java:344)
	at org.apache.coyote.http11.Http11Processor.service(Http11Processor.java:391)
	at org.apache.coyote.AbstractProcessorLight.process(AbstractProcessorLight.java:63)
	at org.apache.coyote.AbstractProtocol$ConnectionHandler.process(AbstractProtocol.java:896)
	at org.apache.tomcat.util.net.NioEndpoint$SocketProcessor.doRun(NioEndpoint.java:1736)
	at org.apache.tomcat.util.net.SocketProcessorBase.run(SocketProcessorBase.java:52)
	at org.apache.tomcat.util.threads.ThreadPoolExecutor.runWorker(ThreadPoolExecutor.java:1191)
	at org.apache.tomcat.util.threads.ThreadPoolExecutor$Worker.run(ThreadPoolExecutor.java:659)
	at org.apache.tomcat.util.threads.TaskThread$WrappingRunnable.run(TaskThread.java:63)
	at java.base/java.lang.Thread.run(Thread.java:1583)
Caused by: java.lang.ClassNotFoundException: org.apache.catalina.core.ApplicationContext$DispatchData
	... 17 common frames omitted
2026-05-02 16:56:28.241 [http-nio-9092-exec-2] WARN  o.s.s.c.SpringSecurityMessageSource - ResourceBundle [org.springframework.security.messages] not found for MessageSource: Can't find bundle for base name org.springframework.security.messages, locale en_US
2026-05-02 16:56:28.246 [http-nio-9092-exec-2] ERROR o.a.c.c.C.[.[.[.[dispatcherServlet] - Servlet.service() for servlet [dispatcherServlet] in context with path [] threw exception [Handler processing failed: java.lang.NoClassDefFoundError: org/springframework/core/ExceptionDepthComparator] with root cause
java.lang.ClassNotFoundException: org.springframework.core.ExceptionDepthComparator
	at org.springframework.web.method.annotation.ExceptionHandlerMethodResolver.getMappedMethod(ExceptionHandlerMethodResolver.java:187)
	at org.springframework.web.method.annotation.ExceptionHandlerMethodResolver.resolveMethodByExceptionType(ExceptionHandlerMethodResolver.java:167)
	at org.springframework.web.method.annotation.ExceptionHandlerMethodResolver.resolveMethodByThrowable(ExceptionHandlerMethodResolver.java:146)
	at org.springframework.web.method.annotation.ExceptionHandlerMethodResolver.resolveMethod(ExceptionHandlerMethodResolver.java:134)
	at org.springframework.web.servlet.mvc.method.annotation.ExceptionHandlerExceptionResolver.getExceptionHandlerMethod(ExceptionHandlerExceptionResolver.java:503)
	at org.springframework.web.servlet.mvc.method.annotation.ExceptionHandlerExceptionResolver.doResolveHandlerMethodException(ExceptionHandlerExceptionResolver.java:402)
	at org.springframework.web.servlet.handler.AbstractHandlerMethodExceptionResolver.doResolveException(AbstractHandlerMethodExceptionResolver.java:74)
	at org.springframework.web.servlet.handler.AbstractHandlerExceptionResolver.resolveException(AbstractHandlerExceptionResolver.java:175)
	at org.springframework.web.servlet.handler.HandlerExceptionResolverComposite.resolveException(HandlerExceptionResolverComposite.java:80)
	at org.springframework.web.servlet.DispatcherServlet.processHandlerException(DispatcherServlet.java:1357)
	at org.springframework.web.servlet.DispatcherServlet.processDispatchResult(DispatcherServlet.java:1160)
	at org.springframework.web.servlet.DispatcherServlet.doDispatch(DispatcherServlet.java:1106)
	at org.springframework.web.servlet.DispatcherServlet.doService(DispatcherServlet.java:979)
	at org.springframework.web.servlet.FrameworkServlet.processRequest(FrameworkServlet.java:1014)
	at org.springframework.web.servlet.FrameworkServlet.doGet(FrameworkServlet.java:903)
	at jakarta.servlet.http.HttpServlet.service(HttpServlet.java:564)
	at org.springframework.web.servlet.FrameworkServlet.service(FrameworkServlet.java:885)
	at jakarta.servlet.http.HttpServlet.service(HttpServlet.java:658)
	at org.apache.catalina.core.ApplicationFilterChain.internalDoFilter(ApplicationFilterChain.java:206)
	at org.apache.catalina.core.ApplicationFilterChain.doFilter(ApplicationFilterChain.java:150)
	at org.apache.tomcat.websocket.server.WsFilter.doFilter(WsFilter.java:51)
	at org.apache.catalina.core.ApplicationFilterChain.internalDoFilter(ApplicationFilterChain.java:175)
	at org.apache.catalina.core.ApplicationFilterChain.doFilter(ApplicationFilterChain.java:150)
	at org.springframework.web.filter.OncePerRequestFilter.doFilter(OncePerRequestFilter.java:110)
	at org.apache.catalina.core.ApplicationFilterChain.internalDoFilter(ApplicationFilterChain.java:175)
	at org.apache.catalina.core.ApplicationFilterChain.doFilter(ApplicationFilterChain.java:150)
	at org.springframework.web.filter.CompositeFilter$VirtualFilterChain.doFilter(CompositeFilter.java:108)
	at org.springframework.security.web.FilterChainProxy.lambda$doFilterInternal$3(FilterChainProxy.java:231)
	at org.springframework.security.web.ObservationFilterChainDecorator$FilterObservation$SimpleFilterObservation.lambda$wrap$1(ObservationFilterChainDecorator.java:479)
	at org.springframework.security.web.ObservationFilterChainDecorator$AroundFilterObservation$SimpleAroundFilterObservation.lambda$wrap$1(ObservationFilterChainDecorator.java:340)
	at org.springframework.security.web.ObservationFilterChainDecorator.lambda$wrapSecured$0(ObservationFilterChainDecorator.java:82)
	at org.springframework.security.web.ObservationFilterChainDecorator$VirtualFilterChain.doFilter(ObservationFilterChainDecorator.java:128)
	at org.springframework.security.web.access.intercept.AuthorizationFilter.doFilter(AuthorizationFilter.java:100)
	at org.springframework.security.web.ObservationFilterChainDecorator$ObservationFilter.wrapFilter(ObservationFilterChainDecorator.java:240)
	at org.springframework.security.web.ObservationFilterChainDecorator$ObservationFilter.doFilter(ObservationFilterChainDecorator.java:227)
	at org.springframework.security.web.ObservationFilterChainDecorator$VirtualFilterChain.doFilter(ObservationFilterChainDecorator.java:137)
	at org.springframework.security.web.access.ExceptionTranslationFilter.doFilter(ExceptionTranslationFilter.java:126)
	at org.springframework.security.web.access.ExceptionTranslationFilter.doFilter(ExceptionTranslationFilter.java:120)
	at org.springframework.security.web.ObservationFilterChainDecorator$ObservationFilter.wrapFilter(ObservationFilterChainDecorator.java:240)
	at org.springframework.security.web.ObservationFilterChainDecorator$ObservationFilter.doFilter(ObservationFilterChainDecorator.java:227)
	at org.springframework.security.web.ObservationFilterChainDecorator$VirtualFilterChain.doFilter(ObservationFilterChainDecorator.java:137)
	at org.springframework.security.web.session.SessionManagementFilter.doFilter(SessionManagementFilter.java:131)
	at org.springframework.security.web.session.SessionManagementFilter.doFilter(SessionManagementFilter.java:85)
	at org.springframework.security.web.ObservationFilterChainDecorator$ObservationFilter.wrapFilter(ObservationFilterChainDecorator.java:240)
	at org.springframework.security.web.ObservationFilterChainDecorator$ObservationFilter.doFilter(ObservationFilterChainDecorator.java:227)
	at org.springframework.security.web.ObservationFilterChainDecorator$VirtualFilterChain.doFilter(ObservationFilterChainDecorator.java:137)
	at org.springframework.security.web.authentication.AnonymousAuthenticationFilter.doFilter(AnonymousAuthenticationFilter.java:100)
	at org.springframework.security.web.ObservationFilterChainDecorator$ObservationFilter.wrapFilter(ObservationFilterChainDecorator.java:240)
	at org.springframework.security.web.ObservationFilterChainDecorator$ObservationFilter.doFilter(ObservationFilterChainDecorator.java:227)
	at org.springframework.security.web.ObservationFilterChainDecorator$VirtualFilterChain.doFilter(ObservationFilterChainDecorator.java:137)
	at org.springframework.security.web.servletapi.SecurityContextHolderAwareRequestFilter.doFilter(SecurityContextHolderAwareRequestFilter.java:179)
	at org.springframework.security.web.ObservationFilterChainDecorator$ObservationFilter.wrapFilter(ObservationFilterChainDecorator.java:240)
	at org.springframework.security.web.ObservationFilterChainDecorator$ObservationFilter.doFilter(ObservationFilterChainDecorator.java:227)
	at org.springframework.security.web.ObservationFilterChainDecorator$VirtualFilterChain.doFilter(ObservationFilterChainDecorator.java:137)
	at org.springframework.security.web.savedrequest.RequestCacheAwareFilter.doFilter(RequestCacheAwareFilter.java:63)
	at org.springframework.security.web.ObservationFilterChainDecorator$ObservationFilter.wrapFilter(ObservationFilterChainDecorator.java:240)
	at org.springframework.security.web.ObservationFilterChainDecorator$ObservationFilter.doFilter(ObservationFilterChainDecorator.java:227)
	at org.springframework.security.web.ObservationFilterChainDecorator$VirtualFilterChain.doFilter(ObservationFilterChainDecorator.java:137)
	at com.capg.pharma.catalogservice.security.JwtAuthFilter.doFilterInternal(JwtAuthFilter.java:66)
	at org.springframework.web.filter.OncePerRequestFilter.doFilter(OncePerRequestFilter.java:116)
	at org.springframework.security.web.ObservationFilterChainDecorator$ObservationFilter.wrapFilter(ObservationFilterChainDecorator.java:240)
	at org.springframework.security.web.ObservationFilterChainDecorator$ObservationFilter.doFilter(ObservationFilterChainDecorator.java:227)
	at org.springframework.security.web.ObservationFilterChainDecorator$VirtualFilterChain.doFilter(ObservationFilterChainDecorator.java:137)
	at org.springframework.security.web.authentication.logout.LogoutFilter.doFilter(LogoutFilter.java:107)
	at org.springframework.security.web.authentication.logout.LogoutFilter.doFilter(LogoutFilter.java:93)
	at org.springframework.security.web.ObservationFilterChainDecorator$ObservationFilter.wrapFilter(ObservationFilterChainDecorator.java:240)
	at org.springframework.security.web.ObservationFilterChainDecorator$ObservationFilter.doFilter(ObservationFilterChainDecorator.java:227)
	at org.springframework.security.web.ObservationFilterChainDecorator$VirtualFilterChain.doFilter(ObservationFilterChainDecorator.java:137)
	at org.springframework.web.filter.CorsFilter.doFilterInternal(CorsFilter.java:91)
	at org.springframework.web.filter.OncePerRequestFilter.doFilter(OncePerRequestFilter.java:116)
	at org.springframework.security.web.ObservationFilterChainDecorator$ObservationFilter.wrapFilter(ObservationFilterChainDecorator.java:240)
	at org.springframework.security.web.ObservationFilterChainDecorator$ObservationFilter.doFilter(ObservationFilterChainDecorator.java:227)
	at org.springframework.security.web.ObservationFilterChainDecorator$VirtualFilterChain.doFilter(ObservationFilterChainDecorator.java:137)
	at org.springframework.security.web.header.HeaderWriterFilter.doHeadersAfter(HeaderWriterFilter.java:90)
	at org.springframework.security.web.header.HeaderWriterFilter.doFilterInternal(HeaderWriterFilter.java:75)
	at org.springframework.web.filter.OncePerRequestFilter.doFilter(OncePerRequestFilter.java:116)
	at org.springframework.security.web.ObservationFilterChainDecorator$ObservationFilter.wrapFilter(ObservationFilterChainDecorator.java:240)
	at org.springframework.security.web.ObservationFilterChainDecorator$ObservationFilter.doFilter(ObservationFilterChainDecorator.java:227)
	at org.springframework.security.web.ObservationFilterChainDecorator$VirtualFilterChain.doFilter(ObservationFilterChainDecorator.java:137)
	at org.springframework.security.web.context.SecurityContextHolderFilter.doFilter(SecurityContextHolderFilter.java:82)
	at org.springframework.security.web.context.SecurityContextHolderFilter.doFilter(SecurityContextHolderFilter.java:69)
	at org.springframework.security.web.ObservationFilterChainDecorator$ObservationFilter.wrapFilter(ObservationFilterChainDecorator.java:240)
	at org.springframework.security.web.ObservationFilterChainDecorator$ObservationFilter.doFilter(ObservationFilterChainDecorator.java:227)
	at org.springframework.security.web.ObservationFilterChainDecorator$VirtualFilterChain.doFilter(ObservationFilterChainDecorator.java:137)
	at org.springframework.security.web.context.request.async.WebAsyncManagerIntegrationFilter.doFilterInternal(WebAsyncManagerIntegrationFilter.java:62)
	at org.springframework.web.filter.OncePerRequestFilter.doFilter(OncePerRequestFilter.java:116)
	at org.springframework.security.web.ObservationFilterChainDecorator$ObservationFilter.wrapFilter(ObservationFilterChainDecorator.java:240)
	at org.springframework.security.web.ObservationFilterChainDecorator$ObservationFilter.doFilter(ObservationFilterChainDecorator.java:227)
	at org.springframework.security.web.ObservationFilterChainDecorator$VirtualFilterChain.doFilter(ObservationFilterChainDecorator.java:137)
	at org.springframework.security.web.session.DisableEncodeUrlFilter.doFilterInternal(DisableEncodeUrlFilter.java:42)
	at org.springframework.web.filter.OncePerRequestFilter.doFilter(OncePerRequestFilter.java:116)
	at org.springframework.security.web.ObservationFilterChainDecorator$ObservationFilter.wrapFilter(ObservationFilterChainDecorator.java:240)
	at org.springframework.security.web.ObservationFilterChainDecorator$AroundFilterObservation$SimpleAroundFilterObservation.lambda$wrap$0(ObservationFilterChainDecorator.java:323)
	at org.springframework.security.web.ObservationFilterChainDecorator$ObservationFilter.doFilter(ObservationFilterChainDecorator.java:224)
	at org.springframework.security.web.ObservationFilterChainDecorator$VirtualFilterChain.doFilter(ObservationFilterChainDecorator.java:137)
	at org.springframework.security.web.FilterChainProxy.doFilterInternal(FilterChainProxy.java:233)
	at org.springframework.security.web.FilterChainProxy.doFilter(FilterChainProxy.java:191)
	at org.springframework.web.filter.CompositeFilter$VirtualFilterChain.doFilter(CompositeFilter.java:113)
	at org.springframework.web.servlet.handler.HandlerMappingIntrospector.lambda$createCacheFilter$3(HandlerMappingIntrospector.java:195)
	at org.springframework.web.filter.CompositeFilter$VirtualFilterChain.doFilter(CompositeFilter.java:113)
	at org.springframework.web.filter.CompositeFilter.doFilter(CompositeFilter.java:74)
	at org.springframework.security.config.annotation.web.configuration.WebMvcSecurityConfiguration$CompositeFilterChainProxy.doFilter(WebMvcSecurityConfiguration.java:230)
	at org.springframework.web.filter.DelegatingFilterProxy.invokeDelegate(DelegatingFilterProxy.java:352)
	at org.springframework.web.filter.DelegatingFilterProxy.doFilter(DelegatingFilterProxy.java:268)
	at org.apache.catalina.core.ApplicationFilterChain.internalDoFilter(ApplicationFilterChain.java:175)
	at org.apache.catalina.core.ApplicationFilterChain.doFilter(ApplicationFilterChain.java:150)
	at org.springframework.web.filter.RequestContextFilter.doFilterInternal(RequestContextFilter.java:100)
	at org.springframework.web.filter.OncePerRequestFilter.doFilter(OncePerRequestFilter.java:116)
	at org.apache.catalina.core.ApplicationFilterChain.internalDoFilter(ApplicationFilterChain.java:175)
	at org.apache.catalina.core.ApplicationFilterChain.doFilter(ApplicationFilterChain.java:150)
	at org.springframework.web.filter.FormContentFilter.doFilterInternal(FormContentFilter.java:93)
	at org.springframework.web.filter.OncePerRequestFilter.doFilter(OncePerRequestFilter.java:116)
	at org.apache.catalina.core.ApplicationFilterChain.internalDoFilter(ApplicationFilterChain.java:175)
	at org.apache.catalina.core.ApplicationFilterChain.doFilter(ApplicationFilterChain.java:150)
	at org.springframework.web.filter.ServerHttpObservationFilter.doFilterInternal(ServerHttpObservationFilter.java:109)
	at org.springframework.web.filter.OncePerRequestFilter.doFilter(OncePerRequestFilter.java:116)
	at org.apache.catalina.core.ApplicationFilterChain.internalDoFilter(ApplicationFilterChain.java:175)
	at org.apache.catalina.core.ApplicationFilterChain.doFilter(ApplicationFilterChain.java:150)
	at org.springframework.web.filter.CharacterEncodingFilter.doFilterInternal(CharacterEncodingFilter.java:201)
	at org.springframework.web.filter.OncePerRequestFilter.doFilter(OncePerRequestFilter.java:116)
	at org.apache.catalina.core.ApplicationFilterChain.internalDoFilter(ApplicationFilterChain.java:175)
	at org.apache.catalina.core.ApplicationFilterChain.doFilter(ApplicationFilterChain.java:150)
	at org.apache.catalina.core.StandardWrapperValve.invoke(StandardWrapperValve.java:167)
	at org.apache.catalina.core.StandardContextValve.invoke(StandardContextValve.java:90)
	at org.apache.catalina.authenticator.AuthenticatorBase.invoke(AuthenticatorBase.java:482)
	at org.apache.catalina.core.StandardHostValve.invoke(StandardHostValve.java:115)
	at org.apache.catalina.valves.ErrorReportValve.invoke(ErrorReportValve.java:93)
	at org.apache.catalina.core.StandardEngineValve.invoke(StandardEngineValve.java:74)
	at org.apache.catalina.connector.CoyoteAdapter.service(CoyoteAdapter.java:344)
	at org.apache.coyote.http11.Http11Processor.service(Http11Processor.java:391)
	at org.apache.coyote.AbstractProcessorLight.process(AbstractProcessorLight.java:63)
	at org.apache.coyote.AbstractProtocol$ConnectionHandler.process(AbstractProtocol.java:896)
	at org.apache.tomcat.util.net.NioEndpoint$SocketProcessor.doRun(NioEndpoint.java:1736)
	at org.apache.tomcat.util.net.SocketProcessorBase.run(SocketProcessorBase.java:52)
	at org.apache.tomcat.util.threads.ThreadPoolExecutor.runWorker(ThreadPoolExecutor.java:1191)
	at org.apache.tomcat.util.threads.ThreadPoolExecutor$Worker.run(ThreadPoolExecutor.java:659)
	at org.apache.tomcat.util.threads.TaskThread$WrappingRunnable.run(TaskThread.java:63)
	at java.base/java.lang.Thread.run(Thread.java:1583)
2026-05-02 16:56:28.248 [http-nio-9092-exec-2] ERROR o.a.c.c.C.[Tomcat].[localhost] - Exception Processing [ErrorPage[errorCode=0, location=/error]]
java.lang.NoClassDefFoundError: org/apache/catalina/core/ApplicationContext$DispatchData
	at org.apache.catalina.core.ApplicationContext.getRequestDispatcher(ApplicationContext.java:421)
	at org.apache.catalina.core.ApplicationContextFacade.getRequestDispatcher(ApplicationContextFacade.java:215)
	at org.apache.catalina.core.StandardHostValve.custom(StandardHostValve.java:332)
	at org.apache.catalina.core.StandardHostValve.status(StandardHostValve.java:222)
	at org.apache.catalina.core.StandardHostValve.throwable(StandardHostValve.java:308)
	at org.apache.catalina.core.StandardHostValve.invoke(StandardHostValve.java:149)
	at org.apache.catalina.valves.ErrorReportValve.invoke(ErrorReportValve.java:93)
	at org.apache.catalina.core.StandardEngineValve.invoke(StandardEngineValve.java:74)
	at org.apache.catalina.connector.CoyoteAdapter.service(CoyoteAdapter.java:344)
	at org.apache.coyote.http11.Http11Processor.service(Http11Processor.java:391)
	at org.apache.coyote.AbstractProcessorLight.process(AbstractProcessorLight.java:63)
	at org.apache.coyote.AbstractProtocol$ConnectionHandler.process(AbstractProtocol.java:896)
	at org.apache.tomcat.util.net.NioEndpoint$SocketProcessor.doRun(NioEndpoint.java:1736)
	at org.apache.tomcat.util.net.SocketProcessorBase.run(SocketProcessorBase.java:52)
	at org.apache.tomcat.util.threads.ThreadPoolExecutor.runWorker(ThreadPoolExecutor.java:1191)
	at org.apache.tomcat.util.threads.ThreadPoolExecutor$Worker.run(ThreadPoolExecutor.java:659)
	at org.apache.tomcat.util.threads.TaskThread$WrappingRunnable.run(TaskThread.java:63)
	at java.base/java.lang.Thread.run(Thread.java:1583)
Caused by: java.lang.ClassNotFoundException: org.apache.catalina.core.ApplicationContext$DispatchData
	... 18 common frames omitted
2026-05-02 16:59:43.153 [http-nio-9092-exec-4] WARN  o.s.s.c.SpringSecurityMessageSource - ResourceBundle [org.springframework.security.messages] not found for MessageSource: Can't find bundle for base name org.springframework.security.messages, locale en_US
2026-05-02 16:59:43.160 [http-nio-9092-exec-7] WARN  o.s.s.c.SpringSecurityMessageSource - ResourceBundle [org.springframework.security.messages] not found for MessageSource: Can't find bundle for base name org.springframework.security.messages, locale en_US
2026-05-02 16:59:43.167 [http-nio-9092-exec-7] ERROR o.a.c.c.C.[Tomcat].[localhost] - Exception Processing [ErrorPage[errorCode=0, location=/error]]
java.lang.NoClassDefFoundError: org/apache/catalina/core/ApplicationContext$DispatchData
	at org.apache.catalina.core.ApplicationContext.getRequestDispatcher(ApplicationContext.java:421)
	at org.apache.catalina.core.ApplicationContextFacade.getRequestDispatcher(ApplicationContextFacade.java:215)
	at org.apache.catalina.core.StandardHostValve.custom(StandardHostValve.java:332)
	at org.apache.catalina.core.StandardHostValve.status(StandardHostValve.java:222)
	at org.apache.catalina.core.StandardHostValve.invoke(StandardHostValve.java:151)
	at org.apache.catalina.valves.ErrorReportValve.invoke(ErrorReportValve.java:93)
	at org.apache.catalina.core.StandardEngineValve.invoke(StandardEngineValve.java:74)
	at org.apache.catalina.connector.CoyoteAdapter.service(CoyoteAdapter.java:344)
	at org.apache.coyote.http11.Http11Processor.service(Http11Processor.java:391)
	at org.apache.coyote.AbstractProcessorLight.process(AbstractProcessorLight.java:63)
	at org.apache.coyote.AbstractProtocol$ConnectionHandler.process(AbstractProtocol.java:896)
	at org.apache.tomcat.util.net.NioEndpoint$SocketProcessor.doRun(NioEndpoint.java:1736)
	at org.apache.tomcat.util.net.SocketProcessorBase.run(SocketProcessorBase.java:52)
	at org.apache.tomcat.util.threads.ThreadPoolExecutor.runWorker(ThreadPoolExecutor.java:1191)
	at org.apache.tomcat.util.threads.ThreadPoolExecutor$Worker.run(ThreadPoolExecutor.java:659)
	at org.apache.tomcat.util.threads.TaskThread$WrappingRunnable.run(TaskThread.java:63)
	at java.base/java.lang.Thread.run(Thread.java:1583)
Caused by: java.lang.ClassNotFoundException: org.apache.catalina.core.ApplicationContext$DispatchData
	... 17 common frames omitted
2026-05-02 16:59:43.167 [http-nio-9092-exec-4] ERROR o.a.c.c.C.[.[.[.[dispatcherServlet] - Servlet.service() for servlet [dispatcherServlet] in context with path [] threw exception [Handler processing failed: java.lang.NoClassDefFoundError: org/springframework/core/ExceptionDepthComparator] with root cause
java.lang.ClassNotFoundException: org.springframework.core.ExceptionDepthComparator
	at org.springframework.web.method.annotation.ExceptionHandlerMethodResolver.getMappedMethod(ExceptionHandlerMethodResolver.java:187)
	at org.springframework.web.method.annotation.ExceptionHandlerMethodResolver.resolveMethodByExceptionType(ExceptionHandlerMethodResolver.java:167)
	at org.springframework.web.method.annotation.ExceptionHandlerMethodResolver.resolveMethodByThrowable(ExceptionHandlerMethodResolver.java:146)
	at org.springframework.web.method.annotation.ExceptionHandlerMethodResolver.resolveMethod(ExceptionHandlerMethodResolver.java:134)
	at org.springframework.web.servlet.mvc.method.annotation.ExceptionHandlerExceptionResolver.getExceptionHandlerMethod(ExceptionHandlerExceptionResolver.java:503)
	at org.springframework.web.servlet.mvc.method.annotation.ExceptionHandlerExceptionResolver.doResolveHandlerMethodException(ExceptionHandlerExceptionResolver.java:402)
	at org.springframework.web.servlet.handler.AbstractHandlerMethodExceptionResolver.doResolveException(AbstractHandlerMethodExceptionResolver.java:74)
	at org.springframework.web.servlet.handler.AbstractHandlerExceptionResolver.resolveException(AbstractHandlerExceptionResolver.java:175)
	at org.springframework.web.servlet.handler.HandlerExceptionResolverComposite.resolveException(HandlerExceptionResolverComposite.java:80)
	at org.springframework.web.servlet.DispatcherServlet.processHandlerException(DispatcherServlet.java:1357)
	at org.springframework.web.servlet.DispatcherServlet.processDispatchResult(DispatcherServlet.java:1160)
	at org.springframework.web.servlet.DispatcherServlet.doDispatch(DispatcherServlet.java:1106)
	at org.springframework.web.servlet.DispatcherServlet.doService(DispatcherServlet.java:979)
	at org.springframework.web.servlet.FrameworkServlet.processRequest(FrameworkServlet.java:1014)
	at org.springframework.web.servlet.FrameworkServlet.doGet(FrameworkServlet.java:903)
	at jakarta.servlet.http.HttpServlet.service(HttpServlet.java:564)
	at org.springframework.web.servlet.FrameworkServlet.service(FrameworkServlet.java:885)
	at jakarta.servlet.http.HttpServlet.service(HttpServlet.java:658)
	at org.apache.catalina.core.ApplicationFilterChain.internalDoFilter(ApplicationFilterChain.java:206)
	at org.apache.catalina.core.ApplicationFilterChain.doFilter(ApplicationFilterChain.java:150)
	at org.apache.tomcat.websocket.server.WsFilter.doFilter(WsFilter.java:51)
	at org.apache.catalina.core.ApplicationFilterChain.internalDoFilter(ApplicationFilterChain.java:175)
	at org.apache.catalina.core.ApplicationFilterChain.doFilter(ApplicationFilterChain.java:150)
	at org.springframework.web.filter.OncePerRequestFilter.doFilter(OncePerRequestFilter.java:110)
	at org.apache.catalina.core.ApplicationFilterChain.internalDoFilter(ApplicationFilterChain.java:175)
	at org.apache.catalina.core.ApplicationFilterChain.doFilter(ApplicationFilterChain.java:150)
	at org.springframework.web.filter.CompositeFilter$VirtualFilterChain.doFilter(CompositeFilter.java:108)
	at org.springframework.security.web.FilterChainProxy.lambda$doFilterInternal$3(FilterChainProxy.java:231)
	at org.springframework.security.web.ObservationFilterChainDecorator$FilterObservation$SimpleFilterObservation.lambda$wrap$1(ObservationFilterChainDecorator.java:479)
	at org.springframework.security.web.ObservationFilterChainDecorator$AroundFilterObservation$SimpleAroundFilterObservation.lambda$wrap$1(ObservationFilterChainDecorator.java:340)
	at org.springframework.security.web.ObservationFilterChainDecorator.lambda$wrapSecured$0(ObservationFilterChainDecorator.java:82)
	at org.springframework.security.web.ObservationFilterChainDecorator$VirtualFilterChain.doFilter(ObservationFilterChainDecorator.java:128)
	at org.springframework.security.web.access.intercept.AuthorizationFilter.doFilter(AuthorizationFilter.java:100)
	at org.springframework.security.web.ObservationFilterChainDecorator$ObservationFilter.wrapFilter(ObservationFilterChainDecorator.java:240)
	at org.springframework.security.web.ObservationFilterChainDecorator$ObservationFilter.doFilter(ObservationFilterChainDecorator.java:227)
	at org.springframework.security.web.ObservationFilterChainDecorator$VirtualFilterChain.doFilter(ObservationFilterChainDecorator.java:137)
	at org.springframework.security.web.access.ExceptionTranslationFilter.doFilter(ExceptionTranslationFilter.java:126)
	at org.springframework.security.web.access.ExceptionTranslationFilter.doFilter(ExceptionTranslationFilter.java:120)
	at org.springframework.security.web.ObservationFilterChainDecorator$ObservationFilter.wrapFilter(ObservationFilterChainDecorator.java:240)
	at org.springframework.security.web.ObservationFilterChainDecorator$ObservationFilter.doFilter(ObservationFilterChainDecorator.java:227)
	at org.springframework.security.web.ObservationFilterChainDecorator$VirtualFilterChain.doFilter(ObservationFilterChainDecorator.java:137)
	at org.springframework.security.web.session.SessionManagementFilter.doFilter(SessionManagementFilter.java:131)
	at org.springframework.security.web.session.SessionManagementFilter.doFilter(SessionManagementFilter.java:85)
	at org.springframework.security.web.ObservationFilterChainDecorator$ObservationFilter.wrapFilter(ObservationFilterChainDecorator.java:240)
	at org.springframework.security.web.ObservationFilterChainDecorator$ObservationFilter.doFilter(ObservationFilterChainDecorator.java:227)
	at org.springframework.security.web.ObservationFilterChainDecorator$VirtualFilterChain.doFilter(ObservationFilterChainDecorator.java:137)
	at org.springframework.security.web.authentication.AnonymousAuthenticationFilter.doFilter(AnonymousAuthenticationFilter.java:100)
	at org.springframework.security.web.ObservationFilterChainDecorator$ObservationFilter.wrapFilter(ObservationFilterChainDecorator.java:240)
	at org.springframework.security.web.ObservationFilterChainDecorator$ObservationFilter.doFilter(ObservationFilterChainDecorator.java:227)
	at org.springframework.security.web.ObservationFilterChainDecorator$VirtualFilterChain.doFilter(ObservationFilterChainDecorator.java:137)
	at org.springframework.security.web.servletapi.SecurityContextHolderAwareRequestFilter.doFilter(SecurityContextHolderAwareRequestFilter.java:179)
	at org.springframework.security.web.ObservationFilterChainDecorator$ObservationFilter.wrapFilter(ObservationFilterChainDecorator.java:240)
	at org.springframework.security.web.ObservationFilterChainDecorator$ObservationFilter.doFilter(ObservationFilterChainDecorator.java:227)
	at org.springframework.security.web.ObservationFilterChainDecorator$VirtualFilterChain.doFilter(ObservationFilterChainDecorator.java:137)
	at org.springframework.security.web.savedrequest.RequestCacheAwareFilter.doFilter(RequestCacheAwareFilter.java:63)
	at org.springframework.security.web.ObservationFilterChainDecorator$ObservationFilter.wrapFilter(ObservationFilterChainDecorator.java:240)
	at org.springframework.security.web.ObservationFilterChainDecorator$ObservationFilter.doFilter(ObservationFilterChainDecorator.java:227)
	at org.springframework.security.web.ObservationFilterChainDecorator$VirtualFilterChain.doFilter(ObservationFilterChainDecorator.java:137)
	at com.capg.pharma.catalogservice.security.JwtAuthFilter.doFilterInternal(JwtAuthFilter.java:66)
	at org.springframework.web.filter.OncePerRequestFilter.doFilter(OncePerRequestFilter.java:116)
	at org.springframework.security.web.ObservationFilterChainDecorator$ObservationFilter.wrapFilter(ObservationFilterChainDecorator.java:240)
	at org.springframework.security.web.ObservationFilterChainDecorator$ObservationFilter.doFilter(ObservationFilterChainDecorator.java:227)
	at org.springframework.security.web.ObservationFilterChainDecorator$VirtualFilterChain.doFilter(ObservationFilterChainDecorator.java:137)
	at org.springframework.security.web.authentication.logout.LogoutFilter.doFilter(LogoutFilter.java:107)
	at org.springframework.security.web.authentication.logout.LogoutFilter.doFilter(LogoutFilter.java:93)
	at org.springframework.security.web.ObservationFilterChainDecorator$ObservationFilter.wrapFilter(ObservationFilterChainDecorator.java:240)
	at org.springframework.security.web.ObservationFilterChainDecorator$ObservationFilter.doFilter(ObservationFilterChainDecorator.java:227)
	at org.springframework.security.web.ObservationFilterChainDecorator$VirtualFilterChain.doFilter(ObservationFilterChainDecorator.java:137)
	at org.springframework.web.filter.CorsFilter.doFilterInternal(CorsFilter.java:91)
	at org.springframework.web.filter.OncePerRequestFilter.doFilter(OncePerRequestFilter.java:116)
	at org.springframework.security.web.ObservationFilterChainDecorator$ObservationFilter.wrapFilter(ObservationFilterChainDecorator.java:240)
	at org.springframework.security.web.ObservationFilterChainDecorator$ObservationFilter.doFilter(ObservationFilterChainDecorator.java:227)
	at org.springframework.security.web.ObservationFilterChainDecorator$VirtualFilterChain.doFilter(ObservationFilterChainDecorator.java:137)
	at org.springframework.security.web.header.HeaderWriterFilter.doHeadersAfter(HeaderWriterFilter.java:90)
	at org.springframework.security.web.header.HeaderWriterFilter.doFilterInternal(HeaderWriterFilter.java:75)
	at org.springframework.web.filter.OncePerRequestFilter.doFilter(OncePerRequestFilter.java:116)
	at org.springframework.security.web.ObservationFilterChainDecorator$ObservationFilter.wrapFilter(ObservationFilterChainDecorator.java:240)
	at org.springframework.security.web.ObservationFilterChainDecorator$ObservationFilter.doFilter(ObservationFilterChainDecorator.java:227)
	at org.springframework.security.web.ObservationFilterChainDecorator$VirtualFilterChain.doFilter(ObservationFilterChainDecorator.java:137)
	at org.springframework.security.web.context.SecurityContextHolderFilter.doFilter(SecurityContextHolderFilter.java:82)
	at org.springframework.security.web.context.SecurityContextHolderFilter.doFilter(SecurityContextHolderFilter.java:69)
	at org.springframework.security.web.ObservationFilterChainDecorator$ObservationFilter.wrapFilter(ObservationFilterChainDecorator.java:240)
	at org.springframework.security.web.ObservationFilterChainDecorator$ObservationFilter.doFilter(ObservationFilterChainDecorator.java:227)
	at org.springframework.security.web.ObservationFilterChainDecorator$VirtualFilterChain.doFilter(ObservationFilterChainDecorator.java:137)
	at org.springframework.security.web.context.request.async.WebAsyncManagerIntegrationFilter.doFilterInternal(WebAsyncManagerIntegrationFilter.java:62)
	at org.springframework.web.filter.OncePerRequestFilter.doFilter(OncePerRequestFilter.java:116)
	at org.springframework.security.web.ObservationFilterChainDecorator$ObservationFilter.wrapFilter(ObservationFilterChainDecorator.java:240)
	at org.springframework.security.web.ObservationFilterChainDecorator$ObservationFilter.doFilter(ObservationFilterChainDecorator.java:227)
	at org.springframework.security.web.ObservationFilterChainDecorator$VirtualFilterChain.doFilter(ObservationFilterChainDecorator.java:137)
	at org.springframework.security.web.session.DisableEncodeUrlFilter.doFilterInternal(DisableEncodeUrlFilter.java:42)
	at org.springframework.web.filter.OncePerRequestFilter.doFilter(OncePerRequestFilter.java:116)
	at org.springframework.security.web.ObservationFilterChainDecorator$ObservationFilter.wrapFilter(ObservationFilterChainDecorator.java:240)
	at org.springframework.security.web.ObservationFilterChainDecorator$AroundFilterObservation$SimpleAroundFilterObservation.lambda$wrap$0(ObservationFilterChainDecorator.java:323)
	at org.springframework.security.web.ObservationFilterChainDecorator$ObservationFilter.doFilter(ObservationFilterChainDecorator.java:224)
	at org.springframework.security.web.ObservationFilterChainDecorator$VirtualFilterChain.doFilter(ObservationFilterChainDecorator.java:137)
	at org.springframework.security.web.FilterChainProxy.doFilterInternal(FilterChainProxy.java:233)
	at org.springframework.security.web.FilterChainProxy.doFilter(FilterChainProxy.java:191)
	at org.springframework.web.filter.CompositeFilter$VirtualFilterChain.doFilter(CompositeFilter.java:113)
	at org.springframework.web.servlet.handler.HandlerMappingIntrospector.lambda$createCacheFilter$3(HandlerMappingIntrospector.java:195)
	at org.springframework.web.filter.CompositeFilter$VirtualFilterChain.doFilter(CompositeFilter.java:113)
	at org.springframework.web.filter.CompositeFilter.doFilter(CompositeFilter.java:74)
	at org.springframework.security.config.annotation.web.configuration.WebMvcSecurityConfiguration$CompositeFilterChainProxy.doFilter(WebMvcSecurityConfiguration.java:230)
	at org.springframework.web.filter.DelegatingFilterProxy.invokeDelegate(DelegatingFilterProxy.java:352)
	at org.springframework.web.filter.DelegatingFilterProxy.doFilter(DelegatingFilterProxy.java:268)
	at org.apache.catalina.core.ApplicationFilterChain.internalDoFilter(ApplicationFilterChain.java:175)
	at org.apache.catalina.core.ApplicationFilterChain.doFilter(ApplicationFilterChain.java:150)
	at org.springframework.web.filter.RequestContextFilter.doFilterInternal(RequestContextFilter.java:100)
	at org.springframework.web.filter.OncePerRequestFilter.doFilter(OncePerRequestFilter.java:116)
	at org.apache.catalina.core.ApplicationFilterChain.internalDoFilter(ApplicationFilterChain.java:175)
	at org.apache.catalina.core.ApplicationFilterChain.doFilter(ApplicationFilterChain.java:150)
	at org.springframework.web.filter.FormContentFilter.doFilterInternal(FormContentFilter.java:93)
	at org.springframework.web.filter.OncePerRequestFilter.doFilter(OncePerRequestFilter.java:116)
	at org.apache.catalina.core.ApplicationFilterChain.internalDoFilter(ApplicationFilterChain.java:175)
	at org.apache.catalina.core.ApplicationFilterChain.doFilter(ApplicationFilterChain.java:150)
	at org.springframework.web.filter.ServerHttpObservationFilter.doFilterInternal(ServerHttpObservationFilter.java:109)
	at org.springframework.web.filter.OncePerRequestFilter.doFilter(OncePerRequestFilter.java:116)
	at org.apache.catalina.core.ApplicationFilterChain.internalDoFilter(ApplicationFilterChain.java:175)
	at org.apache.catalina.core.ApplicationFilterChain.doFilter(ApplicationFilterChain.java:150)
	at org.springframework.web.filter.CharacterEncodingFilter.doFilterInternal(CharacterEncodingFilter.java:201)
	at org.springframework.web.filter.OncePerRequestFilter.doFilter(OncePerRequestFilter.java:116)
	at org.apache.catalina.core.ApplicationFilterChain.internalDoFilter(ApplicationFilterChain.java:175)
	at org.apache.catalina.core.ApplicationFilterChain.doFilter(ApplicationFilterChain.java:150)
	at org.apache.catalina.core.StandardWrapperValve.invoke(StandardWrapperValve.java:167)
	at org.apache.catalina.core.StandardContextValve.invoke(StandardContextValve.java:90)
	at org.apache.catalina.authenticator.AuthenticatorBase.invoke(AuthenticatorBase.java:482)
	at org.apache.catalina.core.StandardHostValve.invoke(StandardHostValve.java:115)
	at org.apache.catalina.valves.ErrorReportValve.invoke(ErrorReportValve.java:93)
	at org.apache.catalina.core.StandardEngineValve.invoke(StandardEngineValve.java:74)
	at org.apache.catalina.connector.CoyoteAdapter.service(CoyoteAdapter.java:344)
	at org.apache.coyote.http11.Http11Processor.service(Http11Processor.java:391)
	at org.apache.coyote.AbstractProcessorLight.process(AbstractProcessorLight.java:63)
	at org.apache.coyote.AbstractProtocol$ConnectionHandler.process(AbstractProtocol.java:896)
	at org.apache.tomcat.util.net.NioEndpoint$SocketProcessor.doRun(NioEndpoint.java:1736)
	at org.apache.tomcat.util.net.SocketProcessorBase.run(SocketProcessorBase.java:52)
	at org.apache.tomcat.util.threads.ThreadPoolExecutor.runWorker(ThreadPoolExecutor.java:1191)
	at org.apache.tomcat.util.threads.ThreadPoolExecutor$Worker.run(ThreadPoolExecutor.java:659)
	at org.apache.tomcat.util.threads.TaskThread$WrappingRunnable.run(TaskThread.java:63)
	at java.base/java.lang.Thread.run(Thread.java:1583)
2026-05-02 16:59:43.172 [http-nio-9092-exec-4] ERROR o.a.c.c.C.[Tomcat].[localhost] - Exception Processing [ErrorPage[errorCode=0, location=/error]]
java.lang.NoClassDefFoundError: org/apache/catalina/core/ApplicationContext$DispatchData
	at org.apache.catalina.core.ApplicationContext.getRequestDispatcher(ApplicationContext.java:421)
	at org.apache.catalina.core.ApplicationContextFacade.getRequestDispatcher(ApplicationContextFacade.java:215)
	at org.apache.catalina.core.StandardHostValve.custom(StandardHostValve.java:332)
	at org.apache.catalina.core.StandardHostValve.status(StandardHostValve.java:222)
	at org.apache.catalina.core.StandardHostValve.throwable(StandardHostValve.java:308)
	at org.apache.catalina.core.StandardHostValve.invoke(StandardHostValve.java:149)
	at org.apache.catalina.valves.ErrorReportValve.invoke(ErrorReportValve.java:93)
	at org.apache.catalina.core.StandardEngineValve.invoke(StandardEngineValve.java:74)
	at org.apache.catalina.connector.CoyoteAdapter.service(CoyoteAdapter.java:344)
	at org.apache.coyote.http11.Http11Processor.service(Http11Processor.java:391)
	at org.apache.coyote.AbstractProcessorLight.process(AbstractProcessorLight.java:63)
	at org.apache.coyote.AbstractProtocol$ConnectionHandler.process(AbstractProtocol.java:896)
	at org.apache.tomcat.util.net.NioEndpoint$SocketProcessor.doRun(NioEndpoint.java:1736)
	at org.apache.tomcat.util.net.SocketProcessorBase.run(SocketProcessorBase.java:52)
	at org.apache.tomcat.util.threads.ThreadPoolExecutor.runWorker(ThreadPoolExecutor.java:1191)
	at org.apache.tomcat.util.threads.ThreadPoolExecutor$Worker.run(ThreadPoolExecutor.java:659)
	at org.apache.tomcat.util.threads.TaskThread$WrappingRunnable.run(TaskThread.java:63)
	at java.base/java.lang.Thread.run(Thread.java:1583)
Caused by: java.lang.ClassNotFoundException: org.apache.catalina.core.ApplicationContext$DispatchData
	... 18 common frames omitted
2026-05-02 17:00:10.230 [http-nio-9092-exec-1] WARN  o.s.s.c.SpringSecurityMessageSource - ResourceBundle [org.springframework.security.messages] not found for MessageSource: Can't find bundle for base name org.springframework.security.messages, locale en_US
2026-05-02 17:00:10.237 [http-nio-9092-exec-3] WARN  o.s.s.c.SpringSecurityMessageSource - ResourceBundle [org.springframework.security.messages] not found for MessageSource: Can't find bundle for base name org.springframework.security.messages, locale en_US
2026-05-02 17:00:10.237 [http-nio-9092-exec-1] ERROR o.a.c.c.C.[.[.[.[dispatcherServlet] - Servlet.service() for servlet [dispatcherServlet] in context with path [] threw exception [Handler processing failed: java.lang.NoClassDefFoundError: org/springframework/core/ExceptionDepthComparator] with root cause
java.lang.ClassNotFoundException: org.springframework.core.ExceptionDepthComparator
	at org.springframework.web.method.annotation.ExceptionHandlerMethodResolver.getMappedMethod(ExceptionHandlerMethodResolver.java:187)
	at org.springframework.web.method.annotation.ExceptionHandlerMethodResolver.resolveMethodByExceptionType(ExceptionHandlerMethodResolver.java:167)
	at org.springframework.web.method.annotation.ExceptionHandlerMethodResolver.resolveMethodByThrowable(ExceptionHandlerMethodResolver.java:146)
	at org.springframework.web.method.annotation.ExceptionHandlerMethodResolver.resolveMethod(ExceptionHandlerMethodResolver.java:134)
	at org.springframework.web.servlet.mvc.method.annotation.ExceptionHandlerExceptionResolver.getExceptionHandlerMethod(ExceptionHandlerExceptionResolver.java:503)
	at org.springframework.web.servlet.mvc.method.annotation.ExceptionHandlerExceptionResolver.doResolveHandlerMethodException(ExceptionHandlerExceptionResolver.java:402)
	at org.springframework.web.servlet.handler.AbstractHandlerMethodExceptionResolver.doResolveException(AbstractHandlerMethodExceptionResolver.java:74)
	at org.springframework.web.servlet.handler.AbstractHandlerExceptionResolver.resolveException(AbstractHandlerExceptionResolver.java:175)
	at org.springframework.web.servlet.handler.HandlerExceptionResolverComposite.resolveException(HandlerExceptionResolverComposite.java:80)
	at org.springframework.web.servlet.DispatcherServlet.processHandlerException(DispatcherServlet.java:1357)
	at org.springframework.web.servlet.DispatcherServlet.processDispatchResult(DispatcherServlet.java:1160)
	at org.springframework.web.servlet.DispatcherServlet.doDispatch(DispatcherServlet.java:1106)
	at org.springframework.web.servlet.DispatcherServlet.doService(DispatcherServlet.java:979)
	at org.springframework.web.servlet.FrameworkServlet.processRequest(FrameworkServlet.java:1014)
	at org.springframework.web.servlet.FrameworkServlet.doGet(FrameworkServlet.java:903)
	at jakarta.servlet.http.HttpServlet.service(HttpServlet.java:564)
	at org.springframework.web.servlet.FrameworkServlet.service(FrameworkServlet.java:885)
	at jakarta.servlet.http.HttpServlet.service(HttpServlet.java:658)
	at org.apache.catalina.core.ApplicationFilterChain.internalDoFilter(ApplicationFilterChain.java:206)
	at org.apache.catalina.core.ApplicationFilterChain.doFilter(ApplicationFilterChain.java:150)
	at org.apache.tomcat.websocket.server.WsFilter.doFilter(WsFilter.java:51)
	at org.apache.catalina.core.ApplicationFilterChain.internalDoFilter(ApplicationFilterChain.java:175)
	at org.apache.catalina.core.ApplicationFilterChain.doFilter(ApplicationFilterChain.java:150)
	at org.springframework.web.filter.OncePerRequestFilter.doFilter(OncePerRequestFilter.java:110)
	at org.apache.catalina.core.ApplicationFilterChain.internalDoFilter(ApplicationFilterChain.java:175)
	at org.apache.catalina.core.ApplicationFilterChain.doFilter(ApplicationFilterChain.java:150)
	at org.springframework.web.filter.CompositeFilter$VirtualFilterChain.doFilter(CompositeFilter.java:108)
	at org.springframework.security.web.FilterChainProxy.lambda$doFilterInternal$3(FilterChainProxy.java:231)
	at org.springframework.security.web.ObservationFilterChainDecorator$FilterObservation$SimpleFilterObservation.lambda$wrap$1(ObservationFilterChainDecorator.java:479)
	at org.springframework.security.web.ObservationFilterChainDecorator$AroundFilterObservation$SimpleAroundFilterObservation.lambda$wrap$1(ObservationFilterChainDecorator.java:340)
	at org.springframework.security.web.ObservationFilterChainDecorator.lambda$wrapSecured$0(ObservationFilterChainDecorator.java:82)
	at org.springframework.security.web.ObservationFilterChainDecorator$VirtualFilterChain.doFilter(ObservationFilterChainDecorator.java:128)
	at org.springframework.security.web.access.intercept.AuthorizationFilter.doFilter(AuthorizationFilter.java:100)
	at org.springframework.security.web.ObservationFilterChainDecorator$ObservationFilter.wrapFilter(ObservationFilterChainDecorator.java:240)
	at org.springframework.security.web.ObservationFilterChainDecorator$ObservationFilter.doFilter(ObservationFilterChainDecorator.java:227)
	at org.springframework.security.web.ObservationFilterChainDecorator$VirtualFilterChain.doFilter(ObservationFilterChainDecorator.java:137)
	at org.springframework.security.web.access.ExceptionTranslationFilter.doFilter(ExceptionTranslationFilter.java:126)
	at org.springframework.security.web.access.ExceptionTranslationFilter.doFilter(ExceptionTranslationFilter.java:120)
	at org.springframework.security.web.ObservationFilterChainDecorator$ObservationFilter.wrapFilter(ObservationFilterChainDecorator.java:240)
	at org.springframework.security.web.ObservationFilterChainDecorator$ObservationFilter.doFilter(ObservationFilterChainDecorator.java:227)
	at org.springframework.security.web.ObservationFilterChainDecorator$VirtualFilterChain.doFilter(ObservationFilterChainDecorator.java:137)
	at org.springframework.security.web.session.SessionManagementFilter.doFilter(SessionManagementFilter.java:131)
	at org.springframework.security.web.session.SessionManagementFilter.doFilter(SessionManagementFilter.java:85)
	at org.springframework.security.web.ObservationFilterChainDecorator$ObservationFilter.wrapFilter(ObservationFilterChainDecorator.java:240)
	at org.springframework.security.web.ObservationFilterChainDecorator$ObservationFilter.doFilter(ObservationFilterChainDecorator.java:227)
	at org.springframework.security.web.ObservationFilterChainDecorator$VirtualFilterChain.doFilter(ObservationFilterChainDecorator.java:137)
	at org.springframework.security.web.authentication.AnonymousAuthenticationFilter.doFilter(AnonymousAuthenticationFilter.java:100)
	at org.springframework.security.web.ObservationFilterChainDecorator$ObservationFilter.wrapFilter(ObservationFilterChainDecorator.java:240)
	at org.springframework.security.web.ObservationFilterChainDecorator$ObservationFilter.doFilter(ObservationFilterChainDecorator.java:227)
	at org.springframework.security.web.ObservationFilterChainDecorator$VirtualFilterChain.doFilter(ObservationFilterChainDecorator.java:137)
	at org.springframework.security.web.servletapi.SecurityContextHolderAwareRequestFilter.doFilter(SecurityContextHolderAwareRequestFilter.java:179)
	at org.springframework.security.web.ObservationFilterChainDecorator$ObservationFilter.wrapFilter(ObservationFilterChainDecorator.java:240)
	at org.springframework.security.web.ObservationFilterChainDecorator$ObservationFilter.doFilter(ObservationFilterChainDecorator.java:227)
	at org.springframework.security.web.ObservationFilterChainDecorator$VirtualFilterChain.doFilter(ObservationFilterChainDecorator.java:137)
	at org.springframework.security.web.savedrequest.RequestCacheAwareFilter.doFilter(RequestCacheAwareFilter.java:63)
	at org.springframework.security.web.ObservationFilterChainDecorator$ObservationFilter.wrapFilter(ObservationFilterChainDecorator.java:240)
	at org.springframework.security.web.ObservationFilterChainDecorator$ObservationFilter.doFilter(ObservationFilterChainDecorator.java:227)
	at org.springframework.security.web.ObservationFilterChainDecorator$VirtualFilterChain.doFilter(ObservationFilterChainDecorator.java:137)
	at com.capg.pharma.catalogservice.security.JwtAuthFilter.doFilterInternal(JwtAuthFilter.java:66)
	at org.springframework.web.filter.OncePerRequestFilter.doFilter(OncePerRequestFilter.java:116)
	at org.springframework.security.web.ObservationFilterChainDecorator$ObservationFilter.wrapFilter(ObservationFilterChainDecorator.java:240)
	at org.springframework.security.web.ObservationFilterChainDecorator$ObservationFilter.doFilter(ObservationFilterChainDecorator.java:227)
	at org.springframework.security.web.ObservationFilterChainDecorator$VirtualFilterChain.doFilter(ObservationFilterChainDecorator.java:137)
	at org.springframework.security.web.authentication.logout.LogoutFilter.doFilter(LogoutFilter.java:107)
	at org.springframework.security.web.authentication.logout.LogoutFilter.doFilter(LogoutFilter.java:93)
	at org.springframework.security.web.ObservationFilterChainDecorator$ObservationFilter.wrapFilter(ObservationFilterChainDecorator.java:240)
	at org.springframework.security.web.ObservationFilterChainDecorator$ObservationFilter.doFilter(ObservationFilterChainDecorator.java:227)
	at org.springframework.security.web.ObservationFilterChainDecorator$VirtualFilterChain.doFilter(ObservationFilterChainDecorator.java:137)
	at org.springframework.web.filter.CorsFilter.doFilterInternal(CorsFilter.java:91)
	at org.springframework.web.filter.OncePerRequestFilter.doFilter(OncePerRequestFilter.java:116)
	at org.springframework.security.web.ObservationFilterChainDecorator$ObservationFilter.wrapFilter(ObservationFilterChainDecorator.java:240)
	at org.springframework.security.web.ObservationFilterChainDecorator$ObservationFilter.doFilter(ObservationFilterChainDecorator.java:227)
	at org.springframework.security.web.ObservationFilterChainDecorator$VirtualFilterChain.doFilter(ObservationFilterChainDecorator.java:137)
	at org.springframework.security.web.header.HeaderWriterFilter.doHeadersAfter(HeaderWriterFilter.java:90)
	at org.springframework.security.web.header.HeaderWriterFilter.doFilterInternal(HeaderWriterFilter.java:75)
	at org.springframework.web.filter.OncePerRequestFilter.doFilter(OncePerRequestFilter.java:116)
	at org.springframework.security.web.ObservationFilterChainDecorator$ObservationFilter.wrapFilter(ObservationFilterChainDecorator.java:240)
	at org.springframework.security.web.ObservationFilterChainDecorator$ObservationFilter.doFilter(ObservationFilterChainDecorator.java:227)
	at org.springframework.security.web.ObservationFilterChainDecorator$VirtualFilterChain.doFilter(ObservationFilterChainDecorator.java:137)
	at org.springframework.security.web.context.SecurityContextHolderFilter.doFilter(SecurityContextHolderFilter.java:82)
	at org.springframework.security.web.context.SecurityContextHolderFilter.doFilter(SecurityContextHolderFilter.java:69)
	at org.springframework.security.web.ObservationFilterChainDecorator$ObservationFilter.wrapFilter(ObservationFilterChainDecorator.java:240)
	at org.springframework.security.web.ObservationFilterChainDecorator$ObservationFilter.doFilter(ObservationFilterChainDecorator.java:227)
	at org.springframework.security.web.ObservationFilterChainDecorator$VirtualFilterChain.doFilter(ObservationFilterChainDecorator.java:137)
	at org.springframework.security.web.context.request.async.WebAsyncManagerIntegrationFilter.doFilterInternal(WebAsyncManagerIntegrationFilter.java:62)
	at org.springframework.web.filter.OncePerRequestFilter.doFilter(OncePerRequestFilter.java:116)
	at org.springframework.security.web.ObservationFilterChainDecorator$ObservationFilter.wrapFilter(ObservationFilterChainDecorator.java:240)
	at org.springframework.security.web.ObservationFilterChainDecorator$ObservationFilter.doFilter(ObservationFilterChainDecorator.java:227)
	at org.springframework.security.web.ObservationFilterChainDecorator$VirtualFilterChain.doFilter(ObservationFilterChainDecorator.java:137)
	at org.springframework.security.web.session.DisableEncodeUrlFilter.doFilterInternal(DisableEncodeUrlFilter.java:42)
	at org.springframework.web.filter.OncePerRequestFilter.doFilter(OncePerRequestFilter.java:116)
	at org.springframework.security.web.ObservationFilterChainDecorator$ObservationFilter.wrapFilter(ObservationFilterChainDecorator.java:240)
	at org.springframework.security.web.ObservationFilterChainDecorator$AroundFilterObservation$SimpleAroundFilterObservation.lambda$wrap$0(ObservationFilterChainDecorator.java:323)
	at org.springframework.security.web.ObservationFilterChainDecorator$ObservationFilter.doFilter(ObservationFilterChainDecorator.java:224)
	at org.springframework.security.web.ObservationFilterChainDecorator$VirtualFilterChain.doFilter(ObservationFilterChainDecorator.java:137)
	at org.springframework.security.web.FilterChainProxy.doFilterInternal(FilterChainProxy.java:233)
	at org.springframework.security.web.FilterChainProxy.doFilter(FilterChainProxy.java:191)
	at org.springframework.web.filter.CompositeFilter$VirtualFilterChain.doFilter(CompositeFilter.java:113)
	at org.springframework.web.servlet.handler.HandlerMappingIntrospector.lambda$createCacheFilter$3(HandlerMappingIntrospector.java:195)
	at org.springframework.web.filter.CompositeFilter$VirtualFilterChain.doFilter(CompositeFilter.java:113)
	at org.springframework.web.filter.CompositeFilter.doFilter(CompositeFilter.java:74)
	at org.springframework.security.config.annotation.web.configuration.WebMvcSecurityConfiguration$CompositeFilterChainProxy.doFilter(WebMvcSecurityConfiguration.java:230)
	at org.springframework.web.filter.DelegatingFilterProxy.invokeDelegate(DelegatingFilterProxy.java:352)
	at org.springframework.web.filter.DelegatingFilterProxy.doFilter(DelegatingFilterProxy.java:268)
	at org.apache.catalina.core.ApplicationFilterChain.internalDoFilter(ApplicationFilterChain.java:175)
	at org.apache.catalina.core.ApplicationFilterChain.doFilter(ApplicationFilterChain.java:150)
	at org.springframework.web.filter.RequestContextFilter.doFilterInternal(RequestContextFilter.java:100)
	at org.springframework.web.filter.OncePerRequestFilter.doFilter(OncePerRequestFilter.java:116)
	at org.apache.catalina.core.ApplicationFilterChain.internalDoFilter(ApplicationFilterChain.java:175)
	at org.apache.catalina.core.ApplicationFilterChain.doFilter(ApplicationFilterChain.java:150)
	at org.springframework.web.filter.FormContentFilter.doFilterInternal(FormContentFilter.java:93)
	at org.springframework.web.filter.OncePerRequestFilter.doFilter(OncePerRequestFilter.java:116)
	at org.apache.catalina.core.ApplicationFilterChain.internalDoFilter(ApplicationFilterChain.java:175)
	at org.apache.catalina.core.ApplicationFilterChain.doFilter(ApplicationFilterChain.java:150)
	at org.springframework.web.filter.ServerHttpObservationFilter.doFilterInternal(ServerHttpObservationFilter.java:109)
	at org.springframework.web.filter.OncePerRequestFilter.doFilter(OncePerRequestFilter.java:116)
	at org.apache.catalina.core.ApplicationFilterChain.internalDoFilter(ApplicationFilterChain.java:175)
	at org.apache.catalina.core.ApplicationFilterChain.doFilter(ApplicationFilterChain.java:150)
	at org.springframework.web.filter.CharacterEncodingFilter.doFilterInternal(CharacterEncodingFilter.java:201)
	at org.springframework.web.filter.OncePerRequestFilter.doFilter(OncePerRequestFilter.java:116)
	at org.apache.catalina.core.ApplicationFilterChain.internalDoFilter(ApplicationFilterChain.java:175)
	at org.apache.catalina.core.ApplicationFilterChain.doFilter(ApplicationFilterChain.java:150)
	at org.apache.catalina.core.StandardWrapperValve.invoke(StandardWrapperValve.java:167)
	at org.apache.catalina.core.StandardContextValve.invoke(StandardContextValve.java:90)
	at org.apache.catalina.authenticator.AuthenticatorBase.invoke(AuthenticatorBase.java:482)
	at org.apache.catalina.core.StandardHostValve.invoke(StandardHostValve.java:115)
	at org.apache.catalina.valves.ErrorReportValve.invoke(ErrorReportValve.java:93)
	at org.apache.catalina.core.StandardEngineValve.invoke(StandardEngineValve.java:74)
	at org.apache.catalina.connector.CoyoteAdapter.service(CoyoteAdapter.java:344)
	at org.apache.coyote.http11.Http11Processor.service(Http11Processor.java:391)
	at org.apache.coyote.AbstractProcessorLight.process(AbstractProcessorLight.java:63)
	at org.apache.coyote.AbstractProtocol$ConnectionHandler.process(AbstractProtocol.java:896)
	at org.apache.tomcat.util.net.NioEndpoint$SocketProcessor.doRun(NioEndpoint.java:1736)
	at org.apache.tomcat.util.net.SocketProcessorBase.run(SocketProcessorBase.java:52)
	at org.apache.tomcat.util.threads.ThreadPoolExecutor.runWorker(ThreadPoolExecutor.java:1191)
	at org.apache.tomcat.util.threads.ThreadPoolExecutor$Worker.run(ThreadPoolExecutor.java:659)
	at org.apache.tomcat.util.threads.TaskThread$WrappingRunnable.run(TaskThread.java:63)
	at java.base/java.lang.Thread.run(Thread.java:1583)
2026-05-02 17:00:10.243 [http-nio-9092-exec-1] ERROR o.a.c.c.C.[Tomcat].[localhost] - Exception Processing [ErrorPage[errorCode=0, location=/error]]
java.lang.NoClassDefFoundError: org/apache/catalina/core/ApplicationContext$DispatchData
	at org.apache.catalina.core.ApplicationContext.getRequestDispatcher(ApplicationContext.java:421)
	at org.apache.catalina.core.ApplicationContextFacade.getRequestDispatcher(ApplicationContextFacade.java:215)
	at org.apache.catalina.core.StandardHostValve.custom(StandardHostValve.java:332)
	at org.apache.catalina.core.StandardHostValve.status(StandardHostValve.java:222)
	at org.apache.catalina.core.StandardHostValve.throwable(StandardHostValve.java:308)
	at org.apache.catalina.core.StandardHostValve.invoke(StandardHostValve.java:149)
	at org.apache.catalina.valves.ErrorReportValve.invoke(ErrorReportValve.java:93)
	at org.apache.catalina.core.StandardEngineValve.invoke(StandardEngineValve.java:74)
	at org.apache.catalina.connector.CoyoteAdapter.service(CoyoteAdapter.java:344)
	at org.apache.coyote.http11.Http11Processor.service(Http11Processor.java:391)
	at org.apache.coyote.AbstractProcessorLight.process(AbstractProcessorLight.java:63)
	at org.apache.coyote.AbstractProtocol$ConnectionHandler.process(AbstractProtocol.java:896)
	at org.apache.tomcat.util.net.NioEndpoint$SocketProcessor.doRun(NioEndpoint.java:1736)
	at org.apache.tomcat.util.net.SocketProcessorBase.run(SocketProcessorBase.java:52)
	at org.apache.tomcat.util.threads.ThreadPoolExecutor.runWorker(ThreadPoolExecutor.java:1191)
	at org.apache.tomcat.util.threads.ThreadPoolExecutor$Worker.run(ThreadPoolExecutor.java:659)
	at org.apache.tomcat.util.threads.TaskThread$WrappingRunnable.run(TaskThread.java:63)
	at java.base/java.lang.Thread.run(Thread.java:1583)
Caused by: java.lang.ClassNotFoundException: org.apache.catalina.core.ApplicationContext$DispatchData
	... 18 common frames omitted
2026-05-02 17:00:10.243 [http-nio-9092-exec-3] ERROR o.a.c.c.C.[Tomcat].[localhost] - Exception Processing [ErrorPage[errorCode=0, location=/error]]
java.lang.NoClassDefFoundError: org/apache/catalina/core/ApplicationContext$DispatchData
	at org.apache.catalina.core.ApplicationContext.getRequestDispatcher(ApplicationContext.java:421)
	at org.apache.catalina.core.ApplicationContextFacade.getRequestDispatcher(ApplicationContextFacade.java:215)
	at org.apache.catalina.core.StandardHostValve.custom(StandardHostValve.java:332)
	at org.apache.catalina.core.StandardHostValve.status(StandardHostValve.java:222)
	at org.apache.catalina.core.StandardHostValve.invoke(StandardHostValve.java:151)
	at org.apache.catalina.valves.ErrorReportValve.invoke(ErrorReportValve.java:93)
	at org.apache.catalina.core.StandardEngineValve.invoke(StandardEngineValve.java:74)
	at org.apache.catalina.connector.CoyoteAdapter.service(CoyoteAdapter.java:344)
	at org.apache.coyote.http11.Http11Processor.service(Http11Processor.java:391)
	at org.apache.coyote.AbstractProcessorLight.process(AbstractProcessorLight.java:63)
	at org.apache.coyote.AbstractProtocol$ConnectionHandler.process(AbstractProtocol.java:896)
	at org.apache.tomcat.util.net.NioEndpoint$SocketProcessor.doRun(NioEndpoint.java:1736)
	at org.apache.tomcat.util.net.SocketProcessorBase.run(SocketProcessorBase.java:52)
	at org.apache.tomcat.util.threads.ThreadPoolExecutor.runWorker(ThreadPoolExecutor.java:1191)
	at org.apache.tomcat.util.threads.ThreadPoolExecutor$Worker.run(ThreadPoolExecutor.java:659)
	at org.apache.tomcat.util.threads.TaskThread$WrappingRunnable.run(TaskThread.java:63)
	at java.base/java.lang.Thread.run(Thread.java:1583)
Caused by: java.lang.ClassNotFoundException: org.apache.catalina.core.ApplicationContext$DispatchData
	... 17 common frames omitted
2026-05-02 17:00:16.238 [http-nio-9092-exec-6] WARN  o.s.s.c.SpringSecurityMessageSource - ResourceBundle [org.springframework.security.messages] not found for MessageSource: Can't find bundle for base name org.springframework.security.messages, locale en_US
2026-05-02 17:00:16.242 [http-nio-9092-exec-4] WARN  o.s.s.c.SpringSecurityMessageSource - ResourceBundle [org.springframework.security.messages] not found for MessageSource: Can't find bundle for base name org.springframework.security.messages, locale en_US
2026-05-02 17:00:16.251 [http-nio-9092-exec-4] ERROR o.a.c.c.C.[Tomcat].[localhost] - Exception Processing [ErrorPage[errorCode=0, location=/error]]
java.lang.NoClassDefFoundError: org/apache/catalina/core/ApplicationContext$DispatchData
	at org.apache.catalina.core.ApplicationContext.getRequestDispatcher(ApplicationContext.java:421)
	at org.apache.catalina.core.ApplicationContextFacade.getRequestDispatcher(ApplicationContextFacade.java:215)
	at org.apache.catalina.core.StandardHostValve.custom(StandardHostValve.java:332)
	at org.apache.catalina.core.StandardHostValve.status(StandardHostValve.java:222)
	at org.apache.catalina.core.StandardHostValve.invoke(StandardHostValve.java:151)
	at org.apache.catalina.valves.ErrorReportValve.invoke(ErrorReportValve.java:93)
	at org.apache.catalina.core.StandardEngineValve.invoke(StandardEngineValve.java:74)
	at org.apache.catalina.connector.CoyoteAdapter.service(CoyoteAdapter.java:344)
	at org.apache.coyote.http11.Http11Processor.service(Http11Processor.java:391)
	at org.apache.coyote.AbstractProcessorLight.process(AbstractProcessorLight.java:63)
	at org.apache.coyote.AbstractProtocol$ConnectionHandler.process(AbstractProtocol.java:896)
	at org.apache.tomcat.util.net.NioEndpoint$SocketProcessor.doRun(NioEndpoint.java:1736)
	at org.apache.tomcat.util.net.SocketProcessorBase.run(SocketProcessorBase.java:52)
	at org.apache.tomcat.util.threads.ThreadPoolExecutor.runWorker(ThreadPoolExecutor.java:1191)
	at org.apache.tomcat.util.threads.ThreadPoolExecutor$Worker.run(ThreadPoolExecutor.java:659)
	at org.apache.tomcat.util.threads.TaskThread$WrappingRunnable.run(TaskThread.java:63)
	at java.base/java.lang.Thread.run(Thread.java:1583)
Caused by: java.lang.ClassNotFoundException: org.apache.catalina.core.ApplicationContext$DispatchData
	... 17 common frames omitted
2026-05-02 17:00:16.251 [http-nio-9092-exec-6] ERROR o.a.c.c.C.[.[.[.[dispatcherServlet] - Servlet.service() for servlet [dispatcherServlet] in context with path [] threw exception [Handler processing failed: java.lang.NoClassDefFoundError: org/springframework/core/ExceptionDepthComparator] with root cause
java.lang.ClassNotFoundException: org.springframework.core.ExceptionDepthComparator
	at org.springframework.web.method.annotation.ExceptionHandlerMethodResolver.getMappedMethod(ExceptionHandlerMethodResolver.java:187)
	at org.springframework.web.method.annotation.ExceptionHandlerMethodResolver.resolveMethodByExceptionType(ExceptionHandlerMethodResolver.java:167)
	at org.springframework.web.method.annotation.ExceptionHandlerMethodResolver.resolveMethodByThrowable(ExceptionHandlerMethodResolver.java:146)
	at org.springframework.web.method.annotation.ExceptionHandlerMethodResolver.resolveMethod(ExceptionHandlerMethodResolver.java:134)
	at org.springframework.web.servlet.mvc.method.annotation.ExceptionHandlerExceptionResolver.getExceptionHandlerMethod(ExceptionHandlerExceptionResolver.java:503)
	at org.springframework.web.servlet.mvc.method.annotation.ExceptionHandlerExceptionResolver.doResolveHandlerMethodException(ExceptionHandlerExceptionResolver.java:402)
	at org.springframework.web.servlet.handler.AbstractHandlerMethodExceptionResolver.doResolveException(AbstractHandlerMethodExceptionResolver.java:74)
	at org.springframework.web.servlet.handler.AbstractHandlerExceptionResolver.resolveException(AbstractHandlerExceptionResolver.java:175)
	at org.springframework.web.servlet.handler.HandlerExceptionResolverComposite.resolveException(HandlerExceptionResolverComposite.java:80)
	at org.springframework.web.servlet.DispatcherServlet.processHandlerException(DispatcherServlet.java:1357)
	at org.springframework.web.servlet.DispatcherServlet.processDispatchResult(DispatcherServlet.java:1160)
	at org.springframework.web.servlet.DispatcherServlet.doDispatch(DispatcherServlet.java:1106)
	at org.springframework.web.servlet.DispatcherServlet.doService(DispatcherServlet.java:979)
	at org.springframework.web.servlet.FrameworkServlet.processRequest(FrameworkServlet.java:1014)
	at org.springframework.web.servlet.FrameworkServlet.doGet(FrameworkServlet.java:903)
	at jakarta.servlet.http.HttpServlet.service(HttpServlet.java:564)
	at org.springframework.web.servlet.FrameworkServlet.service(FrameworkServlet.java:885)
	at jakarta.servlet.http.HttpServlet.service(HttpServlet.java:658)
	at org.apache.catalina.core.ApplicationFilterChain.internalDoFilter(ApplicationFilterChain.java:206)
	at org.apache.catalina.core.ApplicationFilterChain.doFilter(ApplicationFilterChain.java:150)
	at org.apache.tomcat.websocket.server.WsFilter.doFilter(WsFilter.java:51)
	at org.apache.catalina.core.ApplicationFilterChain.internalDoFilter(ApplicationFilterChain.java:175)
	at org.apache.catalina.core.ApplicationFilterChain.doFilter(ApplicationFilterChain.java:150)
	at org.springframework.web.filter.OncePerRequestFilter.doFilter(OncePerRequestFilter.java:110)
	at org.apache.catalina.core.ApplicationFilterChain.internalDoFilter(ApplicationFilterChain.java:175)
	at org.apache.catalina.core.ApplicationFilterChain.doFilter(ApplicationFilterChain.java:150)
	at org.springframework.web.filter.CompositeFilter$VirtualFilterChain.doFilter(CompositeFilter.java:108)
	at org.springframework.security.web.FilterChainProxy.lambda$doFilterInternal$3(FilterChainProxy.java:231)
	at org.springframework.security.web.ObservationFilterChainDecorator$FilterObservation$SimpleFilterObservation.lambda$wrap$1(ObservationFilterChainDecorator.java:479)
	at org.springframework.security.web.ObservationFilterChainDecorator$AroundFilterObservation$SimpleAroundFilterObservation.lambda$wrap$1(ObservationFilterChainDecorator.java:340)
	at org.springframework.security.web.ObservationFilterChainDecorator.lambda$wrapSecured$0(ObservationFilterChainDecorator.java:82)
	at org.springframework.security.web.ObservationFilterChainDecorator$VirtualFilterChain.doFilter(ObservationFilterChainDecorator.java:128)
	at org.springframework.security.web.access.intercept.AuthorizationFilter.doFilter(AuthorizationFilter.java:100)
	at org.springframework.security.web.ObservationFilterChainDecorator$ObservationFilter.wrapFilter(ObservationFilterChainDecorator.java:240)
	at org.springframework.security.web.ObservationFilterChainDecorator$ObservationFilter.doFilter(ObservationFilterChainDecorator.java:227)
	at org.springframework.security.web.ObservationFilterChainDecorator$VirtualFilterChain.doFilter(ObservationFilterChainDecorator.java:137)
	at org.springframework.security.web.access.ExceptionTranslationFilter.doFilter(ExceptionTranslationFilter.java:126)
	at org.springframework.security.web.access.ExceptionTranslationFilter.doFilter(ExceptionTranslationFilter.java:120)
	at org.springframework.security.web.ObservationFilterChainDecorator$ObservationFilter.wrapFilter(ObservationFilterChainDecorator.java:240)
	at org.springframework.security.web.ObservationFilterChainDecorator$ObservationFilter.doFilter(ObservationFilterChainDecorator.java:227)
	at org.springframework.security.web.ObservationFilterChainDecorator$VirtualFilterChain.doFilter(ObservationFilterChainDecorator.java:137)
	at org.springframework.security.web.session.SessionManagementFilter.doFilter(SessionManagementFilter.java:131)
	at org.springframework.security.web.session.SessionManagementFilter.doFilter(SessionManagementFilter.java:85)
	at org.springframework.security.web.ObservationFilterChainDecorator$ObservationFilter.wrapFilter(ObservationFilterChainDecorator.java:240)
	at org.springframework.security.web.ObservationFilterChainDecorator$ObservationFilter.doFilter(ObservationFilterChainDecorator.java:227)
	at org.springframework.security.web.ObservationFilterChainDecorator$VirtualFilterChain.doFilter(ObservationFilterChainDecorator.java:137)
	at org.springframework.security.web.authentication.AnonymousAuthenticationFilter.doFilter(AnonymousAuthenticationFilter.java:100)
	at org.springframework.security.web.ObservationFilterChainDecorator$ObservationFilter.wrapFilter(ObservationFilterChainDecorator.java:240)
	at org.springframework.security.web.ObservationFilterChainDecorator$ObservationFilter.doFilter(ObservationFilterChainDecorator.java:227)
	at org.springframework.security.web.ObservationFilterChainDecorator$VirtualFilterChain.doFilter(ObservationFilterChainDecorator.java:137)
	at org.springframework.security.web.servletapi.SecurityContextHolderAwareRequestFilter.doFilter(SecurityContextHolderAwareRequestFilter.java:179)
	at org.springframework.security.web.ObservationFilterChainDecorator$ObservationFilter.wrapFilter(ObservationFilterChainDecorator.java:240)
	at org.springframework.security.web.ObservationFilterChainDecorator$ObservationFilter.doFilter(ObservationFilterChainDecorator.java:227)
	at org.springframework.security.web.ObservationFilterChainDecorator$VirtualFilterChain.doFilter(ObservationFilterChainDecorator.java:137)
	at org.springframework.security.web.savedrequest.RequestCacheAwareFilter.doFilter(RequestCacheAwareFilter.java:63)
	at org.springframework.security.web.ObservationFilterChainDecorator$ObservationFilter.wrapFilter(ObservationFilterChainDecorator.java:240)
	at org.springframework.security.web.ObservationFilterChainDecorator$ObservationFilter.doFilter(ObservationFilterChainDecorator.java:227)
	at org.springframework.security.web.ObservationFilterChainDecorator$VirtualFilterChain.doFilter(ObservationFilterChainDecorator.java:137)
	at com.capg.pharma.catalogservice.security.JwtAuthFilter.doFilterInternal(JwtAuthFilter.java:66)
	at org.springframework.web.filter.OncePerRequestFilter.doFilter(OncePerRequestFilter.java:116)
	at org.springframework.security.web.ObservationFilterChainDecorator$ObservationFilter.wrapFilter(ObservationFilterChainDecorator.java:240)
	at org.springframework.security.web.ObservationFilterChainDecorator$ObservationFilter.doFilter(ObservationFilterChainDecorator.java:227)
	at org.springframework.security.web.ObservationFilterChainDecorator$VirtualFilterChain.doFilter(ObservationFilterChainDecorator.java:137)
	at org.springframework.security.web.authentication.logout.LogoutFilter.doFilter(LogoutFilter.java:107)
	at org.springframework.security.web.authentication.logout.LogoutFilter.doFilter(LogoutFilter.java:93)
	at org.springframework.security.web.ObservationFilterChainDecorator$ObservationFilter.wrapFilter(ObservationFilterChainDecorator.java:240)
	at org.springframework.security.web.ObservationFilterChainDecorator$ObservationFilter.doFilter(ObservationFilterChainDecorator.java:227)
	at org.springframework.security.web.ObservationFilterChainDecorator$VirtualFilterChain.doFilter(ObservationFilterChainDecorator.java:137)
	at org.springframework.web.filter.CorsFilter.doFilterInternal(CorsFilter.java:91)
	at org.springframework.web.filter.OncePerRequestFilter.doFilter(OncePerRequestFilter.java:116)
	at org.springframework.security.web.ObservationFilterChainDecorator$ObservationFilter.wrapFilter(ObservationFilterChainDecorator.java:240)
	at org.springframework.security.web.ObservationFilterChainDecorator$ObservationFilter.doFilter(ObservationFilterChainDecorator.java:227)
	at org.springframework.security.web.ObservationFilterChainDecorator$VirtualFilterChain.doFilter(ObservationFilterChainDecorator.java:137)
	at org.springframework.security.web.header.HeaderWriterFilter.doHeadersAfter(HeaderWriterFilter.java:90)
	at org.springframework.security.web.header.HeaderWriterFilter.doFilterInternal(HeaderWriterFilter.java:75)
	at org.springframework.web.filter.OncePerRequestFilter.doFilter(OncePerRequestFilter.java:116)
	at org.springframework.security.web.ObservationFilterChainDecorator$ObservationFilter.wrapFilter(ObservationFilterChainDecorator.java:240)
	at org.springframework.security.web.ObservationFilterChainDecorator$ObservationFilter.doFilter(ObservationFilterChainDecorator.java:227)
	at org.springframework.security.web.ObservationFilterChainDecorator$VirtualFilterChain.doFilter(ObservationFilterChainDecorator.java:137)
	at org.springframework.security.web.context.SecurityContextHolderFilter.doFilter(SecurityContextHolderFilter.java:82)
	at org.springframework.security.web.context.SecurityContextHolderFilter.doFilter(SecurityContextHolderFilter.java:69)
	at org.springframework.security.web.ObservationFilterChainDecorator$ObservationFilter.wrapFilter(ObservationFilterChainDecorator.java:240)
	at org.springframework.security.web.ObservationFilterChainDecorator$ObservationFilter.doFilter(ObservationFilterChainDecorator.java:227)
	at org.springframework.security.web.ObservationFilterChainDecorator$VirtualFilterChain.doFilter(ObservationFilterChainDecorator.java:137)
	at org.springframework.security.web.context.request.async.WebAsyncManagerIntegrationFilter.doFilterInternal(WebAsyncManagerIntegrationFilter.java:62)
	at org.springframework.web.filter.OncePerRequestFilter.doFilter(OncePerRequestFilter.java:116)
	at org.springframework.security.web.ObservationFilterChainDecorator$ObservationFilter.wrapFilter(ObservationFilterChainDecorator.java:240)
	at org.springframework.security.web.ObservationFilterChainDecorator$ObservationFilter.doFilter(ObservationFilterChainDecorator.java:227)
	at org.springframework.security.web.ObservationFilterChainDecorator$VirtualFilterChain.doFilter(ObservationFilterChainDecorator.java:137)
	at org.springframework.security.web.session.DisableEncodeUrlFilter.doFilterInternal(DisableEncodeUrlFilter.java:42)
	at org.springframework.web.filter.OncePerRequestFilter.doFilter(OncePerRequestFilter.java:116)
	at org.springframework.security.web.ObservationFilterChainDecorator$ObservationFilter.wrapFilter(ObservationFilterChainDecorator.java:240)
	at org.springframework.security.web.ObservationFilterChainDecorator$AroundFilterObservation$SimpleAroundFilterObservation.lambda$wrap$0(ObservationFilterChainDecorator.java:323)
	at org.springframework.security.web.ObservationFilterChainDecorator$ObservationFilter.doFilter(ObservationFilterChainDecorator.java:224)
	at org.springframework.security.web.ObservationFilterChainDecorator$VirtualFilterChain.doFilter(ObservationFilterChainDecorator.java:137)
	at org.springframework.security.web.FilterChainProxy.doFilterInternal(FilterChainProxy.java:233)
	at org.springframework.security.web.FilterChainProxy.doFilter(FilterChainProxy.java:191)
	at org.springframework.web.filter.CompositeFilter$VirtualFilterChain.doFilter(CompositeFilter.java:113)
	at org.springframework.web.servlet.handler.HandlerMappingIntrospector.lambda$createCacheFilter$3(HandlerMappingIntrospector.java:195)
	at org.springframework.web.filter.CompositeFilter$VirtualFilterChain.doFilter(CompositeFilter.java:113)
	at org.springframework.web.filter.CompositeFilter.doFilter(CompositeFilter.java:74)
	at org.springframework.security.config.annotation.web.configuration.WebMvcSecurityConfiguration$CompositeFilterChainProxy.doFilter(WebMvcSecurityConfiguration.java:230)
	at org.springframework.web.filter.DelegatingFilterProxy.invokeDelegate(DelegatingFilterProxy.java:352)
	at org.springframework.web.filter.DelegatingFilterProxy.doFilter(DelegatingFilterProxy.java:268)
	at org.apache.catalina.core.ApplicationFilterChain.internalDoFilter(ApplicationFilterChain.java:175)
	at org.apache.catalina.core.ApplicationFilterChain.doFilter(ApplicationFilterChain.java:150)
	at org.springframework.web.filter.RequestContextFilter.doFilterInternal(RequestContextFilter.java:100)
	at org.springframework.web.filter.OncePerRequestFilter.doFilter(OncePerRequestFilter.java:116)
	at org.apache.catalina.core.ApplicationFilterChain.internalDoFilter(ApplicationFilterChain.java:175)
	at org.apache.catalina.core.ApplicationFilterChain.doFilter(ApplicationFilterChain.java:150)
	at org.springframework.web.filter.FormContentFilter.doFilterInternal(FormContentFilter.java:93)
	at org.springframework.web.filter.OncePerRequestFilter.doFilter(OncePerRequestFilter.java:116)
	at org.apache.catalina.core.ApplicationFilterChain.internalDoFilter(ApplicationFilterChain.java:175)
	at org.apache.catalina.core.ApplicationFilterChain.doFilter(ApplicationFilterChain.java:150)
	at org.springframework.web.filter.ServerHttpObservationFilter.doFilterInternal(ServerHttpObservationFilter.java:109)
	at org.springframework.web.filter.OncePerRequestFilter.doFilter(OncePerRequestFilter.java:116)
	at org.apache.catalina.core.ApplicationFilterChain.internalDoFilter(ApplicationFilterChain.java:175)
	at org.apache.catalina.core.ApplicationFilterChain.doFilter(ApplicationFilterChain.java:150)
	at org.springframework.web.filter.CharacterEncodingFilter.doFilterInternal(CharacterEncodingFilter.java:201)
	at org.springframework.web.filter.OncePerRequestFilter.doFilter(OncePerRequestFilter.java:116)
	at org.apache.catalina.core.ApplicationFilterChain.internalDoFilter(ApplicationFilterChain.java:175)
	at org.apache.catalina.core.ApplicationFilterChain.doFilter(ApplicationFilterChain.java:150)
	at org.apache.catalina.core.StandardWrapperValve.invoke(StandardWrapperValve.java:167)
	at org.apache.catalina.core.StandardContextValve.invoke(StandardContextValve.java:90)
	at org.apache.catalina.authenticator.AuthenticatorBase.invoke(AuthenticatorBase.java:482)
	at org.apache.catalina.core.StandardHostValve.invoke(StandardHostValve.java:115)
	at org.apache.catalina.valves.ErrorReportValve.invoke(ErrorReportValve.java:93)
	at org.apache.catalina.core.StandardEngineValve.invoke(StandardEngineValve.java:74)
	at org.apache.catalina.connector.CoyoteAdapter.service(CoyoteAdapter.java:344)
	at org.apache.coyote.http11.Http11Processor.service(Http11Processor.java:391)
	at org.apache.coyote.AbstractProcessorLight.process(AbstractProcessorLight.java:63)
	at org.apache.coyote.AbstractProtocol$ConnectionHandler.process(AbstractProtocol.java:896)
	at org.apache.tomcat.util.net.NioEndpoint$SocketProcessor.doRun(NioEndpoint.java:1736)
	at org.apache.tomcat.util.net.SocketProcessorBase.run(SocketProcessorBase.java:52)
	at org.apache.tomcat.util.threads.ThreadPoolExecutor.runWorker(ThreadPoolExecutor.java:1191)
	at org.apache.tomcat.util.threads.ThreadPoolExecutor$Worker.run(ThreadPoolExecutor.java:659)
	at org.apache.tomcat.util.threads.TaskThread$WrappingRunnable.run(TaskThread.java:63)
	at java.base/java.lang.Thread.run(Thread.java:1583)
2026-05-02 17:00:16.263 [http-nio-9092-exec-6] ERROR o.a.c.c.C.[Tomcat].[localhost] - Exception Processing [ErrorPage[errorCode=0, location=/error]]
java.lang.NoClassDefFoundError: org/apache/catalina/core/ApplicationContext$DispatchData
	at org.apache.catalina.core.ApplicationContext.getRequestDispatcher(ApplicationContext.java:421)
	at org.apache.catalina.core.ApplicationContextFacade.getRequestDispatcher(ApplicationContextFacade.java:215)
	at org.apache.catalina.core.StandardHostValve.custom(StandardHostValve.java:332)
	at org.apache.catalina.core.StandardHostValve.status(StandardHostValve.java:222)
	at org.apache.catalina.core.StandardHostValve.throwable(StandardHostValve.java:308)
	at org.apache.catalina.core.StandardHostValve.invoke(StandardHostValve.java:149)
	at org.apache.catalina.valves.ErrorReportValve.invoke(ErrorReportValve.java:93)
	at org.apache.catalina.core.StandardEngineValve.invoke(StandardEngineValve.java:74)
	at org.apache.catalina.connector.CoyoteAdapter.service(CoyoteAdapter.java:344)
	at org.apache.coyote.http11.Http11Processor.service(Http11Processor.java:391)
	at org.apache.coyote.AbstractProcessorLight.process(AbstractProcessorLight.java:63)
	at org.apache.coyote.AbstractProtocol$ConnectionHandler.process(AbstractProtocol.java:896)
	at org.apache.tomcat.util.net.NioEndpoint$SocketProcessor.doRun(NioEndpoint.java:1736)
	at org.apache.tomcat.util.net.SocketProcessorBase.run(SocketProcessorBase.java:52)
	at org.apache.tomcat.util.threads.ThreadPoolExecutor.runWorker(ThreadPoolExecutor.java:1191)
	at org.apache.tomcat.util.threads.ThreadPoolExecutor$Worker.run(ThreadPoolExecutor.java:659)
	at org.apache.tomcat.util.threads.TaskThread$WrappingRunnable.run(TaskThread.java:63)
	at java.base/java.lang.Thread.run(Thread.java:1583)
Caused by: java.lang.ClassNotFoundException: org.apache.catalina.core.ApplicationContext$DispatchData
	... 18 common frames omitted
2026-05-02 17:03:21.407 [http-nio-9092-exec-5] WARN  o.s.s.c.SpringSecurityMessageSource - ResourceBundle [org.springframework.security.messages] not found for MessageSource: Can't find bundle for base name org.springframework.security.messages, locale en_US
2026-05-02 17:03:21.413 [http-nio-9092-exec-5] ERROR o.a.c.c.C.[Tomcat].[localhost] - Exception Processing [ErrorPage[errorCode=0, location=/error]]
java.lang.NoClassDefFoundError: org/apache/catalina/core/ApplicationContext$DispatchData
	at org.apache.catalina.core.ApplicationContext.getRequestDispatcher(ApplicationContext.java:421)
	at org.apache.catalina.core.ApplicationContextFacade.getRequestDispatcher(ApplicationContextFacade.java:215)
	at org.apache.catalina.core.StandardHostValve.custom(StandardHostValve.java:332)
	at org.apache.catalina.core.StandardHostValve.status(StandardHostValve.java:222)
	at org.apache.catalina.core.StandardHostValve.invoke(StandardHostValve.java:151)
	at org.apache.catalina.valves.ErrorReportValve.invoke(ErrorReportValve.java:93)
	at org.apache.catalina.core.StandardEngineValve.invoke(StandardEngineValve.java:74)
	at org.apache.catalina.connector.CoyoteAdapter.service(CoyoteAdapter.java:344)
	at org.apache.coyote.http11.Http11Processor.service(Http11Processor.java:391)
	at org.apache.coyote.AbstractProcessorLight.process(AbstractProcessorLight.java:63)
	at org.apache.coyote.AbstractProtocol$ConnectionHandler.process(AbstractProtocol.java:896)
	at org.apache.tomcat.util.net.NioEndpoint$SocketProcessor.doRun(NioEndpoint.java:1736)
	at org.apache.tomcat.util.net.SocketProcessorBase.run(SocketProcessorBase.java:52)
	at org.apache.tomcat.util.threads.ThreadPoolExecutor.runWorker(ThreadPoolExecutor.java:1191)
	at org.apache.tomcat.util.threads.ThreadPoolExecutor$Worker.run(ThreadPoolExecutor.java:659)
	at org.apache.tomcat.util.threads.TaskThread$WrappingRunnable.run(TaskThread.java:63)
	at java.base/java.lang.Thread.run(Thread.java:1583)
Caused by: java.lang.ClassNotFoundException: org.apache.catalina.core.ApplicationContext$DispatchData
	... 17 common frames omitted
2026-05-02 17:03:32.150 [http-nio-9092-exec-9] WARN  o.s.s.c.SpringSecurityMessageSource - ResourceBundle [org.springframework.security.messages] not found for MessageSource: Can't find bundle for base name org.springframework.security.messages, locale en_US
2026-05-02 17:03:32.154 [http-nio-9092-exec-9] ERROR o.a.c.c.C.[Tomcat].[localhost] - Exception Processing [ErrorPage[errorCode=0, location=/error]]
java.lang.NoClassDefFoundError: org/apache/catalina/core/ApplicationContext$DispatchData
	at org.apache.catalina.core.ApplicationContext.getRequestDispatcher(ApplicationContext.java:421)
	at org.apache.catalina.core.ApplicationContextFacade.getRequestDispatcher(ApplicationContextFacade.java:215)
	at org.apache.catalina.core.StandardHostValve.custom(StandardHostValve.java:332)
	at org.apache.catalina.core.StandardHostValve.status(StandardHostValve.java:222)
	at org.apache.catalina.core.StandardHostValve.invoke(StandardHostValve.java:151)
	at org.apache.catalina.valves.ErrorReportValve.invoke(ErrorReportValve.java:93)
	at org.apache.catalina.core.StandardEngineValve.invoke(StandardEngineValve.java:74)
	at org.apache.catalina.connector.CoyoteAdapter.service(CoyoteAdapter.java:344)
	at org.apache.coyote.http11.Http11Processor.service(Http11Processor.java:391)
	at org.apache.coyote.AbstractProcessorLight.process(AbstractProcessorLight.java:63)
	at org.apache.coyote.AbstractProtocol$ConnectionHandler.process(AbstractProtocol.java:896)
	at org.apache.tomcat.util.net.NioEndpoint$SocketProcessor.doRun(NioEndpoint.java:1736)
	at org.apache.tomcat.util.net.SocketProcessorBase.run(SocketProcessorBase.java:52)
	at org.apache.tomcat.util.threads.ThreadPoolExecutor.runWorker(ThreadPoolExecutor.java:1191)
	at org.apache.tomcat.util.threads.ThreadPoolExecutor$Worker.run(ThreadPoolExecutor.java:659)
	at org.apache.tomcat.util.threads.TaskThread$WrappingRunnable.run(TaskThread.java:63)
	at java.base/java.lang.Thread.run(Thread.java:1583)
Caused by: java.lang.ClassNotFoundException: org.apache.catalina.core.ApplicationContext$DispatchData
	... 17 common frames omitted
2026-05-02 17:03:40.943 [http-nio-9092-exec-3] WARN  o.s.s.c.SpringSecurityMessageSource - ResourceBundle [org.springframework.security.messages] not found for MessageSource: Can't find bundle for base name org.springframework.security.messages, locale en_US
2026-05-02 17:03:40.944 [http-nio-9092-exec-3] ERROR o.a.c.c.C.[Tomcat].[localhost] - Exception Processing [ErrorPage[errorCode=0, location=/error]]
java.lang.NoClassDefFoundError: org/apache/catalina/core/ApplicationContext$DispatchData
	at org.apache.catalina.core.ApplicationContext.getRequestDispatcher(ApplicationContext.java:421)
	at org.apache.catalina.core.ApplicationContextFacade.getRequestDispatcher(ApplicationContextFacade.java:215)
	at org.apache.catalina.core.StandardHostValve.custom(StandardHostValve.java:332)
	at org.apache.catalina.core.StandardHostValve.status(StandardHostValve.java:222)
	at org.apache.catalina.core.StandardHostValve.invoke(StandardHostValve.java:151)
	at org.apache.catalina.valves.ErrorReportValve.invoke(ErrorReportValve.java:93)
	at org.apache.catalina.core.StandardEngineValve.invoke(StandardEngineValve.java:74)
	at org.apache.catalina.connector.CoyoteAdapter.service(CoyoteAdapter.java:344)
	at org.apache.coyote.http11.Http11Processor.service(Http11Processor.java:391)
	at org.apache.coyote.AbstractProcessorLight.process(AbstractProcessorLight.java:63)
	at org.apache.coyote.AbstractProtocol$ConnectionHandler.process(AbstractProtocol.java:896)
	at org.apache.tomcat.util.net.NioEndpoint$SocketProcessor.doRun(NioEndpoint.java:1736)
	at org.apache.tomcat.util.net.SocketProcessorBase.run(SocketProcessorBase.java:52)
	at org.apache.tomcat.util.threads.ThreadPoolExecutor.runWorker(ThreadPoolExecutor.java:1191)
	at org.apache.tomcat.util.threads.ThreadPoolExecutor$Worker.run(ThreadPoolExecutor.java:659)
	at org.apache.tomcat.util.threads.TaskThread$WrappingRunnable.run(TaskThread.java:63)
	at java.base/java.lang.Thread.run(Thread.java:1583)
Caused by: java.lang.ClassNotFoundException: org.apache.catalina.core.ApplicationContext$DispatchData
	... 17 common frames omitted
2026-05-02 22:51:55.617 [main] INFO  c.c.p.c.CatalogServiceApplication - Starting CatalogServiceApplication using Java 21.0.7 with PID 4460 (D:\yosker\PharmacyOnline\janviProject\pharmacy-microservices\catalog-service\target\catalog-service-1.0.0.jar started by V in D:\yosker\PharmacyOnline\janviProject\pharmacy-microservices)
2026-05-02 22:51:55.654 [main] INFO  c.c.p.c.CatalogServiceApplication - No active profile set, falling back to 1 default profile: "default"
2026-05-02 22:51:56.162 [main] WARN  o.s.c.c.c.ConfigServerConfigDataLoader - Could not locate PropertySource ([ConfigServerConfigDataResource@622ef26a uris = array<String>['http://localhost:8085'], optional = true, profiles = 'default']): I/O error on GET request for "http://localhost:8085/catalog-service/default": Connection refused: getsockopt
2026-05-02 22:51:56.191 [main] WARN  o.s.c.c.c.ConfigServerConfigDataLoader - Could not locate PropertySource ([ConfigServerConfigDataResource@271f18d3 uris = array<String>['http://localhost:8085'], optional = true, profiles = 'default']): I/O error on GET request for "http://localhost:8085/catalog-service/default": Connection refused: getsockopt
2026-05-02 22:51:56.192 [main] WARN  o.s.c.c.c.ConfigServerConfigDataLoader - Could not locate PropertySource ([ConfigServerConfigDataResource@6bd51ed8 uris = array<String>['http://localhost:8085'], optional = true, profiles = 'default']): I/O error on GET request for "http://localhost:8085/catalog-service/default": Connection refused: getsockopt
2026-05-02 22:52:11.178 [main] WARN  o.s.c.s.PostProcessorRegistrationDelegate$BeanPostProcessorChecker - Bean 'org.springframework.cloud.client.loadbalancer.LoadBalancerAutoConfiguration$DeferringLoadBalancerInterceptorConfig' of type [org.springframework.cloud.client.loadbalancer.LoadBalancerAutoConfiguration$DeferringLoadBalancerInterceptorConfig] is not eligible for getting processed by all BeanPostProcessors (for example: not eligible for auto-proxying). The currently created BeanPostProcessor [lbRestClientPostProcessor] is declared through a non-static factory method on that class; consider declaring it as static instead.
2026-05-02 22:52:11.413 [main] WARN  o.s.c.s.PostProcessorRegistrationDelegate$BeanPostProcessorChecker - Bean 'deferringLoadBalancerInterceptor' of type [org.springframework.cloud.client.loadbalancer.DeferringLoadBalancerInterceptor] is not eligible for getting processed by all BeanPostProcessors (for example: not eligible for auto-proxying). Is this bean getting eagerly injected into a currently created BeanPostProcessor [lbRestClientPostProcessor]? Check the corresponding BeanPostProcessor declaration and its dependencies.
2026-05-02 22:52:15.495 [main] INFO  o.a.coyote.http11.Http11NioProtocol - Initializing ProtocolHandler ["http-nio-9092"]
2026-05-02 22:52:15.520 [main] INFO  o.a.catalina.core.StandardService - Starting service [Tomcat]
2026-05-02 22:52:15.534 [main] INFO  o.a.catalina.core.StandardEngine - Starting Servlet engine: [Apache Tomcat/10.1.20]
2026-05-02 22:52:15.749 [main] INFO  o.a.c.c.C.[Tomcat].[localhost].[/] - Initializing Spring embedded WebApplicationContext
2026-05-02 22:52:25.263 [main] INFO  com.zaxxer.hikari.HikariDataSource - HikariPool-1 - Starting...
2026-05-02 22:52:26.158 [main] INFO  com.zaxxer.hikari.pool.HikariPool - HikariPool-1 - Added connection com.mysql.cj.jdbc.ConnectionImpl@dc24732
2026-05-02 22:52:26.192 [main] INFO  com.zaxxer.hikari.HikariDataSource - HikariPool-1 - Start completed.
2026-05-02 22:52:26.556 [main] WARN  org.hibernate.dialect.Dialect - HHH000511: The 5.5.27 version for [org.hibernate.dialect.MySQLDialect] is no longer supported, hence certain features may not work properly. The minimum supported version is 8.0.0. Check the community dialects project for available legacy versions.
2026-05-02 22:52:26.586 [main] WARN  org.hibernate.orm.deprecation - HHH90000025: MySQLDialect does not need to be specified explicitly using 'hibernate.dialect' (remove the property setting and it will be selected by default)
2026-05-02 22:52:30.482 [main] WARN  o.h.t.s.i.ExceptionHandlerLoggedImpl - GenerationTarget encountered exception accepting command : Error executing DDL "create table prescriptions (id bigint not null auto_increment, customer_email varchar(255), customer_id bigint not null, image_url varchar(255) not null, rejection_reason varchar(255), status enum ('PENDING','APPROVED','REJECTED'), uploaded_at datetime(6), primary key (id)) engine=InnoDB" via JDBC [You have an error in your SQL syntax; check the manual that corresponds to your MySQL server version for the right syntax to use near '(6), primary key (id)) engine=InnoDB' at line 1]
org.hibernate.tool.schema.spi.CommandAcceptanceException: Error executing DDL "create table prescriptions (id bigint not null auto_increment, customer_email varchar(255), customer_id bigint not null, image_url varchar(255) not null, rejection_reason varchar(255), status enum ('PENDING','APPROVED','REJECTED'), uploaded_at datetime(6), primary key (id)) engine=InnoDB" via JDBC [You have an error in your SQL syntax; check the manual that corresponds to your MySQL server version for the right syntax to use near '(6), primary key (id)) engine=InnoDB' at line 1]
	at org.hibernate.tool.schema.internal.exec.GenerationTargetToDatabase.accept(GenerationTargetToDatabase.java:94)
	at org.hibernate.tool.schema.internal.AbstractSchemaMigrator.applySqlString(AbstractSchemaMigrator.java:574)
	at org.hibernate.tool.schema.internal.AbstractSchemaMigrator.applySqlStrings(AbstractSchemaMigrator.java:514)
	at org.hibernate.tool.schema.internal.AbstractSchemaMigrator.createTable(AbstractSchemaMigrator.java:315)
	at org.hibernate.tool.schema.internal.GroupedSchemaMigratorImpl.performTablesMigration(GroupedSchemaMigratorImpl.java:80)
	at org.hibernate.tool.schema.internal.AbstractSchemaMigrator.performMigration(AbstractSchemaMigrator.java:232)
	at org.hibernate.tool.schema.internal.AbstractSchemaMigrator.doMigration(AbstractSchemaMigrator.java:117)
	at org.hibernate.tool.schema.spi.SchemaManagementToolCoordinator.performDatabaseAction(SchemaManagementToolCoordinator.java:286)
	at org.hibernate.tool.schema.spi.SchemaManagementToolCoordinator.lambda$process$5(SchemaManagementToolCoordinator.java:145)
	at java.base/java.util.HashMap.forEach(HashMap.java:1429)
	at org.hibernate.tool.schema.spi.SchemaManagementToolCoordinator.process(SchemaManagementToolCoordinator.java:142)
	at org.hibernate.boot.internal.SessionFactoryObserverForSchemaExport.sessionFactoryCreated(SessionFactoryObserverForSchemaExport.java:37)
	at org.hibernate.internal.SessionFactoryObserverChain.sessionFactoryCreated(SessionFactoryObserverChain.java:35)
	at org.hibernate.internal.SessionFactoryImpl.<init>(SessionFactoryImpl.java:315)
	at org.hibernate.boot.internal.SessionFactoryBuilderImpl.build(SessionFactoryBuilderImpl.java:450)
	at org.hibernate.jpa.boot.internal.EntityManagerFactoryBuilderImpl.build(EntityManagerFactoryBuilderImpl.java:1507)
	at org.springframework.orm.jpa.vendor.SpringHibernateJpaPersistenceProvider.createContainerEntityManagerFactory(SpringHibernateJpaPersistenceProvider.java:75)
	at org.springframework.orm.jpa.LocalContainerEntityManagerFactoryBean.createNativeEntityManagerFactory(LocalContainerEntityManagerFactoryBean.java:390)
	at org.springframework.orm.jpa.AbstractEntityManagerFactoryBean.buildNativeEntityManagerFactory(AbstractEntityManagerFactoryBean.java:409)
	at org.springframework.orm.jpa.AbstractEntityManagerFactoryBean.afterPropertiesSet(AbstractEntityManagerFactoryBean.java:396)
	at org.springframework.orm.jpa.LocalContainerEntityManagerFactoryBean.afterPropertiesSet(LocalContainerEntityManagerFactoryBean.java:366)
	at org.springframework.beans.factory.support.AbstractAutowireCapableBeanFactory.invokeInitMethods(AbstractAutowireCapableBeanFactory.java:1833)
	at org.springframework.beans.factory.support.AbstractAutowireCapableBeanFactory.initializeBean(AbstractAutowireCapableBeanFactory.java:1782)
	at org.springframework.beans.factory.support.AbstractAutowireCapableBeanFactory.doCreateBean(AbstractAutowireCapableBeanFactory.java:600)
	at org.springframework.beans.factory.support.AbstractAutowireCapableBeanFactory.createBean(AbstractAutowireCapableBeanFactory.java:522)
	at org.springframework.beans.factory.support.AbstractBeanFactory.lambda$doGetBean$0(AbstractBeanFactory.java:326)
	at org.springframework.beans.factory.support.DefaultSingletonBeanRegistry.getSingleton(DefaultSingletonBeanRegistry.java:234)
	at org.springframework.beans.factory.support.AbstractBeanFactory.doGetBean(AbstractBeanFactory.java:324)
	at org.springframework.beans.factory.support.AbstractBeanFactory.getBean(AbstractBeanFactory.java:200)
	at org.springframework.context.support.AbstractApplicationContext.getBean(AbstractApplicationContext.java:1234)
	at org.springframework.context.support.AbstractApplicationContext.finishBeanFactoryInitialization(AbstractApplicationContext.java:952)
	at org.springframework.context.support.AbstractApplicationContext.refresh(AbstractApplicationContext.java:624)
	at org.springframework.boot.web.servlet.context.ServletWebServerApplicationContext.refresh(ServletWebServerApplicationContext.java:146)
	at org.springframework.boot.SpringApplication.refresh(SpringApplication.java:754)
	at org.springframework.boot.SpringApplication.refreshContext(SpringApplication.java:456)
	at org.springframework.boot.SpringApplication.run(SpringApplication.java:334)
	at org.springframework.boot.SpringApplication.run(SpringApplication.java:1354)
	at org.springframework.boot.SpringApplication.run(SpringApplication.java:1343)
	at com.capg.pharma.catalogservice.CatalogServiceApplication.main(CatalogServiceApplication.java:28)
	at java.base/jdk.internal.reflect.DirectMethodHandleAccessor.invoke(DirectMethodHandleAccessor.java:103)
	at java.base/java.lang.reflect.Method.invoke(Method.java:580)
	at org.springframework.boot.loader.launch.Launcher.launch(Launcher.java:91)
	at org.springframework.boot.loader.launch.Launcher.launch(Launcher.java:53)
	at org.springframework.boot.loader.launch.JarLauncher.main(JarLauncher.java:58)
Caused by: java.sql.SQLSyntaxErrorException: You have an error in your SQL syntax; check the manual that corresponds to your MySQL server version for the right syntax to use near '(6), primary key (id)) engine=InnoDB' at line 1
	at com.mysql.cj.jdbc.exceptions.SQLError.createSQLException(SQLError.java:121)
	at com.mysql.cj.jdbc.exceptions.SQLExceptionsMapping.translateException(SQLExceptionsMapping.java:122)
	at com.mysql.cj.jdbc.StatementImpl.executeInternal(StatementImpl.java:770)
	at com.mysql.cj.jdbc.StatementImpl.execute(StatementImpl.java:653)
	at com.zaxxer.hikari.pool.ProxyStatement.execute(ProxyStatement.java:94)
	at com.zaxxer.hikari.pool.HikariProxyStatement.execute(HikariProxyStatement.java)
	at org.hibernate.tool.schema.internal.exec.GenerationTargetToDatabase.accept(GenerationTargetToDatabase.java:80)
	... 43 common frames omitted
2026-05-02 22:52:36.913 [main] WARN  o.s.b.a.o.j.JpaBaseConfiguration$JpaWebConfiguration - spring.jpa.open-in-view is enabled by default. Therefore, database queries may be performed during view rendering. Explicitly configure spring.jpa.open-in-view to disable this warning
2026-05-02 22:52:37.297 [main] WARN  o.s.b.a.s.s.UserDetailsServiceAutoConfiguration - 

Using generated security password: b58fa350-39bd-4376-99d1-2f4cee7049ff

This generated password is for development use only. Your security configuration must be updated before running your application in production.

2026-05-02 22:52:44.079 [main] WARN  o.s.c.l.c.LoadBalancerCacheAutoConfiguration$LoadBalancerCaffeineWarnLogger - Spring Cloud LoadBalancer is currently working with the default cache. While this cache implementation is useful for development and tests, it's recommended to use Caffeine cache in production.You can switch to using Caffeine cache, by adding it and org.springframework.cache.caffeine.CaffeineCacheManager to the classpath.
2026-05-02 22:52:45.715 [main] WARN  c.n.d.s.t.d.RetryableEurekaHttpClient - Request execution failed with message: I/O error on GET request for "http://localhost:8761/eureka/apps/": Connect to http://localhost:8761 [localhost/127.0.0.1, localhost/0:0:0:0:0:0:0:1] failed: Connection refused: getsockopt
2026-05-02 22:52:45.716 [main] WARN  c.netflix.discovery.DiscoveryClient - Using default backup registry implementation which does not do anything.
2026-05-02 22:52:45.760 [main] INFO  o.a.coyote.http11.Http11NioProtocol - Starting ProtocolHandler ["http-nio-9092"]
2026-05-02 22:52:45.931 [main] INFO  c.c.p.c.CatalogServiceApplication - Started CatalogServiceApplication in 57.391 seconds (process running for 59.074)
2026-05-02 22:52:45.968 [DiscoveryClient-InstanceInfoReplicator-0] WARN  c.n.d.s.t.d.RetryableEurekaHttpClient - Request execution failed with message: I/O error on POST request for "http://localhost:8761/eureka/apps/CATALOG-SERVICE": Connect to http://localhost:8761 [localhost/127.0.0.1, localhost/0:0:0:0:0:0:0:1] failed: Connection refused: getsockopt
2026-05-02 22:52:45.968 [DiscoveryClient-InstanceInfoReplicator-0] WARN  c.netflix.discovery.DiscoveryClient - DiscoveryClient_CATALOG-SERVICE/172.21.160.138:catalog-service:9092 - registration failed Cannot execute request on any known server
com.netflix.discovery.shared.transport.TransportException: Cannot execute request on any known server
	at com.netflix.discovery.shared.transport.decorator.RetryableEurekaHttpClient.execute(RetryableEurekaHttpClient.java:112)
	at com.netflix.discovery.shared.transport.decorator.EurekaHttpClientDecorator.register(EurekaHttpClientDecorator.java:56)
	at com.netflix.discovery.shared.transport.decorator.EurekaHttpClientDecorator$1.execute(EurekaHttpClientDecorator.java:59)
	at com.netflix.discovery.shared.transport.decorator.SessionedEurekaHttpClient.execute(SessionedEurekaHttpClient.java:77)
	at com.netflix.discovery.shared.transport.decorator.EurekaHttpClientDecorator.register(EurekaHttpClientDecorator.java:56)
	at com.netflix.discovery.DiscoveryClient.register(DiscoveryClient.java:820)
	at com.netflix.discovery.InstanceInfoReplicator.run(InstanceInfoReplicator.java:121)
	at com.netflix.discovery.InstanceInfoReplicator$1.run(InstanceInfoReplicator.java:101)
	at java.base/java.util.concurrent.Executors$RunnableAdapter.call(Executors.java:572)
	at java.base/java.util.concurrent.FutureTask.run(FutureTask.java:317)
	at java.base/java.util.concurrent.ScheduledThreadPoolExecutor$ScheduledFutureTask.run(ScheduledThreadPoolExecutor.java:304)
	at java.base/java.util.concurrent.ThreadPoolExecutor.runWorker(ThreadPoolExecutor.java:1144)
	at java.base/java.util.concurrent.ThreadPoolExecutor$Worker.run(ThreadPoolExecutor.java:642)
	at java.base/java.lang.Thread.run(Thread.java:1583)
2026-05-02 22:52:45.971 [DiscoveryClient-InstanceInfoReplicator-0] WARN  c.n.discovery.InstanceInfoReplicator - There was a problem with the instance info replicator
com.netflix.discovery.shared.transport.TransportException: Cannot execute request on any known server
	at com.netflix.discovery.shared.transport.decorator.RetryableEurekaHttpClient.execute(RetryableEurekaHttpClient.java:112)
	at com.netflix.discovery.shared.transport.decorator.EurekaHttpClientDecorator.register(EurekaHttpClientDecorator.java:56)
	at com.netflix.discovery.shared.transport.decorator.EurekaHttpClientDecorator$1.execute(EurekaHttpClientDecorator.java:59)
	at com.netflix.discovery.shared.transport.decorator.SessionedEurekaHttpClient.execute(SessionedEurekaHttpClient.java:77)
	at com.netflix.discovery.shared.transport.decorator.EurekaHttpClientDecorator.register(EurekaHttpClientDecorator.java:56)
	at com.netflix.discovery.DiscoveryClient.register(DiscoveryClient.java:820)
	at com.netflix.discovery.InstanceInfoReplicator.run(InstanceInfoReplicator.java:121)
	at com.netflix.discovery.InstanceInfoReplicator$1.run(InstanceInfoReplicator.java:101)
	at java.base/java.util.concurrent.Executors$RunnableAdapter.call(Executors.java:572)
	at java.base/java.util.concurrent.FutureTask.run(FutureTask.java:317)
	at java.base/java.util.concurrent.ScheduledThreadPoolExecutor$ScheduledFutureTask.run(ScheduledThreadPoolExecutor.java:304)
	at java.base/java.util.concurrent.ThreadPoolExecutor.runWorker(ThreadPoolExecutor.java:1144)
	at java.base/java.util.concurrent.ThreadPoolExecutor$Worker.run(ThreadPoolExecutor.java:642)
	at java.base/java.lang.Thread.run(Thread.java:1583)
2026-05-02 22:53:15.796 [DiscoveryClient-HeartbeatExecutor-0] WARN  c.n.d.s.t.d.RetryableEurekaHttpClient - Request execution failed with message: I/O error on PUT request for "http://localhost:8761/eureka/apps/CATALOG-SERVICE/172.21.160.138:catalog-service:9092": Connect to http://localhost:8761 [localhost/127.0.0.1, localhost/0:0:0:0:0:0:0:1] failed: Connection refused: getsockopt
2026-05-02 22:53:15.798 [DiscoveryClient-CacheRefreshExecutor-0] WARN  c.n.d.s.t.d.RetryableEurekaHttpClient - Request execution failed with message: I/O error on GET request for "http://localhost:8761/eureka/apps/": Connect to http://localhost:8761 [localhost/127.0.0.1, localhost/0:0:0:0:0:0:0:1] failed: Connection refused: getsockopt
2026-05-02 22:53:15.798 [DiscoveryClient-HeartbeatExecutor-0] ERROR c.netflix.discovery.DiscoveryClient - DiscoveryClient_CATALOG-SERVICE/172.21.160.138:catalog-service:9092 - was unable to send heartbeat!
com.netflix.discovery.shared.transport.TransportException: Cannot execute request on any known server
	at com.netflix.discovery.shared.transport.decorator.RetryableEurekaHttpClient.execute(RetryableEurekaHttpClient.java:112)
	at com.netflix.discovery.shared.transport.decorator.EurekaHttpClientDecorator.sendHeartBeat(EurekaHttpClientDecorator.java:89)
	at com.netflix.discovery.shared.transport.decorator.EurekaHttpClientDecorator$3.execute(EurekaHttpClientDecorator.java:92)
	at com.netflix.discovery.shared.transport.decorator.SessionedEurekaHttpClient.execute(SessionedEurekaHttpClient.java:77)
	at com.netflix.discovery.shared.transport.decorator.EurekaHttpClientDecorator.sendHeartBeat(EurekaHttpClientDecorator.java:89)
	at com.netflix.discovery.DiscoveryClient.renew(DiscoveryClient.java:837)
	at com.netflix.discovery.DiscoveryClient$HeartbeatThread.run(DiscoveryClient.java:1401)
	at java.base/java.util.concurrent.Executors$RunnableAdapter.call(Executors.java:572)
	at java.base/java.util.concurrent.FutureTask.run(FutureTask.java:317)
	at java.base/java.util.concurrent.ThreadPoolExecutor.runWorker(ThreadPoolExecutor.java:1144)
	at java.base/java.util.concurrent.ThreadPoolExecutor$Worker.run(ThreadPoolExecutor.java:642)
	at java.base/java.lang.Thread.run(Thread.java:1583)
2026-05-02 22:53:15.992 [DiscoveryClient-InstanceInfoReplicator-0] WARN  c.n.d.s.t.d.RetryableEurekaHttpClient - Request execution failed with message: I/O error on POST request for "http://localhost:8761/eureka/apps/CATALOG-SERVICE": Connect to http://localhost:8761 [localhost/127.0.0.1, localhost/0:0:0:0:0:0:0:1] failed: Connection refused: getsockopt
2026-05-02 22:53:15.995 [DiscoveryClient-InstanceInfoReplicator-0] WARN  c.netflix.discovery.DiscoveryClient - DiscoveryClient_CATALOG-SERVICE/172.21.160.138:catalog-service:9092 - registration failed Cannot execute request on any known server
com.netflix.discovery.shared.transport.TransportException: Cannot execute request on any known server
	at com.netflix.discovery.shared.transport.decorator.RetryableEurekaHttpClient.execute(RetryableEurekaHttpClient.java:112)
	at com.netflix.discovery.shared.transport.decorator.EurekaHttpClientDecorator.register(EurekaHttpClientDecorator.java:56)
	at com.netflix.discovery.shared.transport.decorator.EurekaHttpClientDecorator$1.execute(EurekaHttpClientDecorator.java:59)
	at com.netflix.discovery.shared.transport.decorator.SessionedEurekaHttpClient.execute(SessionedEurekaHttpClient.java:77)
	at com.netflix.discovery.shared.transport.decorator.EurekaHttpClientDecorator.register(EurekaHttpClientDecorator.java:56)
	at com.netflix.discovery.DiscoveryClient.register(DiscoveryClient.java:820)
	at com.netflix.discovery.InstanceInfoReplicator.run(InstanceInfoReplicator.java:121)
	at java.base/java.util.concurrent.Executors$RunnableAdapter.call(Executors.java:572)
	at java.base/java.util.concurrent.FutureTask.run(FutureTask.java:317)
	at java.base/java.util.concurrent.ScheduledThreadPoolExecutor$ScheduledFutureTask.run(ScheduledThreadPoolExecutor.java:304)
	at java.base/java.util.concurrent.ThreadPoolExecutor.runWorker(ThreadPoolExecutor.java:1144)
	at java.base/java.util.concurrent.ThreadPoolExecutor$Worker.run(ThreadPoolExecutor.java:642)
	at java.base/java.lang.Thread.run(Thread.java:1583)
2026-05-02 22:53:15.995 [DiscoveryClient-InstanceInfoReplicator-0] WARN  c.n.discovery.InstanceInfoReplicator - There was a problem with the instance info replicator
com.netflix.discovery.shared.transport.TransportException: Cannot execute request on any known server
	at com.netflix.discovery.shared.transport.decorator.RetryableEurekaHttpClient.execute(RetryableEurekaHttpClient.java:112)
	at com.netflix.discovery.shared.transport.decorator.EurekaHttpClientDecorator.register(EurekaHttpClientDecorator.java:56)
	at com.netflix.discovery.shared.transport.decorator.EurekaHttpClientDecorator$1.execute(EurekaHttpClientDecorator.java:59)
	at com.netflix.discovery.shared.transport.decorator.SessionedEurekaHttpClient.execute(SessionedEurekaHttpClient.java:77)
	at com.netflix.discovery.shared.transport.decorator.EurekaHttpClientDecorator.register(EurekaHttpClientDecorator.java:56)
	at com.netflix.discovery.DiscoveryClient.register(DiscoveryClient.java:820)
	at com.netflix.discovery.InstanceInfoReplicator.run(InstanceInfoReplicator.java:121)
	at java.base/java.util.concurrent.Executors$RunnableAdapter.call(Executors.java:572)
	at java.base/java.util.concurrent.FutureTask.run(FutureTask.java:317)
	at java.base/java.util.concurrent.ScheduledThreadPoolExecutor$ScheduledFutureTask.run(ScheduledThreadPoolExecutor.java:304)
	at java.base/java.util.concurrent.ThreadPoolExecutor.runWorker(ThreadPoolExecutor.java:1144)
	at java.base/java.util.concurrent.ThreadPoolExecutor$Worker.run(ThreadPoolExecutor.java:642)
	at java.base/java.lang.Thread.run(Thread.java:1583)
2026-05-02 22:53:45.843 [DiscoveryClient-HeartbeatExecutor-0] WARN  c.n.d.s.t.d.RetryableEurekaHttpClient - Request execution failed with message: I/O error on PUT request for "http://localhost:8761/eureka/apps/CATALOG-SERVICE/172.21.160.138:catalog-service:9092": Connect to http://localhost:8761 [localhost/127.0.0.1, localhost/0:0:0:0:0:0:0:1] failed: Connection refused: getsockopt
2026-05-02 22:53:45.843 [DiscoveryClient-CacheRefreshExecutor-0] WARN  c.n.d.s.t.d.RetryableEurekaHttpClient - Request execution failed with message: I/O error on GET request for "http://localhost:8761/eureka/apps/": Connect to http://localhost:8761 [localhost/127.0.0.1, localhost/0:0:0:0:0:0:0:1] failed: Connection refused: getsockopt
2026-05-02 22:53:45.845 [DiscoveryClient-HeartbeatExecutor-0] ERROR c.netflix.discovery.DiscoveryClient - DiscoveryClient_CATALOG-SERVICE/172.21.160.138:catalog-service:9092 - was unable to send heartbeat!
com.netflix.discovery.shared.transport.TransportException: Cannot execute request on any known server
	at com.netflix.discovery.shared.transport.decorator.RetryableEurekaHttpClient.execute(RetryableEurekaHttpClient.java:112)
	at com.netflix.discovery.shared.transport.decorator.EurekaHttpClientDecorator.sendHeartBeat(EurekaHttpClientDecorator.java:89)
	at com.netflix.discovery.shared.transport.decorator.EurekaHttpClientDecorator$3.execute(EurekaHttpClientDecorator.java:92)
	at com.netflix.discovery.shared.transport.decorator.SessionedEurekaHttpClient.execute(SessionedEurekaHttpClient.java:77)
	at com.netflix.discovery.shared.transport.decorator.EurekaHttpClientDecorator.sendHeartBeat(EurekaHttpClientDecorator.java:89)
	at com.netflix.discovery.DiscoveryClient.renew(DiscoveryClient.java:837)
	at com.netflix.discovery.DiscoveryClient$HeartbeatThread.run(DiscoveryClient.java:1401)
	at java.base/java.util.concurrent.Executors$RunnableAdapter.call(Executors.java:572)
	at java.base/java.util.concurrent.FutureTask.run(FutureTask.java:317)
	at java.base/java.util.concurrent.ThreadPoolExecutor.runWorker(ThreadPoolExecutor.java:1144)
	at java.base/java.util.concurrent.ThreadPoolExecutor$Worker.run(ThreadPoolExecutor.java:642)
	at java.base/java.lang.Thread.run(Thread.java:1583)
2026-05-02 22:53:46.043 [DiscoveryClient-InstanceInfoReplicator-0] WARN  c.n.d.s.t.d.RetryableEurekaHttpClient - Request execution failed with message: I/O error on POST request for "http://localhost:8761/eureka/apps/CATALOG-SERVICE": Connect to http://localhost:8761 [localhost/127.0.0.1, localhost/0:0:0:0:0:0:0:1] failed: Connection refused: getsockopt
2026-05-02 22:53:46.043 [DiscoveryClient-InstanceInfoReplicator-0] WARN  c.netflix.discovery.DiscoveryClient - DiscoveryClient_CATALOG-SERVICE/172.21.160.138:catalog-service:9092 - registration failed Cannot execute request on any known server
com.netflix.discovery.shared.transport.TransportException: Cannot execute request on any known server
	at com.netflix.discovery.shared.transport.decorator.RetryableEurekaHttpClient.execute(RetryableEurekaHttpClient.java:112)
	at com.netflix.discovery.shared.transport.decorator.EurekaHttpClientDecorator.register(EurekaHttpClientDecorator.java:56)
	at com.netflix.discovery.shared.transport.decorator.EurekaHttpClientDecorator$1.execute(EurekaHttpClientDecorator.java:59)
	at com.netflix.discovery.shared.transport.decorator.SessionedEurekaHttpClient.execute(SessionedEurekaHttpClient.java:77)
	at com.netflix.discovery.shared.transport.decorator.EurekaHttpClientDecorator.register(EurekaHttpClientDecorator.java:56)
	at com.netflix.discovery.DiscoveryClient.register(DiscoveryClient.java:820)
	at com.netflix.discovery.InstanceInfoReplicator.run(InstanceInfoReplicator.java:121)
	at java.base/java.util.concurrent.Executors$RunnableAdapter.call(Executors.java:572)
	at java.base/java.util.concurrent.FutureTask.run(FutureTask.java:317)
	at java.base/java.util.concurrent.ScheduledThreadPoolExecutor$ScheduledFutureTask.run(ScheduledThreadPoolExecutor.java:304)
	at java.base/java.util.concurrent.ThreadPoolExecutor.runWorker(ThreadPoolExecutor.java:1144)
	at java.base/java.util.concurrent.ThreadPoolExecutor$Worker.run(ThreadPoolExecutor.java:642)
	at java.base/java.lang.Thread.run(Thread.java:1583)
2026-05-02 22:53:46.057 [DiscoveryClient-InstanceInfoReplicator-0] WARN  c.n.discovery.InstanceInfoReplicator - There was a problem with the instance info replicator
com.netflix.discovery.shared.transport.TransportException: Cannot execute request on any known server
	at com.netflix.discovery.shared.transport.decorator.RetryableEurekaHttpClient.execute(RetryableEurekaHttpClient.java:112)
	at com.netflix.discovery.shared.transport.decorator.EurekaHttpClientDecorator.register(EurekaHttpClientDecorator.java:56)
	at com.netflix.discovery.shared.transport.decorator.EurekaHttpClientDecorator$1.execute(EurekaHttpClientDecorator.java:59)
	at com.netflix.discovery.shared.transport.decorator.SessionedEurekaHttpClient.execute(SessionedEurekaHttpClient.java:77)
	at com.netflix.discovery.shared.transport.decorator.EurekaHttpClientDecorator.register(EurekaHttpClientDecorator.java:56)
	at com.netflix.discovery.DiscoveryClient.register(DiscoveryClient.java:820)
	at com.netflix.discovery.InstanceInfoReplicator.run(InstanceInfoReplicator.java:121)
	at java.base/java.util.concurrent.Executors$RunnableAdapter.call(Executors.java:572)
	at java.base/java.util.concurrent.FutureTask.run(FutureTask.java:317)
	at java.base/java.util.concurrent.ScheduledThreadPoolExecutor$ScheduledFutureTask.run(ScheduledThreadPoolExecutor.java:304)
	at java.base/java.util.concurrent.ThreadPoolExecutor.runWorker(ThreadPoolExecutor.java:1144)
	at java.base/java.util.concurrent.ThreadPoolExecutor$Worker.run(ThreadPoolExecutor.java:642)
	at java.base/java.lang.Thread.run(Thread.java:1583)
2026-05-02 22:54:15.890 [DiscoveryClient-CacheRefreshExecutor-0] WARN  c.n.d.s.t.d.RetryableEurekaHttpClient - Request execution failed with message: I/O error on GET request for "http://localhost:8761/eureka/apps/": Connect to http://localhost:8761 [localhost/127.0.0.1, localhost/0:0:0:0:0:0:0:1] failed: Connection refused: getsockopt
2026-05-02 22:54:15.908 [DiscoveryClient-HeartbeatExecutor-0] WARN  c.n.d.s.t.d.RetryableEurekaHttpClient - Request execution failed with message: I/O error on PUT request for "http://localhost:8761/eureka/apps/CATALOG-SERVICE/172.21.160.138:catalog-service:9092": Connect to http://localhost:8761 [localhost/127.0.0.1, localhost/0:0:0:0:0:0:0:1] failed: Connection refused: getsockopt
2026-05-02 22:54:15.908 [DiscoveryClient-HeartbeatExecutor-0] ERROR c.netflix.discovery.DiscoveryClient - DiscoveryClient_CATALOG-SERVICE/172.21.160.138:catalog-service:9092 - was unable to send heartbeat!
com.netflix.discovery.shared.transport.TransportException: Cannot execute request on any known server
	at com.netflix.discovery.shared.transport.decorator.RetryableEurekaHttpClient.execute(RetryableEurekaHttpClient.java:112)
	at com.netflix.discovery.shared.transport.decorator.EurekaHttpClientDecorator.sendHeartBeat(EurekaHttpClientDecorator.java:89)
	at com.netflix.discovery.shared.transport.decorator.EurekaHttpClientDecorator$3.execute(EurekaHttpClientDecorator.java:92)
	at com.netflix.discovery.shared.transport.decorator.SessionedEurekaHttpClient.execute(SessionedEurekaHttpClient.java:77)
	at com.netflix.discovery.shared.transport.decorator.EurekaHttpClientDecorator.sendHeartBeat(EurekaHttpClientDecorator.java:89)
	at com.netflix.discovery.DiscoveryClient.renew(DiscoveryClient.java:837)
	at com.netflix.discovery.DiscoveryClient$HeartbeatThread.run(DiscoveryClient.java:1401)
	at java.base/java.util.concurrent.Executors$RunnableAdapter.call(Executors.java:572)
	at java.base/java.util.concurrent.FutureTask.run(FutureTask.java:317)
	at java.base/java.util.concurrent.ThreadPoolExecutor.runWorker(ThreadPoolExecutor.java:1144)
	at java.base/java.util.concurrent.ThreadPoolExecutor$Worker.run(ThreadPoolExecutor.java:642)
	at java.base/java.lang.Thread.run(Thread.java:1583)
2026-05-02 22:54:16.088 [DiscoveryClient-InstanceInfoReplicator-0] WARN  c.n.d.s.t.d.RetryableEurekaHttpClient - Request execution failed with message: I/O error on POST request for "http://localhost:8761/eureka/apps/CATALOG-SERVICE": Connect to http://localhost:8761 [localhost/127.0.0.1, localhost/0:0:0:0:0:0:0:1] failed: Connection refused: getsockopt
2026-05-02 22:54:16.088 [DiscoveryClient-InstanceInfoReplicator-0] WARN  c.netflix.discovery.DiscoveryClient - DiscoveryClient_CATALOG-SERVICE/172.21.160.138:catalog-service:9092 - registration failed Cannot execute request on any known server
com.netflix.discovery.shared.transport.TransportException: Cannot execute request on any known server
	at com.netflix.discovery.shared.transport.decorator.RetryableEurekaHttpClient.execute(RetryableEurekaHttpClient.java:112)
	at com.netflix.discovery.shared.transport.decorator.EurekaHttpClientDecorator.register(EurekaHttpClientDecorator.java:56)
	at com.netflix.discovery.shared.transport.decorator.EurekaHttpClientDecorator$1.execute(EurekaHttpClientDecorator.java:59)
	at com.netflix.discovery.shared.transport.decorator.SessionedEurekaHttpClient.execute(SessionedEurekaHttpClient.java:77)
	at com.netflix.discovery.shared.transport.decorator.EurekaHttpClientDecorator.register(EurekaHttpClientDecorator.java:56)
	at com.netflix.discovery.DiscoveryClient.register(DiscoveryClient.java:820)
	at com.netflix.discovery.InstanceInfoReplicator.run(InstanceInfoReplicator.java:121)
	at java.base/java.util.concurrent.Executors$RunnableAdapter.call(Executors.java:572)
	at java.base/java.util.concurrent.FutureTask.run(FutureTask.java:317)
	at java.base/java.util.concurrent.ScheduledThreadPoolExecutor$ScheduledFutureTask.run(ScheduledThreadPoolExecutor.java:304)
	at java.base/java.util.concurrent.ThreadPoolExecutor.runWorker(ThreadPoolExecutor.java:1144)
	at java.base/java.util.concurrent.ThreadPoolExecutor$Worker.run(ThreadPoolExecutor.java:642)
	at java.base/java.lang.Thread.run(Thread.java:1583)
2026-05-02 22:54:16.091 [DiscoveryClient-InstanceInfoReplicator-0] WARN  c.n.discovery.InstanceInfoReplicator - There was a problem with the instance info replicator
com.netflix.discovery.shared.transport.TransportException: Cannot execute request on any known server
	at com.netflix.discovery.shared.transport.decorator.RetryableEurekaHttpClient.execute(RetryableEurekaHttpClient.java:112)
	at com.netflix.discovery.shared.transport.decorator.EurekaHttpClientDecorator.register(EurekaHttpClientDecorator.java:56)
	at com.netflix.discovery.shared.transport.decorator.EurekaHttpClientDecorator$1.execute(EurekaHttpClientDecorator.java:59)
	at com.netflix.discovery.shared.transport.decorator.SessionedEurekaHttpClient.execute(SessionedEurekaHttpClient.java:77)
	at com.netflix.discovery.shared.transport.decorator.EurekaHttpClientDecorator.register(EurekaHttpClientDecorator.java:56)
	at com.netflix.discovery.DiscoveryClient.register(DiscoveryClient.java:820)
	at com.netflix.discovery.InstanceInfoReplicator.run(InstanceInfoReplicator.java:121)
	at java.base/java.util.concurrent.Executors$RunnableAdapter.call(Executors.java:572)
	at java.base/java.util.concurrent.FutureTask.run(FutureTask.java:317)
	at java.base/java.util.concurrent.ScheduledThreadPoolExecutor$ScheduledFutureTask.run(ScheduledThreadPoolExecutor.java:304)
	at java.base/java.util.concurrent.ThreadPoolExecutor.runWorker(ThreadPoolExecutor.java:1144)
	at java.base/java.util.concurrent.ThreadPoolExecutor$Worker.run(ThreadPoolExecutor.java:642)
	at java.base/java.lang.Thread.run(Thread.java:1583)
2026-05-02 22:54:45.924 [DiscoveryClient-CacheRefreshExecutor-0] WARN  c.n.d.s.t.d.RetryableEurekaHttpClient - Request execution failed with message: I/O error on GET request for "http://localhost:8761/eureka/apps/": Connect to http://localhost:8761 [localhost/127.0.0.1, localhost/0:0:0:0:0:0:0:1] failed: Connection refused: getsockopt
2026-05-02 22:54:45.941 [DiscoveryClient-HeartbeatExecutor-0] WARN  c.n.d.s.t.d.RetryableEurekaHttpClient - Request execution failed with message: I/O error on PUT request for "http://localhost:8761/eureka/apps/CATALOG-SERVICE/172.21.160.138:catalog-service:9092": Connect to http://localhost:8761 [localhost/127.0.0.1, localhost/0:0:0:0:0:0:0:1] failed: Connection refused: getsockopt
2026-05-02 22:54:45.941 [DiscoveryClient-HeartbeatExecutor-0] ERROR c.netflix.discovery.DiscoveryClient - DiscoveryClient_CATALOG-SERVICE/172.21.160.138:catalog-service:9092 - was unable to send heartbeat!
com.netflix.discovery.shared.transport.TransportException: Cannot execute request on any known server
	at com.netflix.discovery.shared.transport.decorator.RetryableEurekaHttpClient.execute(RetryableEurekaHttpClient.java:112)
	at com.netflix.discovery.shared.transport.decorator.EurekaHttpClientDecorator.sendHeartBeat(EurekaHttpClientDecorator.java:89)
	at com.netflix.discovery.shared.transport.decorator.EurekaHttpClientDecorator$3.execute(EurekaHttpClientDecorator.java:92)
	at com.netflix.discovery.shared.transport.decorator.SessionedEurekaHttpClient.execute(SessionedEurekaHttpClient.java:77)
	at com.netflix.discovery.shared.transport.decorator.EurekaHttpClientDecorator.sendHeartBeat(EurekaHttpClientDecorator.java:89)
	at com.netflix.discovery.DiscoveryClient.renew(DiscoveryClient.java:837)
	at com.netflix.discovery.DiscoveryClient$HeartbeatThread.run(DiscoveryClient.java:1401)
	at java.base/java.util.concurrent.Executors$RunnableAdapter.call(Executors.java:572)
	at java.base/java.util.concurrent.FutureTask.run(FutureTask.java:317)
	at java.base/java.util.concurrent.ThreadPoolExecutor.runWorker(ThreadPoolExecutor.java:1144)
	at java.base/java.util.concurrent.ThreadPoolExecutor$Worker.run(ThreadPoolExecutor.java:642)
	at java.base/java.lang.Thread.run(Thread.java:1583)
2026-05-02 22:54:46.114 [DiscoveryClient-InstanceInfoReplicator-0] WARN  c.n.d.s.t.d.RetryableEurekaHttpClient - Request execution failed with message: I/O error on POST request for "http://localhost:8761/eureka/apps/CATALOG-SERVICE": Connect to http://localhost:8761 [localhost/127.0.0.1, localhost/0:0:0:0:0:0:0:1] failed: Connection refused: getsockopt
2026-05-02 22:54:46.114 [DiscoveryClient-InstanceInfoReplicator-0] WARN  c.netflix.discovery.DiscoveryClient - DiscoveryClient_CATALOG-SERVICE/172.21.160.138:catalog-service:9092 - registration failed Cannot execute request on any known server
com.netflix.discovery.shared.transport.TransportException: Cannot execute request on any known server
	at com.netflix.discovery.shared.transport.decorator.RetryableEurekaHttpClient.execute(RetryableEurekaHttpClient.java:112)
	at com.netflix.discovery.shared.transport.decorator.EurekaHttpClientDecorator.register(EurekaHttpClientDecorator.java:56)
	at com.netflix.discovery.shared.transport.decorator.EurekaHttpClientDecorator$1.execute(EurekaHttpClientDecorator.java:59)
	at com.netflix.discovery.shared.transport.decorator.SessionedEurekaHttpClient.execute(SessionedEurekaHttpClient.java:77)
	at com.netflix.discovery.shared.transport.decorator.EurekaHttpClientDecorator.register(EurekaHttpClientDecorator.java:56)
	at com.netflix.discovery.DiscoveryClient.register(DiscoveryClient.java:820)
	at com.netflix.discovery.InstanceInfoReplicator.run(InstanceInfoReplicator.java:121)
	at java.base/java.util.concurrent.Executors$RunnableAdapter.call(Executors.java:572)
	at java.base/java.util.concurrent.FutureTask.run(FutureTask.java:317)
	at java.base/java.util.concurrent.ScheduledThreadPoolExecutor$ScheduledFutureTask.run(ScheduledThreadPoolExecutor.java:304)
	at java.base/java.util.concurrent.ThreadPoolExecutor.runWorker(ThreadPoolExecutor.java:1144)
	at java.base/java.util.concurrent.ThreadPoolExecutor$Worker.run(ThreadPoolExecutor.java:642)
	at java.base/java.lang.Thread.run(Thread.java:1583)
2026-05-02 22:54:46.114 [DiscoveryClient-InstanceInfoReplicator-0] WARN  c.n.discovery.InstanceInfoReplicator - There was a problem with the instance info replicator
com.netflix.discovery.shared.transport.TransportException: Cannot execute request on any known server
	at com.netflix.discovery.shared.transport.decorator.RetryableEurekaHttpClient.execute(RetryableEurekaHttpClient.java:112)
	at com.netflix.discovery.shared.transport.decorator.EurekaHttpClientDecorator.register(EurekaHttpClientDecorator.java:56)
	at com.netflix.discovery.shared.transport.decorator.EurekaHttpClientDecorator$1.execute(EurekaHttpClientDecorator.java:59)
	at com.netflix.discovery.shared.transport.decorator.SessionedEurekaHttpClient.execute(SessionedEurekaHttpClient.java:77)
	at com.netflix.discovery.shared.transport.decorator.EurekaHttpClientDecorator.register(EurekaHttpClientDecorator.java:56)
	at com.netflix.discovery.DiscoveryClient.register(DiscoveryClient.java:820)
	at com.netflix.discovery.InstanceInfoReplicator.run(InstanceInfoReplicator.java:121)
	at java.base/java.util.concurrent.Executors$RunnableAdapter.call(Executors.java:572)
	at java.base/java.util.concurrent.FutureTask.run(FutureTask.java:317)
	at java.base/java.util.concurrent.ScheduledThreadPoolExecutor$ScheduledFutureTask.run(ScheduledThreadPoolExecutor.java:304)
	at java.base/java.util.concurrent.ThreadPoolExecutor.runWorker(ThreadPoolExecutor.java:1144)
	at java.base/java.util.concurrent.ThreadPoolExecutor$Worker.run(ThreadPoolExecutor.java:642)
	at java.base/java.lang.Thread.run(Thread.java:1583)
2026-05-02 22:55:15.972 [DiscoveryClient-CacheRefreshExecutor-0] WARN  c.n.d.s.t.d.RetryableEurekaHttpClient - Request execution failed with message: I/O error on GET request for "http://localhost:8761/eureka/apps/": Connect to http://localhost:8761 [localhost/127.0.0.1, localhost/0:0:0:0:0:0:0:1] failed: Connection refused: getsockopt
2026-05-02 22:55:15.988 [DiscoveryClient-HeartbeatExecutor-0] WARN  c.n.d.s.t.d.RetryableEurekaHttpClient - Request execution failed with message: I/O error on PUT request for "http://localhost:8761/eureka/apps/CATALOG-SERVICE/172.21.160.138:catalog-service:9092": Connect to http://localhost:8761 [localhost/127.0.0.1, localhost/0:0:0:0:0:0:0:1] failed: Connection refused: getsockopt
2026-05-02 22:55:15.990 [DiscoveryClient-HeartbeatExecutor-0] ERROR c.netflix.discovery.DiscoveryClient - DiscoveryClient_CATALOG-SERVICE/172.21.160.138:catalog-service:9092 - was unable to send heartbeat!
com.netflix.discovery.shared.transport.TransportException: Cannot execute request on any known server
	at com.netflix.discovery.shared.transport.decorator.RetryableEurekaHttpClient.execute(RetryableEurekaHttpClient.java:112)
	at com.netflix.discovery.shared.transport.decorator.EurekaHttpClientDecorator.sendHeartBeat(EurekaHttpClientDecorator.java:89)
	at com.netflix.discovery.shared.transport.decorator.EurekaHttpClientDecorator$3.execute(EurekaHttpClientDecorator.java:92)
	at com.netflix.discovery.shared.transport.decorator.SessionedEurekaHttpClient.execute(SessionedEurekaHttpClient.java:77)
	at com.netflix.discovery.shared.transport.decorator.EurekaHttpClientDecorator.sendHeartBeat(EurekaHttpClientDecorator.java:89)
	at com.netflix.discovery.DiscoveryClient.renew(DiscoveryClient.java:837)
	at com.netflix.discovery.DiscoveryClient$HeartbeatThread.run(DiscoveryClient.java:1401)
	at java.base/java.util.concurrent.Executors$RunnableAdapter.call(Executors.java:572)
	at java.base/java.util.concurrent.FutureTask.run(FutureTask.java:317)
	at java.base/java.util.concurrent.ThreadPoolExecutor.runWorker(ThreadPoolExecutor.java:1144)
	at java.base/java.util.concurrent.ThreadPoolExecutor$Worker.run(ThreadPoolExecutor.java:642)
	at java.base/java.lang.Thread.run(Thread.java:1583)
2026-05-02 22:55:16.138 [DiscoveryClient-InstanceInfoReplicator-0] WARN  c.n.d.s.t.d.RetryableEurekaHttpClient - Request execution failed with message: I/O error on POST request for "http://localhost:8761/eureka/apps/CATALOG-SERVICE": Connect to http://localhost:8761 [localhost/127.0.0.1, localhost/0:0:0:0:0:0:0:1] failed: Connection refused: getsockopt
2026-05-02 22:55:16.138 [DiscoveryClient-InstanceInfoReplicator-0] WARN  c.netflix.discovery.DiscoveryClient - DiscoveryClient_CATALOG-SERVICE/172.21.160.138:catalog-service:9092 - registration failed Cannot execute request on any known server
com.netflix.discovery.shared.transport.TransportException: Cannot execute request on any known server
	at com.netflix.discovery.shared.transport.decorator.RetryableEurekaHttpClient.execute(RetryableEurekaHttpClient.java:112)
	at com.netflix.discovery.shared.transport.decorator.EurekaHttpClientDecorator.register(EurekaHttpClientDecorator.java:56)
	at com.netflix.discovery.shared.transport.decorator.EurekaHttpClientDecorator$1.execute(EurekaHttpClientDecorator.java:59)
	at com.netflix.discovery.shared.transport.decorator.SessionedEurekaHttpClient.execute(SessionedEurekaHttpClient.java:77)
	at com.netflix.discovery.shared.transport.decorator.EurekaHttpClientDecorator.register(EurekaHttpClientDecorator.java:56)
	at com.netflix.discovery.DiscoveryClient.register(DiscoveryClient.java:820)
	at com.netflix.discovery.InstanceInfoReplicator.run(InstanceInfoReplicator.java:121)
	at java.base/java.util.concurrent.Executors$RunnableAdapter.call(Executors.java:572)
	at java.base/java.util.concurrent.FutureTask.run(FutureTask.java:317)
	at java.base/java.util.concurrent.ScheduledThreadPoolExecutor$ScheduledFutureTask.run(ScheduledThreadPoolExecutor.java:304)
	at java.base/java.util.concurrent.ThreadPoolExecutor.runWorker(ThreadPoolExecutor.java:1144)
	at java.base/java.util.concurrent.ThreadPoolExecutor$Worker.run(ThreadPoolExecutor.java:642)
	at java.base/java.lang.Thread.run(Thread.java:1583)
2026-05-02 22:55:16.140 [DiscoveryClient-InstanceInfoReplicator-0] WARN  c.n.discovery.InstanceInfoReplicator - There was a problem with the instance info replicator
com.netflix.discovery.shared.transport.TransportException: Cannot execute request on any known server
	at com.netflix.discovery.shared.transport.decorator.RetryableEurekaHttpClient.execute(RetryableEurekaHttpClient.java:112)
	at com.netflix.discovery.shared.transport.decorator.EurekaHttpClientDecorator.register(EurekaHttpClientDecorator.java:56)
	at com.netflix.discovery.shared.transport.decorator.EurekaHttpClientDecorator$1.execute(EurekaHttpClientDecorator.java:59)
	at com.netflix.discovery.shared.transport.decorator.SessionedEurekaHttpClient.execute(SessionedEurekaHttpClient.java:77)
	at com.netflix.discovery.shared.transport.decorator.EurekaHttpClientDecorator.register(EurekaHttpClientDecorator.java:56)
	at com.netflix.discovery.DiscoveryClient.register(DiscoveryClient.java:820)
	at com.netflix.discovery.InstanceInfoReplicator.run(InstanceInfoReplicator.java:121)
	at java.base/java.util.concurrent.Executors$RunnableAdapter.call(Executors.java:572)
	at java.base/java.util.concurrent.FutureTask.run(FutureTask.java:317)
	at java.base/java.util.concurrent.ScheduledThreadPoolExecutor$ScheduledFutureTask.run(ScheduledThreadPoolExecutor.java:304)
	at java.base/java.util.concurrent.ThreadPoolExecutor.runWorker(ThreadPoolExecutor.java:1144)
	at java.base/java.util.concurrent.ThreadPoolExecutor$Worker.run(ThreadPoolExecutor.java:642)
	at java.base/java.lang.Thread.run(Thread.java:1583)
2026-05-02 22:55:46.030 [DiscoveryClient-HeartbeatExecutor-0] WARN  c.n.d.s.t.d.RetryableEurekaHttpClient - Request execution failed with message: I/O error on PUT request for "http://localhost:8761/eureka/apps/CATALOG-SERVICE/172.21.160.138:catalog-service:9092": Connect to http://localhost:8761 [localhost/127.0.0.1, localhost/0:0:0:0:0:0:0:1] failed: Connection refused: getsockopt
2026-05-02 22:55:46.032 [DiscoveryClient-HeartbeatExecutor-0] ERROR c.netflix.discovery.DiscoveryClient - DiscoveryClient_CATALOG-SERVICE/172.21.160.138:catalog-service:9092 - was unable to send heartbeat!
com.netflix.discovery.shared.transport.TransportException: Cannot execute request on any known server
	at com.netflix.discovery.shared.transport.decorator.RetryableEurekaHttpClient.execute(RetryableEurekaHttpClient.java:112)
	at com.netflix.discovery.shared.transport.decorator.EurekaHttpClientDecorator.sendHeartBeat(EurekaHttpClientDecorator.java:89)
	at com.netflix.discovery.shared.transport.decorator.EurekaHttpClientDecorator$3.execute(EurekaHttpClientDecorator.java:92)
	at com.netflix.discovery.shared.transport.decorator.SessionedEurekaHttpClient.execute(SessionedEurekaHttpClient.java:77)
	at com.netflix.discovery.shared.transport.decorator.EurekaHttpClientDecorator.sendHeartBeat(EurekaHttpClientDecorator.java:89)
	at com.netflix.discovery.DiscoveryClient.renew(DiscoveryClient.java:837)
	at com.netflix.discovery.DiscoveryClient$HeartbeatThread.run(DiscoveryClient.java:1401)
	at java.base/java.util.concurrent.Executors$RunnableAdapter.call(Executors.java:572)
	at java.base/java.util.concurrent.FutureTask.run(FutureTask.java:317)
	at java.base/java.util.concurrent.ThreadPoolExecutor.runWorker(ThreadPoolExecutor.java:1144)
	at java.base/java.util.concurrent.ThreadPoolExecutor$Worker.run(ThreadPoolExecutor.java:642)
	at java.base/java.lang.Thread.run(Thread.java:1583)
2026-05-02 22:55:46.038 [DiscoveryClient-CacheRefreshExecutor-0] WARN  c.n.d.s.t.d.RetryableEurekaHttpClient - Request execution failed with message: I/O error on GET request for "http://localhost:8761/eureka/apps/": Connect to http://localhost:8761 [localhost/127.0.0.1, localhost/0:0:0:0:0:0:0:1] failed: Connection refused: getsockopt
2026-05-02 22:55:46.168 [DiscoveryClient-InstanceInfoReplicator-0] WARN  c.n.d.s.t.d.RetryableEurekaHttpClient - Request execution failed with message: I/O error on POST request for "http://localhost:8761/eureka/apps/CATALOG-SERVICE": Connect to http://localhost:8761 [localhost/127.0.0.1, localhost/0:0:0:0:0:0:0:1] failed: Connection refused: getsockopt
2026-05-02 22:55:46.168 [DiscoveryClient-InstanceInfoReplicator-0] WARN  c.netflix.discovery.DiscoveryClient - DiscoveryClient_CATALOG-SERVICE/172.21.160.138:catalog-service:9092 - registration failed Cannot execute request on any known server
com.netflix.discovery.shared.transport.TransportException: Cannot execute request on any known server
	at com.netflix.discovery.shared.transport.decorator.RetryableEurekaHttpClient.execute(RetryableEurekaHttpClient.java:112)
	at com.netflix.discovery.shared.transport.decorator.EurekaHttpClientDecorator.register(EurekaHttpClientDecorator.java:56)
	at com.netflix.discovery.shared.transport.decorator.EurekaHttpClientDecorator$1.execute(EurekaHttpClientDecorator.java:59)
	at com.netflix.discovery.shared.transport.decorator.SessionedEurekaHttpClient.execute(SessionedEurekaHttpClient.java:77)
	at com.netflix.discovery.shared.transport.decorator.EurekaHttpClientDecorator.register(EurekaHttpClientDecorator.java:56)
	at com.netflix.discovery.DiscoveryClient.register(DiscoveryClient.java:820)
	at com.netflix.discovery.InstanceInfoReplicator.run(InstanceInfoReplicator.java:121)
	at java.base/java.util.concurrent.Executors$RunnableAdapter.call(Executors.java:572)
	at java.base/java.util.concurrent.FutureTask.run(FutureTask.java:317)
	at java.base/java.util.concurrent.ScheduledThreadPoolExecutor$ScheduledFutureTask.run(ScheduledThreadPoolExecutor.java:304)
	at java.base/java.util.concurrent.ThreadPoolExecutor.runWorker(ThreadPoolExecutor.java:1144)
	at java.base/java.util.concurrent.ThreadPoolExecutor$Worker.run(ThreadPoolExecutor.java:642)
	at java.base/java.lang.Thread.run(Thread.java:1583)
2026-05-02 22:55:46.168 [DiscoveryClient-InstanceInfoReplicator-0] WARN  c.n.discovery.InstanceInfoReplicator - There was a problem with the instance info replicator
com.netflix.discovery.shared.transport.TransportException: Cannot execute request on any known server
	at com.netflix.discovery.shared.transport.decorator.RetryableEurekaHttpClient.execute(RetryableEurekaHttpClient.java:112)
	at com.netflix.discovery.shared.transport.decorator.EurekaHttpClientDecorator.register(EurekaHttpClientDecorator.java:56)
	at com.netflix.discovery.shared.transport.decorator.EurekaHttpClientDecorator$1.execute(EurekaHttpClientDecorator.java:59)
	at com.netflix.discovery.shared.transport.decorator.SessionedEurekaHttpClient.execute(SessionedEurekaHttpClient.java:77)
	at com.netflix.discovery.shared.transport.decorator.EurekaHttpClientDecorator.register(EurekaHttpClientDecorator.java:56)
	at com.netflix.discovery.DiscoveryClient.register(DiscoveryClient.java:820)
	at com.netflix.discovery.InstanceInfoReplicator.run(InstanceInfoReplicator.java:121)
	at java.base/java.util.concurrent.Executors$RunnableAdapter.call(Executors.java:572)
	at java.base/java.util.concurrent.FutureTask.run(FutureTask.java:317)
	at java.base/java.util.concurrent.ScheduledThreadPoolExecutor$ScheduledFutureTask.run(ScheduledThreadPoolExecutor.java:304)
	at java.base/java.util.concurrent.ThreadPoolExecutor.runWorker(ThreadPoolExecutor.java:1144)
	at java.base/java.util.concurrent.ThreadPoolExecutor$Worker.run(ThreadPoolExecutor.java:642)
	at java.base/java.lang.Thread.run(Thread.java:1583)
2026-05-02 22:56:16.069 [DiscoveryClient-HeartbeatExecutor-0] WARN  c.n.d.s.t.d.RetryableEurekaHttpClient - Request execution failed with message: I/O error on PUT request for "http://localhost:8761/eureka/apps/CATALOG-SERVICE/172.21.160.138:catalog-service:9092": Connect to http://localhost:8761 [localhost/127.0.0.1, localhost/0:0:0:0:0:0:0:1] failed: Connection refused: getsockopt
2026-05-02 22:56:16.071 [DiscoveryClient-HeartbeatExecutor-0] ERROR c.netflix.discovery.DiscoveryClient - DiscoveryClient_CATALOG-SERVICE/172.21.160.138:catalog-service:9092 - was unable to send heartbeat!
com.netflix.discovery.shared.transport.TransportException: Cannot execute request on any known server
	at com.netflix.discovery.shared.transport.decorator.RetryableEurekaHttpClient.execute(RetryableEurekaHttpClient.java:112)
	at com.netflix.discovery.shared.transport.decorator.EurekaHttpClientDecorator.sendHeartBeat(EurekaHttpClientDecorator.java:89)
	at com.netflix.discovery.shared.transport.decorator.EurekaHttpClientDecorator$3.execute(EurekaHttpClientDecorator.java:92)
	at com.netflix.discovery.shared.transport.decorator.SessionedEurekaHttpClient.execute(SessionedEurekaHttpClient.java:77)
	at com.netflix.discovery.shared.transport.decorator.EurekaHttpClientDecorator.sendHeartBeat(EurekaHttpClientDecorator.java:89)
	at com.netflix.discovery.DiscoveryClient.renew(DiscoveryClient.java:837)
	at com.netflix.discovery.DiscoveryClient$HeartbeatThread.run(DiscoveryClient.java:1401)
	at java.base/java.util.concurrent.Executors$RunnableAdapter.call(Executors.java:572)
	at java.base/java.util.concurrent.FutureTask.run(FutureTask.java:317)
	at java.base/java.util.concurrent.ThreadPoolExecutor.runWorker(ThreadPoolExecutor.java:1144)
	at java.base/java.util.concurrent.ThreadPoolExecutor$Worker.run(ThreadPoolExecutor.java:642)
	at java.base/java.lang.Thread.run(Thread.java:1583)
2026-05-02 22:56:16.078 [DiscoveryClient-CacheRefreshExecutor-0] WARN  c.n.d.s.t.d.RetryableEurekaHttpClient - Request execution failed with message: I/O error on GET request for "http://localhost:8761/eureka/apps/": Connect to http://localhost:8761 [localhost/127.0.0.1, localhost/0:0:0:0:0:0:0:1] failed: Connection refused: getsockopt
2026-05-02 22:56:16.220 [DiscoveryClient-InstanceInfoReplicator-0] WARN  c.n.d.s.t.d.RetryableEurekaHttpClient - Request execution failed with message: I/O error on POST request for "http://localhost:8761/eureka/apps/CATALOG-SERVICE": Connect to http://localhost:8761 [localhost/127.0.0.1, localhost/0:0:0:0:0:0:0:1] failed: Connection refused: getsockopt
2026-05-02 22:56:16.220 [DiscoveryClient-InstanceInfoReplicator-0] WARN  c.netflix.discovery.DiscoveryClient - DiscoveryClient_CATALOG-SERVICE/172.21.160.138:catalog-service:9092 - registration failed Cannot execute request on any known server
com.netflix.discovery.shared.transport.TransportException: Cannot execute request on any known server
	at com.netflix.discovery.shared.transport.decorator.RetryableEurekaHttpClient.execute(RetryableEurekaHttpClient.java:112)
	at com.netflix.discovery.shared.transport.decorator.EurekaHttpClientDecorator.register(EurekaHttpClientDecorator.java:56)
	at com.netflix.discovery.shared.transport.decorator.EurekaHttpClientDecorator$1.execute(EurekaHttpClientDecorator.java:59)
	at com.netflix.discovery.shared.transport.decorator.SessionedEurekaHttpClient.execute(SessionedEurekaHttpClient.java:77)
	at com.netflix.discovery.shared.transport.decorator.EurekaHttpClientDecorator.register(EurekaHttpClientDecorator.java:56)
	at com.netflix.discovery.DiscoveryClient.register(DiscoveryClient.java:820)
	at com.netflix.discovery.InstanceInfoReplicator.run(InstanceInfoReplicator.java:121)
	at java.base/java.util.concurrent.Executors$RunnableAdapter.call(Executors.java:572)
	at java.base/java.util.concurrent.FutureTask.run(FutureTask.java:317)
	at java.base/java.util.concurrent.ScheduledThreadPoolExecutor$ScheduledFutureTask.run(ScheduledThreadPoolExecutor.java:304)
	at java.base/java.util.concurrent.ThreadPoolExecutor.runWorker(ThreadPoolExecutor.java:1144)
	at java.base/java.util.concurrent.ThreadPoolExecutor$Worker.run(ThreadPoolExecutor.java:642)
	at java.base/java.lang.Thread.run(Thread.java:1583)
2026-05-02 22:56:16.220 [DiscoveryClient-InstanceInfoReplicator-0] WARN  c.n.discovery.InstanceInfoReplicator - There was a problem with the instance info replicator
com.netflix.discovery.shared.transport.TransportException: Cannot execute request on any known server
	at com.netflix.discovery.shared.transport.decorator.RetryableEurekaHttpClient.execute(RetryableEurekaHttpClient.java:112)
	at com.netflix.discovery.shared.transport.decorator.EurekaHttpClientDecorator.register(EurekaHttpClientDecorator.java:56)
	at com.netflix.discovery.shared.transport.decorator.EurekaHttpClientDecorator$1.execute(EurekaHttpClientDecorator.java:59)
	at com.netflix.discovery.shared.transport.decorator.SessionedEurekaHttpClient.execute(SessionedEurekaHttpClient.java:77)
	at com.netflix.discovery.shared.transport.decorator.EurekaHttpClientDecorator.register(EurekaHttpClientDecorator.java:56)
	at com.netflix.discovery.DiscoveryClient.register(DiscoveryClient.java:820)
	at com.netflix.discovery.InstanceInfoReplicator.run(InstanceInfoReplicator.java:121)
	at java.base/java.util.concurrent.Executors$RunnableAdapter.call(Executors.java:572)
	at java.base/java.util.concurrent.FutureTask.run(FutureTask.java:317)
	at java.base/java.util.concurrent.ScheduledThreadPoolExecutor$ScheduledFutureTask.run(ScheduledThreadPoolExecutor.java:304)
	at java.base/java.util.concurrent.ThreadPoolExecutor.runWorker(ThreadPoolExecutor.java:1144)
	at java.base/java.util.concurrent.ThreadPoolExecutor$Worker.run(ThreadPoolExecutor.java:642)
	at java.base/java.lang.Thread.run(Thread.java:1583)
2026-05-02 22:56:46.202 [DiscoveryClient-HeartbeatExecutor-0] WARN  c.n.d.s.t.d.RetryableEurekaHttpClient - Request execution failed with message: I/O error on PUT request for "http://localhost:8761/eureka/apps/CATALOG-SERVICE/172.21.160.138:catalog-service:9092": Connect to http://localhost:8761 [localhost/127.0.0.1, localhost/0:0:0:0:0:0:0:1] failed: Connection refused: getsockopt
2026-05-02 22:56:46.202 [DiscoveryClient-CacheRefreshExecutor-0] WARN  c.n.d.s.t.d.RetryableEurekaHttpClient - Request execution failed with message: I/O error on GET request for "http://localhost:8761/eureka/apps/": Connect to http://localhost:8761 [localhost/127.0.0.1, localhost/0:0:0:0:0:0:0:1] failed: Connection refused: getsockopt
2026-05-02 22:56:46.202 [DiscoveryClient-HeartbeatExecutor-0] ERROR c.netflix.discovery.DiscoveryClient - DiscoveryClient_CATALOG-SERVICE/172.21.160.138:catalog-service:9092 - was unable to send heartbeat!
com.netflix.discovery.shared.transport.TransportException: Cannot execute request on any known server
	at com.netflix.discovery.shared.transport.decorator.RetryableEurekaHttpClient.execute(RetryableEurekaHttpClient.java:112)
	at com.netflix.discovery.shared.transport.decorator.EurekaHttpClientDecorator.sendHeartBeat(EurekaHttpClientDecorator.java:89)
	at com.netflix.discovery.shared.transport.decorator.EurekaHttpClientDecorator$3.execute(EurekaHttpClientDecorator.java:92)
	at com.netflix.discovery.shared.transport.decorator.SessionedEurekaHttpClient.execute(SessionedEurekaHttpClient.java:77)
	at com.netflix.discovery.shared.transport.decorator.EurekaHttpClientDecorator.sendHeartBeat(EurekaHttpClientDecorator.java:89)
	at com.netflix.discovery.DiscoveryClient.renew(DiscoveryClient.java:837)
	at com.netflix.discovery.DiscoveryClient$HeartbeatThread.run(DiscoveryClient.java:1401)
	at java.base/java.util.concurrent.Executors$RunnableAdapter.call(Executors.java:572)
	at java.base/java.util.concurrent.FutureTask.run(FutureTask.java:317)
	at java.base/java.util.concurrent.ThreadPoolExecutor.runWorker(ThreadPoolExecutor.java:1144)
	at java.base/java.util.concurrent.ThreadPoolExecutor$Worker.run(ThreadPoolExecutor.java:642)
	at java.base/java.lang.Thread.run(Thread.java:1583)
2026-05-02 22:56:46.285 [DiscoveryClient-InstanceInfoReplicator-0] WARN  c.n.d.s.t.d.RetryableEurekaHttpClient - Request execution failed with message: I/O error on POST request for "http://localhost:8761/eureka/apps/CATALOG-SERVICE": Connect to http://localhost:8761 [localhost/127.0.0.1, localhost/0:0:0:0:0:0:0:1] failed: Connection refused: getsockopt
2026-05-02 22:56:46.285 [DiscoveryClient-InstanceInfoReplicator-0] WARN  c.netflix.discovery.DiscoveryClient - DiscoveryClient_CATALOG-SERVICE/172.21.160.138:catalog-service:9092 - registration failed Cannot execute request on any known server
com.netflix.discovery.shared.transport.TransportException: Cannot execute request on any known server
	at com.netflix.discovery.shared.transport.decorator.RetryableEurekaHttpClient.execute(RetryableEurekaHttpClient.java:112)
	at com.netflix.discovery.shared.transport.decorator.EurekaHttpClientDecorator.register(EurekaHttpClientDecorator.java:56)
	at com.netflix.discovery.shared.transport.decorator.EurekaHttpClientDecorator$1.execute(EurekaHttpClientDecorator.java:59)
	at com.netflix.discovery.shared.transport.decorator.SessionedEurekaHttpClient.execute(SessionedEurekaHttpClient.java:77)
	at com.netflix.discovery.shared.transport.decorator.EurekaHttpClientDecorator.register(EurekaHttpClientDecorator.java:56)
	at com.netflix.discovery.DiscoveryClient.register(DiscoveryClient.java:820)
	at com.netflix.discovery.InstanceInfoReplicator.run(InstanceInfoReplicator.java:121)
	at java.base/java.util.concurrent.Executors$RunnableAdapter.call(Executors.java:572)
	at java.base/java.util.concurrent.FutureTask.run(FutureTask.java:317)
	at java.base/java.util.concurrent.ScheduledThreadPoolExecutor$ScheduledFutureTask.run(ScheduledThreadPoolExecutor.java:304)
	at java.base/java.util.concurrent.ThreadPoolExecutor.runWorker(ThreadPoolExecutor.java:1144)
	at java.base/java.util.concurrent.ThreadPoolExecutor$Worker.run(ThreadPoolExecutor.java:642)
	at java.base/java.lang.Thread.run(Thread.java:1583)
2026-05-02 22:56:46.285 [DiscoveryClient-InstanceInfoReplicator-0] WARN  c.n.discovery.InstanceInfoReplicator - There was a problem with the instance info replicator
com.netflix.discovery.shared.transport.TransportException: Cannot execute request on any known server
	at com.netflix.discovery.shared.transport.decorator.RetryableEurekaHttpClient.execute(RetryableEurekaHttpClient.java:112)
	at com.netflix.discovery.shared.transport.decorator.EurekaHttpClientDecorator.register(EurekaHttpClientDecorator.java:56)
	at com.netflix.discovery.shared.transport.decorator.EurekaHttpClientDecorator$1.execute(EurekaHttpClientDecorator.java:59)
	at com.netflix.discovery.shared.transport.decorator.SessionedEurekaHttpClient.execute(SessionedEurekaHttpClient.java:77)
	at com.netflix.discovery.shared.transport.decorator.EurekaHttpClientDecorator.register(EurekaHttpClientDecorator.java:56)
	at com.netflix.discovery.DiscoveryClient.register(DiscoveryClient.java:820)
	at com.netflix.discovery.InstanceInfoReplicator.run(InstanceInfoReplicator.java:121)
	at java.base/java.util.concurrent.Executors$RunnableAdapter.call(Executors.java:572)
	at java.base/java.util.concurrent.FutureTask.run(FutureTask.java:317)
	at java.base/java.util.concurrent.ScheduledThreadPoolExecutor$ScheduledFutureTask.run(ScheduledThreadPoolExecutor.java:304)
	at java.base/java.util.concurrent.ThreadPoolExecutor.runWorker(ThreadPoolExecutor.java:1144)
	at java.base/java.util.concurrent.ThreadPoolExecutor$Worker.run(ThreadPoolExecutor.java:642)
	at java.base/java.lang.Thread.run(Thread.java:1583)
2026-05-02 22:57:16.243 [DiscoveryClient-HeartbeatExecutor-0] WARN  c.n.d.s.t.d.RetryableEurekaHttpClient - Request execution failed with message: I/O error on PUT request for "http://localhost:8761/eureka/apps/CATALOG-SERVICE/172.21.160.138:catalog-service:9092": Connect to http://localhost:8761 [localhost/127.0.0.1, localhost/0:0:0:0:0:0:0:1] failed: Connection refused: getsockopt
2026-05-02 22:57:16.248 [DiscoveryClient-HeartbeatExecutor-0] ERROR c.netflix.discovery.DiscoveryClient - DiscoveryClient_CATALOG-SERVICE/172.21.160.138:catalog-service:9092 - was unable to send heartbeat!
com.netflix.discovery.shared.transport.TransportException: Cannot execute request on any known server
	at com.netflix.discovery.shared.transport.decorator.RetryableEurekaHttpClient.execute(RetryableEurekaHttpClient.java:112)
	at com.netflix.discovery.shared.transport.decorator.EurekaHttpClientDecorator.sendHeartBeat(EurekaHttpClientDecorator.java:89)
	at com.netflix.discovery.shared.transport.decorator.EurekaHttpClientDecorator$3.execute(EurekaHttpClientDecorator.java:92)
	at com.netflix.discovery.shared.transport.decorator.SessionedEurekaHttpClient.execute(SessionedEurekaHttpClient.java:77)
	at com.netflix.discovery.shared.transport.decorator.EurekaHttpClientDecorator.sendHeartBeat(EurekaHttpClientDecorator.java:89)
	at com.netflix.discovery.DiscoveryClient.renew(DiscoveryClient.java:837)
	at com.netflix.discovery.DiscoveryClient$HeartbeatThread.run(DiscoveryClient.java:1401)
	at java.base/java.util.concurrent.Executors$RunnableAdapter.call(Executors.java:572)
	at java.base/java.util.concurrent.FutureTask.run(FutureTask.java:317)
	at java.base/java.util.concurrent.ThreadPoolExecutor.runWorker(ThreadPoolExecutor.java:1144)
	at java.base/java.util.concurrent.ThreadPoolExecutor$Worker.run(ThreadPoolExecutor.java:642)
	at java.base/java.lang.Thread.run(Thread.java:1583)
2026-05-02 22:57:16.265 [DiscoveryClient-CacheRefreshExecutor-0] WARN  c.n.d.s.t.d.RetryableEurekaHttpClient - Request execution failed with message: I/O error on GET request for "http://localhost:8761/eureka/apps/": Connect to http://localhost:8761 [localhost/127.0.0.1, localhost/0:0:0:0:0:0:0:1] failed: Connection refused: getsockopt
2026-05-02 22:57:16.342 [DiscoveryClient-InstanceInfoReplicator-0] WARN  c.n.d.s.t.d.RetryableEurekaHttpClient - Request execution failed with message: I/O error on POST request for "http://localhost:8761/eureka/apps/CATALOG-SERVICE": Connect to http://localhost:8761 [localhost/127.0.0.1, localhost/0:0:0:0:0:0:0:1] failed: Connection refused: getsockopt
2026-05-02 22:57:16.344 [DiscoveryClient-InstanceInfoReplicator-0] WARN  c.netflix.discovery.DiscoveryClient - DiscoveryClient_CATALOG-SERVICE/172.21.160.138:catalog-service:9092 - registration failed Cannot execute request on any known server
com.netflix.discovery.shared.transport.TransportException: Cannot execute request on any known server
	at com.netflix.discovery.shared.transport.decorator.RetryableEurekaHttpClient.execute(RetryableEurekaHttpClient.java:112)
	at com.netflix.discovery.shared.transport.decorator.EurekaHttpClientDecorator.register(EurekaHttpClientDecorator.java:56)
	at com.netflix.discovery.shared.transport.decorator.EurekaHttpClientDecorator$1.execute(EurekaHttpClientDecorator.java:59)
	at com.netflix.discovery.shared.transport.decorator.SessionedEurekaHttpClient.execute(SessionedEurekaHttpClient.java:77)
	at com.netflix.discovery.shared.transport.decorator.EurekaHttpClientDecorator.register(EurekaHttpClientDecorator.java:56)
	at com.netflix.discovery.DiscoveryClient.register(DiscoveryClient.java:820)
	at com.netflix.discovery.InstanceInfoReplicator.run(InstanceInfoReplicator.java:121)
	at java.base/java.util.concurrent.Executors$RunnableAdapter.call(Executors.java:572)
	at java.base/java.util.concurrent.FutureTask.run(FutureTask.java:317)
	at java.base/java.util.concurrent.ScheduledThreadPoolExecutor$ScheduledFutureTask.run(ScheduledThreadPoolExecutor.java:304)
	at java.base/java.util.concurrent.ThreadPoolExecutor.runWorker(ThreadPoolExecutor.java:1144)
	at java.base/java.util.concurrent.ThreadPoolExecutor$Worker.run(ThreadPoolExecutor.java:642)
	at java.base/java.lang.Thread.run(Thread.java:1583)
2026-05-02 22:57:16.345 [DiscoveryClient-InstanceInfoReplicator-0] WARN  c.n.discovery.InstanceInfoReplicator - There was a problem with the instance info replicator
com.netflix.discovery.shared.transport.TransportException: Cannot execute request on any known server
	at com.netflix.discovery.shared.transport.decorator.RetryableEurekaHttpClient.execute(RetryableEurekaHttpClient.java:112)
	at com.netflix.discovery.shared.transport.decorator.EurekaHttpClientDecorator.register(EurekaHttpClientDecorator.java:56)
	at com.netflix.discovery.shared.transport.decorator.EurekaHttpClientDecorator$1.execute(EurekaHttpClientDecorator.java:59)
	at com.netflix.discovery.shared.transport.decorator.SessionedEurekaHttpClient.execute(SessionedEurekaHttpClient.java:77)
	at com.netflix.discovery.shared.transport.decorator.EurekaHttpClientDecorator.register(EurekaHttpClientDecorator.java:56)
	at com.netflix.discovery.DiscoveryClient.register(DiscoveryClient.java:820)
	at com.netflix.discovery.InstanceInfoReplicator.run(InstanceInfoReplicator.java:121)
	at java.base/java.util.concurrent.Executors$RunnableAdapter.call(Executors.java:572)
	at java.base/java.util.concurrent.FutureTask.run(FutureTask.java:317)
	at java.base/java.util.concurrent.ScheduledThreadPoolExecutor$ScheduledFutureTask.run(ScheduledThreadPoolExecutor.java:304)
	at java.base/java.util.concurrent.ThreadPoolExecutor.runWorker(ThreadPoolExecutor.java:1144)
	at java.base/java.util.concurrent.ThreadPoolExecutor$Worker.run(ThreadPoolExecutor.java:642)
	at java.base/java.lang.Thread.run(Thread.java:1583)
2026-05-02 22:57:46.279 [DiscoveryClient-HeartbeatExecutor-0] WARN  c.n.d.s.t.d.RetryableEurekaHttpClient - Request execution failed with message: I/O error on PUT request for "http://localhost:8761/eureka/apps/CATALOG-SERVICE/172.21.160.138:catalog-service:9092": Connect to http://localhost:8761 [localhost/127.0.0.1, localhost/0:0:0:0:0:0:0:1] failed: Connection refused: getsockopt
2026-05-02 22:57:46.281 [DiscoveryClient-HeartbeatExecutor-0] ERROR c.netflix.discovery.DiscoveryClient - DiscoveryClient_CATALOG-SERVICE/172.21.160.138:catalog-service:9092 - was unable to send heartbeat!
com.netflix.discovery.shared.transport.TransportException: Cannot execute request on any known server
	at com.netflix.discovery.shared.transport.decorator.RetryableEurekaHttpClient.execute(RetryableEurekaHttpClient.java:112)
	at com.netflix.discovery.shared.transport.decorator.EurekaHttpClientDecorator.sendHeartBeat(EurekaHttpClientDecorator.java:89)
	at com.netflix.discovery.shared.transport.decorator.EurekaHttpClientDecorator$3.execute(EurekaHttpClientDecorator.java:92)
	at com.netflix.discovery.shared.transport.decorator.SessionedEurekaHttpClient.execute(SessionedEurekaHttpClient.java:77)
	at com.netflix.discovery.shared.transport.decorator.EurekaHttpClientDecorator.sendHeartBeat(EurekaHttpClientDecorator.java:89)
	at com.netflix.discovery.DiscoveryClient.renew(DiscoveryClient.java:837)
	at com.netflix.discovery.DiscoveryClient$HeartbeatThread.run(DiscoveryClient.java:1401)
	at java.base/java.util.concurrent.Executors$RunnableAdapter.call(Executors.java:572)
	at java.base/java.util.concurrent.FutureTask.run(FutureTask.java:317)
	at java.base/java.util.concurrent.ThreadPoolExecutor.runWorker(ThreadPoolExecutor.java:1144)
	at java.base/java.util.concurrent.ThreadPoolExecutor$Worker.run(ThreadPoolExecutor.java:642)
	at java.base/java.lang.Thread.run(Thread.java:1583)
2026-05-02 22:57:46.307 [DiscoveryClient-CacheRefreshExecutor-0] WARN  c.n.d.s.t.d.RetryableEurekaHttpClient - Request execution failed with message: I/O error on GET request for "http://localhost:8761/eureka/apps/": Connect to http://localhost:8761 [localhost/127.0.0.1, localhost/0:0:0:0:0:0:0:1] failed: Connection refused: getsockopt
2026-05-02 22:57:46.392 [DiscoveryClient-InstanceInfoReplicator-0] WARN  c.n.d.s.t.d.RetryableEurekaHttpClient - Request execution failed with message: I/O error on POST request for "http://localhost:8761/eureka/apps/CATALOG-SERVICE": Connect to http://localhost:8761 [localhost/127.0.0.1, localhost/0:0:0:0:0:0:0:1] failed: Connection refused: getsockopt
2026-05-02 22:57:46.392 [DiscoveryClient-InstanceInfoReplicator-0] WARN  c.netflix.discovery.DiscoveryClient - DiscoveryClient_CATALOG-SERVICE/172.21.160.138:catalog-service:9092 - registration failed Cannot execute request on any known server
com.netflix.discovery.shared.transport.TransportException: Cannot execute request on any known server
	at com.netflix.discovery.shared.transport.decorator.RetryableEurekaHttpClient.execute(RetryableEurekaHttpClient.java:112)
	at com.netflix.discovery.shared.transport.decorator.EurekaHttpClientDecorator.register(EurekaHttpClientDecorator.java:56)
	at com.netflix.discovery.shared.transport.decorator.EurekaHttpClientDecorator$1.execute(EurekaHttpClientDecorator.java:59)
	at com.netflix.discovery.shared.transport.decorator.SessionedEurekaHttpClient.execute(SessionedEurekaHttpClient.java:77)
	at com.netflix.discovery.shared.transport.decorator.EurekaHttpClientDecorator.register(EurekaHttpClientDecorator.java:56)
	at com.netflix.discovery.DiscoveryClient.register(DiscoveryClient.java:820)
	at com.netflix.discovery.InstanceInfoReplicator.run(InstanceInfoReplicator.java:121)
	at java.base/java.util.concurrent.Executors$RunnableAdapter.call(Executors.java:572)
	at java.base/java.util.concurrent.FutureTask.run(FutureTask.java:317)
	at java.base/java.util.concurrent.ScheduledThreadPoolExecutor$ScheduledFutureTask.run(ScheduledThreadPoolExecutor.java:304)
	at java.base/java.util.concurrent.ThreadPoolExecutor.runWorker(ThreadPoolExecutor.java:1144)
	at java.base/java.util.concurrent.ThreadPoolExecutor$Worker.run(ThreadPoolExecutor.java:642)
	at java.base/java.lang.Thread.run(Thread.java:1583)
2026-05-02 22:57:46.392 [DiscoveryClient-InstanceInfoReplicator-0] WARN  c.n.discovery.InstanceInfoReplicator - There was a problem with the instance info replicator
com.netflix.discovery.shared.transport.TransportException: Cannot execute request on any known server
	at com.netflix.discovery.shared.transport.decorator.RetryableEurekaHttpClient.execute(RetryableEurekaHttpClient.java:112)
	at com.netflix.discovery.shared.transport.decorator.EurekaHttpClientDecorator.register(EurekaHttpClientDecorator.java:56)
	at com.netflix.discovery.shared.transport.decorator.EurekaHttpClientDecorator$1.execute(EurekaHttpClientDecorator.java:59)
	at com.netflix.discovery.shared.transport.decorator.SessionedEurekaHttpClient.execute(SessionedEurekaHttpClient.java:77)
	at com.netflix.discovery.shared.transport.decorator.EurekaHttpClientDecorator.register(EurekaHttpClientDecorator.java:56)
	at com.netflix.discovery.DiscoveryClient.register(DiscoveryClient.java:820)
	at com.netflix.discovery.InstanceInfoReplicator.run(InstanceInfoReplicator.java:121)
	at java.base/java.util.concurrent.Executors$RunnableAdapter.call(Executors.java:572)
	at java.base/java.util.concurrent.FutureTask.run(FutureTask.java:317)
	at java.base/java.util.concurrent.ScheduledThreadPoolExecutor$ScheduledFutureTask.run(ScheduledThreadPoolExecutor.java:304)
	at java.base/java.util.concurrent.ThreadPoolExecutor.runWorker(ThreadPoolExecutor.java:1144)
	at java.base/java.util.concurrent.ThreadPoolExecutor$Worker.run(ThreadPoolExecutor.java:642)
	at java.base/java.lang.Thread.run(Thread.java:1583)
2026-05-02 22:58:16.558 [DiscoveryClient-HeartbeatExecutor-0] WARN  c.n.d.s.t.d.RetryableEurekaHttpClient - Request execution failed with message: I/O error on PUT request for "http://localhost:8761/eureka/apps/CATALOG-SERVICE/172.21.160.138:catalog-service:9092": Connect to http://localhost:8761 [localhost/127.0.0.1, localhost/0:0:0:0:0:0:0:1] failed: Connection refused: getsockopt
2026-05-02 22:58:16.590 [DiscoveryClient-InstanceInfoReplicator-0] WARN  c.n.d.s.t.d.RetryableEurekaHttpClient - Request execution failed with message: I/O error on POST request for "http://localhost:8761/eureka/apps/CATALOG-SERVICE": Connect to http://localhost:8761 [localhost/127.0.0.1, localhost/0:0:0:0:0:0:0:1] failed: Connection refused: getsockopt
2026-05-02 22:58:16.590 [DiscoveryClient-InstanceInfoReplicator-0] WARN  c.netflix.discovery.DiscoveryClient - DiscoveryClient_CATALOG-SERVICE/172.21.160.138:catalog-service:9092 - registration failed Cannot execute request on any known server
com.netflix.discovery.shared.transport.TransportException: Cannot execute request on any known server
	at com.netflix.discovery.shared.transport.decorator.RetryableEurekaHttpClient.execute(RetryableEurekaHttpClient.java:112)
	at com.netflix.discovery.shared.transport.decorator.EurekaHttpClientDecorator.register(EurekaHttpClientDecorator.java:56)
	at com.netflix.discovery.shared.transport.decorator.EurekaHttpClientDecorator$1.execute(EurekaHttpClientDecorator.java:59)
	at com.netflix.discovery.shared.transport.decorator.SessionedEurekaHttpClient.execute(SessionedEurekaHttpClient.java:77)
	at com.netflix.discovery.shared.transport.decorator.EurekaHttpClientDecorator.register(EurekaHttpClientDecorator.java:56)
	at com.netflix.discovery.DiscoveryClient.register(DiscoveryClient.java:820)
	at com.netflix.discovery.InstanceInfoReplicator.run(InstanceInfoReplicator.java:121)
	at java.base/java.util.concurrent.Executors$RunnableAdapter.call(Executors.java:572)
	at java.base/java.util.concurrent.FutureTask.run(FutureTask.java:317)
	at java.base/java.util.concurrent.ScheduledThreadPoolExecutor$ScheduledFutureTask.run(ScheduledThreadPoolExecutor.java:304)
	at java.base/java.util.concurrent.ThreadPoolExecutor.runWorker(ThreadPoolExecutor.java:1144)
	at java.base/java.util.concurrent.ThreadPoolExecutor$Worker.run(ThreadPoolExecutor.java:642)
	at java.base/java.lang.Thread.run(Thread.java:1583)
2026-05-02 22:58:16.585 [DiscoveryClient-HeartbeatExecutor-0] ERROR c.netflix.discovery.DiscoveryClient - DiscoveryClient_CATALOG-SERVICE/172.21.160.138:catalog-service:9092 - was unable to send heartbeat!
com.netflix.discovery.shared.transport.TransportException: Cannot execute request on any known server
	at com.netflix.discovery.shared.transport.decorator.RetryableEurekaHttpClient.execute(RetryableEurekaHttpClient.java:112)
	at com.netflix.discovery.shared.transport.decorator.EurekaHttpClientDecorator.sendHeartBeat(EurekaHttpClientDecorator.java:89)
	at com.netflix.discovery.shared.transport.decorator.EurekaHttpClientDecorator$3.execute(EurekaHttpClientDecorator.java:92)
	at com.netflix.discovery.shared.transport.decorator.SessionedEurekaHttpClient.execute(SessionedEurekaHttpClient.java:77)
	at com.netflix.discovery.shared.transport.decorator.EurekaHttpClientDecorator.sendHeartBeat(EurekaHttpClientDecorator.java:89)
	at com.netflix.discovery.DiscoveryClient.renew(DiscoveryClient.java:837)
	at com.netflix.discovery.DiscoveryClient$HeartbeatThread.run(DiscoveryClient.java:1401)
	at java.base/java.util.concurrent.Executors$RunnableAdapter.call(Executors.java:572)
	at java.base/java.util.concurrent.FutureTask.run(FutureTask.java:317)
	at java.base/java.util.concurrent.ThreadPoolExecutor.runWorker(ThreadPoolExecutor.java:1144)
	at java.base/java.util.concurrent.ThreadPoolExecutor$Worker.run(ThreadPoolExecutor.java:642)
	at java.base/java.lang.Thread.run(Thread.java:1583)
2026-05-02 22:58:16.611 [DiscoveryClient-InstanceInfoReplicator-0] WARN  c.n.discovery.InstanceInfoReplicator - There was a problem with the instance info replicator
com.netflix.discovery.shared.transport.TransportException: Cannot execute request on any known server
	at com.netflix.discovery.shared.transport.decorator.RetryableEurekaHttpClient.execute(RetryableEurekaHttpClient.java:112)
	at com.netflix.discovery.shared.transport.decorator.EurekaHttpClientDecorator.register(EurekaHttpClientDecorator.java:56)
	at com.netflix.discovery.shared.transport.decorator.EurekaHttpClientDecorator$1.execute(EurekaHttpClientDecorator.java:59)
	at com.netflix.discovery.shared.transport.decorator.SessionedEurekaHttpClient.execute(SessionedEurekaHttpClient.java:77)
	at com.netflix.discovery.shared.transport.decorator.EurekaHttpClientDecorator.register(EurekaHttpClientDecorator.java:56)
	at com.netflix.discovery.DiscoveryClient.register(DiscoveryClient.java:820)
	at com.netflix.discovery.InstanceInfoReplicator.run(InstanceInfoReplicator.java:121)
	at java.base/java.util.concurrent.Executors$RunnableAdapter.call(Executors.java:572)
	at java.base/java.util.concurrent.FutureTask.run(FutureTask.java:317)
	at java.base/java.util.concurrent.ScheduledThreadPoolExecutor$ScheduledFutureTask.run(ScheduledThreadPoolExecutor.java:304)
	at java.base/java.util.concurrent.ThreadPoolExecutor.runWorker(ThreadPoolExecutor.java:1144)
	at java.base/java.util.concurrent.ThreadPoolExecutor$Worker.run(ThreadPoolExecutor.java:642)
	at java.base/java.lang.Thread.run(Thread.java:1583)
2026-05-02 22:58:16.637 [DiscoveryClient-CacheRefreshExecutor-0] WARN  c.n.d.s.t.d.RetryableEurekaHttpClient - Request execution failed with message: I/O error on GET request for "http://localhost:8761/eureka/apps/": Connect to http://localhost:8761 [localhost/127.0.0.1, localhost/0:0:0:0:0:0:0:1] failed: Connection refused: getsockopt
2026-05-02 22:58:46.664 [DiscoveryClient-HeartbeatExecutor-0] WARN  c.n.d.s.t.d.RetryableEurekaHttpClient - Request execution failed with message: I/O error on PUT request for "http://localhost:8761/eureka/apps/CATALOG-SERVICE/172.21.160.138:catalog-service:9092": Connect to http://localhost:8761 [localhost/127.0.0.1, localhost/0:0:0:0:0:0:0:1] failed: Connection refused: getsockopt
2026-05-02 22:58:46.664 [DiscoveryClient-HeartbeatExecutor-0] ERROR c.netflix.discovery.DiscoveryClient - DiscoveryClient_CATALOG-SERVICE/172.21.160.138:catalog-service:9092 - was unable to send heartbeat!
com.netflix.discovery.shared.transport.TransportException: Cannot execute request on any known server
	at com.netflix.discovery.shared.transport.decorator.RetryableEurekaHttpClient.execute(RetryableEurekaHttpClient.java:112)
	at com.netflix.discovery.shared.transport.decorator.EurekaHttpClientDecorator.sendHeartBeat(EurekaHttpClientDecorator.java:89)
	at com.netflix.discovery.shared.transport.decorator.EurekaHttpClientDecorator$3.execute(EurekaHttpClientDecorator.java:92)
	at com.netflix.discovery.shared.transport.decorator.SessionedEurekaHttpClient.execute(SessionedEurekaHttpClient.java:77)
	at com.netflix.discovery.shared.transport.decorator.EurekaHttpClientDecorator.sendHeartBeat(EurekaHttpClientDecorator.java:89)
	at com.netflix.discovery.DiscoveryClient.renew(DiscoveryClient.java:837)
	at com.netflix.discovery.DiscoveryClient$HeartbeatThread.run(DiscoveryClient.java:1401)
	at java.base/java.util.concurrent.Executors$RunnableAdapter.call(Executors.java:572)
	at java.base/java.util.concurrent.FutureTask.run(FutureTask.java:317)
	at java.base/java.util.concurrent.ThreadPoolExecutor.runWorker(ThreadPoolExecutor.java:1144)
	at java.base/java.util.concurrent.ThreadPoolExecutor$Worker.run(ThreadPoolExecutor.java:642)
	at java.base/java.lang.Thread.run(Thread.java:1583)
2026-05-02 22:58:46.747 [DiscoveryClient-InstanceInfoReplicator-0] WARN  c.n.d.s.t.d.RetryableEurekaHttpClient - Request execution failed with message: I/O error on POST request for "http://localhost:8761/eureka/apps/CATALOG-SERVICE": Connect to http://localhost:8761 [localhost/127.0.0.1, localhost/0:0:0:0:0:0:0:1] failed: Connection refused: getsockopt
2026-05-02 22:58:46.747 [DiscoveryClient-InstanceInfoReplicator-0] WARN  c.netflix.discovery.DiscoveryClient - DiscoveryClient_CATALOG-SERVICE/172.21.160.138:catalog-service:9092 - registration failed Cannot execute request on any known server
com.netflix.discovery.shared.transport.TransportException: Cannot execute request on any known server
	at com.netflix.discovery.shared.transport.decorator.RetryableEurekaHttpClient.execute(RetryableEurekaHttpClient.java:112)
	at com.netflix.discovery.shared.transport.decorator.EurekaHttpClientDecorator.register(EurekaHttpClientDecorator.java:56)
	at com.netflix.discovery.shared.transport.decorator.EurekaHttpClientDecorator$1.execute(EurekaHttpClientDecorator.java:59)
	at com.netflix.discovery.shared.transport.decorator.SessionedEurekaHttpClient.execute(SessionedEurekaHttpClient.java:77)
	at com.netflix.discovery.shared.transport.decorator.EurekaHttpClientDecorator.register(EurekaHttpClientDecorator.java:56)
	at com.netflix.discovery.DiscoveryClient.register(DiscoveryClient.java:820)
	at com.netflix.discovery.InstanceInfoReplicator.run(InstanceInfoReplicator.java:121)
	at java.base/java.util.concurrent.Executors$RunnableAdapter.call(Executors.java:572)
	at java.base/java.util.concurrent.FutureTask.run(FutureTask.java:317)
	at java.base/java.util.concurrent.ScheduledThreadPoolExecutor$ScheduledFutureTask.run(ScheduledThreadPoolExecutor.java:304)
	at java.base/java.util.concurrent.ThreadPoolExecutor.runWorker(ThreadPoolExecutor.java:1144)
	at java.base/java.util.concurrent.ThreadPoolExecutor$Worker.run(ThreadPoolExecutor.java:642)
	at java.base/java.lang.Thread.run(Thread.java:1583)
2026-05-02 22:58:46.747 [DiscoveryClient-InstanceInfoReplicator-0] WARN  c.n.discovery.InstanceInfoReplicator - There was a problem with the instance info replicator
com.netflix.discovery.shared.transport.TransportException: Cannot execute request on any known server
	at com.netflix.discovery.shared.transport.decorator.RetryableEurekaHttpClient.execute(RetryableEurekaHttpClient.java:112)
	at com.netflix.discovery.shared.transport.decorator.EurekaHttpClientDecorator.register(EurekaHttpClientDecorator.java:56)
	at com.netflix.discovery.shared.transport.decorator.EurekaHttpClientDecorator$1.execute(EurekaHttpClientDecorator.java:59)
	at com.netflix.discovery.shared.transport.decorator.SessionedEurekaHttpClient.execute(SessionedEurekaHttpClient.java:77)
	at com.netflix.discovery.shared.transport.decorator.EurekaHttpClientDecorator.register(EurekaHttpClientDecorator.java:56)
	at com.netflix.discovery.DiscoveryClient.register(DiscoveryClient.java:820)
	at com.netflix.discovery.InstanceInfoReplicator.run(InstanceInfoReplicator.java:121)
	at java.base/java.util.concurrent.Executors$RunnableAdapter.call(Executors.java:572)
	at java.base/java.util.concurrent.FutureTask.run(FutureTask.java:317)
	at java.base/java.util.concurrent.ScheduledThreadPoolExecutor$ScheduledFutureTask.run(ScheduledThreadPoolExecutor.java:304)
	at java.base/java.util.concurrent.ThreadPoolExecutor.runWorker(ThreadPoolExecutor.java:1144)
	at java.base/java.util.concurrent.ThreadPoolExecutor$Worker.run(ThreadPoolExecutor.java:642)
	at java.base/java.lang.Thread.run(Thread.java:1583)
2026-05-02 22:58:46.768 [DiscoveryClient-CacheRefreshExecutor-0] WARN  c.n.d.s.t.d.RetryableEurekaHttpClient - Request execution failed with message: I/O error on GET request for "http://localhost:8761/eureka/apps/": Connect to http://localhost:8761 [localhost/127.0.0.1, localhost/0:0:0:0:0:0:0:1] failed: Connection refused: getsockopt
2026-05-02 22:59:16.697 [DiscoveryClient-HeartbeatExecutor-0] WARN  c.n.d.s.t.d.RetryableEurekaHttpClient - Request execution failed with message: I/O error on PUT request for "http://localhost:8761/eureka/apps/CATALOG-SERVICE/172.21.160.138:catalog-service:9092": Connect to http://localhost:8761 [localhost/127.0.0.1, localhost/0:0:0:0:0:0:0:1] failed: Connection refused: getsockopt
2026-05-02 22:59:16.697 [DiscoveryClient-HeartbeatExecutor-0] ERROR c.netflix.discovery.DiscoveryClient - DiscoveryClient_CATALOG-SERVICE/172.21.160.138:catalog-service:9092 - was unable to send heartbeat!
com.netflix.discovery.shared.transport.TransportException: Cannot execute request on any known server
	at com.netflix.discovery.shared.transport.decorator.RetryableEurekaHttpClient.execute(RetryableEurekaHttpClient.java:112)
	at com.netflix.discovery.shared.transport.decorator.EurekaHttpClientDecorator.sendHeartBeat(EurekaHttpClientDecorator.java:89)
	at com.netflix.discovery.shared.transport.decorator.EurekaHttpClientDecorator$3.execute(EurekaHttpClientDecorator.java:92)
	at com.netflix.discovery.shared.transport.decorator.SessionedEurekaHttpClient.execute(SessionedEurekaHttpClient.java:77)
	at com.netflix.discovery.shared.transport.decorator.EurekaHttpClientDecorator.sendHeartBeat(EurekaHttpClientDecorator.java:89)
	at com.netflix.discovery.DiscoveryClient.renew(DiscoveryClient.java:837)
	at com.netflix.discovery.DiscoveryClient$HeartbeatThread.run(DiscoveryClient.java:1401)
	at java.base/java.util.concurrent.Executors$RunnableAdapter.call(Executors.java:572)
	at java.base/java.util.concurrent.FutureTask.run(FutureTask.java:317)
	at java.base/java.util.concurrent.ThreadPoolExecutor.runWorker(ThreadPoolExecutor.java:1144)
	at java.base/java.util.concurrent.ThreadPoolExecutor$Worker.run(ThreadPoolExecutor.java:642)
	at java.base/java.lang.Thread.run(Thread.java:1583)
2026-05-02 22:59:16.805 [DiscoveryClient-InstanceInfoReplicator-0] WARN  c.n.d.s.t.d.RetryableEurekaHttpClient - Request execution failed with message: I/O error on POST request for "http://localhost:8761/eureka/apps/CATALOG-SERVICE": Connect to http://localhost:8761 [localhost/127.0.0.1, localhost/0:0:0:0:0:0:0:1] failed: Connection refused: getsockopt
2026-05-02 22:59:16.809 [DiscoveryClient-InstanceInfoReplicator-0] WARN  c.netflix.discovery.DiscoveryClient - DiscoveryClient_CATALOG-SERVICE/172.21.160.138:catalog-service:9092 - registration failed Cannot execute request on any known server
com.netflix.discovery.shared.transport.TransportException: Cannot execute request on any known server
	at com.netflix.discovery.shared.transport.decorator.RetryableEurekaHttpClient.execute(RetryableEurekaHttpClient.java:112)
	at com.netflix.discovery.shared.transport.decorator.EurekaHttpClientDecorator.register(EurekaHttpClientDecorator.java:56)
	at com.netflix.discovery.shared.transport.decorator.EurekaHttpClientDecorator$1.execute(EurekaHttpClientDecorator.java:59)
	at com.netflix.discovery.shared.transport.decorator.SessionedEurekaHttpClient.execute(SessionedEurekaHttpClient.java:77)
	at com.netflix.discovery.shared.transport.decorator.EurekaHttpClientDecorator.register(EurekaHttpClientDecorator.java:56)
	at com.netflix.discovery.DiscoveryClient.register(DiscoveryClient.java:820)
	at com.netflix.discovery.InstanceInfoReplicator.run(InstanceInfoReplicator.java:121)
	at java.base/java.util.concurrent.Executors$RunnableAdapter.call(Executors.java:572)
	at java.base/java.util.concurrent.FutureTask.run(FutureTask.java:317)
	at java.base/java.util.concurrent.ScheduledThreadPoolExecutor$ScheduledFutureTask.run(ScheduledThreadPoolExecutor.java:304)
	at java.base/java.util.concurrent.ThreadPoolExecutor.runWorker(ThreadPoolExecutor.java:1144)
	at java.base/java.util.concurrent.ThreadPoolExecutor$Worker.run(ThreadPoolExecutor.java:642)
	at java.base/java.lang.Thread.run(Thread.java:1583)
2026-05-02 22:59:16.815 [DiscoveryClient-InstanceInfoReplicator-0] WARN  c.n.discovery.InstanceInfoReplicator - There was a problem with the instance info replicator
com.netflix.discovery.shared.transport.TransportException: Cannot execute request on any known server
	at com.netflix.discovery.shared.transport.decorator.RetryableEurekaHttpClient.execute(RetryableEurekaHttpClient.java:112)
	at com.netflix.discovery.shared.transport.decorator.EurekaHttpClientDecorator.register(EurekaHttpClientDecorator.java:56)
	at com.netflix.discovery.shared.transport.decorator.EurekaHttpClientDecorator$1.execute(EurekaHttpClientDecorator.java:59)
	at com.netflix.discovery.shared.transport.decorator.SessionedEurekaHttpClient.execute(SessionedEurekaHttpClient.java:77)
	at com.netflix.discovery.shared.transport.decorator.EurekaHttpClientDecorator.register(EurekaHttpClientDecorator.java:56)
	at com.netflix.discovery.DiscoveryClient.register(DiscoveryClient.java:820)
	at com.netflix.discovery.InstanceInfoReplicator.run(InstanceInfoReplicator.java:121)
	at java.base/java.util.concurrent.Executors$RunnableAdapter.call(Executors.java:572)
	at java.base/java.util.concurrent.FutureTask.run(FutureTask.java:317)
	at java.base/java.util.concurrent.ScheduledThreadPoolExecutor$ScheduledFutureTask.run(ScheduledThreadPoolExecutor.java:304)
	at java.base/java.util.concurrent.ThreadPoolExecutor.runWorker(ThreadPoolExecutor.java:1144)
	at java.base/java.util.concurrent.ThreadPoolExecutor$Worker.run(ThreadPoolExecutor.java:642)
	at java.base/java.lang.Thread.run(Thread.java:1583)
2026-05-02 22:59:16.825 [DiscoveryClient-CacheRefreshExecutor-0] WARN  c.n.d.s.t.d.RetryableEurekaHttpClient - Request execution failed with message: I/O error on GET request for "http://localhost:8761/eureka/apps/": Connect to http://localhost:8761 [localhost/127.0.0.1, localhost/0:0:0:0:0:0:0:1] failed: Connection refused: getsockopt
2026-05-02 22:59:46.733 [DiscoveryClient-HeartbeatExecutor-0] WARN  c.n.d.s.t.d.RetryableEurekaHttpClient - Request execution failed with message: I/O error on PUT request for "http://localhost:8761/eureka/apps/CATALOG-SERVICE/172.21.160.138:catalog-service:9092": Connect to http://localhost:8761 [localhost/127.0.0.1, localhost/0:0:0:0:0:0:0:1] failed: Connection refused: getsockopt
2026-05-02 22:59:46.733 [DiscoveryClient-HeartbeatExecutor-0] ERROR c.netflix.discovery.DiscoveryClient - DiscoveryClient_CATALOG-SERVICE/172.21.160.138:catalog-service:9092 - was unable to send heartbeat!
com.netflix.discovery.shared.transport.TransportException: Cannot execute request on any known server
	at com.netflix.discovery.shared.transport.decorator.RetryableEurekaHttpClient.execute(RetryableEurekaHttpClient.java:112)
	at com.netflix.discovery.shared.transport.decorator.EurekaHttpClientDecorator.sendHeartBeat(EurekaHttpClientDecorator.java:89)
	at com.netflix.discovery.shared.transport.decorator.EurekaHttpClientDecorator$3.execute(EurekaHttpClientDecorator.java:92)
	at com.netflix.discovery.shared.transport.decorator.SessionedEurekaHttpClient.execute(SessionedEurekaHttpClient.java:77)
	at com.netflix.discovery.shared.transport.decorator.EurekaHttpClientDecorator.sendHeartBeat(EurekaHttpClientDecorator.java:89)
	at com.netflix.discovery.DiscoveryClient.renew(DiscoveryClient.java:837)
	at com.netflix.discovery.DiscoveryClient$HeartbeatThread.run(DiscoveryClient.java:1401)
	at java.base/java.util.concurrent.Executors$RunnableAdapter.call(Executors.java:572)
	at java.base/java.util.concurrent.FutureTask.run(FutureTask.java:317)
	at java.base/java.util.concurrent.ThreadPoolExecutor.runWorker(ThreadPoolExecutor.java:1144)
	at java.base/java.util.concurrent.ThreadPoolExecutor$Worker.run(ThreadPoolExecutor.java:642)
	at java.base/java.lang.Thread.run(Thread.java:1583)
2026-05-02 22:59:46.843 [DiscoveryClient-InstanceInfoReplicator-0] WARN  c.n.d.s.t.d.RetryableEurekaHttpClient - Request execution failed with message: I/O error on POST request for "http://localhost:8761/eureka/apps/CATALOG-SERVICE": Connect to http://localhost:8761 [localhost/127.0.0.1, localhost/0:0:0:0:0:0:0:1] failed: Connection refused: getsockopt
2026-05-02 22:59:46.843 [DiscoveryClient-InstanceInfoReplicator-0] WARN  c.netflix.discovery.DiscoveryClient - DiscoveryClient_CATALOG-SERVICE/172.21.160.138:catalog-service:9092 - registration failed Cannot execute request on any known server
com.netflix.discovery.shared.transport.TransportException: Cannot execute request on any known server
	at com.netflix.discovery.shared.transport.decorator.RetryableEurekaHttpClient.execute(RetryableEurekaHttpClient.java:112)
	at com.netflix.discovery.shared.transport.decorator.EurekaHttpClientDecorator.register(EurekaHttpClientDecorator.java:56)
	at com.netflix.discovery.shared.transport.decorator.EurekaHttpClientDecorator$1.execute(EurekaHttpClientDecorator.java:59)
	at com.netflix.discovery.shared.transport.decorator.SessionedEurekaHttpClient.execute(SessionedEurekaHttpClient.java:77)
	at com.netflix.discovery.shared.transport.decorator.EurekaHttpClientDecorator.register(EurekaHttpClientDecorator.java:56)
	at com.netflix.discovery.DiscoveryClient.register(DiscoveryClient.java:820)
	at com.netflix.discovery.InstanceInfoReplicator.run(InstanceInfoReplicator.java:121)
	at java.base/java.util.concurrent.Executors$RunnableAdapter.call(Executors.java:572)
	at java.base/java.util.concurrent.FutureTask.run(FutureTask.java:317)
	at java.base/java.util.concurrent.ScheduledThreadPoolExecutor$ScheduledFutureTask.run(ScheduledThreadPoolExecutor.java:304)
	at java.base/java.util.concurrent.ThreadPoolExecutor.runWorker(ThreadPoolExecutor.java:1144)
	at java.base/java.util.concurrent.ThreadPoolExecutor$Worker.run(ThreadPoolExecutor.java:642)
	at java.base/java.lang.Thread.run(Thread.java:1583)
2026-05-02 22:59:46.845 [DiscoveryClient-InstanceInfoReplicator-0] WARN  c.n.discovery.InstanceInfoReplicator - There was a problem with the instance info replicator
com.netflix.discovery.shared.transport.TransportException: Cannot execute request on any known server
	at com.netflix.discovery.shared.transport.decorator.RetryableEurekaHttpClient.execute(RetryableEurekaHttpClient.java:112)
	at com.netflix.discovery.shared.transport.decorator.EurekaHttpClientDecorator.register(EurekaHttpClientDecorator.java:56)
	at com.netflix.discovery.shared.transport.decorator.EurekaHttpClientDecorator$1.execute(EurekaHttpClientDecorator.java:59)
	at com.netflix.discovery.shared.transport.decorator.SessionedEurekaHttpClient.execute(SessionedEurekaHttpClient.java:77)
	at com.netflix.discovery.shared.transport.decorator.EurekaHttpClientDecorator.register(EurekaHttpClientDecorator.java:56)
	at com.netflix.discovery.DiscoveryClient.register(DiscoveryClient.java:820)
	at com.netflix.discovery.InstanceInfoReplicator.run(InstanceInfoReplicator.java:121)
	at java.base/java.util.concurrent.Executors$RunnableAdapter.call(Executors.java:572)
	at java.base/java.util.concurrent.FutureTask.run(FutureTask.java:317)
	at java.base/java.util.concurrent.ScheduledThreadPoolExecutor$ScheduledFutureTask.run(ScheduledThreadPoolExecutor.java:304)
	at java.base/java.util.concurrent.ThreadPoolExecutor.runWorker(ThreadPoolExecutor.java:1144)
	at java.base/java.util.concurrent.ThreadPoolExecutor$Worker.run(ThreadPoolExecutor.java:642)
	at java.base/java.lang.Thread.run(Thread.java:1583)
2026-05-02 22:59:46.863 [DiscoveryClient-CacheRefreshExecutor-0] WARN  c.n.d.s.t.d.RetryableEurekaHttpClient - Request execution failed with message: I/O error on GET request for "http://localhost:8761/eureka/apps/": Connect to http://localhost:8761 [localhost/127.0.0.1, localhost/0:0:0:0:0:0:0:1] failed: Connection refused: getsockopt
2026-05-02 23:00:16.757 [DiscoveryClient-HeartbeatExecutor-0] WARN  c.n.d.s.t.d.RetryableEurekaHttpClient - Request execution failed with message: I/O error on PUT request for "http://localhost:8761/eureka/apps/CATALOG-SERVICE/172.21.160.138:catalog-service:9092": Connect to http://localhost:8761 [localhost/127.0.0.1, localhost/0:0:0:0:0:0:0:1] failed: Connection refused: getsockopt
2026-05-02 23:00:16.760 [DiscoveryClient-HeartbeatExecutor-0] ERROR c.netflix.discovery.DiscoveryClient - DiscoveryClient_CATALOG-SERVICE/172.21.160.138:catalog-service:9092 - was unable to send heartbeat!
com.netflix.discovery.shared.transport.TransportException: Cannot execute request on any known server
	at com.netflix.discovery.shared.transport.decorator.RetryableEurekaHttpClient.execute(RetryableEurekaHttpClient.java:112)
	at com.netflix.discovery.shared.transport.decorator.EurekaHttpClientDecorator.sendHeartBeat(EurekaHttpClientDecorator.java:89)
	at com.netflix.discovery.shared.transport.decorator.EurekaHttpClientDecorator$3.execute(EurekaHttpClientDecorator.java:92)
	at com.netflix.discovery.shared.transport.decorator.SessionedEurekaHttpClient.execute(SessionedEurekaHttpClient.java:77)
	at com.netflix.discovery.shared.transport.decorator.EurekaHttpClientDecorator.sendHeartBeat(EurekaHttpClientDecorator.java:89)
	at com.netflix.discovery.DiscoveryClient.renew(DiscoveryClient.java:837)
	at com.netflix.discovery.DiscoveryClient$HeartbeatThread.run(DiscoveryClient.java:1401)
	at java.base/java.util.concurrent.Executors$RunnableAdapter.call(Executors.java:572)
	at java.base/java.util.concurrent.FutureTask.run(FutureTask.java:317)
	at java.base/java.util.concurrent.ThreadPoolExecutor.runWorker(ThreadPoolExecutor.java:1144)
	at java.base/java.util.concurrent.ThreadPoolExecutor$Worker.run(ThreadPoolExecutor.java:642)
	at java.base/java.lang.Thread.run(Thread.java:1583)
2026-05-02 23:00:16.861 [DiscoveryClient-InstanceInfoReplicator-0] WARN  c.n.d.s.t.d.RetryableEurekaHttpClient - Request execution failed with message: I/O error on POST request for "http://localhost:8761/eureka/apps/CATALOG-SERVICE": Connect to http://localhost:8761 [localhost/127.0.0.1, localhost/0:0:0:0:0:0:0:1] failed: Connection refused: getsockopt
2026-05-02 23:00:16.861 [DiscoveryClient-InstanceInfoReplicator-0] WARN  c.netflix.discovery.DiscoveryClient - DiscoveryClient_CATALOG-SERVICE/172.21.160.138:catalog-service:9092 - registration failed Cannot execute request on any known server
com.netflix.discovery.shared.transport.TransportException: Cannot execute request on any known server
	at com.netflix.discovery.shared.transport.decorator.RetryableEurekaHttpClient.execute(RetryableEurekaHttpClient.java:112)
	at com.netflix.discovery.shared.transport.decorator.EurekaHttpClientDecorator.register(EurekaHttpClientDecorator.java:56)
	at com.netflix.discovery.shared.transport.decorator.EurekaHttpClientDecorator$1.execute(EurekaHttpClientDecorator.java:59)
	at com.netflix.discovery.shared.transport.decorator.SessionedEurekaHttpClient.execute(SessionedEurekaHttpClient.java:77)
	at com.netflix.discovery.shared.transport.decorator.EurekaHttpClientDecorator.register(EurekaHttpClientDecorator.java:56)
	at com.netflix.discovery.DiscoveryClient.register(DiscoveryClient.java:820)
	at com.netflix.discovery.InstanceInfoReplicator.run(InstanceInfoReplicator.java:121)
	at java.base/java.util.concurrent.Executors$RunnableAdapter.call(Executors.java:572)
	at java.base/java.util.concurrent.FutureTask.run(FutureTask.java:317)
	at java.base/java.util.concurrent.ScheduledThreadPoolExecutor$ScheduledFutureTask.run(ScheduledThreadPoolExecutor.java:304)
	at java.base/java.util.concurrent.ThreadPoolExecutor.runWorker(ThreadPoolExecutor.java:1144)
	at java.base/java.util.concurrent.ThreadPoolExecutor$Worker.run(ThreadPoolExecutor.java:642)
	at java.base/java.lang.Thread.run(Thread.java:1583)
2026-05-02 23:00:16.863 [DiscoveryClient-InstanceInfoReplicator-0] WARN  c.n.discovery.InstanceInfoReplicator - There was a problem with the instance info replicator
com.netflix.discovery.shared.transport.TransportException: Cannot execute request on any known server
	at com.netflix.discovery.shared.transport.decorator.RetryableEurekaHttpClient.execute(RetryableEurekaHttpClient.java:112)
	at com.netflix.discovery.shared.transport.decorator.EurekaHttpClientDecorator.register(EurekaHttpClientDecorator.java:56)
	at com.netflix.discovery.shared.transport.decorator.EurekaHttpClientDecorator$1.execute(EurekaHttpClientDecorator.java:59)
	at com.netflix.discovery.shared.transport.decorator.SessionedEurekaHttpClient.execute(SessionedEurekaHttpClient.java:77)
	at com.netflix.discovery.shared.transport.decorator.EurekaHttpClientDecorator.register(EurekaHttpClientDecorator.java:56)
	at com.netflix.discovery.DiscoveryClient.register(DiscoveryClient.java:820)
	at com.netflix.discovery.InstanceInfoReplicator.run(InstanceInfoReplicator.java:121)
	at java.base/java.util.concurrent.Executors$RunnableAdapter.call(Executors.java:572)
	at java.base/java.util.concurrent.FutureTask.run(FutureTask.java:317)
	at java.base/java.util.concurrent.ScheduledThreadPoolExecutor$ScheduledFutureTask.run(ScheduledThreadPoolExecutor.java:304)
	at java.base/java.util.concurrent.ThreadPoolExecutor.runWorker(ThreadPoolExecutor.java:1144)
	at java.base/java.util.concurrent.ThreadPoolExecutor$Worker.run(ThreadPoolExecutor.java:642)
	at java.base/java.lang.Thread.run(Thread.java:1583)
2026-05-02 23:00:16.888 [DiscoveryClient-CacheRefreshExecutor-0] WARN  c.n.d.s.t.d.RetryableEurekaHttpClient - Request execution failed with message: I/O error on GET request for "http://localhost:8761/eureka/apps/": Connect to http://localhost:8761 [localhost/127.0.0.1, localhost/0:0:0:0:0:0:0:1] failed: Connection refused: getsockopt
2026-05-02 23:00:46.801 [DiscoveryClient-HeartbeatExecutor-0] WARN  c.n.d.s.t.d.RetryableEurekaHttpClient - Request execution failed with message: I/O error on PUT request for "http://localhost:8761/eureka/apps/CATALOG-SERVICE/172.21.160.138:catalog-service:9092": Connect to http://localhost:8761 [localhost/127.0.0.1, localhost/0:0:0:0:0:0:0:1] failed: Connection refused: getsockopt
2026-05-02 23:00:46.801 [DiscoveryClient-HeartbeatExecutor-0] ERROR c.netflix.discovery.DiscoveryClient - DiscoveryClient_CATALOG-SERVICE/172.21.160.138:catalog-service:9092 - was unable to send heartbeat!
com.netflix.discovery.shared.transport.TransportException: Cannot execute request on any known server
	at com.netflix.discovery.shared.transport.decorator.RetryableEurekaHttpClient.execute(RetryableEurekaHttpClient.java:112)
	at com.netflix.discovery.shared.transport.decorator.EurekaHttpClientDecorator.sendHeartBeat(EurekaHttpClientDecorator.java:89)
	at com.netflix.discovery.shared.transport.decorator.EurekaHttpClientDecorator$3.execute(EurekaHttpClientDecorator.java:92)
	at com.netflix.discovery.shared.transport.decorator.SessionedEurekaHttpClient.execute(SessionedEurekaHttpClient.java:77)
	at com.netflix.discovery.shared.transport.decorator.EurekaHttpClientDecorator.sendHeartBeat(EurekaHttpClientDecorator.java:89)
	at com.netflix.discovery.DiscoveryClient.renew(DiscoveryClient.java:837)
	at com.netflix.discovery.DiscoveryClient$HeartbeatThread.run(DiscoveryClient.java:1401)
	at java.base/java.util.concurrent.Executors$RunnableAdapter.call(Executors.java:572)
	at java.base/java.util.concurrent.FutureTask.run(FutureTask.java:317)
	at java.base/java.util.concurrent.ThreadPoolExecutor.runWorker(ThreadPoolExecutor.java:1144)
	at java.base/java.util.concurrent.ThreadPoolExecutor$Worker.run(ThreadPoolExecutor.java:642)
	at java.base/java.lang.Thread.run(Thread.java:1583)
2026-05-02 23:00:46.948 [DiscoveryClient-InstanceInfoReplicator-0] WARN  c.n.d.s.t.d.RetryableEurekaHttpClient - Request execution failed with message: I/O error on POST request for "http://localhost:8761/eureka/apps/CATALOG-SERVICE": Connect to http://localhost:8761 [localhost/127.0.0.1, localhost/0:0:0:0:0:0:0:1] failed: Connection refused: getsockopt
2026-05-02 23:00:46.950 [DiscoveryClient-InstanceInfoReplicator-0] WARN  c.netflix.discovery.DiscoveryClient - DiscoveryClient_CATALOG-SERVICE/172.21.160.138:catalog-service:9092 - registration failed Cannot execute request on any known server
com.netflix.discovery.shared.transport.TransportException: Cannot execute request on any known server
	at com.netflix.discovery.shared.transport.decorator.RetryableEurekaHttpClient.execute(RetryableEurekaHttpClient.java:112)
	at com.netflix.discovery.shared.transport.decorator.EurekaHttpClientDecorator.register(EurekaHttpClientDecorator.java:56)
	at com.netflix.discovery.shared.transport.decorator.EurekaHttpClientDecorator$1.execute(EurekaHttpClientDecorator.java:59)
	at com.netflix.discovery.shared.transport.decorator.SessionedEurekaHttpClient.execute(SessionedEurekaHttpClient.java:77)
	at com.netflix.discovery.shared.transport.decorator.EurekaHttpClientDecorator.register(EurekaHttpClientDecorator.java:56)
	at com.netflix.discovery.DiscoveryClient.register(DiscoveryClient.java:820)
	at com.netflix.discovery.InstanceInfoReplicator.run(InstanceInfoReplicator.java:121)
	at java.base/java.util.concurrent.Executors$RunnableAdapter.call(Executors.java:572)
	at java.base/java.util.concurrent.FutureTask.run(FutureTask.java:317)
	at java.base/java.util.concurrent.ScheduledThreadPoolExecutor$ScheduledFutureTask.run(ScheduledThreadPoolExecutor.java:304)
	at java.base/java.util.concurrent.ThreadPoolExecutor.runWorker(ThreadPoolExecutor.java:1144)
	at java.base/java.util.concurrent.ThreadPoolExecutor$Worker.run(ThreadPoolExecutor.java:642)
	at java.base/java.lang.Thread.run(Thread.java:1583)
2026-05-02 23:00:46.956 [DiscoveryClient-InstanceInfoReplicator-0] WARN  c.n.discovery.InstanceInfoReplicator - There was a problem with the instance info replicator
com.netflix.discovery.shared.transport.TransportException: Cannot execute request on any known server
	at com.netflix.discovery.shared.transport.decorator.RetryableEurekaHttpClient.execute(RetryableEurekaHttpClient.java:112)
	at com.netflix.discovery.shared.transport.decorator.EurekaHttpClientDecorator.register(EurekaHttpClientDecorator.java:56)
	at com.netflix.discovery.shared.transport.decorator.EurekaHttpClientDecorator$1.execute(EurekaHttpClientDecorator.java:59)
	at com.netflix.discovery.shared.transport.decorator.SessionedEurekaHttpClient.execute(SessionedEurekaHttpClient.java:77)
	at com.netflix.discovery.shared.transport.decorator.EurekaHttpClientDecorator.register(EurekaHttpClientDecorator.java:56)
	at com.netflix.discovery.DiscoveryClient.register(DiscoveryClient.java:820)
	at com.netflix.discovery.InstanceInfoReplicator.run(InstanceInfoReplicator.java:121)
	at java.base/java.util.concurrent.Executors$RunnableAdapter.call(Executors.java:572)
	at java.base/java.util.concurrent.FutureTask.run(FutureTask.java:317)
	at java.base/java.util.concurrent.ScheduledThreadPoolExecutor$ScheduledFutureTask.run(ScheduledThreadPoolExecutor.java:304)
	at java.base/java.util.concurrent.ThreadPoolExecutor.runWorker(ThreadPoolExecutor.java:1144)
	at java.base/java.util.concurrent.ThreadPoolExecutor$Worker.run(ThreadPoolExecutor.java:642)
	at java.base/java.lang.Thread.run(Thread.java:1583)
2026-05-02 23:00:46.960 [DiscoveryClient-CacheRefreshExecutor-0] WARN  c.n.d.s.t.d.RetryableEurekaHttpClient - Request execution failed with message: I/O error on GET request for "http://localhost:8761/eureka/apps/": Connect to http://localhost:8761 [localhost/127.0.0.1, localhost/0:0:0:0:0:0:0:1] failed: Connection refused: getsockopt
2026-05-02 23:01:16.847 [DiscoveryClient-HeartbeatExecutor-0] WARN  c.n.d.s.t.d.RetryableEurekaHttpClient - Request execution failed with message: I/O error on PUT request for "http://localhost:8761/eureka/apps/CATALOG-SERVICE/172.21.160.138:catalog-service:9092": Connect to http://localhost:8761 [localhost/127.0.0.1, localhost/0:0:0:0:0:0:0:1] failed: Connection refused: getsockopt
2026-05-02 23:01:16.847 [DiscoveryClient-HeartbeatExecutor-0] ERROR c.netflix.discovery.DiscoveryClient - DiscoveryClient_CATALOG-SERVICE/172.21.160.138:catalog-service:9092 - was unable to send heartbeat!
com.netflix.discovery.shared.transport.TransportException: Cannot execute request on any known server
	at com.netflix.discovery.shared.transport.decorator.RetryableEurekaHttpClient.execute(RetryableEurekaHttpClient.java:112)
	at com.netflix.discovery.shared.transport.decorator.EurekaHttpClientDecorator.sendHeartBeat(EurekaHttpClientDecorator.java:89)
	at com.netflix.discovery.shared.transport.decorator.EurekaHttpClientDecorator$3.execute(EurekaHttpClientDecorator.java:92)
	at com.netflix.discovery.shared.transport.decorator.SessionedEurekaHttpClient.execute(SessionedEurekaHttpClient.java:77)
	at com.netflix.discovery.shared.transport.decorator.EurekaHttpClientDecorator.sendHeartBeat(EurekaHttpClientDecorator.java:89)
	at com.netflix.discovery.DiscoveryClient.renew(DiscoveryClient.java:837)
	at com.netflix.discovery.DiscoveryClient$HeartbeatThread.run(DiscoveryClient.java:1401)
	at java.base/java.util.concurrent.Executors$RunnableAdapter.call(Executors.java:572)
	at java.base/java.util.concurrent.FutureTask.run(FutureTask.java:317)
	at java.base/java.util.concurrent.ThreadPoolExecutor.runWorker(ThreadPoolExecutor.java:1144)
	at java.base/java.util.concurrent.ThreadPoolExecutor$Worker.run(ThreadPoolExecutor.java:642)
	at java.base/java.lang.Thread.run(Thread.java:1583)
2026-05-02 23:01:16.988 [DiscoveryClient-InstanceInfoReplicator-0] WARN  c.n.d.s.t.d.RetryableEurekaHttpClient - Request execution failed with message: I/O error on POST request for "http://localhost:8761/eureka/apps/CATALOG-SERVICE": Connect to http://localhost:8761 [localhost/127.0.0.1, localhost/0:0:0:0:0:0:0:1] failed: Connection refused: getsockopt
2026-05-02 23:01:16.990 [DiscoveryClient-InstanceInfoReplicator-0] WARN  c.netflix.discovery.DiscoveryClient - DiscoveryClient_CATALOG-SERVICE/172.21.160.138:catalog-service:9092 - registration failed Cannot execute request on any known server
com.netflix.discovery.shared.transport.TransportException: Cannot execute request on any known server
	at com.netflix.discovery.shared.transport.decorator.RetryableEurekaHttpClient.execute(RetryableEurekaHttpClient.java:112)
	at com.netflix.discovery.shared.transport.decorator.EurekaHttpClientDecorator.register(EurekaHttpClientDecorator.java:56)
	at com.netflix.discovery.shared.transport.decorator.EurekaHttpClientDecorator$1.execute(EurekaHttpClientDecorator.java:59)
	at com.netflix.discovery.shared.transport.decorator.SessionedEurekaHttpClient.execute(SessionedEurekaHttpClient.java:77)
	at com.netflix.discovery.shared.transport.decorator.EurekaHttpClientDecorator.register(EurekaHttpClientDecorator.java:56)
	at com.netflix.discovery.DiscoveryClient.register(DiscoveryClient.java:820)
	at com.netflix.discovery.InstanceInfoReplicator.run(InstanceInfoReplicator.java:121)
	at java.base/java.util.concurrent.Executors$RunnableAdapter.call(Executors.java:572)
	at java.base/java.util.concurrent.FutureTask.run(FutureTask.java:317)
	at java.base/java.util.concurrent.ScheduledThreadPoolExecutor$ScheduledFutureTask.run(ScheduledThreadPoolExecutor.java:304)
	at java.base/java.util.concurrent.ThreadPoolExecutor.runWorker(ThreadPoolExecutor.java:1144)
	at java.base/java.util.concurrent.ThreadPoolExecutor$Worker.run(ThreadPoolExecutor.java:642)
	at java.base/java.lang.Thread.run(Thread.java:1583)
2026-05-02 23:01:16.992 [DiscoveryClient-InstanceInfoReplicator-0] WARN  c.n.discovery.InstanceInfoReplicator - There was a problem with the instance info replicator
com.netflix.discovery.shared.transport.TransportException: Cannot execute request on any known server
	at com.netflix.discovery.shared.transport.decorator.RetryableEurekaHttpClient.execute(RetryableEurekaHttpClient.java:112)
	at com.netflix.discovery.shared.transport.decorator.EurekaHttpClientDecorator.register(EurekaHttpClientDecorator.java:56)
	at com.netflix.discovery.shared.transport.decorator.EurekaHttpClientDecorator$1.execute(EurekaHttpClientDecorator.java:59)
	at com.netflix.discovery.shared.transport.decorator.SessionedEurekaHttpClient.execute(SessionedEurekaHttpClient.java:77)
	at com.netflix.discovery.shared.transport.decorator.EurekaHttpClientDecorator.register(EurekaHttpClientDecorator.java:56)
	at com.netflix.discovery.DiscoveryClient.register(DiscoveryClient.java:820)
	at com.netflix.discovery.InstanceInfoReplicator.run(InstanceInfoReplicator.java:121)
	at java.base/java.util.concurrent.Executors$RunnableAdapter.call(Executors.java:572)
	at java.base/java.util.concurrent.FutureTask.run(FutureTask.java:317)
	at java.base/java.util.concurrent.ScheduledThreadPoolExecutor$ScheduledFutureTask.run(ScheduledThreadPoolExecutor.java:304)
	at java.base/java.util.concurrent.ThreadPoolExecutor.runWorker(ThreadPoolExecutor.java:1144)
	at java.base/java.util.concurrent.ThreadPoolExecutor$Worker.run(ThreadPoolExecutor.java:642)
	at java.base/java.lang.Thread.run(Thread.java:1583)
2026-05-02 23:01:17.027 [DiscoveryClient-CacheRefreshExecutor-0] WARN  c.n.d.s.t.d.RetryableEurekaHttpClient - Request execution failed with message: I/O error on GET request for "http://localhost:8761/eureka/apps/": Connect to http://localhost:8761 [localhost/127.0.0.1, localhost/0:0:0:0:0:0:0:1] failed: Connection refused: getsockopt
2026-05-02 23:01:46.910 [DiscoveryClient-HeartbeatExecutor-0] WARN  c.n.d.s.t.d.RetryableEurekaHttpClient - Request execution failed with message: I/O error on PUT request for "http://localhost:8761/eureka/apps/CATALOG-SERVICE/172.21.160.138:catalog-service:9092": Connect to http://localhost:8761 [localhost/127.0.0.1, localhost/0:0:0:0:0:0:0:1] failed: Connection refused: getsockopt
2026-05-02 23:01:46.914 [DiscoveryClient-HeartbeatExecutor-0] ERROR c.netflix.discovery.DiscoveryClient - DiscoveryClient_CATALOG-SERVICE/172.21.160.138:catalog-service:9092 - was unable to send heartbeat!
com.netflix.discovery.shared.transport.TransportException: Cannot execute request on any known server
	at com.netflix.discovery.shared.transport.decorator.RetryableEurekaHttpClient.execute(RetryableEurekaHttpClient.java:112)
	at com.netflix.discovery.shared.transport.decorator.EurekaHttpClientDecorator.sendHeartBeat(EurekaHttpClientDecorator.java:89)
	at com.netflix.discovery.shared.transport.decorator.EurekaHttpClientDecorator$3.execute(EurekaHttpClientDecorator.java:92)
	at com.netflix.discovery.shared.transport.decorator.SessionedEurekaHttpClient.execute(SessionedEurekaHttpClient.java:77)
	at com.netflix.discovery.shared.transport.decorator.EurekaHttpClientDecorator.sendHeartBeat(EurekaHttpClientDecorator.java:89)
	at com.netflix.discovery.DiscoveryClient.renew(DiscoveryClient.java:837)
	at com.netflix.discovery.DiscoveryClient$HeartbeatThread.run(DiscoveryClient.java:1401)
	at java.base/java.util.concurrent.Executors$RunnableAdapter.call(Executors.java:572)
	at java.base/java.util.concurrent.FutureTask.run(FutureTask.java:317)
	at java.base/java.util.concurrent.ThreadPoolExecutor.runWorker(ThreadPoolExecutor.java:1144)
	at java.base/java.util.concurrent.ThreadPoolExecutor$Worker.run(ThreadPoolExecutor.java:642)
	at java.base/java.lang.Thread.run(Thread.java:1583)
2026-05-02 23:01:47.093 [DiscoveryClient-InstanceInfoReplicator-0] WARN  c.n.d.s.t.d.RetryableEurekaHttpClient - Request execution failed with message: I/O error on POST request for "http://localhost:8761/eureka/apps/CATALOG-SERVICE": Connect to http://localhost:8761 [localhost/127.0.0.1, localhost/0:0:0:0:0:0:0:1] failed: Connection refused: getsockopt
2026-05-02 23:01:47.095 [DiscoveryClient-InstanceInfoReplicator-0] WARN  c.netflix.discovery.DiscoveryClient - DiscoveryClient_CATALOG-SERVICE/172.21.160.138:catalog-service:9092 - registration failed Cannot execute request on any known server
com.netflix.discovery.shared.transport.TransportException: Cannot execute request on any known server
	at com.netflix.discovery.shared.transport.decorator.RetryableEurekaHttpClient.execute(RetryableEurekaHttpClient.java:112)
	at com.netflix.discovery.shared.transport.decorator.EurekaHttpClientDecorator.register(EurekaHttpClientDecorator.java:56)
	at com.netflix.discovery.shared.transport.decorator.EurekaHttpClientDecorator$1.execute(EurekaHttpClientDecorator.java:59)
	at com.netflix.discovery.shared.transport.decorator.SessionedEurekaHttpClient.execute(SessionedEurekaHttpClient.java:77)
	at com.netflix.discovery.shared.transport.decorator.EurekaHttpClientDecorator.register(EurekaHttpClientDecorator.java:56)
	at com.netflix.discovery.DiscoveryClient.register(DiscoveryClient.java:820)
	at com.netflix.discovery.InstanceInfoReplicator.run(InstanceInfoReplicator.java:121)
	at java.base/java.util.concurrent.Executors$RunnableAdapter.call(Executors.java:572)
	at java.base/java.util.concurrent.FutureTask.run(FutureTask.java:317)
	at java.base/java.util.concurrent.ScheduledThreadPoolExecutor$ScheduledFutureTask.run(ScheduledThreadPoolExecutor.java:304)
	at java.base/java.util.concurrent.ThreadPoolExecutor.runWorker(ThreadPoolExecutor.java:1144)
	at java.base/java.util.concurrent.ThreadPoolExecutor$Worker.run(ThreadPoolExecutor.java:642)
	at java.base/java.lang.Thread.run(Thread.java:1583)
2026-05-02 23:01:47.102 [DiscoveryClient-InstanceInfoReplicator-0] WARN  c.n.discovery.InstanceInfoReplicator - There was a problem with the instance info replicator
com.netflix.discovery.shared.transport.TransportException: Cannot execute request on any known server
	at com.netflix.discovery.shared.transport.decorator.RetryableEurekaHttpClient.execute(RetryableEurekaHttpClient.java:112)
	at com.netflix.discovery.shared.transport.decorator.EurekaHttpClientDecorator.register(EurekaHttpClientDecorator.java:56)
	at com.netflix.discovery.shared.transport.decorator.EurekaHttpClientDecorator$1.execute(EurekaHttpClientDecorator.java:59)
	at com.netflix.discovery.shared.transport.decorator.SessionedEurekaHttpClient.execute(SessionedEurekaHttpClient.java:77)
	at com.netflix.discovery.shared.transport.decorator.EurekaHttpClientDecorator.register(EurekaHttpClientDecorator.java:56)
	at com.netflix.discovery.DiscoveryClient.register(DiscoveryClient.java:820)
	at com.netflix.discovery.InstanceInfoReplicator.run(InstanceInfoReplicator.java:121)
	at java.base/java.util.concurrent.Executors$RunnableAdapter.call(Executors.java:572)
	at java.base/java.util.concurrent.FutureTask.run(FutureTask.java:317)
	at java.base/java.util.concurrent.ScheduledThreadPoolExecutor$ScheduledFutureTask.run(ScheduledThreadPoolExecutor.java:304)
	at java.base/java.util.concurrent.ThreadPoolExecutor.runWorker(ThreadPoolExecutor.java:1144)
	at java.base/java.util.concurrent.ThreadPoolExecutor$Worker.run(ThreadPoolExecutor.java:642)
	at java.base/java.lang.Thread.run(Thread.java:1583)
2026-05-02 23:01:47.186 [DiscoveryClient-CacheRefreshExecutor-0] WARN  c.n.d.s.t.d.RetryableEurekaHttpClient - Request execution failed with message: I/O error on GET request for "http://localhost:8761/eureka/apps/": Connect to http://localhost:8761 [localhost/127.0.0.1, localhost/0:0:0:0:0:0:0:1] failed: Connection refused: getsockopt
2026-05-02 23:02:17.014 [DiscoveryClient-HeartbeatExecutor-0] WARN  c.n.d.s.t.d.RetryableEurekaHttpClient - Request execution failed with message: I/O error on PUT request for "http://localhost:8761/eureka/apps/CATALOG-SERVICE/172.21.160.138:catalog-service:9092": Connect to http://localhost:8761 [localhost/127.0.0.1, localhost/0:0:0:0:0:0:0:1] failed: Connection refused: getsockopt
2026-05-02 23:02:17.014 [DiscoveryClient-HeartbeatExecutor-0] ERROR c.netflix.discovery.DiscoveryClient - DiscoveryClient_CATALOG-SERVICE/172.21.160.138:catalog-service:9092 - was unable to send heartbeat!
com.netflix.discovery.shared.transport.TransportException: Cannot execute request on any known server
	at com.netflix.discovery.shared.transport.decorator.RetryableEurekaHttpClient.execute(RetryableEurekaHttpClient.java:112)
	at com.netflix.discovery.shared.transport.decorator.EurekaHttpClientDecorator.sendHeartBeat(EurekaHttpClientDecorator.java:89)
	at com.netflix.discovery.shared.transport.decorator.EurekaHttpClientDecorator$3.execute(EurekaHttpClientDecorator.java:92)
	at com.netflix.discovery.shared.transport.decorator.SessionedEurekaHttpClient.execute(SessionedEurekaHttpClient.java:77)
	at com.netflix.discovery.shared.transport.decorator.EurekaHttpClientDecorator.sendHeartBeat(EurekaHttpClientDecorator.java:89)
	at com.netflix.discovery.DiscoveryClient.renew(DiscoveryClient.java:837)
	at com.netflix.discovery.DiscoveryClient$HeartbeatThread.run(DiscoveryClient.java:1401)
	at java.base/java.util.concurrent.Executors$RunnableAdapter.call(Executors.java:572)
	at java.base/java.util.concurrent.FutureTask.run(FutureTask.java:317)
	at java.base/java.util.concurrent.ThreadPoolExecutor.runWorker(ThreadPoolExecutor.java:1144)
	at java.base/java.util.concurrent.ThreadPoolExecutor$Worker.run(ThreadPoolExecutor.java:642)
	at java.base/java.lang.Thread.run(Thread.java:1583)
2026-05-02 23:02:17.153 [DiscoveryClient-InstanceInfoReplicator-0] WARN  c.n.d.s.t.d.RetryableEurekaHttpClient - Request execution failed with message: I/O error on POST request for "http://localhost:8761/eureka/apps/CATALOG-SERVICE": Connect to http://localhost:8761 [localhost/127.0.0.1, localhost/0:0:0:0:0:0:0:1] failed: Connection refused: getsockopt
2026-05-02 23:02:17.153 [DiscoveryClient-InstanceInfoReplicator-0] WARN  c.netflix.discovery.DiscoveryClient - DiscoveryClient_CATALOG-SERVICE/172.21.160.138:catalog-service:9092 - registration failed Cannot execute request on any known server
com.netflix.discovery.shared.transport.TransportException: Cannot execute request on any known server
	at com.netflix.discovery.shared.transport.decorator.RetryableEurekaHttpClient.execute(RetryableEurekaHttpClient.java:112)
	at com.netflix.discovery.shared.transport.decorator.EurekaHttpClientDecorator.register(EurekaHttpClientDecorator.java:56)
	at com.netflix.discovery.shared.transport.decorator.EurekaHttpClientDecorator$1.execute(EurekaHttpClientDecorator.java:59)
	at com.netflix.discovery.shared.transport.decorator.SessionedEurekaHttpClient.execute(SessionedEurekaHttpClient.java:77)
	at com.netflix.discovery.shared.transport.decorator.EurekaHttpClientDecorator.register(EurekaHttpClientDecorator.java:56)
	at com.netflix.discovery.DiscoveryClient.register(DiscoveryClient.java:820)
	at com.netflix.discovery.InstanceInfoReplicator.run(InstanceInfoReplicator.java:121)
	at java.base/java.util.concurrent.Executors$RunnableAdapter.call(Executors.java:572)
	at java.base/java.util.concurrent.FutureTask.run(FutureTask.java:317)
	at java.base/java.util.concurrent.ScheduledThreadPoolExecutor$ScheduledFutureTask.run(ScheduledThreadPoolExecutor.java:304)
	at java.base/java.util.concurrent.ThreadPoolExecutor.runWorker(ThreadPoolExecutor.java:1144)
	at java.base/java.util.concurrent.ThreadPoolExecutor$Worker.run(ThreadPoolExecutor.java:642)
	at java.base/java.lang.Thread.run(Thread.java:1583)
2026-05-02 23:02:17.155 [DiscoveryClient-InstanceInfoReplicator-0] WARN  c.n.discovery.InstanceInfoReplicator - There was a problem with the instance info replicator
com.netflix.discovery.shared.transport.TransportException: Cannot execute request on any known server
	at com.netflix.discovery.shared.transport.decorator.RetryableEurekaHttpClient.execute(RetryableEurekaHttpClient.java:112)
	at com.netflix.discovery.shared.transport.decorator.EurekaHttpClientDecorator.register(EurekaHttpClientDecorator.java:56)
	at com.netflix.discovery.shared.transport.decorator.EurekaHttpClientDecorator$1.execute(EurekaHttpClientDecorator.java:59)
	at com.netflix.discovery.shared.transport.decorator.SessionedEurekaHttpClient.execute(SessionedEurekaHttpClient.java:77)
	at com.netflix.discovery.shared.transport.decorator.EurekaHttpClientDecorator.register(EurekaHttpClientDecorator.java:56)
	at com.netflix.discovery.DiscoveryClient.register(DiscoveryClient.java:820)
	at com.netflix.discovery.InstanceInfoReplicator.run(InstanceInfoReplicator.java:121)
	at java.base/java.util.concurrent.Executors$RunnableAdapter.call(Executors.java:572)
	at java.base/java.util.concurrent.FutureTask.run(FutureTask.java:317)
	at java.base/java.util.concurrent.ScheduledThreadPoolExecutor$ScheduledFutureTask.run(ScheduledThreadPoolExecutor.java:304)
	at java.base/java.util.concurrent.ThreadPoolExecutor.runWorker(ThreadPoolExecutor.java:1144)
	at java.base/java.util.concurrent.ThreadPoolExecutor$Worker.run(ThreadPoolExecutor.java:642)
	at java.base/java.lang.Thread.run(Thread.java:1583)
2026-05-02 23:02:17.246 [DiscoveryClient-CacheRefreshExecutor-0] WARN  c.n.d.s.t.d.RetryableEurekaHttpClient - Request execution failed with message: I/O error on GET request for "http://localhost:8761/eureka/apps/": Connect to http://localhost:8761 [localhost/127.0.0.1, localhost/0:0:0:0:0:0:0:1] failed: Connection refused: getsockopt
2026-05-02 23:02:47.135 [DiscoveryClient-HeartbeatExecutor-0] WARN  c.n.d.s.t.d.RetryableEurekaHttpClient - Request execution failed with message: I/O error on PUT request for "http://localhost:8761/eureka/apps/CATALOG-SERVICE/172.21.160.138:catalog-service:9092": Connect to http://localhost:8761 [localhost/127.0.0.1, localhost/0:0:0:0:0:0:0:1] failed: Connection refused: getsockopt
2026-05-02 23:02:47.184 [DiscoveryClient-HeartbeatExecutor-0] ERROR c.netflix.discovery.DiscoveryClient - DiscoveryClient_CATALOG-SERVICE/172.21.160.138:catalog-service:9092 - was unable to send heartbeat!
com.netflix.discovery.shared.transport.TransportException: Cannot execute request on any known server
	at com.netflix.discovery.shared.transport.decorator.RetryableEurekaHttpClient.execute(RetryableEurekaHttpClient.java:112)
	at com.netflix.discovery.shared.transport.decorator.EurekaHttpClientDecorator.sendHeartBeat(EurekaHttpClientDecorator.java:89)
	at com.netflix.discovery.shared.transport.decorator.EurekaHttpClientDecorator$3.execute(EurekaHttpClientDecorator.java:92)
	at com.netflix.discovery.shared.transport.decorator.SessionedEurekaHttpClient.execute(SessionedEurekaHttpClient.java:77)
	at com.netflix.discovery.shared.transport.decorator.EurekaHttpClientDecorator.sendHeartBeat(EurekaHttpClientDecorator.java:89)
	at com.netflix.discovery.DiscoveryClient.renew(DiscoveryClient.java:837)
	at com.netflix.discovery.DiscoveryClient$HeartbeatThread.run(DiscoveryClient.java:1401)
	at java.base/java.util.concurrent.Executors$RunnableAdapter.call(Executors.java:572)
	at java.base/java.util.concurrent.FutureTask.run(FutureTask.java:317)
	at java.base/java.util.concurrent.ThreadPoolExecutor.runWorker(ThreadPoolExecutor.java:1144)
	at java.base/java.util.concurrent.ThreadPoolExecutor$Worker.run(ThreadPoolExecutor.java:642)
	at java.base/java.lang.Thread.run(Thread.java:1583)
2026-05-02 23:02:47.399 [DiscoveryClient-InstanceInfoReplicator-0] WARN  c.n.d.s.t.d.RetryableEurekaHttpClient - Request execution failed with message: I/O error on POST request for "http://localhost:8761/eureka/apps/CATALOG-SERVICE": Connect to http://localhost:8761 [localhost/127.0.0.1, localhost/0:0:0:0:0:0:0:1] failed: Connection refused: getsockopt
2026-05-02 23:02:47.443 [DiscoveryClient-InstanceInfoReplicator-0] WARN  c.netflix.discovery.DiscoveryClient - DiscoveryClient_CATALOG-SERVICE/172.21.160.138:catalog-service:9092 - registration failed Cannot execute request on any known server
com.netflix.discovery.shared.transport.TransportException: Cannot execute request on any known server
	at com.netflix.discovery.shared.transport.decorator.RetryableEurekaHttpClient.execute(RetryableEurekaHttpClient.java:112)
	at com.netflix.discovery.shared.transport.decorator.EurekaHttpClientDecorator.register(EurekaHttpClientDecorator.java:56)
	at com.netflix.discovery.shared.transport.decorator.EurekaHttpClientDecorator$1.execute(EurekaHttpClientDecorator.java:59)
	at com.netflix.discovery.shared.transport.decorator.SessionedEurekaHttpClient.execute(SessionedEurekaHttpClient.java:77)
	at com.netflix.discovery.shared.transport.decorator.EurekaHttpClientDecorator.register(EurekaHttpClientDecorator.java:56)
	at com.netflix.discovery.DiscoveryClient.register(DiscoveryClient.java:820)
	at com.netflix.discovery.InstanceInfoReplicator.run(InstanceInfoReplicator.java:121)
	at java.base/java.util.concurrent.Executors$RunnableAdapter.call(Executors.java:572)
	at java.base/java.util.concurrent.FutureTask.run(FutureTask.java:317)
	at java.base/java.util.concurrent.ScheduledThreadPoolExecutor$ScheduledFutureTask.run(ScheduledThreadPoolExecutor.java:304)
	at java.base/java.util.concurrent.ThreadPoolExecutor.runWorker(ThreadPoolExecutor.java:1144)
	at java.base/java.util.concurrent.ThreadPoolExecutor$Worker.run(ThreadPoolExecutor.java:642)
	at java.base/java.lang.Thread.run(Thread.java:1583)
2026-05-02 23:02:47.450 [DiscoveryClient-InstanceInfoReplicator-0] WARN  c.n.discovery.InstanceInfoReplicator - There was a problem with the instance info replicator
com.netflix.discovery.shared.transport.TransportException: Cannot execute request on any known server
	at com.netflix.discovery.shared.transport.decorator.RetryableEurekaHttpClient.execute(RetryableEurekaHttpClient.java:112)
	at com.netflix.discovery.shared.transport.decorator.EurekaHttpClientDecorator.register(EurekaHttpClientDecorator.java:56)
	at com.netflix.discovery.shared.transport.decorator.EurekaHttpClientDecorator$1.execute(EurekaHttpClientDecorator.java:59)
	at com.netflix.discovery.shared.transport.decorator.SessionedEurekaHttpClient.execute(SessionedEurekaHttpClient.java:77)
	at com.netflix.discovery.shared.transport.decorator.EurekaHttpClientDecorator.register(EurekaHttpClientDecorator.java:56)
	at com.netflix.discovery.DiscoveryClient.register(DiscoveryClient.java:820)
	at com.netflix.discovery.InstanceInfoReplicator.run(InstanceInfoReplicator.java:121)
	at java.base/java.util.concurrent.Executors$RunnableAdapter.call(Executors.java:572)
	at java.base/java.util.concurrent.FutureTask.run(FutureTask.java:317)
	at java.base/java.util.concurrent.ScheduledThreadPoolExecutor$ScheduledFutureTask.run(ScheduledThreadPoolExecutor.java:304)
	at java.base/java.util.concurrent.ThreadPoolExecutor.runWorker(ThreadPoolExecutor.java:1144)
	at java.base/java.util.concurrent.ThreadPoolExecutor$Worker.run(ThreadPoolExecutor.java:642)
	at java.base/java.lang.Thread.run(Thread.java:1583)
2026-05-02 23:02:47.552 [DiscoveryClient-CacheRefreshExecutor-0] WARN  c.n.d.s.t.d.RetryableEurekaHttpClient - Request execution failed with message: I/O error on GET request for "http://localhost:8761/eureka/apps/": Connect to http://localhost:8761 [localhost/127.0.0.1, localhost/0:0:0:0:0:0:0:1] failed: Connection refused: getsockopt
2026-05-02 23:03:17.277 [DiscoveryClient-HeartbeatExecutor-0] WARN  c.n.d.s.t.d.RetryableEurekaHttpClient - Request execution failed with message: I/O error on PUT request for "http://localhost:8761/eureka/apps/CATALOG-SERVICE/172.21.160.138:catalog-service:9092": Connect to http://localhost:8761 [localhost/127.0.0.1, localhost/0:0:0:0:0:0:0:1] failed: Connection refused: getsockopt
2026-05-02 23:03:17.277 [DiscoveryClient-HeartbeatExecutor-0] ERROR c.netflix.discovery.DiscoveryClient - DiscoveryClient_CATALOG-SERVICE/172.21.160.138:catalog-service:9092 - was unable to send heartbeat!
com.netflix.discovery.shared.transport.TransportException: Cannot execute request on any known server
	at com.netflix.discovery.shared.transport.decorator.RetryableEurekaHttpClient.execute(RetryableEurekaHttpClient.java:112)
	at com.netflix.discovery.shared.transport.decorator.EurekaHttpClientDecorator.sendHeartBeat(EurekaHttpClientDecorator.java:89)
	at com.netflix.discovery.shared.transport.decorator.EurekaHttpClientDecorator$3.execute(EurekaHttpClientDecorator.java:92)
	at com.netflix.discovery.shared.transport.decorator.SessionedEurekaHttpClient.execute(SessionedEurekaHttpClient.java:77)
	at com.netflix.discovery.shared.transport.decorator.EurekaHttpClientDecorator.sendHeartBeat(EurekaHttpClientDecorator.java:89)
	at com.netflix.discovery.DiscoveryClient.renew(DiscoveryClient.java:837)
	at com.netflix.discovery.DiscoveryClient$HeartbeatThread.run(DiscoveryClient.java:1401)
	at java.base/java.util.concurrent.Executors$RunnableAdapter.call(Executors.java:572)
	at java.base/java.util.concurrent.FutureTask.run(FutureTask.java:317)
	at java.base/java.util.concurrent.ThreadPoolExecutor.runWorker(ThreadPoolExecutor.java:1144)
	at java.base/java.util.concurrent.ThreadPoolExecutor$Worker.run(ThreadPoolExecutor.java:642)
	at java.base/java.lang.Thread.run(Thread.java:1583)
2026-05-02 23:03:17.500 [DiscoveryClient-InstanceInfoReplicator-0] WARN  c.n.d.s.t.d.RetryableEurekaHttpClient - Request execution failed with message: I/O error on POST request for "http://localhost:8761/eureka/apps/CATALOG-SERVICE": Connect to http://localhost:8761 [localhost/127.0.0.1, localhost/0:0:0:0:0:0:0:1] failed: Connection refused: getsockopt
2026-05-02 23:03:17.500 [DiscoveryClient-InstanceInfoReplicator-0] WARN  c.netflix.discovery.DiscoveryClient - DiscoveryClient_CATALOG-SERVICE/172.21.160.138:catalog-service:9092 - registration failed Cannot execute request on any known server
com.netflix.discovery.shared.transport.TransportException: Cannot execute request on any known server
	at com.netflix.discovery.shared.transport.decorator.RetryableEurekaHttpClient.execute(RetryableEurekaHttpClient.java:112)
	at com.netflix.discovery.shared.transport.decorator.EurekaHttpClientDecorator.register(EurekaHttpClientDecorator.java:56)
	at com.netflix.discovery.shared.transport.decorator.EurekaHttpClientDecorator$1.execute(EurekaHttpClientDecorator.java:59)
	at com.netflix.discovery.shared.transport.decorator.SessionedEurekaHttpClient.execute(SessionedEurekaHttpClient.java:77)
	at com.netflix.discovery.shared.transport.decorator.EurekaHttpClientDecorator.register(EurekaHttpClientDecorator.java:56)
	at com.netflix.discovery.DiscoveryClient.register(DiscoveryClient.java:820)
	at com.netflix.discovery.InstanceInfoReplicator.run(InstanceInfoReplicator.java:121)
	at java.base/java.util.concurrent.Executors$RunnableAdapter.call(Executors.java:572)
	at java.base/java.util.concurrent.FutureTask.run(FutureTask.java:317)
	at java.base/java.util.concurrent.ScheduledThreadPoolExecutor$ScheduledFutureTask.run(ScheduledThreadPoolExecutor.java:304)
	at java.base/java.util.concurrent.ThreadPoolExecutor.runWorker(ThreadPoolExecutor.java:1144)
	at java.base/java.util.concurrent.ThreadPoolExecutor$Worker.run(ThreadPoolExecutor.java:642)
	at java.base/java.lang.Thread.run(Thread.java:1583)
2026-05-02 23:03:17.500 [DiscoveryClient-InstanceInfoReplicator-0] WARN  c.n.discovery.InstanceInfoReplicator - There was a problem with the instance info replicator
com.netflix.discovery.shared.transport.TransportException: Cannot execute request on any known server
	at com.netflix.discovery.shared.transport.decorator.RetryableEurekaHttpClient.execute(RetryableEurekaHttpClient.java:112)
	at com.netflix.discovery.shared.transport.decorator.EurekaHttpClientDecorator.register(EurekaHttpClientDecorator.java:56)
	at com.netflix.discovery.shared.transport.decorator.EurekaHttpClientDecorator$1.execute(EurekaHttpClientDecorator.java:59)
	at com.netflix.discovery.shared.transport.decorator.SessionedEurekaHttpClient.execute(SessionedEurekaHttpClient.java:77)
	at com.netflix.discovery.shared.transport.decorator.EurekaHttpClientDecorator.register(EurekaHttpClientDecorator.java:56)
	at com.netflix.discovery.DiscoveryClient.register(DiscoveryClient.java:820)
	at com.netflix.discovery.InstanceInfoReplicator.run(InstanceInfoReplicator.java:121)
	at java.base/java.util.concurrent.Executors$RunnableAdapter.call(Executors.java:572)
	at java.base/java.util.concurrent.FutureTask.run(FutureTask.java:317)
	at java.base/java.util.concurrent.ScheduledThreadPoolExecutor$ScheduledFutureTask.run(ScheduledThreadPoolExecutor.java:304)
	at java.base/java.util.concurrent.ThreadPoolExecutor.runWorker(ThreadPoolExecutor.java:1144)
	at java.base/java.util.concurrent.ThreadPoolExecutor$Worker.run(ThreadPoolExecutor.java:642)
	at java.base/java.lang.Thread.run(Thread.java:1583)
2026-05-02 23:03:17.663 [DiscoveryClient-CacheRefreshExecutor-0] WARN  c.n.d.s.t.d.RetryableEurekaHttpClient - Request execution failed with message: I/O error on GET request for "http://localhost:8761/eureka/apps/": Connect to http://localhost:8761 [localhost/127.0.0.1, localhost/0:0:0:0:0:0:0:1] failed: Connection refused: getsockopt
2026-05-02 23:03:47.316 [DiscoveryClient-HeartbeatExecutor-0] WARN  c.n.d.s.t.d.RetryableEurekaHttpClient - Request execution failed with message: I/O error on PUT request for "http://localhost:8761/eureka/apps/CATALOG-SERVICE/172.21.160.138:catalog-service:9092": Connect to http://localhost:8761 [localhost/127.0.0.1, localhost/0:0:0:0:0:0:0:1] failed: Connection refused: getsockopt
2026-05-02 23:03:47.316 [DiscoveryClient-HeartbeatExecutor-0] ERROR c.netflix.discovery.DiscoveryClient - DiscoveryClient_CATALOG-SERVICE/172.21.160.138:catalog-service:9092 - was unable to send heartbeat!
com.netflix.discovery.shared.transport.TransportException: Cannot execute request on any known server
	at com.netflix.discovery.shared.transport.decorator.RetryableEurekaHttpClient.execute(RetryableEurekaHttpClient.java:112)
	at com.netflix.discovery.shared.transport.decorator.EurekaHttpClientDecorator.sendHeartBeat(EurekaHttpClientDecorator.java:89)
	at com.netflix.discovery.shared.transport.decorator.EurekaHttpClientDecorator$3.execute(EurekaHttpClientDecorator.java:92)
	at com.netflix.discovery.shared.transport.decorator.SessionedEurekaHttpClient.execute(SessionedEurekaHttpClient.java:77)
	at com.netflix.discovery.shared.transport.decorator.EurekaHttpClientDecorator.sendHeartBeat(EurekaHttpClientDecorator.java:89)
	at com.netflix.discovery.DiscoveryClient.renew(DiscoveryClient.java:837)
	at com.netflix.discovery.DiscoveryClient$HeartbeatThread.run(DiscoveryClient.java:1401)
	at java.base/java.util.concurrent.Executors$RunnableAdapter.call(Executors.java:572)
	at java.base/java.util.concurrent.FutureTask.run(FutureTask.java:317)
	at java.base/java.util.concurrent.ThreadPoolExecutor.runWorker(ThreadPoolExecutor.java:1144)
	at java.base/java.util.concurrent.ThreadPoolExecutor$Worker.run(ThreadPoolExecutor.java:642)
	at java.base/java.lang.Thread.run(Thread.java:1583)
2026-05-02 23:03:47.543 [DiscoveryClient-InstanceInfoReplicator-0] WARN  c.n.d.s.t.d.RetryableEurekaHttpClient - Request execution failed with message: I/O error on POST request for "http://localhost:8761/eureka/apps/CATALOG-SERVICE": Connect to http://localhost:8761 [localhost/127.0.0.1, localhost/0:0:0:0:0:0:0:1] failed: Connection refused: getsockopt
2026-05-02 23:03:47.543 [DiscoveryClient-InstanceInfoReplicator-0] WARN  c.netflix.discovery.DiscoveryClient - DiscoveryClient_CATALOG-SERVICE/172.21.160.138:catalog-service:9092 - registration failed Cannot execute request on any known server
com.netflix.discovery.shared.transport.TransportException: Cannot execute request on any known server
	at com.netflix.discovery.shared.transport.decorator.RetryableEurekaHttpClient.execute(RetryableEurekaHttpClient.java:112)
	at com.netflix.discovery.shared.transport.decorator.EurekaHttpClientDecorator.register(EurekaHttpClientDecorator.java:56)
	at com.netflix.discovery.shared.transport.decorator.EurekaHttpClientDecorator$1.execute(EurekaHttpClientDecorator.java:59)
	at com.netflix.discovery.shared.transport.decorator.SessionedEurekaHttpClient.execute(SessionedEurekaHttpClient.java:77)
	at com.netflix.discovery.shared.transport.decorator.EurekaHttpClientDecorator.register(EurekaHttpClientDecorator.java:56)
	at com.netflix.discovery.DiscoveryClient.register(DiscoveryClient.java:820)
	at com.netflix.discovery.InstanceInfoReplicator.run(InstanceInfoReplicator.java:121)
	at java.base/java.util.concurrent.Executors$RunnableAdapter.call(Executors.java:572)
	at java.base/java.util.concurrent.FutureTask.run(FutureTask.java:317)
	at java.base/java.util.concurrent.ScheduledThreadPoolExecutor$ScheduledFutureTask.run(ScheduledThreadPoolExecutor.java:304)
	at java.base/java.util.concurrent.ThreadPoolExecutor.runWorker(ThreadPoolExecutor.java:1144)
	at java.base/java.util.concurrent.ThreadPoolExecutor$Worker.run(ThreadPoolExecutor.java:642)
	at java.base/java.lang.Thread.run(Thread.java:1583)
2026-05-02 23:03:47.544 [DiscoveryClient-InstanceInfoReplicator-0] WARN  c.n.discovery.InstanceInfoReplicator - There was a problem with the instance info replicator
com.netflix.discovery.shared.transport.TransportException: Cannot execute request on any known server
	at com.netflix.discovery.shared.transport.decorator.RetryableEurekaHttpClient.execute(RetryableEurekaHttpClient.java:112)
	at com.netflix.discovery.shared.transport.decorator.EurekaHttpClientDecorator.register(EurekaHttpClientDecorator.java:56)
	at com.netflix.discovery.shared.transport.decorator.EurekaHttpClientDecorator$1.execute(EurekaHttpClientDecorator.java:59)
	at com.netflix.discovery.shared.transport.decorator.SessionedEurekaHttpClient.execute(SessionedEurekaHttpClient.java:77)
	at com.netflix.discovery.shared.transport.decorator.EurekaHttpClientDecorator.register(EurekaHttpClientDecorator.java:56)
	at com.netflix.discovery.DiscoveryClient.register(DiscoveryClient.java:820)
	at com.netflix.discovery.InstanceInfoReplicator.run(InstanceInfoReplicator.java:121)
	at java.base/java.util.concurrent.Executors$RunnableAdapter.call(Executors.java:572)
	at java.base/java.util.concurrent.FutureTask.run(FutureTask.java:317)
	at java.base/java.util.concurrent.ScheduledThreadPoolExecutor$ScheduledFutureTask.run(ScheduledThreadPoolExecutor.java:304)
	at java.base/java.util.concurrent.ThreadPoolExecutor.runWorker(ThreadPoolExecutor.java:1144)
	at java.base/java.util.concurrent.ThreadPoolExecutor$Worker.run(ThreadPoolExecutor.java:642)
	at java.base/java.lang.Thread.run(Thread.java:1583)
2026-05-02 23:03:47.729 [DiscoveryClient-CacheRefreshExecutor-0] WARN  c.n.d.s.t.d.RetryableEurekaHttpClient - Request execution failed with message: I/O error on GET request for "http://localhost:8761/eureka/apps/": Connect to http://localhost:8761 [localhost/127.0.0.1, localhost/0:0:0:0:0:0:0:1] failed: Connection refused: getsockopt
2026-05-02 23:04:17.352 [DiscoveryClient-HeartbeatExecutor-0] WARN  c.n.d.s.t.d.RetryableEurekaHttpClient - Request execution failed with message: I/O error on PUT request for "http://localhost:8761/eureka/apps/CATALOG-SERVICE/172.21.160.138:catalog-service:9092": Connect to http://localhost:8761 [localhost/127.0.0.1, localhost/0:0:0:0:0:0:0:1] failed: Connection refused: getsockopt
2026-05-02 23:04:17.354 [DiscoveryClient-HeartbeatExecutor-0] ERROR c.netflix.discovery.DiscoveryClient - DiscoveryClient_CATALOG-SERVICE/172.21.160.138:catalog-service:9092 - was unable to send heartbeat!
com.netflix.discovery.shared.transport.TransportException: Cannot execute request on any known server
	at com.netflix.discovery.shared.transport.decorator.RetryableEurekaHttpClient.execute(RetryableEurekaHttpClient.java:112)
	at com.netflix.discovery.shared.transport.decorator.EurekaHttpClientDecorator.sendHeartBeat(EurekaHttpClientDecorator.java:89)
	at com.netflix.discovery.shared.transport.decorator.EurekaHttpClientDecorator$3.execute(EurekaHttpClientDecorator.java:92)
	at com.netflix.discovery.shared.transport.decorator.SessionedEurekaHttpClient.execute(SessionedEurekaHttpClient.java:77)
	at com.netflix.discovery.shared.transport.decorator.EurekaHttpClientDecorator.sendHeartBeat(EurekaHttpClientDecorator.java:89)
	at com.netflix.discovery.DiscoveryClient.renew(DiscoveryClient.java:837)
	at com.netflix.discovery.DiscoveryClient$HeartbeatThread.run(DiscoveryClient.java:1401)
	at java.base/java.util.concurrent.Executors$RunnableAdapter.call(Executors.java:572)
	at java.base/java.util.concurrent.FutureTask.run(FutureTask.java:317)
	at java.base/java.util.concurrent.ThreadPoolExecutor.runWorker(ThreadPoolExecutor.java:1144)
	at java.base/java.util.concurrent.ThreadPoolExecutor$Worker.run(ThreadPoolExecutor.java:642)
	at java.base/java.lang.Thread.run(Thread.java:1583)
2026-05-02 23:04:17.573 [DiscoveryClient-InstanceInfoReplicator-0] WARN  c.n.d.s.t.d.RetryableEurekaHttpClient - Request execution failed with message: I/O error on POST request for "http://localhost:8761/eureka/apps/CATALOG-SERVICE": Connect to http://localhost:8761 [localhost/127.0.0.1, localhost/0:0:0:0:0:0:0:1] failed: Connection refused: getsockopt
2026-05-02 23:04:17.581 [DiscoveryClient-InstanceInfoReplicator-0] WARN  c.netflix.discovery.DiscoveryClient - DiscoveryClient_CATALOG-SERVICE/172.21.160.138:catalog-service:9092 - registration failed Cannot execute request on any known server
com.netflix.discovery.shared.transport.TransportException: Cannot execute request on any known server
	at com.netflix.discovery.shared.transport.decorator.RetryableEurekaHttpClient.execute(RetryableEurekaHttpClient.java:112)
	at com.netflix.discovery.shared.transport.decorator.EurekaHttpClientDecorator.register(EurekaHttpClientDecorator.java:56)
	at com.netflix.discovery.shared.transport.decorator.EurekaHttpClientDecorator$1.execute(EurekaHttpClientDecorator.java:59)
	at com.netflix.discovery.shared.transport.decorator.SessionedEurekaHttpClient.execute(SessionedEurekaHttpClient.java:77)
	at com.netflix.discovery.shared.transport.decorator.EurekaHttpClientDecorator.register(EurekaHttpClientDecorator.java:56)
	at com.netflix.discovery.DiscoveryClient.register(DiscoveryClient.java:820)
	at com.netflix.discovery.InstanceInfoReplicator.run(InstanceInfoReplicator.java:121)
	at java.base/java.util.concurrent.Executors$RunnableAdapter.call(Executors.java:572)
	at java.base/java.util.concurrent.FutureTask.run(FutureTask.java:317)
	at java.base/java.util.concurrent.ScheduledThreadPoolExecutor$ScheduledFutureTask.run(ScheduledThreadPoolExecutor.java:304)
	at java.base/java.util.concurrent.ThreadPoolExecutor.runWorker(ThreadPoolExecutor.java:1144)
	at java.base/java.util.concurrent.ThreadPoolExecutor$Worker.run(ThreadPoolExecutor.java:642)
	at java.base/java.lang.Thread.run(Thread.java:1583)
2026-05-02 23:04:17.584 [DiscoveryClient-InstanceInfoReplicator-0] WARN  c.n.discovery.InstanceInfoReplicator - There was a problem with the instance info replicator
com.netflix.discovery.shared.transport.TransportException: Cannot execute request on any known server
	at com.netflix.discovery.shared.transport.decorator.RetryableEurekaHttpClient.execute(RetryableEurekaHttpClient.java:112)
	at com.netflix.discovery.shared.transport.decorator.EurekaHttpClientDecorator.register(EurekaHttpClientDecorator.java:56)
	at com.netflix.discovery.shared.transport.decorator.EurekaHttpClientDecorator$1.execute(EurekaHttpClientDecorator.java:59)
	at com.netflix.discovery.shared.transport.decorator.SessionedEurekaHttpClient.execute(SessionedEurekaHttpClient.java:77)
	at com.netflix.discovery.shared.transport.decorator.EurekaHttpClientDecorator.register(EurekaHttpClientDecorator.java:56)
	at com.netflix.discovery.DiscoveryClient.register(DiscoveryClient.java:820)
	at com.netflix.discovery.InstanceInfoReplicator.run(InstanceInfoReplicator.java:121)
	at java.base/java.util.concurrent.Executors$RunnableAdapter.call(Executors.java:572)
	at java.base/java.util.concurrent.FutureTask.run(FutureTask.java:317)
	at java.base/java.util.concurrent.ScheduledThreadPoolExecutor$ScheduledFutureTask.run(ScheduledThreadPoolExecutor.java:304)
	at java.base/java.util.concurrent.ThreadPoolExecutor.runWorker(ThreadPoolExecutor.java:1144)
	at java.base/java.util.concurrent.ThreadPoolExecutor$Worker.run(ThreadPoolExecutor.java:642)
	at java.base/java.lang.Thread.run(Thread.java:1583)
2026-05-02 23:04:17.757 [DiscoveryClient-CacheRefreshExecutor-0] WARN  c.n.d.s.t.d.RetryableEurekaHttpClient - Request execution failed with message: I/O error on GET request for "http://localhost:8761/eureka/apps/": Connect to http://localhost:8761 [localhost/127.0.0.1, localhost/0:0:0:0:0:0:0:1] failed: Connection refused: getsockopt
2026-05-02 23:04:47.402 [DiscoveryClient-HeartbeatExecutor-0] WARN  c.n.d.s.t.d.RetryableEurekaHttpClient - Request execution failed with message: I/O error on PUT request for "http://localhost:8761/eureka/apps/CATALOG-SERVICE/172.21.160.138:catalog-service:9092": Connect to http://localhost:8761 [localhost/127.0.0.1, localhost/0:0:0:0:0:0:0:1] failed: Connection refused: getsockopt
2026-05-02 23:04:47.403 [DiscoveryClient-HeartbeatExecutor-0] ERROR c.netflix.discovery.DiscoveryClient - DiscoveryClient_CATALOG-SERVICE/172.21.160.138:catalog-service:9092 - was unable to send heartbeat!
com.netflix.discovery.shared.transport.TransportException: Cannot execute request on any known server
	at com.netflix.discovery.shared.transport.decorator.RetryableEurekaHttpClient.execute(RetryableEurekaHttpClient.java:112)
	at com.netflix.discovery.shared.transport.decorator.EurekaHttpClientDecorator.sendHeartBeat(EurekaHttpClientDecorator.java:89)
	at com.netflix.discovery.shared.transport.decorator.EurekaHttpClientDecorator$3.execute(EurekaHttpClientDecorator.java:92)
	at com.netflix.discovery.shared.transport.decorator.SessionedEurekaHttpClient.execute(SessionedEurekaHttpClient.java:77)
	at com.netflix.discovery.shared.transport.decorator.EurekaHttpClientDecorator.sendHeartBeat(EurekaHttpClientDecorator.java:89)
	at com.netflix.discovery.DiscoveryClient.renew(DiscoveryClient.java:837)
	at com.netflix.discovery.DiscoveryClient$HeartbeatThread.run(DiscoveryClient.java:1401)
	at java.base/java.util.concurrent.Executors$RunnableAdapter.call(Executors.java:572)
	at java.base/java.util.concurrent.FutureTask.run(FutureTask.java:317)
	at java.base/java.util.concurrent.ThreadPoolExecutor.runWorker(ThreadPoolExecutor.java:1144)
	at java.base/java.util.concurrent.ThreadPoolExecutor$Worker.run(ThreadPoolExecutor.java:642)
	at java.base/java.lang.Thread.run(Thread.java:1583)
2026-05-02 23:04:47.663 [DiscoveryClient-InstanceInfoReplicator-0] WARN  c.n.d.s.t.d.RetryableEurekaHttpClient - Request execution failed with message: I/O error on POST request for "http://localhost:8761/eureka/apps/CATALOG-SERVICE": Connect to http://localhost:8761 [localhost/127.0.0.1, localhost/0:0:0:0:0:0:0:1] failed: Connection refused: getsockopt
2026-05-02 23:04:47.663 [DiscoveryClient-InstanceInfoReplicator-0] WARN  c.netflix.discovery.DiscoveryClient - DiscoveryClient_CATALOG-SERVICE/172.21.160.138:catalog-service:9092 - registration failed Cannot execute request on any known server
com.netflix.discovery.shared.transport.TransportException: Cannot execute request on any known server
	at com.netflix.discovery.shared.transport.decorator.RetryableEurekaHttpClient.execute(RetryableEurekaHttpClient.java:112)
	at com.netflix.discovery.shared.transport.decorator.EurekaHttpClientDecorator.register(EurekaHttpClientDecorator.java:56)
	at com.netflix.discovery.shared.transport.decorator.EurekaHttpClientDecorator$1.execute(EurekaHttpClientDecorator.java:59)
	at com.netflix.discovery.shared.transport.decorator.SessionedEurekaHttpClient.execute(SessionedEurekaHttpClient.java:77)
	at com.netflix.discovery.shared.transport.decorator.EurekaHttpClientDecorator.register(EurekaHttpClientDecorator.java:56)
	at com.netflix.discovery.DiscoveryClient.register(DiscoveryClient.java:820)
	at com.netflix.discovery.InstanceInfoReplicator.run(InstanceInfoReplicator.java:121)
	at java.base/java.util.concurrent.Executors$RunnableAdapter.call(Executors.java:572)
	at java.base/java.util.concurrent.FutureTask.run(FutureTask.java:317)
	at java.base/java.util.concurrent.ScheduledThreadPoolExecutor$ScheduledFutureTask.run(ScheduledThreadPoolExecutor.java:304)
	at java.base/java.util.concurrent.ThreadPoolExecutor.runWorker(ThreadPoolExecutor.java:1144)
	at java.base/java.util.concurrent.ThreadPoolExecutor$Worker.run(ThreadPoolExecutor.java:642)
	at java.base/java.lang.Thread.run(Thread.java:1583)
2026-05-02 23:04:47.663 [DiscoveryClient-InstanceInfoReplicator-0] WARN  c.n.discovery.InstanceInfoReplicator - There was a problem with the instance info replicator
com.netflix.discovery.shared.transport.TransportException: Cannot execute request on any known server
	at com.netflix.discovery.shared.transport.decorator.RetryableEurekaHttpClient.execute(RetryableEurekaHttpClient.java:112)
	at com.netflix.discovery.shared.transport.decorator.EurekaHttpClientDecorator.register(EurekaHttpClientDecorator.java:56)
	at com.netflix.discovery.shared.transport.decorator.EurekaHttpClientDecorator$1.execute(EurekaHttpClientDecorator.java:59)
	at com.netflix.discovery.shared.transport.decorator.SessionedEurekaHttpClient.execute(SessionedEurekaHttpClient.java:77)
	at com.netflix.discovery.shared.transport.decorator.EurekaHttpClientDecorator.register(EurekaHttpClientDecorator.java:56)
	at com.netflix.discovery.DiscoveryClient.register(DiscoveryClient.java:820)
	at com.netflix.discovery.InstanceInfoReplicator.run(InstanceInfoReplicator.java:121)
	at java.base/java.util.concurrent.Executors$RunnableAdapter.call(Executors.java:572)
	at java.base/java.util.concurrent.FutureTask.run(FutureTask.java:317)
	at java.base/java.util.concurrent.ScheduledThreadPoolExecutor$ScheduledFutureTask.run(ScheduledThreadPoolExecutor.java:304)
	at java.base/java.util.concurrent.ThreadPoolExecutor.runWorker(ThreadPoolExecutor.java:1144)
	at java.base/java.util.concurrent.ThreadPoolExecutor$Worker.run(ThreadPoolExecutor.java:642)
	at java.base/java.lang.Thread.run(Thread.java:1583)
2026-05-02 23:04:47.789 [DiscoveryClient-CacheRefreshExecutor-0] WARN  c.n.d.s.t.d.RetryableEurekaHttpClient - Request execution failed with message: I/O error on GET request for "http://localhost:8761/eureka/apps/": Connect to http://localhost:8761 [localhost/127.0.0.1, localhost/0:0:0:0:0:0:0:1] failed: Connection refused: getsockopt
2026-05-02 23:05:17.439 [DiscoveryClient-HeartbeatExecutor-0] WARN  c.n.d.s.t.d.RetryableEurekaHttpClient - Request execution failed with message: I/O error on PUT request for "http://localhost:8761/eureka/apps/CATALOG-SERVICE/172.21.160.138:catalog-service:9092": Connect to http://localhost:8761 [localhost/127.0.0.1, localhost/0:0:0:0:0:0:0:1] failed: Connection refused: getsockopt
2026-05-02 23:05:17.439 [DiscoveryClient-HeartbeatExecutor-0] ERROR c.netflix.discovery.DiscoveryClient - DiscoveryClient_CATALOG-SERVICE/172.21.160.138:catalog-service:9092 - was unable to send heartbeat!
com.netflix.discovery.shared.transport.TransportException: Cannot execute request on any known server
	at com.netflix.discovery.shared.transport.decorator.RetryableEurekaHttpClient.execute(RetryableEurekaHttpClient.java:112)
	at com.netflix.discovery.shared.transport.decorator.EurekaHttpClientDecorator.sendHeartBeat(EurekaHttpClientDecorator.java:89)
	at com.netflix.discovery.shared.transport.decorator.EurekaHttpClientDecorator$3.execute(EurekaHttpClientDecorator.java:92)
	at com.netflix.discovery.shared.transport.decorator.SessionedEurekaHttpClient.execute(SessionedEurekaHttpClient.java:77)
	at com.netflix.discovery.shared.transport.decorator.EurekaHttpClientDecorator.sendHeartBeat(EurekaHttpClientDecorator.java:89)
	at com.netflix.discovery.DiscoveryClient.renew(DiscoveryClient.java:837)
	at com.netflix.discovery.DiscoveryClient$HeartbeatThread.run(DiscoveryClient.java:1401)
	at java.base/java.util.concurrent.Executors$RunnableAdapter.call(Executors.java:572)
	at java.base/java.util.concurrent.FutureTask.run(FutureTask.java:317)
	at java.base/java.util.concurrent.ThreadPoolExecutor.runWorker(ThreadPoolExecutor.java:1144)
	at java.base/java.util.concurrent.ThreadPoolExecutor$Worker.run(ThreadPoolExecutor.java:642)
	at java.base/java.lang.Thread.run(Thread.java:1583)
2026-05-02 23:05:17.695 [DiscoveryClient-InstanceInfoReplicator-0] WARN  c.n.d.s.t.d.RetryableEurekaHttpClient - Request execution failed with message: I/O error on POST request for "http://localhost:8761/eureka/apps/CATALOG-SERVICE": Connect to http://localhost:8761 [localhost/127.0.0.1, localhost/0:0:0:0:0:0:0:1] failed: Connection refused: getsockopt
2026-05-02 23:05:17.695 [DiscoveryClient-InstanceInfoReplicator-0] WARN  c.netflix.discovery.DiscoveryClient - DiscoveryClient_CATALOG-SERVICE/172.21.160.138:catalog-service:9092 - registration failed Cannot execute request on any known server
com.netflix.discovery.shared.transport.TransportException: Cannot execute request on any known server
	at com.netflix.discovery.shared.transport.decorator.RetryableEurekaHttpClient.execute(RetryableEurekaHttpClient.java:112)
	at com.netflix.discovery.shared.transport.decorator.EurekaHttpClientDecorator.register(EurekaHttpClientDecorator.java:56)
	at com.netflix.discovery.shared.transport.decorator.EurekaHttpClientDecorator$1.execute(EurekaHttpClientDecorator.java:59)
	at com.netflix.discovery.shared.transport.decorator.SessionedEurekaHttpClient.execute(SessionedEurekaHttpClient.java:77)
	at com.netflix.discovery.shared.transport.decorator.EurekaHttpClientDecorator.register(EurekaHttpClientDecorator.java:56)
	at com.netflix.discovery.DiscoveryClient.register(DiscoveryClient.java:820)
	at com.netflix.discovery.InstanceInfoReplicator.run(InstanceInfoReplicator.java:121)
	at java.base/java.util.concurrent.Executors$RunnableAdapter.call(Executors.java:572)
	at java.base/java.util.concurrent.FutureTask.run(FutureTask.java:317)
	at java.base/java.util.concurrent.ScheduledThreadPoolExecutor$ScheduledFutureTask.run(ScheduledThreadPoolExecutor.java:304)
	at java.base/java.util.concurrent.ThreadPoolExecutor.runWorker(ThreadPoolExecutor.java:1144)
	at java.base/java.util.concurrent.ThreadPoolExecutor$Worker.run(ThreadPoolExecutor.java:642)
	at java.base/java.lang.Thread.run(Thread.java:1583)
2026-05-02 23:05:17.695 [DiscoveryClient-InstanceInfoReplicator-0] WARN  c.n.discovery.InstanceInfoReplicator - There was a problem with the instance info replicator
com.netflix.discovery.shared.transport.TransportException: Cannot execute request on any known server
	at com.netflix.discovery.shared.transport.decorator.RetryableEurekaHttpClient.execute(RetryableEurekaHttpClient.java:112)
	at com.netflix.discovery.shared.transport.decorator.EurekaHttpClientDecorator.register(EurekaHttpClientDecorator.java:56)
	at com.netflix.discovery.shared.transport.decorator.EurekaHttpClientDecorator$1.execute(EurekaHttpClientDecorator.java:59)
	at com.netflix.discovery.shared.transport.decorator.SessionedEurekaHttpClient.execute(SessionedEurekaHttpClient.java:77)
	at com.netflix.discovery.shared.transport.decorator.EurekaHttpClientDecorator.register(EurekaHttpClientDecorator.java:56)
	at com.netflix.discovery.DiscoveryClient.register(DiscoveryClient.java:820)
	at com.netflix.discovery.InstanceInfoReplicator.run(InstanceInfoReplicator.java:121)
	at java.base/java.util.concurrent.Executors$RunnableAdapter.call(Executors.java:572)
	at java.base/java.util.concurrent.FutureTask.run(FutureTask.java:317)
	at java.base/java.util.concurrent.ScheduledThreadPoolExecutor$ScheduledFutureTask.run(ScheduledThreadPoolExecutor.java:304)
	at java.base/java.util.concurrent.ThreadPoolExecutor.runWorker(ThreadPoolExecutor.java:1144)
	at java.base/java.util.concurrent.ThreadPoolExecutor$Worker.run(ThreadPoolExecutor.java:642)
	at java.base/java.lang.Thread.run(Thread.java:1583)
2026-05-02 23:05:17.821 [DiscoveryClient-CacheRefreshExecutor-0] WARN  c.n.d.s.t.d.RetryableEurekaHttpClient - Request execution failed with message: I/O error on GET request for "http://localhost:8761/eureka/apps/": Connect to http://localhost:8761 [localhost/127.0.0.1, localhost/0:0:0:0:0:0:0:1] failed: Connection refused: getsockopt
2026-05-02 23:14:34.169 [http-nio-9092-exec-1] INFO  o.a.c.c.C.[Tomcat].[localhost].[/] - Initializing Spring DispatcherServlet 'dispatcherServlet'
2026-05-02 23:14:36.184 [AsyncReporter{org.springframework.boot.actuate.autoconfigure.tracing.zipkin.ZipkinRestTemplateSender@5d00b469}] WARN  z.r.AsyncReporter$BoundedAsyncReporter - Spans were dropped due to exceptions. All subsequent errors will be logged at FINE level.
2026-05-02 23:14:36.186 [AsyncReporter{org.springframework.boot.actuate.autoconfigure.tracing.zipkin.ZipkinRestTemplateSender@5d00b469}] WARN  z.r.AsyncReporter$BoundedAsyncReporter - Dropped 2 spans due to ResourceAccessException(I/O error on POST request for "http://localhost:9411/api/v2/spans": Connect to http://localhost:9411 [localhost/127.0.0.1, localhost/0:0:0:0:0:0:0:1] failed: Connection refused: getsockopt)
org.springframework.web.client.ResourceAccessException: I/O error on POST request for "http://localhost:9411/api/v2/spans": Connect to http://localhost:9411 [localhost/127.0.0.1, localhost/0:0:0:0:0:0:0:1] failed: Connection refused: getsockopt
	at org.springframework.web.client.RestTemplate.createResourceAccessException(RestTemplate.java:915)
	at org.springframework.web.client.RestTemplate.doExecute(RestTemplate.java:895)
	at org.springframework.web.client.RestTemplate.execute(RestTemplate.java:790)
	at org.springframework.web.client.RestTemplate.exchange(RestTemplate.java:672)
	at org.springframework.boot.actuate.autoconfigure.tracing.zipkin.ZipkinRestTemplateSender$RestTemplateHttpPostCall.doExecute(ZipkinRestTemplateSender.java:68)
	at org.springframework.boot.actuate.autoconfigure.tracing.zipkin.ZipkinRestTemplateSender$RestTemplateHttpPostCall.doExecute(ZipkinRestTemplateSender.java:48)
	at zipkin2.Call$Base.execute(Call.java:391)
	at zipkin2.reporter.AsyncReporter$BoundedAsyncReporter.flush(AsyncReporter.java:299)
	at zipkin2.reporter.AsyncReporter$Flusher.run(AsyncReporter.java:378)
	at java.base/java.lang.Thread.run(Thread.java:1583)
Caused by: org.apache.hc.client5.http.HttpHostConnectException: Connect to http://localhost:9411 [localhost/127.0.0.1, localhost/0:0:0:0:0:0:0:1] failed: Connection refused: getsockopt
	at java.base/sun.nio.ch.Net.pollConnect(Native Method)
	at java.base/sun.nio.ch.Net.pollConnectNow(Net.java:682)
	at java.base/sun.nio.ch.NioSocketImpl.timedFinishConnect(NioSocketImpl.java:542)
	at java.base/sun.nio.ch.NioSocketImpl.connect(NioSocketImpl.java:592)
	at java.base/java.net.SocksSocketImpl.connect(SocksSocketImpl.java:327)
	at java.base/java.net.Socket.connect(Socket.java:751)
	at org.apache.hc.client5.http.socket.PlainConnectionSocketFactory.lambda$connectSocket$0(PlainConnectionSocketFactory.java:91)
	at java.base/java.security.AccessController.doPrivileged(AccessController.java:571)
	at org.apache.hc.client5.http.socket.PlainConnectionSocketFactory.connectSocket(PlainConnectionSocketFactory.java:90)
	at org.apache.hc.client5.http.socket.ConnectionSocketFactory.connectSocket(ConnectionSocketFactory.java:123)
	at org.apache.hc.client5.http.impl.io.DefaultHttpClientConnectionOperator.connect(DefaultHttpClientConnectionOperator.java:184)
	at org.apache.hc.client5.http.impl.io.PoolingHttpClientConnectionManager.connect(PoolingHttpClientConnectionManager.java:447)
	at org.apache.hc.client5.http.impl.classic.InternalExecRuntime.connectEndpoint(InternalExecRuntime.java:162)
	at org.apache.hc.client5.http.impl.classic.InternalExecRuntime.connectEndpoint(InternalExecRuntime.java:172)
	at org.apache.hc.client5.http.impl.classic.ConnectExec.execute(ConnectExec.java:142)
	at org.apache.hc.client5.http.impl.classic.ExecChainElement.execute(ExecChainElement.java:51)
	at org.apache.hc.client5.http.impl.classic.ProtocolExec.execute(ProtocolExec.java:192)
	at org.apache.hc.client5.http.impl.classic.ExecChainElement.execute(ExecChainElement.java:51)
	at org.apache.hc.client5.http.impl.classic.HttpRequestRetryExec.execute(HttpRequestRetryExec.java:96)
	at org.apache.hc.client5.http.impl.classic.ExecChainElement.execute(ExecChainElement.java:51)
	at org.apache.hc.client5.http.impl.classic.ContentCompressionExec.execute(ContentCompressionExec.java:152)
	at org.apache.hc.client5.http.impl.classic.ExecChainElement.execute(ExecChainElement.java:51)
	at org.apache.hc.client5.http.impl.classic.RedirectExec.execute(RedirectExec.java:115)
	at org.apache.hc.client5.http.impl.classic.ExecChainElement.execute(ExecChainElement.java:51)
	at org.apache.hc.client5.http.impl.classic.InternalHttpClient.doExecute(InternalHttpClient.java:170)
	at org.apache.hc.client5.http.impl.classic.CloseableHttpClient.execute(CloseableHttpClient.java:87)
	at org.apache.hc.client5.http.impl.classic.CloseableHttpClient.execute(CloseableHttpClient.java:55)
	at org.apache.hc.client5.http.classic.HttpClient.executeOpen(HttpClient.java:183)
	at org.springframework.http.client.HttpComponentsClientHttpRequest.executeInternal(HttpComponentsClientHttpRequest.java:95)
	at org.springframework.http.client.AbstractStreamingClientHttpRequest.executeInternal(AbstractStreamingClientHttpRequest.java:70)
	at org.springframework.http.client.AbstractClientHttpRequest.execute(AbstractClientHttpRequest.java:66)
	at org.springframework.web.client.RestTemplate.doExecute(RestTemplate.java:889)
	... 8 common frames omitted
