2026-05-02 01:29:50.214 [main] INFO  c.c.p.n.NotificationServiceApplication - Starting NotificationServiceApplication using Java 21.0.7 with PID 20952 (D:\yosker\PharmacyOnline\janviProject\pharmacy-microservices\notification-service\target\notification-service-1.0.0.jar started by V in D:\yosker\PharmacyOnline\janviProject\pharmacy-microservices)
2026-05-02 01:29:50.243 [main] INFO  c.c.p.n.NotificationServiceApplication - No active profile set, falling back to 1 default profile: "default"
2026-05-02 01:29:57.782 [main] WARN  o.s.c.s.PostProcessorRegistrationDelegate$BeanPostProcessorChecker - Bean 'org.springframework.cloud.client.loadbalancer.LoadBalancerAutoConfiguration$DeferringLoadBalancerInterceptorConfig' of type [org.springframework.cloud.client.loadbalancer.LoadBalancerAutoConfiguration$DeferringLoadBalancerInterceptorConfig] is not eligible for getting processed by all BeanPostProcessors (for example: not eligible for auto-proxying). The currently created BeanPostProcessor [lbRestClientPostProcessor] is declared through a non-static factory method on that class; consider declaring it as static instead.
2026-05-02 01:29:57.805 [main] WARN  o.s.c.s.PostProcessorRegistrationDelegate$BeanPostProcessorChecker - Bean 'deferringLoadBalancerInterceptor' of type [org.springframework.cloud.client.loadbalancer.DeferringLoadBalancerInterceptor] is not eligible for getting processed by all BeanPostProcessors (for example: not eligible for auto-proxying). Is this bean getting eagerly injected into a currently created BeanPostProcessor [lbRestClientPostProcessor]? Check the corresponding BeanPostProcessor declaration and its dependencies.
2026-05-02 01:29:59.332 [main] INFO  o.a.coyote.http11.Http11NioProtocol - Initializing ProtocolHandler ["http-nio-9096"]
2026-05-02 01:29:59.346 [main] INFO  o.a.catalina.core.StandardService - Starting service [Tomcat]
2026-05-02 01:29:59.350 [main] INFO  o.a.catalina.core.StandardEngine - Starting Servlet engine: [Apache Tomcat/10.1.20]
2026-05-02 01:29:59.577 [main] INFO  o.a.c.c.C.[Tomcat].[localhost].[/] - Initializing Spring embedded WebApplicationContext
2026-05-02 01:30:05.147 [main] WARN  o.s.b.a.s.s.UserDetailsServiceAutoConfiguration - 

Using generated security password: d891019f-5a38-4a3b-ab5c-c0f8508c234e

This generated password is for development use only. Your security configuration must be updated before running your application in production.

2026-05-02 01:30:10.133 [main] WARN  o.s.c.l.c.LoadBalancerCacheAutoConfiguration$LoadBalancerCaffeineWarnLogger - Spring Cloud LoadBalancer is currently working with the default cache. While this cache implementation is useful for development and tests, it's recommended to use Caffeine cache in production.You can switch to using Caffeine cache, by adding it and org.springframework.cache.caffeine.CaffeineCacheManager to the classpath.
2026-05-02 01:30:12.577 [main] INFO  o.a.coyote.http11.Http11NioProtocol - Starting ProtocolHandler ["http-nio-9096"]
2026-05-02 01:30:13.224 [main] INFO  c.c.p.n.NotificationServiceApplication - Started NotificationServiceApplication in 25.886 seconds (process running for 28.915)
2026-05-02 01:31:51.930 [org.springframework.amqp.rabbit.RabbitListenerEndpointContainer#0-1] INFO  c.c.p.n.l.NotificationListener - [NOTIFICATION] type=ORDER_PLACED to=john@example.com subject=Order Placed - #1
2026-05-02 01:31:51.935 [org.springframework.amqp.rabbit.RabbitListenerEndpointContainer#0-1] INFO  c.c.p.n.l.NotificationListener - [NOTIFICATION] message=Your order #1 has been placed. Total: Rs.12.00
2026-05-02 01:32:07.594 [org.springframework.amqp.rabbit.RabbitListenerEndpointContainer#0-1] INFO  c.c.p.n.l.NotificationListener - [NOTIFICATION] type=ORDER_PLACED to=john@example.com subject=Order Placed - #2
2026-05-02 01:32:07.595 [org.springframework.amqp.rabbit.RabbitListenerEndpointContainer#0-1] INFO  c.c.p.n.l.NotificationListener - [NOTIFICATION] message=Your order #2 has been placed. Total: Rs.6.00
2026-05-02 01:50:27.419 [org.springframework.amqp.rabbit.RabbitListenerEndpointContainer#0-1] INFO  c.c.p.n.l.NotificationListener - [NOTIFICATION] type=ORDER_PLACED to=john@example.com subject=Order Placed - #3
2026-05-02 01:50:27.430 [org.springframework.amqp.rabbit.RabbitListenerEndpointContainer#0-1] INFO  c.c.p.n.l.NotificationListener - [NOTIFICATION] message=Your order #3 has been placed. Total: Rs.6.00
2026-05-02 01:53:21.254 [org.springframework.amqp.rabbit.RabbitListenerEndpointContainer#0-1] INFO  c.c.p.n.l.NotificationListener - [NOTIFICATION] type=ORDER_PLACED to=john@example.com subject=Order Placed - #4
2026-05-02 01:53:21.256 [org.springframework.amqp.rabbit.RabbitListenerEndpointContainer#0-1] INFO  c.c.p.n.l.NotificationListener - [NOTIFICATION] message=Your order #4 has been placed. Total: Rs.6.00
2026-05-02 01:54:34.359 [org.springframework.amqp.rabbit.RabbitListenerEndpointContainer#0-1] INFO  c.c.p.n.l.NotificationListener - [NOTIFICATION] type=ORDER_PLACED to=john@example.com subject=Order Placed - #5
2026-05-02 01:54:34.360 [org.springframework.amqp.rabbit.RabbitListenerEndpointContainer#0-1] INFO  c.c.p.n.l.NotificationListener - [NOTIFICATION] message=Your order #5 has been placed. Total: Rs.12.00
2026-05-02 01:55:04.084 [org.springframework.amqp.rabbit.RabbitListenerEndpointContainer#0-1] INFO  c.c.p.n.l.NotificationListener - [NOTIFICATION] type=ORDER_PLACED to=john@example.com subject=Order Placed - #6
2026-05-02 01:55:04.085 [org.springframework.amqp.rabbit.RabbitListenerEndpointContainer#0-1] INFO  c.c.p.n.l.NotificationListener - [NOTIFICATION] message=Your order #6 has been placed. Total: Rs.6.00
2026-05-02 01:55:27.896 [org.springframework.amqp.rabbit.RabbitListenerEndpointContainer#0-1] INFO  c.c.p.n.l.NotificationListener - [NOTIFICATION] type=ORDER_PLACED to=john@example.com subject=Order Placed - #7
2026-05-02 01:55:27.897 [org.springframework.amqp.rabbit.RabbitListenerEndpointContainer#0-1] INFO  c.c.p.n.l.NotificationListener - [NOTIFICATION] message=Your order #7 has been placed. Total: Rs.6.00
2026-05-02 02:07:09.614 [org.springframework.amqp.rabbit.RabbitListenerEndpointContainer#0-1] INFO  c.c.p.n.l.NotificationListener - [NOTIFICATION] type=ORDER_PLACED to=john@example.com subject=Order Placed - #8
2026-05-02 02:07:09.617 [org.springframework.amqp.rabbit.RabbitListenerEndpointContainer#0-1] INFO  c.c.p.n.l.NotificationListener - [NOTIFICATION] message=Your order #8 has been placed. Total: Rs.6.00
2026-05-02 02:08:15.150 [org.springframework.amqp.rabbit.RabbitListenerEndpointContainer#0-1] INFO  c.c.p.n.l.NotificationListener - [NOTIFICATION] type=ORDER_PLACED to=john@example.com subject=Order Placed - #9
2026-05-02 02:08:15.152 [org.springframework.amqp.rabbit.RabbitListenerEndpointContainer#0-1] INFO  c.c.p.n.l.NotificationListener - [NOTIFICATION] message=Your order #9 has been placed. Total: Rs.6.00
2026-05-02 02:09:50.973 [org.springframework.amqp.rabbit.RabbitListenerEndpointContainer#0-1] INFO  c.c.p.n.l.NotificationListener - [NOTIFICATION] type=ORDER_PLACED to=sagarpakar777@gmail.com subject=Order Placed - #10
2026-05-02 02:09:50.977 [org.springframework.amqp.rabbit.RabbitListenerEndpointContainer#0-1] INFO  c.c.p.n.l.NotificationListener - [NOTIFICATION] message=Your order #10 has been placed. Total: Rs.50.00
2026-05-02 02:13:01.226 [org.springframework.amqp.rabbit.RabbitListenerEndpointContainer#0-1] INFO  c.c.p.n.l.NotificationListener - [NOTIFICATION] type=ORDER_PLACED to=yoskerAdmin@gmail.com subject=Order Placed - #11
2026-05-02 02:13:01.228 [org.springframework.amqp.rabbit.RabbitListenerEndpointContainer#0-1] INFO  c.c.p.n.l.NotificationListener - [NOTIFICATION] message=Your order #11 has been placed. Total: Rs.750.00
2026-05-02 02:14:49.705 [http-nio-9096-exec-1] INFO  o.a.c.c.C.[Tomcat].[localhost].[/] - Initializing Spring DispatcherServlet 'dispatcherServlet'
2026-05-02 02:14:50.231 [http-nio-9096-exec-1] INFO  c.c.p.n.l.NotificationListener - [NOTIFICATION] type=ORDER_SHIPPED to=sagarpakar777@gmail.com subject=Your order is here
2026-05-02 02:14:50.233 [http-nio-9096-exec-1] INFO  c.c.p.n.l.NotificationListener - [NOTIFICATION] message=Please make sure you opne the package and seee
2026-05-02 02:14:51.170 [AsyncReporter{org.springframework.boot.actuate.autoconfigure.tracing.zipkin.ZipkinRestTemplateSender@748b7c69}] WARN  z.r.AsyncReporter$BoundedAsyncReporter - Spans were dropped due to exceptions. All subsequent errors will be logged at FINE level.
2026-05-02 02:14:51.172 [AsyncReporter{org.springframework.boot.actuate.autoconfigure.tracing.zipkin.ZipkinRestTemplateSender@748b7c69}] WARN  z.r.AsyncReporter$BoundedAsyncReporter - Dropped 5 spans due to ResourceAccessException(I/O error on POST request for "http://localhost:9411/api/v2/spans": Connect to http://localhost:9411 [localhost/127.0.0.1, localhost/0:0:0:0:0:0:0:1] failed: Connection refused: getsockopt)
org.springframework.web.client.ResourceAccessException: I/O error on POST request for "http://localhost:9411/api/v2/spans": Connect to http://localhost:9411 [localhost/127.0.0.1, localhost/0:0:0:0:0:0:0:1] failed: Connection refused: getsockopt
	at org.springframework.web.client.RestTemplate.createResourceAccessException(RestTemplate.java:915)
	at org.springframework.web.client.RestTemplate.doExecute(RestTemplate.java:895)
	at org.springframework.web.client.RestTemplate.execute(RestTemplate.java:790)
	at org.springframework.web.client.RestTemplate.exchange(RestTemplate.java:672)
	at org.springframework.boot.actuate.autoconfigure.tracing.zipkin.ZipkinRestTemplateSender$RestTemplateHttpPostCall.doExecute(ZipkinRestTemplateSender.java:68)
	at org.springframework.boot.actuate.autoconfigure.tracing.zipkin.ZipkinRestTemplateSender$RestTemplateHttpPostCall.doExecute(ZipkinRestTemplateSender.java:48)
	at zipkin2.Call$Base.execute(Call.java:391)
	at zipkin2.reporter.AsyncReporter$BoundedAsyncReporter.flush(AsyncReporter.java:299)
	at zipkin2.reporter.AsyncReporter$Flusher.run(AsyncReporter.java:378)
	at java.base/java.lang.Thread.run(Thread.java:1583)
Caused by: org.apache.hc.client5.http.HttpHostConnectException: Connect to http://localhost:9411 [localhost/127.0.0.1, localhost/0:0:0:0:0:0:0:1] failed: Connection refused: getsockopt
	at java.base/sun.nio.ch.Net.pollConnect(Native Method)
	at java.base/sun.nio.ch.Net.pollConnectNow(Net.java:682)
	at java.base/sun.nio.ch.NioSocketImpl.timedFinishConnect(NioSocketImpl.java:542)
	at java.base/sun.nio.ch.NioSocketImpl.connect(NioSocketImpl.java:592)
	at java.base/java.net.SocksSocketImpl.connect(SocksSocketImpl.java:327)
	at java.base/java.net.Socket.connect(Socket.java:751)
	at org.apache.hc.client5.http.socket.PlainConnectionSocketFactory.lambda$connectSocket$0(PlainConnectionSocketFactory.java:91)
	at java.base/java.security.AccessController.doPrivileged(AccessController.java:571)
	at org.apache.hc.client5.http.socket.PlainConnectionSocketFactory.connectSocket(PlainConnectionSocketFactory.java:90)
	at org.apache.hc.client5.http.socket.ConnectionSocketFactory.connectSocket(ConnectionSocketFactory.java:123)
	at org.apache.hc.client5.http.impl.io.DefaultHttpClientConnectionOperator.connect(DefaultHttpClientConnectionOperator.java:184)
	at org.apache.hc.client5.http.impl.io.PoolingHttpClientConnectionManager.connect(PoolingHttpClientConnectionManager.java:447)
	at org.apache.hc.client5.http.impl.classic.InternalExecRuntime.connectEndpoint(InternalExecRuntime.java:162)
	at org.apache.hc.client5.http.impl.classic.InternalExecRuntime.connectEndpoint(InternalExecRuntime.java:172)
	at org.apache.hc.client5.http.impl.classic.ConnectExec.execute(ConnectExec.java:142)
	at org.apache.hc.client5.http.impl.classic.ExecChainElement.execute(ExecChainElement.java:51)
	at org.apache.hc.client5.http.impl.classic.ProtocolExec.execute(ProtocolExec.java:192)
	at org.apache.hc.client5.http.impl.classic.ExecChainElement.execute(ExecChainElement.java:51)
	at org.apache.hc.client5.http.impl.classic.HttpRequestRetryExec.execute(HttpRequestRetryExec.java:96)
	at org.apache.hc.client5.http.impl.classic.ExecChainElement.execute(ExecChainElement.java:51)
	at org.apache.hc.client5.http.impl.classic.ContentCompressionExec.execute(ContentCompressionExec.java:152)
	at org.apache.hc.client5.http.impl.classic.ExecChainElement.execute(ExecChainElement.java:51)
	at org.apache.hc.client5.http.impl.classic.RedirectExec.execute(RedirectExec.java:115)
	at org.apache.hc.client5.http.impl.classic.ExecChainElement.execute(ExecChainElement.java:51)
	at org.apache.hc.client5.http.impl.classic.InternalHttpClient.doExecute(InternalHttpClient.java:170)
	at org.apache.hc.client5.http.impl.classic.CloseableHttpClient.execute(CloseableHttpClient.java:87)
	at org.apache.hc.client5.http.impl.classic.CloseableHttpClient.execute(CloseableHttpClient.java:55)
	at org.apache.hc.client5.http.classic.HttpClient.executeOpen(HttpClient.java:183)
	at org.springframework.http.client.HttpComponentsClientHttpRequest.executeInternal(HttpComponentsClientHttpRequest.java:95)
	at org.springframework.http.client.AbstractStreamingClientHttpRequest.executeInternal(AbstractStreamingClientHttpRequest.java:70)
	at org.springframework.http.client.AbstractClientHttpRequest.execute(AbstractClientHttpRequest.java:66)
	at org.springframework.web.client.RestTemplate.doExecute(RestTemplate.java:889)
	... 8 common frames omitted
2026-05-02 02:17:18.599 [org.springframework.amqp.rabbit.RabbitListenerEndpointContainer#0-1] INFO  c.c.p.n.l.NotificationListener - [NOTIFICATION] type=ORDER_PLACED to=sagarpakar777@gmail.com subject=Order Placed - #12
2026-05-02 02:17:18.606 [org.springframework.amqp.rabbit.RabbitListenerEndpointContainer#0-1] INFO  c.c.p.n.l.NotificationListener - [NOTIFICATION] message=Your order #12 has been placed. Total: Rs.190.00
2026-05-02 02:24:44.184 [org.springframework.amqp.rabbit.RabbitListenerEndpointContainer#0-1] INFO  c.c.p.n.l.NotificationListener - [NOTIFICATION] type=ORDER_PLACED to=john@example.com subject=Order Placed - #13
2026-05-02 02:24:44.203 [org.springframework.amqp.rabbit.RabbitListenerEndpointContainer#0-1] INFO  c.c.p.n.l.NotificationListener - [NOTIFICATION] message=Your order #13 has been placed. Total: Rs.6.00
2026-05-02 02:24:58.338 [org.springframework.amqp.rabbit.RabbitListenerEndpointContainer#0-1] INFO  c.c.p.n.l.NotificationListener - [NOTIFICATION] type=ORDER_PLACED to=john@example.com subject=Order Placed - #14
2026-05-02 02:24:58.339 [org.springframework.amqp.rabbit.RabbitListenerEndpointContainer#0-1] INFO  c.c.p.n.l.NotificationListener - [NOTIFICATION] message=Your order #14 has been placed. Total: Rs.6.00
2026-05-02 02:25:46.641 [org.springframework.amqp.rabbit.RabbitListenerEndpointContainer#0-1] INFO  c.c.p.n.l.NotificationListener - [NOTIFICATION] type=ORDER_PLACED to=john@example.com subject=Order Placed - #15
2026-05-02 02:25:46.642 [org.springframework.amqp.rabbit.RabbitListenerEndpointContainer#0-1] INFO  c.c.p.n.l.NotificationListener - [NOTIFICATION] message=Your order #15 has been placed. Total: Rs.6.00
2026-05-02 02:26:21.104 [org.springframework.amqp.rabbit.RabbitListenerEndpointContainer#0-1] INFO  c.c.p.n.l.NotificationListener - [NOTIFICATION] type=ORDER_PLACED to=john@example.com subject=Order Placed - #16
2026-05-02 02:26:21.106 [org.springframework.amqp.rabbit.RabbitListenerEndpointContainer#0-1] INFO  c.c.p.n.l.NotificationListener - [NOTIFICATION] message=Your order #16 has been placed. Total: Rs.6.00
2026-05-02 02:33:57.482 [org.springframework.amqp.rabbit.RabbitListenerEndpointContainer#0-1] INFO  c.c.p.n.l.NotificationListener - [NOTIFICATION] type=ORDER_PLACED to=sagarpakar777@gmail.com subject=Order Placed - #17
2026-05-02 02:33:57.499 [org.springframework.amqp.rabbit.RabbitListenerEndpointContainer#0-1] INFO  c.c.p.n.l.NotificationListener - [NOTIFICATION] message=Your order #17 has been placed. Total: Rs.265.00
2026-05-02 02:36:47.946 [http-nio-9096-exec-3] INFO  c.c.p.n.l.NotificationListener - [NOTIFICATION] type=ORDER_PACKED to=sagarpakar777@gmail.com subject=order packed
2026-05-02 02:36:47.948 [http-nio-9096-exec-3] INFO  c.c.p.n.l.NotificationListener - [NOTIFICATION] message=please take the order
2026-05-02 11:37:58.902 [main] INFO  c.c.p.n.NotificationServiceApplication - Starting NotificationServiceApplication using Java 21.0.7 with PID 1804 (D:\yosker\PharmacyOnline\janviProject\pharmacy-microservices\notification-service\target\notification-service-1.0.0.jar started by V in D:\yosker\PharmacyOnline\janviProject\pharmacy-microservices)
2026-05-02 11:37:58.924 [main] INFO  c.c.p.n.NotificationServiceApplication - No active profile set, falling back to 1 default profile: "default"
2026-05-02 11:38:07.616 [main] WARN  o.s.c.s.PostProcessorRegistrationDelegate$BeanPostProcessorChecker - Bean 'org.springframework.cloud.client.loadbalancer.LoadBalancerAutoConfiguration$DeferringLoadBalancerInterceptorConfig' of type [org.springframework.cloud.client.loadbalancer.LoadBalancerAutoConfiguration$DeferringLoadBalancerInterceptorConfig] is not eligible for getting processed by all BeanPostProcessors (for example: not eligible for auto-proxying). The currently created BeanPostProcessor [lbRestClientPostProcessor] is declared through a non-static factory method on that class; consider declaring it as static instead.
2026-05-02 11:38:07.627 [main] WARN  o.s.c.s.PostProcessorRegistrationDelegate$BeanPostProcessorChecker - Bean 'deferringLoadBalancerInterceptor' of type [org.springframework.cloud.client.loadbalancer.DeferringLoadBalancerInterceptor] is not eligible for getting processed by all BeanPostProcessors (for example: not eligible for auto-proxying). Is this bean getting eagerly injected into a currently created BeanPostProcessor [lbRestClientPostProcessor]? Check the corresponding BeanPostProcessor declaration and its dependencies.
2026-05-02 11:38:10.209 [main] INFO  o.a.coyote.http11.Http11NioProtocol - Initializing ProtocolHandler ["http-nio-9096"]
2026-05-02 11:38:10.222 [main] INFO  o.a.catalina.core.StandardService - Starting service [Tomcat]
2026-05-02 11:38:10.225 [main] INFO  o.a.catalina.core.StandardEngine - Starting Servlet engine: [Apache Tomcat/10.1.20]
2026-05-02 11:38:10.383 [main] INFO  o.a.c.c.C.[Tomcat].[localhost].[/] - Initializing Spring embedded WebApplicationContext
2026-05-02 11:38:18.385 [main] WARN  o.s.b.a.s.s.UserDetailsServiceAutoConfiguration - 

Using generated security password: 9b5b51a3-e181-4e3b-9ad0-ba967956e202

This generated password is for development use only. Your security configuration must be updated before running your application in production.

2026-05-02 11:38:29.906 [main] WARN  o.s.c.l.c.LoadBalancerCacheAutoConfiguration$LoadBalancerCaffeineWarnLogger - Spring Cloud LoadBalancer is currently working with the default cache. While this cache implementation is useful for development and tests, it's recommended to use Caffeine cache in production.You can switch to using Caffeine cache, by adding it and org.springframework.cache.caffeine.CaffeineCacheManager to the classpath.
2026-05-02 11:38:33.443 [main] INFO  o.a.coyote.http11.Http11NioProtocol - Starting ProtocolHandler ["http-nio-9096"]
2026-05-02 11:38:42.324 [main] INFO  c.c.p.n.NotificationServiceApplication - Started NotificationServiceApplication in 48.348 seconds (process running for 52.985)
2026-05-02 12:25:27.997 [org.springframework.amqp.rabbit.RabbitListenerEndpointContainer#0-1] INFO  c.c.p.n.l.NotificationListener - [NOTIFICATION] type=ORDER_PLACED to=sagarpakar777@gmail.com subject=Order Placed - #18
2026-05-02 12:25:28.044 [org.springframework.amqp.rabbit.RabbitListenerEndpointContainer#0-1] INFO  c.c.p.n.l.NotificationListener - [NOTIFICATION] message=Your order #18 has been placed. Total: Rs.40.00
2026-05-02 12:48:07.494 [org.springframework.amqp.rabbit.RabbitListenerEndpointContainer#0-1] INFO  c.c.p.n.l.NotificationListener - [NOTIFICATION] type=ORDER_PLACED to=john@example.com subject=Order Placed - #19
2026-05-02 12:48:07.505 [org.springframework.amqp.rabbit.RabbitListenerEndpointContainer#0-1] INFO  c.c.p.n.l.NotificationListener - [NOTIFICATION] message=Your order #19 has been placed. Total: Rs.30.00
2026-05-02 12:48:55.968 [org.springframework.amqp.rabbit.RabbitListenerEndpointContainer#0-1] INFO  c.c.p.n.l.NotificationListener - [NOTIFICATION] type=ORDER_PLACED to=john@example.com subject=Order Placed - #20
2026-05-02 12:48:55.969 [org.springframework.amqp.rabbit.RabbitListenerEndpointContainer#0-1] INFO  c.c.p.n.l.NotificationListener - [NOTIFICATION] message=Your order #20 has been placed. Total: Rs.15.00
2026-05-02 13:50:39.930 [main] INFO  c.c.p.n.NotificationServiceApplication - Starting NotificationServiceApplication using Java 21.0.7 with PID 13064 (D:\yosker\PharmacyOnline\janviProject\pharmacy-microservices\notification-service\target\notification-service-1.0.0.jar started by V in D:\yosker\PharmacyOnline\janviProject\pharmacy-microservices)
2026-05-02 13:50:39.942 [main] INFO  c.c.p.n.NotificationServiceApplication - No active profile set, falling back to 1 default profile: "default"
2026-05-02 13:50:47.924 [main] WARN  o.s.c.s.PostProcessorRegistrationDelegate$BeanPostProcessorChecker - Bean 'org.springframework.cloud.client.loadbalancer.LoadBalancerAutoConfiguration$DeferringLoadBalancerInterceptorConfig' of type [org.springframework.cloud.client.loadbalancer.LoadBalancerAutoConfiguration$DeferringLoadBalancerInterceptorConfig] is not eligible for getting processed by all BeanPostProcessors (for example: not eligible for auto-proxying). The currently created BeanPostProcessor [lbRestClientPostProcessor] is declared through a non-static factory method on that class; consider declaring it as static instead.
2026-05-02 13:50:47.934 [main] WARN  o.s.c.s.PostProcessorRegistrationDelegate$BeanPostProcessorChecker - Bean 'deferringLoadBalancerInterceptor' of type [org.springframework.cloud.client.loadbalancer.DeferringLoadBalancerInterceptor] is not eligible for getting processed by all BeanPostProcessors (for example: not eligible for auto-proxying). Is this bean getting eagerly injected into a currently created BeanPostProcessor [lbRestClientPostProcessor]? Check the corresponding BeanPostProcessor declaration and its dependencies.
2026-05-02 13:50:49.690 [main] INFO  o.a.coyote.http11.Http11NioProtocol - Initializing ProtocolHandler ["http-nio-9096"]
2026-05-02 13:50:49.697 [main] INFO  o.a.catalina.core.StandardService - Starting service [Tomcat]
2026-05-02 13:50:49.699 [main] INFO  o.a.catalina.core.StandardEngine - Starting Servlet engine: [Apache Tomcat/10.1.20]
2026-05-02 13:50:49.797 [main] INFO  o.a.c.c.C.[Tomcat].[localhost].[/] - Initializing Spring embedded WebApplicationContext
2026-05-02 13:50:56.101 [main] WARN  o.s.b.a.s.s.UserDetailsServiceAutoConfiguration - 

Using generated security password: a29ad491-c219-4d40-81aa-a03defa48b1c

This generated password is for development use only. Your security configuration must be updated before running your application in production.

2026-05-02 13:51:02.909 [main] WARN  o.s.c.l.c.LoadBalancerCacheAutoConfiguration$LoadBalancerCaffeineWarnLogger - Spring Cloud LoadBalancer is currently working with the default cache. While this cache implementation is useful for development and tests, it's recommended to use Caffeine cache in production.You can switch to using Caffeine cache, by adding it and org.springframework.cache.caffeine.CaffeineCacheManager to the classpath.
2026-05-02 13:51:04.734 [main] INFO  o.a.coyote.http11.Http11NioProtocol - Starting ProtocolHandler ["http-nio-9096"]
2026-05-02 13:51:05.767 [main] INFO  c.c.p.n.NotificationServiceApplication - Started NotificationServiceApplication in 28.699 seconds (process running for 32.071)
2026-05-02 13:55:01.355 [org.springframework.amqp.rabbit.RabbitListenerEndpointContainer#0-1] INFO  c.c.p.n.l.NotificationListener - [NOTIFICATION] type=ORDER_PLACED to=john@example.com subject=Order Placed - #21
2026-05-02 13:55:01.380 [org.springframework.amqp.rabbit.RabbitListenerEndpointContainer#0-1] INFO  c.c.p.n.l.NotificationListener - [NOTIFICATION] message=Your order #21 has been placed. Total: Rs.15.00
2026-05-02 14:03:19.897 [org.springframework.amqp.rabbit.RabbitListenerEndpointContainer#0-1] INFO  c.c.p.n.l.NotificationListener - [NOTIFICATION] type=ORDER_PLACED to=namrathamendes@gmail.com subject=Order Placed - #22
2026-05-02 14:03:19.901 [org.springframework.amqp.rabbit.RabbitListenerEndpointContainer#0-1] INFO  c.c.p.n.l.NotificationListener - [NOTIFICATION] message=Your order #22 has been placed. Total: Rs.100.00
2026-05-02 14:07:04.333 [http-nio-9096-exec-1] INFO  o.a.c.c.C.[Tomcat].[localhost].[/] - Initializing Spring DispatcherServlet 'dispatcherServlet'
2026-05-02 14:07:04.798 [http-nio-9096-exec-1] INFO  c.c.p.n.l.NotificationListener - [NOTIFICATION] type=ORDER_PACKED to=namrathamendes@gmail.com subject=gbhnj
2026-05-02 14:07:04.803 [http-nio-9096-exec-1] INFO  c.c.p.n.l.NotificationListener - [NOTIFICATION] message=ygt6ghujn
2026-05-02 14:07:05.732 [AsyncReporter{org.springframework.boot.actuate.autoconfigure.tracing.zipkin.ZipkinRestTemplateSender@c05546f}] WARN  z.r.AsyncReporter$BoundedAsyncReporter - Spans were dropped due to exceptions. All subsequent errors will be logged at FINE level.
2026-05-02 14:07:05.732 [AsyncReporter{org.springframework.boot.actuate.autoconfigure.tracing.zipkin.ZipkinRestTemplateSender@c05546f}] WARN  z.r.AsyncReporter$BoundedAsyncReporter - Dropped 5 spans due to ResourceAccessException(I/O error on POST request for "http://localhost:9411/api/v2/spans": Connect to http://localhost:9411 [localhost/127.0.0.1, localhost/0:0:0:0:0:0:0:1] failed: Connection refused: getsockopt)
org.springframework.web.client.ResourceAccessException: I/O error on POST request for "http://localhost:9411/api/v2/spans": Connect to http://localhost:9411 [localhost/127.0.0.1, localhost/0:0:0:0:0:0:0:1] failed: Connection refused: getsockopt
	at org.springframework.web.client.RestTemplate.createResourceAccessException(RestTemplate.java:915)
	at org.springframework.web.client.RestTemplate.doExecute(RestTemplate.java:895)
	at org.springframework.web.client.RestTemplate.execute(RestTemplate.java:790)
	at org.springframework.web.client.RestTemplate.exchange(RestTemplate.java:672)
	at org.springframework.boot.actuate.autoconfigure.tracing.zipkin.ZipkinRestTemplateSender$RestTemplateHttpPostCall.doExecute(ZipkinRestTemplateSender.java:68)
	at org.springframework.boot.actuate.autoconfigure.tracing.zipkin.ZipkinRestTemplateSender$RestTemplateHttpPostCall.doExecute(ZipkinRestTemplateSender.java:48)
	at zipkin2.Call$Base.execute(Call.java:391)
	at zipkin2.reporter.AsyncReporter$BoundedAsyncReporter.flush(AsyncReporter.java:299)
	at zipkin2.reporter.AsyncReporter$Flusher.run(AsyncReporter.java:378)
	at java.base/java.lang.Thread.run(Thread.java:1583)
Caused by: org.apache.hc.client5.http.HttpHostConnectException: Connect to http://localhost:9411 [localhost/127.0.0.1, localhost/0:0:0:0:0:0:0:1] failed: Connection refused: getsockopt
	at java.base/sun.nio.ch.Net.pollConnect(Native Method)
	at java.base/sun.nio.ch.Net.pollConnectNow(Net.java:682)
	at java.base/sun.nio.ch.NioSocketImpl.timedFinishConnect(NioSocketImpl.java:542)
	at java.base/sun.nio.ch.NioSocketImpl.connect(NioSocketImpl.java:592)
	at java.base/java.net.SocksSocketImpl.connect(SocksSocketImpl.java:327)
	at java.base/java.net.Socket.connect(Socket.java:751)
	at org.apache.hc.client5.http.socket.PlainConnectionSocketFactory.lambda$connectSocket$0(PlainConnectionSocketFactory.java:91)
	at java.base/java.security.AccessController.doPrivileged(AccessController.java:571)
	at org.apache.hc.client5.http.socket.PlainConnectionSocketFactory.connectSocket(PlainConnectionSocketFactory.java:90)
	at org.apache.hc.client5.http.socket.ConnectionSocketFactory.connectSocket(ConnectionSocketFactory.java:123)
	at org.apache.hc.client5.http.impl.io.DefaultHttpClientConnectionOperator.connect(DefaultHttpClientConnectionOperator.java:184)
	at org.apache.hc.client5.http.impl.io.PoolingHttpClientConnectionManager.connect(PoolingHttpClientConnectionManager.java:447)
	at org.apache.hc.client5.http.impl.classic.InternalExecRuntime.connectEndpoint(InternalExecRuntime.java:162)
	at org.apache.hc.client5.http.impl.classic.InternalExecRuntime.connectEndpoint(InternalExecRuntime.java:172)
	at org.apache.hc.client5.http.impl.classic.ConnectExec.execute(ConnectExec.java:142)
	at org.apache.hc.client5.http.impl.classic.ExecChainElement.execute(ExecChainElement.java:51)
	at org.apache.hc.client5.http.impl.classic.ProtocolExec.execute(ProtocolExec.java:192)
	at org.apache.hc.client5.http.impl.classic.ExecChainElement.execute(ExecChainElement.java:51)
	at org.apache.hc.client5.http.impl.classic.HttpRequestRetryExec.execute(HttpRequestRetryExec.java:96)
	at org.apache.hc.client5.http.impl.classic.ExecChainElement.execute(ExecChainElement.java:51)
	at org.apache.hc.client5.http.impl.classic.ContentCompressionExec.execute(ContentCompressionExec.java:152)
	at org.apache.hc.client5.http.impl.classic.ExecChainElement.execute(ExecChainElement.java:51)
	at org.apache.hc.client5.http.impl.classic.RedirectExec.execute(RedirectExec.java:115)
	at org.apache.hc.client5.http.impl.classic.ExecChainElement.execute(ExecChainElement.java:51)
	at org.apache.hc.client5.http.impl.classic.InternalHttpClient.doExecute(InternalHttpClient.java:170)
	at org.apache.hc.client5.http.impl.classic.CloseableHttpClient.execute(CloseableHttpClient.java:87)
	at org.apache.hc.client5.http.impl.classic.CloseableHttpClient.execute(CloseableHttpClient.java:55)
	at org.apache.hc.client5.http.classic.HttpClient.executeOpen(HttpClient.java:183)
	at org.springframework.http.client.HttpComponentsClientHttpRequest.executeInternal(HttpComponentsClientHttpRequest.java:95)
	at org.springframework.http.client.AbstractStreamingClientHttpRequest.executeInternal(AbstractStreamingClientHttpRequest.java:70)
	at org.springframework.http.client.AbstractClientHttpRequest.execute(AbstractClientHttpRequest.java:66)
	at org.springframework.web.client.RestTemplate.doExecute(RestTemplate.java:889)
	... 8 common frames omitted
2026-05-02 14:16:17.723 [org.springframework.amqp.rabbit.RabbitListenerEndpointContainer#0-1] INFO  c.c.p.n.l.NotificationListener - [NOTIFICATION] type=ORDER_PLACED to=namrathamendes@gmail.com subject=Order Placed - #23
2026-05-02 14:16:17.723 [org.springframework.amqp.rabbit.RabbitListenerEndpointContainer#0-1] INFO  c.c.p.n.l.NotificationListener - [NOTIFICATION] message=Your order #23 has been placed. Total: Rs.35.00
2026-05-02 14:21:12.049 [org.springframework.amqp.rabbit.RabbitListenerEndpointContainer#0-1] INFO  c.c.p.n.l.NotificationListener - [NOTIFICATION] type=ORDER_PLACED to=namrathamendes@gmail.com subject=Order Placed - #24
2026-05-02 14:21:12.051 [org.springframework.amqp.rabbit.RabbitListenerEndpointContainer#0-1] INFO  c.c.p.n.l.NotificationListener - [NOTIFICATION] message=Your order #24 has been placed. Total: Rs.120.00
2026-05-02 14:21:33.819 [org.springframework.amqp.rabbit.RabbitListenerEndpointContainer#0-1] INFO  c.c.p.n.l.NotificationListener - [NOTIFICATION] type=ORDER_PLACED to=namrathamendes@gmail.com subject=Order Placed - #25
2026-05-02 14:21:33.819 [org.springframework.amqp.rabbit.RabbitListenerEndpointContainer#0-1] INFO  c.c.p.n.l.NotificationListener - [NOTIFICATION] message=Your order #25 has been placed. Total: Rs.70.00
2026-05-02 14:34:13.692 [org.springframework.amqp.rabbit.RabbitListenerEndpointContainer#0-1] INFO  c.c.p.n.l.NotificationListener - [NOTIFICATION] type=ORDER_PLACED to=namrathamendes@gmail.com subject=Order Placed - #26
2026-05-02 14:34:13.692 [org.springframework.amqp.rabbit.RabbitListenerEndpointContainer#0-1] INFO  c.c.p.n.l.NotificationListener - [NOTIFICATION] message=Your order #26 has been placed. Total: Rs.45.00
2026-05-02 14:49:48.442 [org.springframework.amqp.rabbit.RabbitListenerEndpointContainer#0-1] INFO  c.c.p.n.l.NotificationListener - [NOTIFICATION] type=ORDER_PLACED to=namrathamendes@gmail.com subject=Order Placed - #27
2026-05-02 14:49:48.450 [org.springframework.amqp.rabbit.RabbitListenerEndpointContainer#0-1] INFO  c.c.p.n.l.NotificationListener - [NOTIFICATION] message=Your order #27 has been placed. Total: Rs.95.00
2026-05-02 14:58:16.761 [org.springframework.amqp.rabbit.RabbitListenerEndpointContainer#0-1] INFO  c.c.p.n.l.NotificationListener - [NOTIFICATION] type=ORDER_PLACED to=namrathamendes@gmail.com subject=Order Placed - #28
2026-05-02 14:58:16.765 [org.springframework.amqp.rabbit.RabbitListenerEndpointContainer#0-1] INFO  c.c.p.n.l.NotificationListener - [NOTIFICATION] message=Your order #28 has been placed. Total: Rs.15.00
2026-05-02 15:12:05.973 [org.springframework.amqp.rabbit.RabbitListenerEndpointContainer#0-1] INFO  c.c.p.n.l.NotificationListener - [NOTIFICATION] type=ORDER_PLACED to=namrathamendes@gmail.com subject=Order Placed - #29
2026-05-02 15:12:05.976 [org.springframework.amqp.rabbit.RabbitListenerEndpointContainer#0-1] INFO  c.c.p.n.l.NotificationListener - [NOTIFICATION] message=Your order #29 has been placed. Total: Rs.45.00
2026-05-02 15:58:18.249 [org.springframework.amqp.rabbit.RabbitListenerEndpointContainer#0-1] INFO  c.c.p.n.l.NotificationListener - [NOTIFICATION] type=ORDER_PLACED to=namrathamendes@gmail.com subject=Order Placed - #30
2026-05-02 15:58:18.255 [org.springframework.amqp.rabbit.RabbitListenerEndpointContainer#0-1] INFO  c.c.p.n.l.NotificationListener - [NOTIFICATION] message=Your order #30 has been placed. Total: Rs.35.00
2026-05-02 15:58:41.122 [org.springframework.amqp.rabbit.RabbitListenerEndpointContainer#0-1] INFO  c.c.p.n.l.NotificationListener - [NOTIFICATION] type=ORDER_PLACED to=namrathamendes@gmail.com subject=Order Placed - #31
2026-05-02 15:58:41.130 [org.springframework.amqp.rabbit.RabbitListenerEndpointContainer#0-1] INFO  c.c.p.n.l.NotificationListener - [NOTIFICATION] message=Your order #31 has been placed. Total: Rs.200.00
2026-05-02 16:07:42.229 [org.springframework.amqp.rabbit.RabbitListenerEndpointContainer#0-1] INFO  c.c.p.n.l.NotificationListener - [NOTIFICATION] type=ORDER_PLACED to=namrathamendes@gmail.com subject=Order Placed - #32
2026-05-02 16:07:42.238 [org.springframework.amqp.rabbit.RabbitListenerEndpointContainer#0-1] INFO  c.c.p.n.l.NotificationListener - [NOTIFICATION] message=Your order #32 has been placed. Total: Rs.85.00
2026-05-02 16:08:18.536 [org.springframework.amqp.rabbit.RabbitListenerEndpointContainer#0-1] INFO  c.c.p.n.l.NotificationListener - [NOTIFICATION] type=ORDER_PLACED to=namrathamendes@gmail.com subject=Order Placed - #33
2026-05-02 16:08:18.539 [org.springframework.amqp.rabbit.RabbitListenerEndpointContainer#0-1] INFO  c.c.p.n.l.NotificationListener - [NOTIFICATION] message=Your order #33 has been placed. Total: Rs.50.00
2026-05-02 16:10:26.796 [org.springframework.amqp.rabbit.RabbitListenerEndpointContainer#0-1] INFO  c.c.p.n.l.NotificationListener - [NOTIFICATION] type=ORDER_PLACED to=namrathamendes@gmail.com subject=Order Placed - #34
2026-05-02 16:10:26.798 [org.springframework.amqp.rabbit.RabbitListenerEndpointContainer#0-1] INFO  c.c.p.n.l.NotificationListener - [NOTIFICATION] message=Your order #34 has been placed. Total: Rs.95.00
2026-05-02 16:14:03.522 [org.springframework.amqp.rabbit.RabbitListenerEndpointContainer#0-1] INFO  c.c.p.n.l.NotificationListener - [NOTIFICATION] type=ORDER_PLACED to=namrathamendes@gmail.com subject=Order Placed - #35
2026-05-02 16:14:03.522 [org.springframework.amqp.rabbit.RabbitListenerEndpointContainer#0-1] INFO  c.c.p.n.l.NotificationListener - [NOTIFICATION] message=Your order #35 has been placed. Total: Rs.95.00
2026-05-02 16:51:12.727 [org.springframework.amqp.rabbit.RabbitListenerEndpointContainer#0-1] INFO  c.c.p.n.l.NotificationListener - [NOTIFICATION] type=ORDER_PLACED to=namrathamendes@gmail.com subject=Order Placed - #36
2026-05-02 16:51:12.749 [org.springframework.amqp.rabbit.RabbitListenerEndpointContainer#0-1] INFO  c.c.p.n.l.NotificationListener - [NOTIFICATION] message=Your order #36 has been placed. Total: Rs.50.00
2026-05-02 16:59:57.948 [org.springframework.amqp.rabbit.RabbitListenerEndpointContainer#0-1] INFO  c.c.p.n.l.NotificationListener - [NOTIFICATION] type=ORDER_PLACED to=yoskerAdmin@gmail.com subject=Order Placed - #37
2026-05-02 16:59:57.949 [org.springframework.amqp.rabbit.RabbitListenerEndpointContainer#0-1] INFO  c.c.p.n.l.NotificationListener - [NOTIFICATION] message=Your order #37 has been placed. Total: Rs.50.00
2026-05-02 22:51:58.658 [main] INFO  c.c.p.n.NotificationServiceApplication - Starting NotificationServiceApplication using Java 21.0.7 with PID 17264 (D:\yosker\PharmacyOnline\janviProject\pharmacy-microservices\notification-service\target\notification-service-1.0.0.jar started by V in D:\yosker\PharmacyOnline\janviProject\pharmacy-microservices)
2026-05-02 22:51:58.708 [main] INFO  c.c.p.n.NotificationServiceApplication - No active profile set, falling back to 1 default profile: "default"
2026-05-02 22:52:09.712 [main] WARN  o.s.c.s.PostProcessorRegistrationDelegate$BeanPostProcessorChecker - Bean 'org.springframework.cloud.client.loadbalancer.LoadBalancerAutoConfiguration$DeferringLoadBalancerInterceptorConfig' of type [org.springframework.cloud.client.loadbalancer.LoadBalancerAutoConfiguration$DeferringLoadBalancerInterceptorConfig] is not eligible for getting processed by all BeanPostProcessors (for example: not eligible for auto-proxying). The currently created BeanPostProcessor [lbRestClientPostProcessor] is declared through a non-static factory method on that class; consider declaring it as static instead.
2026-05-02 22:52:09.797 [main] WARN  o.s.c.s.PostProcessorRegistrationDelegate$BeanPostProcessorChecker - Bean 'deferringLoadBalancerInterceptor' of type [org.springframework.cloud.client.loadbalancer.DeferringLoadBalancerInterceptor] is not eligible for getting processed by all BeanPostProcessors (for example: not eligible for auto-proxying). Is this bean getting eagerly injected into a currently created BeanPostProcessor [lbRestClientPostProcessor]? Check the corresponding BeanPostProcessor declaration and its dependencies.
2026-05-02 22:52:11.824 [main] INFO  o.a.coyote.http11.Http11NioProtocol - Initializing ProtocolHandler ["http-nio-9096"]
2026-05-02 22:52:11.924 [main] INFO  o.a.catalina.core.StandardService - Starting service [Tomcat]
2026-05-02 22:52:12.041 [main] INFO  o.a.catalina.core.StandardEngine - Starting Servlet engine: [Apache Tomcat/10.1.20]
2026-05-02 22:52:12.460 [main] INFO  o.a.c.c.C.[Tomcat].[localhost].[/] - Initializing Spring embedded WebApplicationContext
2026-05-02 22:52:22.084 [main] WARN  o.s.b.a.s.s.UserDetailsServiceAutoConfiguration - 

Using generated security password: 9f8f4085-030a-4def-a8ea-b53ae498551f

This generated password is for development use only. Your security configuration must be updated before running your application in production.

2026-05-02 22:52:27.385 [main] WARN  o.s.c.l.c.LoadBalancerCacheAutoConfiguration$LoadBalancerCaffeineWarnLogger - Spring Cloud LoadBalancer is currently working with the default cache. While this cache implementation is useful for development and tests, it's recommended to use Caffeine cache in production.You can switch to using Caffeine cache, by adding it and org.springframework.cache.caffeine.CaffeineCacheManager to the classpath.
2026-05-02 22:52:29.112 [main] WARN  c.n.d.s.t.d.RetryableEurekaHttpClient - Request execution failed with message: I/O error on GET request for "http://localhost:8761/eureka/apps/": Connect to http://localhost:8761 [localhost/127.0.0.1, localhost/0:0:0:0:0:0:0:1] failed: Connection refused: getsockopt
2026-05-02 22:52:29.122 [main] WARN  c.netflix.discovery.DiscoveryClient - Using default backup registry implementation which does not do anything.
2026-05-02 22:52:29.161 [main] INFO  o.a.coyote.http11.Http11NioProtocol - Starting ProtocolHandler ["http-nio-9096"]
2026-05-02 22:52:29.318 [DiscoveryClient-InstanceInfoReplicator-0] WARN  c.n.d.s.t.d.RetryableEurekaHttpClient - Request execution failed with message: I/O error on POST request for "http://localhost:8761/eureka/apps/NOTIFICATION-SERVICE": Connect to http://localhost:8761 [localhost/127.0.0.1, localhost/0:0:0:0:0:0:0:1] failed: Connection refused: getsockopt
2026-05-02 22:52:29.318 [DiscoveryClient-InstanceInfoReplicator-0] WARN  c.netflix.discovery.DiscoveryClient - DiscoveryClient_NOTIFICATION-SERVICE/172.21.160.138:notification-service:9096 - registration failed Cannot execute request on any known server
com.netflix.discovery.shared.transport.TransportException: Cannot execute request on any known server
	at com.netflix.discovery.shared.transport.decorator.RetryableEurekaHttpClient.execute(RetryableEurekaHttpClient.java:112)
	at com.netflix.discovery.shared.transport.decorator.EurekaHttpClientDecorator.register(EurekaHttpClientDecorator.java:56)
	at com.netflix.discovery.shared.transport.decorator.EurekaHttpClientDecorator$1.execute(EurekaHttpClientDecorator.java:59)
	at com.netflix.discovery.shared.transport.decorator.SessionedEurekaHttpClient.execute(SessionedEurekaHttpClient.java:77)
	at com.netflix.discovery.shared.transport.decorator.EurekaHttpClientDecorator.register(EurekaHttpClientDecorator.java:56)
	at com.netflix.discovery.DiscoveryClient.register(DiscoveryClient.java:820)
	at com.netflix.discovery.InstanceInfoReplicator.run(InstanceInfoReplicator.java:121)
	at com.netflix.discovery.InstanceInfoReplicator$1.run(InstanceInfoReplicator.java:101)
	at java.base/java.util.concurrent.Executors$RunnableAdapter.call(Executors.java:572)
	at java.base/java.util.concurrent.FutureTask.run(FutureTask.java:317)
	at java.base/java.util.concurrent.ScheduledThreadPoolExecutor$ScheduledFutureTask.run(ScheduledThreadPoolExecutor.java:304)
	at java.base/java.util.concurrent.ThreadPoolExecutor.runWorker(ThreadPoolExecutor.java:1144)
	at java.base/java.util.concurrent.ThreadPoolExecutor$Worker.run(ThreadPoolExecutor.java:642)
	at java.base/java.lang.Thread.run(Thread.java:1583)
2026-05-02 22:52:29.331 [DiscoveryClient-InstanceInfoReplicator-0] WARN  c.n.discovery.InstanceInfoReplicator - There was a problem with the instance info replicator
com.netflix.discovery.shared.transport.TransportException: Cannot execute request on any known server
	at com.netflix.discovery.shared.transport.decorator.RetryableEurekaHttpClient.execute(RetryableEurekaHttpClient.java:112)
	at com.netflix.discovery.shared.transport.decorator.EurekaHttpClientDecorator.register(EurekaHttpClientDecorator.java:56)
	at com.netflix.discovery.shared.transport.decorator.EurekaHttpClientDecorator$1.execute(EurekaHttpClientDecorator.java:59)
	at com.netflix.discovery.shared.transport.decorator.SessionedEurekaHttpClient.execute(SessionedEurekaHttpClient.java:77)
	at com.netflix.discovery.shared.transport.decorator.EurekaHttpClientDecorator.register(EurekaHttpClientDecorator.java:56)
	at com.netflix.discovery.DiscoveryClient.register(DiscoveryClient.java:820)
	at com.netflix.discovery.InstanceInfoReplicator.run(InstanceInfoReplicator.java:121)
	at com.netflix.discovery.InstanceInfoReplicator$1.run(InstanceInfoReplicator.java:101)
	at java.base/java.util.concurrent.Executors$RunnableAdapter.call(Executors.java:572)
	at java.base/java.util.concurrent.FutureTask.run(FutureTask.java:317)
	at java.base/java.util.concurrent.ScheduledThreadPoolExecutor$ScheduledFutureTask.run(ScheduledThreadPoolExecutor.java:304)
	at java.base/java.util.concurrent.ThreadPoolExecutor.runWorker(ThreadPoolExecutor.java:1144)
	at java.base/java.util.concurrent.ThreadPoolExecutor$Worker.run(ThreadPoolExecutor.java:642)
	at java.base/java.lang.Thread.run(Thread.java:1583)
2026-05-02 22:52:32.899 [main] INFO  c.c.p.n.NotificationServiceApplication - Started NotificationServiceApplication in 38.94 seconds (process running for 42.611)
2026-05-02 22:52:59.195 [DiscoveryClient-HeartbeatExecutor-0] WARN  c.n.d.s.t.d.RetryableEurekaHttpClient - Request execution failed with message: I/O error on PUT request for "http://localhost:8761/eureka/apps/NOTIFICATION-SERVICE/172.21.160.138:notification-service:9096": Connect to http://localhost:8761 [localhost/127.0.0.1, localhost/0:0:0:0:0:0:0:1] failed: Connection refused: getsockopt
2026-05-02 22:52:59.195 [DiscoveryClient-HeartbeatExecutor-0] ERROR c.netflix.discovery.DiscoveryClient - DiscoveryClient_NOTIFICATION-SERVICE/172.21.160.138:notification-service:9096 - was unable to send heartbeat!
com.netflix.discovery.shared.transport.TransportException: Cannot execute request on any known server
	at com.netflix.discovery.shared.transport.decorator.RetryableEurekaHttpClient.execute(RetryableEurekaHttpClient.java:112)
	at com.netflix.discovery.shared.transport.decorator.EurekaHttpClientDecorator.sendHeartBeat(EurekaHttpClientDecorator.java:89)
	at com.netflix.discovery.shared.transport.decorator.EurekaHttpClientDecorator$3.execute(EurekaHttpClientDecorator.java:92)
	at com.netflix.discovery.shared.transport.decorator.SessionedEurekaHttpClient.execute(SessionedEurekaHttpClient.java:77)
	at com.netflix.discovery.shared.transport.decorator.EurekaHttpClientDecorator.sendHeartBeat(EurekaHttpClientDecorator.java:89)
	at com.netflix.discovery.DiscoveryClient.renew(DiscoveryClient.java:837)
	at com.netflix.discovery.DiscoveryClient$HeartbeatThread.run(DiscoveryClient.java:1401)
	at java.base/java.util.concurrent.Executors$RunnableAdapter.call(Executors.java:572)
	at java.base/java.util.concurrent.FutureTask.run(FutureTask.java:317)
	at java.base/java.util.concurrent.ThreadPoolExecutor.runWorker(ThreadPoolExecutor.java:1144)
	at java.base/java.util.concurrent.ThreadPoolExecutor$Worker.run(ThreadPoolExecutor.java:642)
	at java.base/java.lang.Thread.run(Thread.java:1583)
2026-05-02 22:52:59.209 [DiscoveryClient-CacheRefreshExecutor-0] WARN  c.n.d.s.t.d.RetryableEurekaHttpClient - Request execution failed with message: I/O error on GET request for "http://localhost:8761/eureka/apps/": Connect to http://localhost:8761 [localhost/127.0.0.1, localhost/0:0:0:0:0:0:0:1] failed: Connection refused: getsockopt
2026-05-02 22:52:59.408 [DiscoveryClient-InstanceInfoReplicator-0] WARN  c.n.d.s.t.d.RetryableEurekaHttpClient - Request execution failed with message: I/O error on POST request for "http://localhost:8761/eureka/apps/NOTIFICATION-SERVICE": Connect to http://localhost:8761 [localhost/127.0.0.1, localhost/0:0:0:0:0:0:0:1] failed: Connection refused: getsockopt
2026-05-02 22:52:59.410 [DiscoveryClient-InstanceInfoReplicator-0] WARN  c.netflix.discovery.DiscoveryClient - DiscoveryClient_NOTIFICATION-SERVICE/172.21.160.138:notification-service:9096 - registration failed Cannot execute request on any known server
com.netflix.discovery.shared.transport.TransportException: Cannot execute request on any known server
	at com.netflix.discovery.shared.transport.decorator.RetryableEurekaHttpClient.execute(RetryableEurekaHttpClient.java:112)
	at com.netflix.discovery.shared.transport.decorator.EurekaHttpClientDecorator.register(EurekaHttpClientDecorator.java:56)
	at com.netflix.discovery.shared.transport.decorator.EurekaHttpClientDecorator$1.execute(EurekaHttpClientDecorator.java:59)
	at com.netflix.discovery.shared.transport.decorator.SessionedEurekaHttpClient.execute(SessionedEurekaHttpClient.java:77)
	at com.netflix.discovery.shared.transport.decorator.EurekaHttpClientDecorator.register(EurekaHttpClientDecorator.java:56)
	at com.netflix.discovery.DiscoveryClient.register(DiscoveryClient.java:820)
	at com.netflix.discovery.InstanceInfoReplicator.run(InstanceInfoReplicator.java:121)
	at java.base/java.util.concurrent.Executors$RunnableAdapter.call(Executors.java:572)
	at java.base/java.util.concurrent.FutureTask.run(FutureTask.java:317)
	at java.base/java.util.concurrent.ScheduledThreadPoolExecutor$ScheduledFutureTask.run(ScheduledThreadPoolExecutor.java:304)
	at java.base/java.util.concurrent.ThreadPoolExecutor.runWorker(ThreadPoolExecutor.java:1144)
	at java.base/java.util.concurrent.ThreadPoolExecutor$Worker.run(ThreadPoolExecutor.java:642)
	at java.base/java.lang.Thread.run(Thread.java:1583)
2026-05-02 22:52:59.412 [DiscoveryClient-InstanceInfoReplicator-0] WARN  c.n.discovery.InstanceInfoReplicator - There was a problem with the instance info replicator
com.netflix.discovery.shared.transport.TransportException: Cannot execute request on any known server
	at com.netflix.discovery.shared.transport.decorator.RetryableEurekaHttpClient.execute(RetryableEurekaHttpClient.java:112)
	at com.netflix.discovery.shared.transport.decorator.EurekaHttpClientDecorator.register(EurekaHttpClientDecorator.java:56)
	at com.netflix.discovery.shared.transport.decorator.EurekaHttpClientDecorator$1.execute(EurekaHttpClientDecorator.java:59)
	at com.netflix.discovery.shared.transport.decorator.SessionedEurekaHttpClient.execute(SessionedEurekaHttpClient.java:77)
	at com.netflix.discovery.shared.transport.decorator.EurekaHttpClientDecorator.register(EurekaHttpClientDecorator.java:56)
	at com.netflix.discovery.DiscoveryClient.register(DiscoveryClient.java:820)
	at com.netflix.discovery.InstanceInfoReplicator.run(InstanceInfoReplicator.java:121)
	at java.base/java.util.concurrent.Executors$RunnableAdapter.call(Executors.java:572)
	at java.base/java.util.concurrent.FutureTask.run(FutureTask.java:317)
	at java.base/java.util.concurrent.ScheduledThreadPoolExecutor$ScheduledFutureTask.run(ScheduledThreadPoolExecutor.java:304)
	at java.base/java.util.concurrent.ThreadPoolExecutor.runWorker(ThreadPoolExecutor.java:1144)
	at java.base/java.util.concurrent.ThreadPoolExecutor$Worker.run(ThreadPoolExecutor.java:642)
	at java.base/java.lang.Thread.run(Thread.java:1583)
2026-05-02 22:53:29.257 [DiscoveryClient-HeartbeatExecutor-0] WARN  c.n.d.s.t.d.RetryableEurekaHttpClient - Request execution failed with message: I/O error on PUT request for "http://localhost:8761/eureka/apps/NOTIFICATION-SERVICE/172.21.160.138:notification-service:9096": Connect to http://localhost:8761 [localhost/127.0.0.1, localhost/0:0:0:0:0:0:0:1] failed: Connection refused: getsockopt
2026-05-02 22:53:29.257 [DiscoveryClient-HeartbeatExecutor-0] ERROR c.netflix.discovery.DiscoveryClient - DiscoveryClient_NOTIFICATION-SERVICE/172.21.160.138:notification-service:9096 - was unable to send heartbeat!
com.netflix.discovery.shared.transport.TransportException: Cannot execute request on any known server
	at com.netflix.discovery.shared.transport.decorator.RetryableEurekaHttpClient.execute(RetryableEurekaHttpClient.java:112)
	at com.netflix.discovery.shared.transport.decorator.EurekaHttpClientDecorator.sendHeartBeat(EurekaHttpClientDecorator.java:89)
	at com.netflix.discovery.shared.transport.decorator.EurekaHttpClientDecorator$3.execute(EurekaHttpClientDecorator.java:92)
	at com.netflix.discovery.shared.transport.decorator.SessionedEurekaHttpClient.execute(SessionedEurekaHttpClient.java:77)
	at com.netflix.discovery.shared.transport.decorator.EurekaHttpClientDecorator.sendHeartBeat(EurekaHttpClientDecorator.java:89)
	at com.netflix.discovery.DiscoveryClient.renew(DiscoveryClient.java:837)
	at com.netflix.discovery.DiscoveryClient$HeartbeatThread.run(DiscoveryClient.java:1401)
	at java.base/java.util.concurrent.Executors$RunnableAdapter.call(Executors.java:572)
	at java.base/java.util.concurrent.FutureTask.run(FutureTask.java:317)
	at java.base/java.util.concurrent.ThreadPoolExecutor.runWorker(ThreadPoolExecutor.java:1144)
	at java.base/java.util.concurrent.ThreadPoolExecutor$Worker.run(ThreadPoolExecutor.java:642)
	at java.base/java.lang.Thread.run(Thread.java:1583)
2026-05-02 22:53:29.276 [DiscoveryClient-CacheRefreshExecutor-0] WARN  c.n.d.s.t.d.RetryableEurekaHttpClient - Request execution failed with message: I/O error on GET request for "http://localhost:8761/eureka/apps/": Connect to http://localhost:8761 [localhost/127.0.0.1, localhost/0:0:0:0:0:0:0:1] failed: Connection refused: getsockopt
2026-05-02 22:53:29.449 [DiscoveryClient-InstanceInfoReplicator-0] WARN  c.n.d.s.t.d.RetryableEurekaHttpClient - Request execution failed with message: I/O error on POST request for "http://localhost:8761/eureka/apps/NOTIFICATION-SERVICE": Connect to http://localhost:8761 [localhost/127.0.0.1, localhost/0:0:0:0:0:0:0:1] failed: Connection refused: getsockopt
2026-05-02 22:53:29.449 [DiscoveryClient-InstanceInfoReplicator-0] WARN  c.netflix.discovery.DiscoveryClient - DiscoveryClient_NOTIFICATION-SERVICE/172.21.160.138:notification-service:9096 - registration failed Cannot execute request on any known server
com.netflix.discovery.shared.transport.TransportException: Cannot execute request on any known server
	at com.netflix.discovery.shared.transport.decorator.RetryableEurekaHttpClient.execute(RetryableEurekaHttpClient.java:112)
	at com.netflix.discovery.shared.transport.decorator.EurekaHttpClientDecorator.register(EurekaHttpClientDecorator.java:56)
	at com.netflix.discovery.shared.transport.decorator.EurekaHttpClientDecorator$1.execute(EurekaHttpClientDecorator.java:59)
	at com.netflix.discovery.shared.transport.decorator.SessionedEurekaHttpClient.execute(SessionedEurekaHttpClient.java:77)
	at com.netflix.discovery.shared.transport.decorator.EurekaHttpClientDecorator.register(EurekaHttpClientDecorator.java:56)
	at com.netflix.discovery.DiscoveryClient.register(DiscoveryClient.java:820)
	at com.netflix.discovery.InstanceInfoReplicator.run(InstanceInfoReplicator.java:121)
	at java.base/java.util.concurrent.Executors$RunnableAdapter.call(Executors.java:572)
	at java.base/java.util.concurrent.FutureTask.run(FutureTask.java:317)
	at java.base/java.util.concurrent.ScheduledThreadPoolExecutor$ScheduledFutureTask.run(ScheduledThreadPoolExecutor.java:304)
	at java.base/java.util.concurrent.ThreadPoolExecutor.runWorker(ThreadPoolExecutor.java:1144)
	at java.base/java.util.concurrent.ThreadPoolExecutor$Worker.run(ThreadPoolExecutor.java:642)
	at java.base/java.lang.Thread.run(Thread.java:1583)
2026-05-02 22:53:29.449 [DiscoveryClient-InstanceInfoReplicator-0] WARN  c.n.discovery.InstanceInfoReplicator - There was a problem with the instance info replicator
com.netflix.discovery.shared.transport.TransportException: Cannot execute request on any known server
	at com.netflix.discovery.shared.transport.decorator.RetryableEurekaHttpClient.execute(RetryableEurekaHttpClient.java:112)
	at com.netflix.discovery.shared.transport.decorator.EurekaHttpClientDecorator.register(EurekaHttpClientDecorator.java:56)
	at com.netflix.discovery.shared.transport.decorator.EurekaHttpClientDecorator$1.execute(EurekaHttpClientDecorator.java:59)
	at com.netflix.discovery.shared.transport.decorator.SessionedEurekaHttpClient.execute(SessionedEurekaHttpClient.java:77)
	at com.netflix.discovery.shared.transport.decorator.EurekaHttpClientDecorator.register(EurekaHttpClientDecorator.java:56)
	at com.netflix.discovery.DiscoveryClient.register(DiscoveryClient.java:820)
	at com.netflix.discovery.InstanceInfoReplicator.run(InstanceInfoReplicator.java:121)
	at java.base/java.util.concurrent.Executors$RunnableAdapter.call(Executors.java:572)
	at java.base/java.util.concurrent.FutureTask.run(FutureTask.java:317)
	at java.base/java.util.concurrent.ScheduledThreadPoolExecutor$ScheduledFutureTask.run(ScheduledThreadPoolExecutor.java:304)
	at java.base/java.util.concurrent.ThreadPoolExecutor.runWorker(ThreadPoolExecutor.java:1144)
	at java.base/java.util.concurrent.ThreadPoolExecutor$Worker.run(ThreadPoolExecutor.java:642)
	at java.base/java.lang.Thread.run(Thread.java:1583)
2026-05-02 22:53:59.321 [DiscoveryClient-HeartbeatExecutor-0] WARN  c.n.d.s.t.d.RetryableEurekaHttpClient - Request execution failed with message: I/O error on PUT request for "http://localhost:8761/eureka/apps/NOTIFICATION-SERVICE/172.21.160.138:notification-service:9096": Connect to http://localhost:8761 [localhost/127.0.0.1, localhost/0:0:0:0:0:0:0:1] failed: Connection refused: getsockopt
2026-05-02 22:53:59.321 [DiscoveryClient-HeartbeatExecutor-0] ERROR c.netflix.discovery.DiscoveryClient - DiscoveryClient_NOTIFICATION-SERVICE/172.21.160.138:notification-service:9096 - was unable to send heartbeat!
com.netflix.discovery.shared.transport.TransportException: Cannot execute request on any known server
	at com.netflix.discovery.shared.transport.decorator.RetryableEurekaHttpClient.execute(RetryableEurekaHttpClient.java:112)
	at com.netflix.discovery.shared.transport.decorator.EurekaHttpClientDecorator.sendHeartBeat(EurekaHttpClientDecorator.java:89)
	at com.netflix.discovery.shared.transport.decorator.EurekaHttpClientDecorator$3.execute(EurekaHttpClientDecorator.java:92)
	at com.netflix.discovery.shared.transport.decorator.SessionedEurekaHttpClient.execute(SessionedEurekaHttpClient.java:77)
	at com.netflix.discovery.shared.transport.decorator.EurekaHttpClientDecorator.sendHeartBeat(EurekaHttpClientDecorator.java:89)
	at com.netflix.discovery.DiscoveryClient.renew(DiscoveryClient.java:837)
	at com.netflix.discovery.DiscoveryClient$HeartbeatThread.run(DiscoveryClient.java:1401)
	at java.base/java.util.concurrent.Executors$RunnableAdapter.call(Executors.java:572)
	at java.base/java.util.concurrent.FutureTask.run(FutureTask.java:317)
	at java.base/java.util.concurrent.ThreadPoolExecutor.runWorker(ThreadPoolExecutor.java:1144)
	at java.base/java.util.concurrent.ThreadPoolExecutor$Worker.run(ThreadPoolExecutor.java:642)
	at java.base/java.lang.Thread.run(Thread.java:1583)
2026-05-02 22:53:59.332 [DiscoveryClient-CacheRefreshExecutor-0] WARN  c.n.d.s.t.d.RetryableEurekaHttpClient - Request execution failed with message: I/O error on GET request for "http://localhost:8761/eureka/apps/": Connect to http://localhost:8761 [localhost/127.0.0.1, localhost/0:0:0:0:0:0:0:1] failed: Connection refused: getsockopt
2026-05-02 22:53:59.508 [DiscoveryClient-InstanceInfoReplicator-0] WARN  c.n.d.s.t.d.RetryableEurekaHttpClient - Request execution failed with message: I/O error on POST request for "http://localhost:8761/eureka/apps/NOTIFICATION-SERVICE": Connect to http://localhost:8761 [localhost/127.0.0.1, localhost/0:0:0:0:0:0:0:1] failed: Connection refused: getsockopt
2026-05-02 22:53:59.508 [DiscoveryClient-InstanceInfoReplicator-0] WARN  c.netflix.discovery.DiscoveryClient - DiscoveryClient_NOTIFICATION-SERVICE/172.21.160.138:notification-service:9096 - registration failed Cannot execute request on any known server
com.netflix.discovery.shared.transport.TransportException: Cannot execute request on any known server
	at com.netflix.discovery.shared.transport.decorator.RetryableEurekaHttpClient.execute(RetryableEurekaHttpClient.java:112)
	at com.netflix.discovery.shared.transport.decorator.EurekaHttpClientDecorator.register(EurekaHttpClientDecorator.java:56)
	at com.netflix.discovery.shared.transport.decorator.EurekaHttpClientDecorator$1.execute(EurekaHttpClientDecorator.java:59)
	at com.netflix.discovery.shared.transport.decorator.SessionedEurekaHttpClient.execute(SessionedEurekaHttpClient.java:77)
	at com.netflix.discovery.shared.transport.decorator.EurekaHttpClientDecorator.register(EurekaHttpClientDecorator.java:56)
	at com.netflix.discovery.DiscoveryClient.register(DiscoveryClient.java:820)
	at com.netflix.discovery.InstanceInfoReplicator.run(InstanceInfoReplicator.java:121)
	at java.base/java.util.concurrent.Executors$RunnableAdapter.call(Executors.java:572)
	at java.base/java.util.concurrent.FutureTask.run(FutureTask.java:317)
	at java.base/java.util.concurrent.ScheduledThreadPoolExecutor$ScheduledFutureTask.run(ScheduledThreadPoolExecutor.java:304)
	at java.base/java.util.concurrent.ThreadPoolExecutor.runWorker(ThreadPoolExecutor.java:1144)
	at java.base/java.util.concurrent.ThreadPoolExecutor$Worker.run(ThreadPoolExecutor.java:642)
	at java.base/java.lang.Thread.run(Thread.java:1583)
2026-05-02 22:53:59.508 [DiscoveryClient-InstanceInfoReplicator-0] WARN  c.n.discovery.InstanceInfoReplicator - There was a problem with the instance info replicator
com.netflix.discovery.shared.transport.TransportException: Cannot execute request on any known server
	at com.netflix.discovery.shared.transport.decorator.RetryableEurekaHttpClient.execute(RetryableEurekaHttpClient.java:112)
	at com.netflix.discovery.shared.transport.decorator.EurekaHttpClientDecorator.register(EurekaHttpClientDecorator.java:56)
	at com.netflix.discovery.shared.transport.decorator.EurekaHttpClientDecorator$1.execute(EurekaHttpClientDecorator.java:59)
	at com.netflix.discovery.shared.transport.decorator.SessionedEurekaHttpClient.execute(SessionedEurekaHttpClient.java:77)
	at com.netflix.discovery.shared.transport.decorator.EurekaHttpClientDecorator.register(EurekaHttpClientDecorator.java:56)
	at com.netflix.discovery.DiscoveryClient.register(DiscoveryClient.java:820)
	at com.netflix.discovery.InstanceInfoReplicator.run(InstanceInfoReplicator.java:121)
	at java.base/java.util.concurrent.Executors$RunnableAdapter.call(Executors.java:572)
	at java.base/java.util.concurrent.FutureTask.run(FutureTask.java:317)
	at java.base/java.util.concurrent.ScheduledThreadPoolExecutor$ScheduledFutureTask.run(ScheduledThreadPoolExecutor.java:304)
	at java.base/java.util.concurrent.ThreadPoolExecutor.runWorker(ThreadPoolExecutor.java:1144)
	at java.base/java.util.concurrent.ThreadPoolExecutor$Worker.run(ThreadPoolExecutor.java:642)
	at java.base/java.lang.Thread.run(Thread.java:1583)
2026-05-02 22:54:29.377 [DiscoveryClient-HeartbeatExecutor-0] WARN  c.n.d.s.t.d.RetryableEurekaHttpClient - Request execution failed with message: I/O error on PUT request for "http://localhost:8761/eureka/apps/NOTIFICATION-SERVICE/172.21.160.138:notification-service:9096": Connect to http://localhost:8761 [localhost/127.0.0.1, localhost/0:0:0:0:0:0:0:1] failed: Connection refused: getsockopt
2026-05-02 22:54:29.377 [DiscoveryClient-HeartbeatExecutor-0] ERROR c.netflix.discovery.DiscoveryClient - DiscoveryClient_NOTIFICATION-SERVICE/172.21.160.138:notification-service:9096 - was unable to send heartbeat!
com.netflix.discovery.shared.transport.TransportException: Cannot execute request on any known server
	at com.netflix.discovery.shared.transport.decorator.RetryableEurekaHttpClient.execute(RetryableEurekaHttpClient.java:112)
	at com.netflix.discovery.shared.transport.decorator.EurekaHttpClientDecorator.sendHeartBeat(EurekaHttpClientDecorator.java:89)
	at com.netflix.discovery.shared.transport.decorator.EurekaHttpClientDecorator$3.execute(EurekaHttpClientDecorator.java:92)
	at com.netflix.discovery.shared.transport.decorator.SessionedEurekaHttpClient.execute(SessionedEurekaHttpClient.java:77)
	at com.netflix.discovery.shared.transport.decorator.EurekaHttpClientDecorator.sendHeartBeat(EurekaHttpClientDecorator.java:89)
	at com.netflix.discovery.DiscoveryClient.renew(DiscoveryClient.java:837)
	at com.netflix.discovery.DiscoveryClient$HeartbeatThread.run(DiscoveryClient.java:1401)
	at java.base/java.util.concurrent.Executors$RunnableAdapter.call(Executors.java:572)
	at java.base/java.util.concurrent.FutureTask.run(FutureTask.java:317)
	at java.base/java.util.concurrent.ThreadPoolExecutor.runWorker(ThreadPoolExecutor.java:1144)
	at java.base/java.util.concurrent.ThreadPoolExecutor$Worker.run(ThreadPoolExecutor.java:642)
	at java.base/java.lang.Thread.run(Thread.java:1583)
2026-05-02 22:54:29.395 [DiscoveryClient-CacheRefreshExecutor-0] WARN  c.n.d.s.t.d.RetryableEurekaHttpClient - Request execution failed with message: I/O error on GET request for "http://localhost:8761/eureka/apps/": Connect to http://localhost:8761 [localhost/127.0.0.1, localhost/0:0:0:0:0:0:0:1] failed: Connection refused: getsockopt
2026-05-02 22:54:29.586 [DiscoveryClient-InstanceInfoReplicator-0] WARN  c.n.d.s.t.d.RetryableEurekaHttpClient - Request execution failed with message: I/O error on POST request for "http://localhost:8761/eureka/apps/NOTIFICATION-SERVICE": Connect to http://localhost:8761 [localhost/127.0.0.1, localhost/0:0:0:0:0:0:0:1] failed: Connection refused: getsockopt
2026-05-02 22:54:29.586 [DiscoveryClient-InstanceInfoReplicator-0] WARN  c.netflix.discovery.DiscoveryClient - DiscoveryClient_NOTIFICATION-SERVICE/172.21.160.138:notification-service:9096 - registration failed Cannot execute request on any known server
com.netflix.discovery.shared.transport.TransportException: Cannot execute request on any known server
	at com.netflix.discovery.shared.transport.decorator.RetryableEurekaHttpClient.execute(RetryableEurekaHttpClient.java:112)
	at com.netflix.discovery.shared.transport.decorator.EurekaHttpClientDecorator.register(EurekaHttpClientDecorator.java:56)
	at com.netflix.discovery.shared.transport.decorator.EurekaHttpClientDecorator$1.execute(EurekaHttpClientDecorator.java:59)
	at com.netflix.discovery.shared.transport.decorator.SessionedEurekaHttpClient.execute(SessionedEurekaHttpClient.java:77)
	at com.netflix.discovery.shared.transport.decorator.EurekaHttpClientDecorator.register(EurekaHttpClientDecorator.java:56)
	at com.netflix.discovery.DiscoveryClient.register(DiscoveryClient.java:820)
	at com.netflix.discovery.InstanceInfoReplicator.run(InstanceInfoReplicator.java:121)
	at java.base/java.util.concurrent.Executors$RunnableAdapter.call(Executors.java:572)
	at java.base/java.util.concurrent.FutureTask.run(FutureTask.java:317)
	at java.base/java.util.concurrent.ScheduledThreadPoolExecutor$ScheduledFutureTask.run(ScheduledThreadPoolExecutor.java:304)
	at java.base/java.util.concurrent.ThreadPoolExecutor.runWorker(ThreadPoolExecutor.java:1144)
	at java.base/java.util.concurrent.ThreadPoolExecutor$Worker.run(ThreadPoolExecutor.java:642)
	at java.base/java.lang.Thread.run(Thread.java:1583)
2026-05-02 22:54:29.586 [DiscoveryClient-InstanceInfoReplicator-0] WARN  c.n.discovery.InstanceInfoReplicator - There was a problem with the instance info replicator
com.netflix.discovery.shared.transport.TransportException: Cannot execute request on any known server
	at com.netflix.discovery.shared.transport.decorator.RetryableEurekaHttpClient.execute(RetryableEurekaHttpClient.java:112)
	at com.netflix.discovery.shared.transport.decorator.EurekaHttpClientDecorator.register(EurekaHttpClientDecorator.java:56)
	at com.netflix.discovery.shared.transport.decorator.EurekaHttpClientDecorator$1.execute(EurekaHttpClientDecorator.java:59)
	at com.netflix.discovery.shared.transport.decorator.SessionedEurekaHttpClient.execute(SessionedEurekaHttpClient.java:77)
	at com.netflix.discovery.shared.transport.decorator.EurekaHttpClientDecorator.register(EurekaHttpClientDecorator.java:56)
	at com.netflix.discovery.DiscoveryClient.register(DiscoveryClient.java:820)
	at com.netflix.discovery.InstanceInfoReplicator.run(InstanceInfoReplicator.java:121)
	at java.base/java.util.concurrent.Executors$RunnableAdapter.call(Executors.java:572)
	at java.base/java.util.concurrent.FutureTask.run(FutureTask.java:317)
	at java.base/java.util.concurrent.ScheduledThreadPoolExecutor$ScheduledFutureTask.run(ScheduledThreadPoolExecutor.java:304)
	at java.base/java.util.concurrent.ThreadPoolExecutor.runWorker(ThreadPoolExecutor.java:1144)
	at java.base/java.util.concurrent.ThreadPoolExecutor$Worker.run(ThreadPoolExecutor.java:642)
	at java.base/java.lang.Thread.run(Thread.java:1583)
2026-05-02 22:54:59.460 [DiscoveryClient-HeartbeatExecutor-0] WARN  c.n.d.s.t.d.RetryableEurekaHttpClient - Request execution failed with message: I/O error on PUT request for "http://localhost:8761/eureka/apps/NOTIFICATION-SERVICE/172.21.160.138:notification-service:9096": Connect to http://localhost:8761 [localhost/127.0.0.1, localhost/0:0:0:0:0:0:0:1] failed: Connection refused: getsockopt
2026-05-02 22:54:59.461 [DiscoveryClient-CacheRefreshExecutor-0] WARN  c.n.d.s.t.d.RetryableEurekaHttpClient - Request execution failed with message: I/O error on GET request for "http://localhost:8761/eureka/apps/": Connect to http://localhost:8761 [localhost/127.0.0.1, localhost/0:0:0:0:0:0:0:1] failed: Connection refused: getsockopt
2026-05-02 22:54:59.461 [DiscoveryClient-HeartbeatExecutor-0] ERROR c.netflix.discovery.DiscoveryClient - DiscoveryClient_NOTIFICATION-SERVICE/172.21.160.138:notification-service:9096 - was unable to send heartbeat!
com.netflix.discovery.shared.transport.TransportException: Cannot execute request on any known server
	at com.netflix.discovery.shared.transport.decorator.RetryableEurekaHttpClient.execute(RetryableEurekaHttpClient.java:112)
	at com.netflix.discovery.shared.transport.decorator.EurekaHttpClientDecorator.sendHeartBeat(EurekaHttpClientDecorator.java:89)
	at com.netflix.discovery.shared.transport.decorator.EurekaHttpClientDecorator$3.execute(EurekaHttpClientDecorator.java:92)
	at com.netflix.discovery.shared.transport.decorator.SessionedEurekaHttpClient.execute(SessionedEurekaHttpClient.java:77)
	at com.netflix.discovery.shared.transport.decorator.EurekaHttpClientDecorator.sendHeartBeat(EurekaHttpClientDecorator.java:89)
	at com.netflix.discovery.DiscoveryClient.renew(DiscoveryClient.java:837)
	at com.netflix.discovery.DiscoveryClient$HeartbeatThread.run(DiscoveryClient.java:1401)
	at java.base/java.util.concurrent.Executors$RunnableAdapter.call(Executors.java:572)
	at java.base/java.util.concurrent.FutureTask.run(FutureTask.java:317)
	at java.base/java.util.concurrent.ThreadPoolExecutor.runWorker(ThreadPoolExecutor.java:1144)
	at java.base/java.util.concurrent.ThreadPoolExecutor$Worker.run(ThreadPoolExecutor.java:642)
	at java.base/java.lang.Thread.run(Thread.java:1583)
2026-05-02 22:54:59.640 [DiscoveryClient-InstanceInfoReplicator-0] WARN  c.n.d.s.t.d.RetryableEurekaHttpClient - Request execution failed with message: I/O error on POST request for "http://localhost:8761/eureka/apps/NOTIFICATION-SERVICE": Connect to http://localhost:8761 [localhost/127.0.0.1, localhost/0:0:0:0:0:0:0:1] failed: Connection refused: getsockopt
2026-05-02 22:54:59.641 [DiscoveryClient-InstanceInfoReplicator-0] WARN  c.netflix.discovery.DiscoveryClient - DiscoveryClient_NOTIFICATION-SERVICE/172.21.160.138:notification-service:9096 - registration failed Cannot execute request on any known server
com.netflix.discovery.shared.transport.TransportException: Cannot execute request on any known server
	at com.netflix.discovery.shared.transport.decorator.RetryableEurekaHttpClient.execute(RetryableEurekaHttpClient.java:112)
	at com.netflix.discovery.shared.transport.decorator.EurekaHttpClientDecorator.register(EurekaHttpClientDecorator.java:56)
	at com.netflix.discovery.shared.transport.decorator.EurekaHttpClientDecorator$1.execute(EurekaHttpClientDecorator.java:59)
	at com.netflix.discovery.shared.transport.decorator.SessionedEurekaHttpClient.execute(SessionedEurekaHttpClient.java:77)
	at com.netflix.discovery.shared.transport.decorator.EurekaHttpClientDecorator.register(EurekaHttpClientDecorator.java:56)
	at com.netflix.discovery.DiscoveryClient.register(DiscoveryClient.java:820)
	at com.netflix.discovery.InstanceInfoReplicator.run(InstanceInfoReplicator.java:121)
	at java.base/java.util.concurrent.Executors$RunnableAdapter.call(Executors.java:572)
	at java.base/java.util.concurrent.FutureTask.run(FutureTask.java:317)
	at java.base/java.util.concurrent.ScheduledThreadPoolExecutor$ScheduledFutureTask.run(ScheduledThreadPoolExecutor.java:304)
	at java.base/java.util.concurrent.ThreadPoolExecutor.runWorker(ThreadPoolExecutor.java:1144)
	at java.base/java.util.concurrent.ThreadPoolExecutor$Worker.run(ThreadPoolExecutor.java:642)
	at java.base/java.lang.Thread.run(Thread.java:1583)
2026-05-02 22:54:59.641 [DiscoveryClient-InstanceInfoReplicator-0] WARN  c.n.discovery.InstanceInfoReplicator - There was a problem with the instance info replicator
com.netflix.discovery.shared.transport.TransportException: Cannot execute request on any known server
	at com.netflix.discovery.shared.transport.decorator.RetryableEurekaHttpClient.execute(RetryableEurekaHttpClient.java:112)
	at com.netflix.discovery.shared.transport.decorator.EurekaHttpClientDecorator.register(EurekaHttpClientDecorator.java:56)
	at com.netflix.discovery.shared.transport.decorator.EurekaHttpClientDecorator$1.execute(EurekaHttpClientDecorator.java:59)
	at com.netflix.discovery.shared.transport.decorator.SessionedEurekaHttpClient.execute(SessionedEurekaHttpClient.java:77)
	at com.netflix.discovery.shared.transport.decorator.EurekaHttpClientDecorator.register(EurekaHttpClientDecorator.java:56)
	at com.netflix.discovery.DiscoveryClient.register(DiscoveryClient.java:820)
	at com.netflix.discovery.InstanceInfoReplicator.run(InstanceInfoReplicator.java:121)
	at java.base/java.util.concurrent.Executors$RunnableAdapter.call(Executors.java:572)
	at java.base/java.util.concurrent.FutureTask.run(FutureTask.java:317)
	at java.base/java.util.concurrent.ScheduledThreadPoolExecutor$ScheduledFutureTask.run(ScheduledThreadPoolExecutor.java:304)
	at java.base/java.util.concurrent.ThreadPoolExecutor.runWorker(ThreadPoolExecutor.java:1144)
	at java.base/java.util.concurrent.ThreadPoolExecutor$Worker.run(ThreadPoolExecutor.java:642)
	at java.base/java.lang.Thread.run(Thread.java:1583)
2026-05-02 22:55:29.510 [DiscoveryClient-CacheRefreshExecutor-0] WARN  c.n.d.s.t.d.RetryableEurekaHttpClient - Request execution failed with message: I/O error on GET request for "http://localhost:8761/eureka/apps/": Connect to http://localhost:8761 [localhost/127.0.0.1, localhost/0:0:0:0:0:0:0:1] failed: Connection refused: getsockopt
2026-05-02 22:55:29.510 [DiscoveryClient-HeartbeatExecutor-0] WARN  c.n.d.s.t.d.RetryableEurekaHttpClient - Request execution failed with message: I/O error on PUT request for "http://localhost:8761/eureka/apps/NOTIFICATION-SERVICE/172.21.160.138:notification-service:9096": Connect to http://localhost:8761 [localhost/127.0.0.1, localhost/0:0:0:0:0:0:0:1] failed: Connection refused: getsockopt
2026-05-02 22:55:29.512 [DiscoveryClient-HeartbeatExecutor-0] ERROR c.netflix.discovery.DiscoveryClient - DiscoveryClient_NOTIFICATION-SERVICE/172.21.160.138:notification-service:9096 - was unable to send heartbeat!
com.netflix.discovery.shared.transport.TransportException: Cannot execute request on any known server
	at com.netflix.discovery.shared.transport.decorator.RetryableEurekaHttpClient.execute(RetryableEurekaHttpClient.java:112)
	at com.netflix.discovery.shared.transport.decorator.EurekaHttpClientDecorator.sendHeartBeat(EurekaHttpClientDecorator.java:89)
	at com.netflix.discovery.shared.transport.decorator.EurekaHttpClientDecorator$3.execute(EurekaHttpClientDecorator.java:92)
	at com.netflix.discovery.shared.transport.decorator.SessionedEurekaHttpClient.execute(SessionedEurekaHttpClient.java:77)
	at com.netflix.discovery.shared.transport.decorator.EurekaHttpClientDecorator.sendHeartBeat(EurekaHttpClientDecorator.java:89)
	at com.netflix.discovery.DiscoveryClient.renew(DiscoveryClient.java:837)
	at com.netflix.discovery.DiscoveryClient$HeartbeatThread.run(DiscoveryClient.java:1401)
	at java.base/java.util.concurrent.Executors$RunnableAdapter.call(Executors.java:572)
	at java.base/java.util.concurrent.FutureTask.run(FutureTask.java:317)
	at java.base/java.util.concurrent.ThreadPoolExecutor.runWorker(ThreadPoolExecutor.java:1144)
	at java.base/java.util.concurrent.ThreadPoolExecutor$Worker.run(ThreadPoolExecutor.java:642)
	at java.base/java.lang.Thread.run(Thread.java:1583)
2026-05-02 22:55:29.672 [DiscoveryClient-InstanceInfoReplicator-0] WARN  c.n.d.s.t.d.RetryableEurekaHttpClient - Request execution failed with message: I/O error on POST request for "http://localhost:8761/eureka/apps/NOTIFICATION-SERVICE": Connect to http://localhost:8761 [localhost/127.0.0.1, localhost/0:0:0:0:0:0:0:1] failed: Connection refused: getsockopt
2026-05-02 22:55:29.672 [DiscoveryClient-InstanceInfoReplicator-0] WARN  c.netflix.discovery.DiscoveryClient - DiscoveryClient_NOTIFICATION-SERVICE/172.21.160.138:notification-service:9096 - registration failed Cannot execute request on any known server
com.netflix.discovery.shared.transport.TransportException: Cannot execute request on any known server
	at com.netflix.discovery.shared.transport.decorator.RetryableEurekaHttpClient.execute(RetryableEurekaHttpClient.java:112)
	at com.netflix.discovery.shared.transport.decorator.EurekaHttpClientDecorator.register(EurekaHttpClientDecorator.java:56)
	at com.netflix.discovery.shared.transport.decorator.EurekaHttpClientDecorator$1.execute(EurekaHttpClientDecorator.java:59)
	at com.netflix.discovery.shared.transport.decorator.SessionedEurekaHttpClient.execute(SessionedEurekaHttpClient.java:77)
	at com.netflix.discovery.shared.transport.decorator.EurekaHttpClientDecorator.register(EurekaHttpClientDecorator.java:56)
	at com.netflix.discovery.DiscoveryClient.register(DiscoveryClient.java:820)
	at com.netflix.discovery.InstanceInfoReplicator.run(InstanceInfoReplicator.java:121)
	at java.base/java.util.concurrent.Executors$RunnableAdapter.call(Executors.java:572)
	at java.base/java.util.concurrent.FutureTask.run(FutureTask.java:317)
	at java.base/java.util.concurrent.ScheduledThreadPoolExecutor$ScheduledFutureTask.run(ScheduledThreadPoolExecutor.java:304)
	at java.base/java.util.concurrent.ThreadPoolExecutor.runWorker(ThreadPoolExecutor.java:1144)
	at java.base/java.util.concurrent.ThreadPoolExecutor$Worker.run(ThreadPoolExecutor.java:642)
	at java.base/java.lang.Thread.run(Thread.java:1583)
2026-05-02 22:55:29.672 [DiscoveryClient-InstanceInfoReplicator-0] WARN  c.n.discovery.InstanceInfoReplicator - There was a problem with the instance info replicator
com.netflix.discovery.shared.transport.TransportException: Cannot execute request on any known server
	at com.netflix.discovery.shared.transport.decorator.RetryableEurekaHttpClient.execute(RetryableEurekaHttpClient.java:112)
	at com.netflix.discovery.shared.transport.decorator.EurekaHttpClientDecorator.register(EurekaHttpClientDecorator.java:56)
	at com.netflix.discovery.shared.transport.decorator.EurekaHttpClientDecorator$1.execute(EurekaHttpClientDecorator.java:59)
	at com.netflix.discovery.shared.transport.decorator.SessionedEurekaHttpClient.execute(SessionedEurekaHttpClient.java:77)
	at com.netflix.discovery.shared.transport.decorator.EurekaHttpClientDecorator.register(EurekaHttpClientDecorator.java:56)
	at com.netflix.discovery.DiscoveryClient.register(DiscoveryClient.java:820)
	at com.netflix.discovery.InstanceInfoReplicator.run(InstanceInfoReplicator.java:121)
	at java.base/java.util.concurrent.Executors$RunnableAdapter.call(Executors.java:572)
	at java.base/java.util.concurrent.FutureTask.run(FutureTask.java:317)
	at java.base/java.util.concurrent.ScheduledThreadPoolExecutor$ScheduledFutureTask.run(ScheduledThreadPoolExecutor.java:304)
	at java.base/java.util.concurrent.ThreadPoolExecutor.runWorker(ThreadPoolExecutor.java:1144)
	at java.base/java.util.concurrent.ThreadPoolExecutor$Worker.run(ThreadPoolExecutor.java:642)
	at java.base/java.lang.Thread.run(Thread.java:1583)
2026-05-02 22:55:59.545 [DiscoveryClient-CacheRefreshExecutor-0] WARN  c.n.d.s.t.d.RetryableEurekaHttpClient - Request execution failed with message: I/O error on GET request for "http://localhost:8761/eureka/apps/": Connect to http://localhost:8761 [localhost/127.0.0.1, localhost/0:0:0:0:0:0:0:1] failed: Connection refused: getsockopt
2026-05-02 22:55:59.559 [DiscoveryClient-HeartbeatExecutor-0] WARN  c.n.d.s.t.d.RetryableEurekaHttpClient - Request execution failed with message: I/O error on PUT request for "http://localhost:8761/eureka/apps/NOTIFICATION-SERVICE/172.21.160.138:notification-service:9096": Connect to http://localhost:8761 [localhost/127.0.0.1, localhost/0:0:0:0:0:0:0:1] failed: Connection refused: getsockopt
2026-05-02 22:55:59.559 [DiscoveryClient-HeartbeatExecutor-0] ERROR c.netflix.discovery.DiscoveryClient - DiscoveryClient_NOTIFICATION-SERVICE/172.21.160.138:notification-service:9096 - was unable to send heartbeat!
com.netflix.discovery.shared.transport.TransportException: Cannot execute request on any known server
	at com.netflix.discovery.shared.transport.decorator.RetryableEurekaHttpClient.execute(RetryableEurekaHttpClient.java:112)
	at com.netflix.discovery.shared.transport.decorator.EurekaHttpClientDecorator.sendHeartBeat(EurekaHttpClientDecorator.java:89)
	at com.netflix.discovery.shared.transport.decorator.EurekaHttpClientDecorator$3.execute(EurekaHttpClientDecorator.java:92)
	at com.netflix.discovery.shared.transport.decorator.SessionedEurekaHttpClient.execute(SessionedEurekaHttpClient.java:77)
	at com.netflix.discovery.shared.transport.decorator.EurekaHttpClientDecorator.sendHeartBeat(EurekaHttpClientDecorator.java:89)
	at com.netflix.discovery.DiscoveryClient.renew(DiscoveryClient.java:837)
	at com.netflix.discovery.DiscoveryClient$HeartbeatThread.run(DiscoveryClient.java:1401)
	at java.base/java.util.concurrent.Executors$RunnableAdapter.call(Executors.java:572)
	at java.base/java.util.concurrent.FutureTask.run(FutureTask.java:317)
	at java.base/java.util.concurrent.ThreadPoolExecutor.runWorker(ThreadPoolExecutor.java:1144)
	at java.base/java.util.concurrent.ThreadPoolExecutor$Worker.run(ThreadPoolExecutor.java:642)
	at java.base/java.lang.Thread.run(Thread.java:1583)
2026-05-02 22:55:59.728 [DiscoveryClient-InstanceInfoReplicator-0] WARN  c.n.d.s.t.d.RetryableEurekaHttpClient - Request execution failed with message: I/O error on POST request for "http://localhost:8761/eureka/apps/NOTIFICATION-SERVICE": Connect to http://localhost:8761 [localhost/127.0.0.1, localhost/0:0:0:0:0:0:0:1] failed: Connection refused: getsockopt
2026-05-02 22:55:59.728 [DiscoveryClient-InstanceInfoReplicator-0] WARN  c.netflix.discovery.DiscoveryClient - DiscoveryClient_NOTIFICATION-SERVICE/172.21.160.138:notification-service:9096 - registration failed Cannot execute request on any known server
com.netflix.discovery.shared.transport.TransportException: Cannot execute request on any known server
	at com.netflix.discovery.shared.transport.decorator.RetryableEurekaHttpClient.execute(RetryableEurekaHttpClient.java:112)
	at com.netflix.discovery.shared.transport.decorator.EurekaHttpClientDecorator.register(EurekaHttpClientDecorator.java:56)
	at com.netflix.discovery.shared.transport.decorator.EurekaHttpClientDecorator$1.execute(EurekaHttpClientDecorator.java:59)
	at com.netflix.discovery.shared.transport.decorator.SessionedEurekaHttpClient.execute(SessionedEurekaHttpClient.java:77)
	at com.netflix.discovery.shared.transport.decorator.EurekaHttpClientDecorator.register(EurekaHttpClientDecorator.java:56)
	at com.netflix.discovery.DiscoveryClient.register(DiscoveryClient.java:820)
	at com.netflix.discovery.InstanceInfoReplicator.run(InstanceInfoReplicator.java:121)
	at java.base/java.util.concurrent.Executors$RunnableAdapter.call(Executors.java:572)
	at java.base/java.util.concurrent.FutureTask.run(FutureTask.java:317)
	at java.base/java.util.concurrent.ScheduledThreadPoolExecutor$ScheduledFutureTask.run(ScheduledThreadPoolExecutor.java:304)
	at java.base/java.util.concurrent.ThreadPoolExecutor.runWorker(ThreadPoolExecutor.java:1144)
	at java.base/java.util.concurrent.ThreadPoolExecutor$Worker.run(ThreadPoolExecutor.java:642)
	at java.base/java.lang.Thread.run(Thread.java:1583)
2026-05-02 22:55:59.730 [DiscoveryClient-InstanceInfoReplicator-0] WARN  c.n.discovery.InstanceInfoReplicator - There was a problem with the instance info replicator
com.netflix.discovery.shared.transport.TransportException: Cannot execute request on any known server
	at com.netflix.discovery.shared.transport.decorator.RetryableEurekaHttpClient.execute(RetryableEurekaHttpClient.java:112)
	at com.netflix.discovery.shared.transport.decorator.EurekaHttpClientDecorator.register(EurekaHttpClientDecorator.java:56)
	at com.netflix.discovery.shared.transport.decorator.EurekaHttpClientDecorator$1.execute(EurekaHttpClientDecorator.java:59)
	at com.netflix.discovery.shared.transport.decorator.SessionedEurekaHttpClient.execute(SessionedEurekaHttpClient.java:77)
	at com.netflix.discovery.shared.transport.decorator.EurekaHttpClientDecorator.register(EurekaHttpClientDecorator.java:56)
	at com.netflix.discovery.DiscoveryClient.register(DiscoveryClient.java:820)
	at com.netflix.discovery.InstanceInfoReplicator.run(InstanceInfoReplicator.java:121)
	at java.base/java.util.concurrent.Executors$RunnableAdapter.call(Executors.java:572)
	at java.base/java.util.concurrent.FutureTask.run(FutureTask.java:317)
	at java.base/java.util.concurrent.ScheduledThreadPoolExecutor$ScheduledFutureTask.run(ScheduledThreadPoolExecutor.java:304)
	at java.base/java.util.concurrent.ThreadPoolExecutor.runWorker(ThreadPoolExecutor.java:1144)
	at java.base/java.util.concurrent.ThreadPoolExecutor$Worker.run(ThreadPoolExecutor.java:642)
	at java.base/java.lang.Thread.run(Thread.java:1583)
2026-05-02 22:56:29.592 [DiscoveryClient-CacheRefreshExecutor-0] WARN  c.n.d.s.t.d.RetryableEurekaHttpClient - Request execution failed with message: I/O error on GET request for "http://localhost:8761/eureka/apps/": Connect to http://localhost:8761 [localhost/127.0.0.1, localhost/0:0:0:0:0:0:0:1] failed: Connection refused: getsockopt
2026-05-02 22:56:29.611 [DiscoveryClient-HeartbeatExecutor-0] WARN  c.n.d.s.t.d.RetryableEurekaHttpClient - Request execution failed with message: I/O error on PUT request for "http://localhost:8761/eureka/apps/NOTIFICATION-SERVICE/172.21.160.138:notification-service:9096": Connect to http://localhost:8761 [localhost/127.0.0.1, localhost/0:0:0:0:0:0:0:1] failed: Connection refused: getsockopt
2026-05-02 22:56:29.611 [DiscoveryClient-HeartbeatExecutor-0] ERROR c.netflix.discovery.DiscoveryClient - DiscoveryClient_NOTIFICATION-SERVICE/172.21.160.138:notification-service:9096 - was unable to send heartbeat!
com.netflix.discovery.shared.transport.TransportException: Cannot execute request on any known server
	at com.netflix.discovery.shared.transport.decorator.RetryableEurekaHttpClient.execute(RetryableEurekaHttpClient.java:112)
	at com.netflix.discovery.shared.transport.decorator.EurekaHttpClientDecorator.sendHeartBeat(EurekaHttpClientDecorator.java:89)
	at com.netflix.discovery.shared.transport.decorator.EurekaHttpClientDecorator$3.execute(EurekaHttpClientDecorator.java:92)
	at com.netflix.discovery.shared.transport.decorator.SessionedEurekaHttpClient.execute(SessionedEurekaHttpClient.java:77)
	at com.netflix.discovery.shared.transport.decorator.EurekaHttpClientDecorator.sendHeartBeat(EurekaHttpClientDecorator.java:89)
	at com.netflix.discovery.DiscoveryClient.renew(DiscoveryClient.java:837)
	at com.netflix.discovery.DiscoveryClient$HeartbeatThread.run(DiscoveryClient.java:1401)
	at java.base/java.util.concurrent.Executors$RunnableAdapter.call(Executors.java:572)
	at java.base/java.util.concurrent.FutureTask.run(FutureTask.java:317)
	at java.base/java.util.concurrent.ThreadPoolExecutor.runWorker(ThreadPoolExecutor.java:1144)
	at java.base/java.util.concurrent.ThreadPoolExecutor$Worker.run(ThreadPoolExecutor.java:642)
	at java.base/java.lang.Thread.run(Thread.java:1583)
2026-05-02 22:56:29.768 [DiscoveryClient-InstanceInfoReplicator-0] WARN  c.n.d.s.t.d.RetryableEurekaHttpClient - Request execution failed with message: I/O error on POST request for "http://localhost:8761/eureka/apps/NOTIFICATION-SERVICE": Connect to http://localhost:8761 [localhost/127.0.0.1, localhost/0:0:0:0:0:0:0:1] failed: Connection refused: getsockopt
2026-05-02 22:56:29.770 [DiscoveryClient-InstanceInfoReplicator-0] WARN  c.netflix.discovery.DiscoveryClient - DiscoveryClient_NOTIFICATION-SERVICE/172.21.160.138:notification-service:9096 - registration failed Cannot execute request on any known server
com.netflix.discovery.shared.transport.TransportException: Cannot execute request on any known server
	at com.netflix.discovery.shared.transport.decorator.RetryableEurekaHttpClient.execute(RetryableEurekaHttpClient.java:112)
	at com.netflix.discovery.shared.transport.decorator.EurekaHttpClientDecorator.register(EurekaHttpClientDecorator.java:56)
	at com.netflix.discovery.shared.transport.decorator.EurekaHttpClientDecorator$1.execute(EurekaHttpClientDecorator.java:59)
	at com.netflix.discovery.shared.transport.decorator.SessionedEurekaHttpClient.execute(SessionedEurekaHttpClient.java:77)
	at com.netflix.discovery.shared.transport.decorator.EurekaHttpClientDecorator.register(EurekaHttpClientDecorator.java:56)
	at com.netflix.discovery.DiscoveryClient.register(DiscoveryClient.java:820)
	at com.netflix.discovery.InstanceInfoReplicator.run(InstanceInfoReplicator.java:121)
	at java.base/java.util.concurrent.Executors$RunnableAdapter.call(Executors.java:572)
	at java.base/java.util.concurrent.FutureTask.run(FutureTask.java:317)
	at java.base/java.util.concurrent.ScheduledThreadPoolExecutor$ScheduledFutureTask.run(ScheduledThreadPoolExecutor.java:304)
	at java.base/java.util.concurrent.ThreadPoolExecutor.runWorker(ThreadPoolExecutor.java:1144)
	at java.base/java.util.concurrent.ThreadPoolExecutor$Worker.run(ThreadPoolExecutor.java:642)
	at java.base/java.lang.Thread.run(Thread.java:1583)
2026-05-02 22:56:29.770 [DiscoveryClient-InstanceInfoReplicator-0] WARN  c.n.discovery.InstanceInfoReplicator - There was a problem with the instance info replicator
com.netflix.discovery.shared.transport.TransportException: Cannot execute request on any known server
	at com.netflix.discovery.shared.transport.decorator.RetryableEurekaHttpClient.execute(RetryableEurekaHttpClient.java:112)
	at com.netflix.discovery.shared.transport.decorator.EurekaHttpClientDecorator.register(EurekaHttpClientDecorator.java:56)
	at com.netflix.discovery.shared.transport.decorator.EurekaHttpClientDecorator$1.execute(EurekaHttpClientDecorator.java:59)
	at com.netflix.discovery.shared.transport.decorator.SessionedEurekaHttpClient.execute(SessionedEurekaHttpClient.java:77)
	at com.netflix.discovery.shared.transport.decorator.EurekaHttpClientDecorator.register(EurekaHttpClientDecorator.java:56)
	at com.netflix.discovery.DiscoveryClient.register(DiscoveryClient.java:820)
	at com.netflix.discovery.InstanceInfoReplicator.run(InstanceInfoReplicator.java:121)
	at java.base/java.util.concurrent.Executors$RunnableAdapter.call(Executors.java:572)
	at java.base/java.util.concurrent.FutureTask.run(FutureTask.java:317)
	at java.base/java.util.concurrent.ScheduledThreadPoolExecutor$ScheduledFutureTask.run(ScheduledThreadPoolExecutor.java:304)
	at java.base/java.util.concurrent.ThreadPoolExecutor.runWorker(ThreadPoolExecutor.java:1144)
	at java.base/java.util.concurrent.ThreadPoolExecutor$Worker.run(ThreadPoolExecutor.java:642)
	at java.base/java.lang.Thread.run(Thread.java:1583)
2026-05-02 22:56:59.668 [DiscoveryClient-CacheRefreshExecutor-0] WARN  c.n.d.s.t.d.RetryableEurekaHttpClient - Request execution failed with message: I/O error on GET request for "http://localhost:8761/eureka/apps/": Connect to http://localhost:8761 [localhost/127.0.0.1, localhost/0:0:0:0:0:0:0:1] failed: Connection refused: getsockopt
2026-05-02 22:56:59.676 [DiscoveryClient-HeartbeatExecutor-0] WARN  c.n.d.s.t.d.RetryableEurekaHttpClient - Request execution failed with message: I/O error on PUT request for "http://localhost:8761/eureka/apps/NOTIFICATION-SERVICE/172.21.160.138:notification-service:9096": Connect to http://localhost:8761 [localhost/127.0.0.1, localhost/0:0:0:0:0:0:0:1] failed: Connection refused: getsockopt
2026-05-02 22:56:59.676 [DiscoveryClient-HeartbeatExecutor-0] ERROR c.netflix.discovery.DiscoveryClient - DiscoveryClient_NOTIFICATION-SERVICE/172.21.160.138:notification-service:9096 - was unable to send heartbeat!
com.netflix.discovery.shared.transport.TransportException: Cannot execute request on any known server
	at com.netflix.discovery.shared.transport.decorator.RetryableEurekaHttpClient.execute(RetryableEurekaHttpClient.java:112)
	at com.netflix.discovery.shared.transport.decorator.EurekaHttpClientDecorator.sendHeartBeat(EurekaHttpClientDecorator.java:89)
	at com.netflix.discovery.shared.transport.decorator.EurekaHttpClientDecorator$3.execute(EurekaHttpClientDecorator.java:92)
	at com.netflix.discovery.shared.transport.decorator.SessionedEurekaHttpClient.execute(SessionedEurekaHttpClient.java:77)
	at com.netflix.discovery.shared.transport.decorator.EurekaHttpClientDecorator.sendHeartBeat(EurekaHttpClientDecorator.java:89)
	at com.netflix.discovery.DiscoveryClient.renew(DiscoveryClient.java:837)
	at com.netflix.discovery.DiscoveryClient$HeartbeatThread.run(DiscoveryClient.java:1401)
	at java.base/java.util.concurrent.Executors$RunnableAdapter.call(Executors.java:572)
	at java.base/java.util.concurrent.FutureTask.run(FutureTask.java:317)
	at java.base/java.util.concurrent.ThreadPoolExecutor.runWorker(ThreadPoolExecutor.java:1144)
	at java.base/java.util.concurrent.ThreadPoolExecutor$Worker.run(ThreadPoolExecutor.java:642)
	at java.base/java.lang.Thread.run(Thread.java:1583)
2026-05-02 22:56:59.822 [DiscoveryClient-InstanceInfoReplicator-0] WARN  c.n.d.s.t.d.RetryableEurekaHttpClient - Request execution failed with message: I/O error on POST request for "http://localhost:8761/eureka/apps/NOTIFICATION-SERVICE": Connect to http://localhost:8761 [localhost/127.0.0.1, localhost/0:0:0:0:0:0:0:1] failed: Connection refused: getsockopt
2026-05-02 22:56:59.822 [DiscoveryClient-InstanceInfoReplicator-0] WARN  c.netflix.discovery.DiscoveryClient - DiscoveryClient_NOTIFICATION-SERVICE/172.21.160.138:notification-service:9096 - registration failed Cannot execute request on any known server
com.netflix.discovery.shared.transport.TransportException: Cannot execute request on any known server
	at com.netflix.discovery.shared.transport.decorator.RetryableEurekaHttpClient.execute(RetryableEurekaHttpClient.java:112)
	at com.netflix.discovery.shared.transport.decorator.EurekaHttpClientDecorator.register(EurekaHttpClientDecorator.java:56)
	at com.netflix.discovery.shared.transport.decorator.EurekaHttpClientDecorator$1.execute(EurekaHttpClientDecorator.java:59)
	at com.netflix.discovery.shared.transport.decorator.SessionedEurekaHttpClient.execute(SessionedEurekaHttpClient.java:77)
	at com.netflix.discovery.shared.transport.decorator.EurekaHttpClientDecorator.register(EurekaHttpClientDecorator.java:56)
	at com.netflix.discovery.DiscoveryClient.register(DiscoveryClient.java:820)
	at com.netflix.discovery.InstanceInfoReplicator.run(InstanceInfoReplicator.java:121)
	at java.base/java.util.concurrent.Executors$RunnableAdapter.call(Executors.java:572)
	at java.base/java.util.concurrent.FutureTask.run(FutureTask.java:317)
	at java.base/java.util.concurrent.ScheduledThreadPoolExecutor$ScheduledFutureTask.run(ScheduledThreadPoolExecutor.java:304)
	at java.base/java.util.concurrent.ThreadPoolExecutor.runWorker(ThreadPoolExecutor.java:1144)
	at java.base/java.util.concurrent.ThreadPoolExecutor$Worker.run(ThreadPoolExecutor.java:642)
	at java.base/java.lang.Thread.run(Thread.java:1583)
2026-05-02 22:56:59.823 [DiscoveryClient-InstanceInfoReplicator-0] WARN  c.n.discovery.InstanceInfoReplicator - There was a problem with the instance info replicator
com.netflix.discovery.shared.transport.TransportException: Cannot execute request on any known server
	at com.netflix.discovery.shared.transport.decorator.RetryableEurekaHttpClient.execute(RetryableEurekaHttpClient.java:112)
	at com.netflix.discovery.shared.transport.decorator.EurekaHttpClientDecorator.register(EurekaHttpClientDecorator.java:56)
	at com.netflix.discovery.shared.transport.decorator.EurekaHttpClientDecorator$1.execute(EurekaHttpClientDecorator.java:59)
	at com.netflix.discovery.shared.transport.decorator.SessionedEurekaHttpClient.execute(SessionedEurekaHttpClient.java:77)
	at com.netflix.discovery.shared.transport.decorator.EurekaHttpClientDecorator.register(EurekaHttpClientDecorator.java:56)
	at com.netflix.discovery.DiscoveryClient.register(DiscoveryClient.java:820)
	at com.netflix.discovery.InstanceInfoReplicator.run(InstanceInfoReplicator.java:121)
	at java.base/java.util.concurrent.Executors$RunnableAdapter.call(Executors.java:572)
	at java.base/java.util.concurrent.FutureTask.run(FutureTask.java:317)
	at java.base/java.util.concurrent.ScheduledThreadPoolExecutor$ScheduledFutureTask.run(ScheduledThreadPoolExecutor.java:304)
	at java.base/java.util.concurrent.ThreadPoolExecutor.runWorker(ThreadPoolExecutor.java:1144)
	at java.base/java.util.concurrent.ThreadPoolExecutor$Worker.run(ThreadPoolExecutor.java:642)
	at java.base/java.lang.Thread.run(Thread.java:1583)
2026-05-02 22:57:29.727 [DiscoveryClient-CacheRefreshExecutor-0] WARN  c.n.d.s.t.d.RetryableEurekaHttpClient - Request execution failed with message: I/O error on GET request for "http://localhost:8761/eureka/apps/": Connect to http://localhost:8761 [localhost/127.0.0.1, localhost/0:0:0:0:0:0:0:1] failed: Connection refused: getsockopt
2026-05-02 22:57:29.739 [DiscoveryClient-HeartbeatExecutor-0] WARN  c.n.d.s.t.d.RetryableEurekaHttpClient - Request execution failed with message: I/O error on PUT request for "http://localhost:8761/eureka/apps/NOTIFICATION-SERVICE/172.21.160.138:notification-service:9096": Connect to http://localhost:8761 [localhost/127.0.0.1, localhost/0:0:0:0:0:0:0:1] failed: Connection refused: getsockopt
2026-05-02 22:57:29.739 [DiscoveryClient-HeartbeatExecutor-0] ERROR c.netflix.discovery.DiscoveryClient - DiscoveryClient_NOTIFICATION-SERVICE/172.21.160.138:notification-service:9096 - was unable to send heartbeat!
com.netflix.discovery.shared.transport.TransportException: Cannot execute request on any known server
	at com.netflix.discovery.shared.transport.decorator.RetryableEurekaHttpClient.execute(RetryableEurekaHttpClient.java:112)
	at com.netflix.discovery.shared.transport.decorator.EurekaHttpClientDecorator.sendHeartBeat(EurekaHttpClientDecorator.java:89)
	at com.netflix.discovery.shared.transport.decorator.EurekaHttpClientDecorator$3.execute(EurekaHttpClientDecorator.java:92)
	at com.netflix.discovery.shared.transport.decorator.SessionedEurekaHttpClient.execute(SessionedEurekaHttpClient.java:77)
	at com.netflix.discovery.shared.transport.decorator.EurekaHttpClientDecorator.sendHeartBeat(EurekaHttpClientDecorator.java:89)
	at com.netflix.discovery.DiscoveryClient.renew(DiscoveryClient.java:837)
	at com.netflix.discovery.DiscoveryClient$HeartbeatThread.run(DiscoveryClient.java:1401)
	at java.base/java.util.concurrent.Executors$RunnableAdapter.call(Executors.java:572)
	at java.base/java.util.concurrent.FutureTask.run(FutureTask.java:317)
	at java.base/java.util.concurrent.ThreadPoolExecutor.runWorker(ThreadPoolExecutor.java:1144)
	at java.base/java.util.concurrent.ThreadPoolExecutor$Worker.run(ThreadPoolExecutor.java:642)
	at java.base/java.lang.Thread.run(Thread.java:1583)
2026-05-02 22:57:29.859 [DiscoveryClient-InstanceInfoReplicator-0] WARN  c.n.d.s.t.d.RetryableEurekaHttpClient - Request execution failed with message: I/O error on POST request for "http://localhost:8761/eureka/apps/NOTIFICATION-SERVICE": Connect to http://localhost:8761 [localhost/127.0.0.1, localhost/0:0:0:0:0:0:0:1] failed: Connection refused: getsockopt
2026-05-02 22:57:29.863 [DiscoveryClient-InstanceInfoReplicator-0] WARN  c.netflix.discovery.DiscoveryClient - DiscoveryClient_NOTIFICATION-SERVICE/172.21.160.138:notification-service:9096 - registration failed Cannot execute request on any known server
com.netflix.discovery.shared.transport.TransportException: Cannot execute request on any known server
	at com.netflix.discovery.shared.transport.decorator.RetryableEurekaHttpClient.execute(RetryableEurekaHttpClient.java:112)
	at com.netflix.discovery.shared.transport.decorator.EurekaHttpClientDecorator.register(EurekaHttpClientDecorator.java:56)
	at com.netflix.discovery.shared.transport.decorator.EurekaHttpClientDecorator$1.execute(EurekaHttpClientDecorator.java:59)
	at com.netflix.discovery.shared.transport.decorator.SessionedEurekaHttpClient.execute(SessionedEurekaHttpClient.java:77)
	at com.netflix.discovery.shared.transport.decorator.EurekaHttpClientDecorator.register(EurekaHttpClientDecorator.java:56)
	at com.netflix.discovery.DiscoveryClient.register(DiscoveryClient.java:820)
	at com.netflix.discovery.InstanceInfoReplicator.run(InstanceInfoReplicator.java:121)
	at java.base/java.util.concurrent.Executors$RunnableAdapter.call(Executors.java:572)
	at java.base/java.util.concurrent.FutureTask.run(FutureTask.java:317)
	at java.base/java.util.concurrent.ScheduledThreadPoolExecutor$ScheduledFutureTask.run(ScheduledThreadPoolExecutor.java:304)
	at java.base/java.util.concurrent.ThreadPoolExecutor.runWorker(ThreadPoolExecutor.java:1144)
	at java.base/java.util.concurrent.ThreadPoolExecutor$Worker.run(ThreadPoolExecutor.java:642)
	at java.base/java.lang.Thread.run(Thread.java:1583)
2026-05-02 22:57:29.863 [DiscoveryClient-InstanceInfoReplicator-0] WARN  c.n.discovery.InstanceInfoReplicator - There was a problem with the instance info replicator
com.netflix.discovery.shared.transport.TransportException: Cannot execute request on any known server
	at com.netflix.discovery.shared.transport.decorator.RetryableEurekaHttpClient.execute(RetryableEurekaHttpClient.java:112)
	at com.netflix.discovery.shared.transport.decorator.EurekaHttpClientDecorator.register(EurekaHttpClientDecorator.java:56)
	at com.netflix.discovery.shared.transport.decorator.EurekaHttpClientDecorator$1.execute(EurekaHttpClientDecorator.java:59)
	at com.netflix.discovery.shared.transport.decorator.SessionedEurekaHttpClient.execute(SessionedEurekaHttpClient.java:77)
	at com.netflix.discovery.shared.transport.decorator.EurekaHttpClientDecorator.register(EurekaHttpClientDecorator.java:56)
	at com.netflix.discovery.DiscoveryClient.register(DiscoveryClient.java:820)
	at com.netflix.discovery.InstanceInfoReplicator.run(InstanceInfoReplicator.java:121)
	at java.base/java.util.concurrent.Executors$RunnableAdapter.call(Executors.java:572)
	at java.base/java.util.concurrent.FutureTask.run(FutureTask.java:317)
	at java.base/java.util.concurrent.ScheduledThreadPoolExecutor$ScheduledFutureTask.run(ScheduledThreadPoolExecutor.java:304)
	at java.base/java.util.concurrent.ThreadPoolExecutor.runWorker(ThreadPoolExecutor.java:1144)
	at java.base/java.util.concurrent.ThreadPoolExecutor$Worker.run(ThreadPoolExecutor.java:642)
	at java.base/java.lang.Thread.run(Thread.java:1583)
2026-05-02 22:57:59.802 [DiscoveryClient-CacheRefreshExecutor-0] WARN  c.n.d.s.t.d.RetryableEurekaHttpClient - Request execution failed with message: I/O error on GET request for "http://localhost:8761/eureka/apps/": Connect to http://localhost:8761 [localhost/127.0.0.1, localhost/0:0:0:0:0:0:0:1] failed: Connection refused: getsockopt
2026-05-02 22:57:59.813 [DiscoveryClient-HeartbeatExecutor-0] WARN  c.n.d.s.t.d.RetryableEurekaHttpClient - Request execution failed with message: I/O error on PUT request for "http://localhost:8761/eureka/apps/NOTIFICATION-SERVICE/172.21.160.138:notification-service:9096": Connect to http://localhost:8761 [localhost/127.0.0.1, localhost/0:0:0:0:0:0:0:1] failed: Connection refused: getsockopt
2026-05-02 22:57:59.813 [DiscoveryClient-HeartbeatExecutor-0] ERROR c.netflix.discovery.DiscoveryClient - DiscoveryClient_NOTIFICATION-SERVICE/172.21.160.138:notification-service:9096 - was unable to send heartbeat!
com.netflix.discovery.shared.transport.TransportException: Cannot execute request on any known server
	at com.netflix.discovery.shared.transport.decorator.RetryableEurekaHttpClient.execute(RetryableEurekaHttpClient.java:112)
	at com.netflix.discovery.shared.transport.decorator.EurekaHttpClientDecorator.sendHeartBeat(EurekaHttpClientDecorator.java:89)
	at com.netflix.discovery.shared.transport.decorator.EurekaHttpClientDecorator$3.execute(EurekaHttpClientDecorator.java:92)
	at com.netflix.discovery.shared.transport.decorator.SessionedEurekaHttpClient.execute(SessionedEurekaHttpClient.java:77)
	at com.netflix.discovery.shared.transport.decorator.EurekaHttpClientDecorator.sendHeartBeat(EurekaHttpClientDecorator.java:89)
	at com.netflix.discovery.DiscoveryClient.renew(DiscoveryClient.java:837)
	at com.netflix.discovery.DiscoveryClient$HeartbeatThread.run(DiscoveryClient.java:1401)
	at java.base/java.util.concurrent.Executors$RunnableAdapter.call(Executors.java:572)
	at java.base/java.util.concurrent.FutureTask.run(FutureTask.java:317)
	at java.base/java.util.concurrent.ThreadPoolExecutor.runWorker(ThreadPoolExecutor.java:1144)
	at java.base/java.util.concurrent.ThreadPoolExecutor$Worker.run(ThreadPoolExecutor.java:642)
	at java.base/java.lang.Thread.run(Thread.java:1583)
2026-05-02 22:57:59.911 [DiscoveryClient-InstanceInfoReplicator-0] WARN  c.n.d.s.t.d.RetryableEurekaHttpClient - Request execution failed with message: I/O error on POST request for "http://localhost:8761/eureka/apps/NOTIFICATION-SERVICE": Connect to http://localhost:8761 [localhost/127.0.0.1, localhost/0:0:0:0:0:0:0:1] failed: Connection refused: getsockopt
2026-05-02 22:57:59.913 [DiscoveryClient-InstanceInfoReplicator-0] WARN  c.netflix.discovery.DiscoveryClient - DiscoveryClient_NOTIFICATION-SERVICE/172.21.160.138:notification-service:9096 - registration failed Cannot execute request on any known server
com.netflix.discovery.shared.transport.TransportException: Cannot execute request on any known server
	at com.netflix.discovery.shared.transport.decorator.RetryableEurekaHttpClient.execute(RetryableEurekaHttpClient.java:112)
	at com.netflix.discovery.shared.transport.decorator.EurekaHttpClientDecorator.register(EurekaHttpClientDecorator.java:56)
	at com.netflix.discovery.shared.transport.decorator.EurekaHttpClientDecorator$1.execute(EurekaHttpClientDecorator.java:59)
	at com.netflix.discovery.shared.transport.decorator.SessionedEurekaHttpClient.execute(SessionedEurekaHttpClient.java:77)
	at com.netflix.discovery.shared.transport.decorator.EurekaHttpClientDecorator.register(EurekaHttpClientDecorator.java:56)
	at com.netflix.discovery.DiscoveryClient.register(DiscoveryClient.java:820)
	at com.netflix.discovery.InstanceInfoReplicator.run(InstanceInfoReplicator.java:121)
	at java.base/java.util.concurrent.Executors$RunnableAdapter.call(Executors.java:572)
	at java.base/java.util.concurrent.FutureTask.run(FutureTask.java:317)
	at java.base/java.util.concurrent.ScheduledThreadPoolExecutor$ScheduledFutureTask.run(ScheduledThreadPoolExecutor.java:304)
	at java.base/java.util.concurrent.ThreadPoolExecutor.runWorker(ThreadPoolExecutor.java:1144)
	at java.base/java.util.concurrent.ThreadPoolExecutor$Worker.run(ThreadPoolExecutor.java:642)
	at java.base/java.lang.Thread.run(Thread.java:1583)
2026-05-02 22:57:59.913 [DiscoveryClient-InstanceInfoReplicator-0] WARN  c.n.discovery.InstanceInfoReplicator - There was a problem with the instance info replicator
com.netflix.discovery.shared.transport.TransportException: Cannot execute request on any known server
	at com.netflix.discovery.shared.transport.decorator.RetryableEurekaHttpClient.execute(RetryableEurekaHttpClient.java:112)
	at com.netflix.discovery.shared.transport.decorator.EurekaHttpClientDecorator.register(EurekaHttpClientDecorator.java:56)
	at com.netflix.discovery.shared.transport.decorator.EurekaHttpClientDecorator$1.execute(EurekaHttpClientDecorator.java:59)
	at com.netflix.discovery.shared.transport.decorator.SessionedEurekaHttpClient.execute(SessionedEurekaHttpClient.java:77)
	at com.netflix.discovery.shared.transport.decorator.EurekaHttpClientDecorator.register(EurekaHttpClientDecorator.java:56)
	at com.netflix.discovery.DiscoveryClient.register(DiscoveryClient.java:820)
	at com.netflix.discovery.InstanceInfoReplicator.run(InstanceInfoReplicator.java:121)
	at java.base/java.util.concurrent.Executors$RunnableAdapter.call(Executors.java:572)
	at java.base/java.util.concurrent.FutureTask.run(FutureTask.java:317)
	at java.base/java.util.concurrent.ScheduledThreadPoolExecutor$ScheduledFutureTask.run(ScheduledThreadPoolExecutor.java:304)
	at java.base/java.util.concurrent.ThreadPoolExecutor.runWorker(ThreadPoolExecutor.java:1144)
	at java.base/java.util.concurrent.ThreadPoolExecutor$Worker.run(ThreadPoolExecutor.java:642)
	at java.base/java.lang.Thread.run(Thread.java:1583)
2026-05-02 22:58:30.147 [DiscoveryClient-HeartbeatExecutor-0] WARN  c.n.d.s.t.d.RetryableEurekaHttpClient - Request execution failed with message: I/O error on PUT request for "http://localhost:8761/eureka/apps/NOTIFICATION-SERVICE/172.21.160.138:notification-service:9096": Connect to http://localhost:8761 [localhost/127.0.0.1, localhost/0:0:0:0:0:0:0:1] failed: Connection refused: getsockopt
2026-05-02 22:58:30.147 [DiscoveryClient-InstanceInfoReplicator-0] WARN  c.n.d.s.t.d.RetryableEurekaHttpClient - Request execution failed with message: I/O error on POST request for "http://localhost:8761/eureka/apps/NOTIFICATION-SERVICE": Connect to http://localhost:8761 [localhost/127.0.0.1, localhost/0:0:0:0:0:0:0:1] failed: Connection refused: getsockopt
2026-05-02 22:58:30.168 [DiscoveryClient-HeartbeatExecutor-0] ERROR c.netflix.discovery.DiscoveryClient - DiscoveryClient_NOTIFICATION-SERVICE/172.21.160.138:notification-service:9096 - was unable to send heartbeat!
com.netflix.discovery.shared.transport.TransportException: Cannot execute request on any known server
	at com.netflix.discovery.shared.transport.decorator.RetryableEurekaHttpClient.execute(RetryableEurekaHttpClient.java:112)
	at com.netflix.discovery.shared.transport.decorator.EurekaHttpClientDecorator.sendHeartBeat(EurekaHttpClientDecorator.java:89)
	at com.netflix.discovery.shared.transport.decorator.EurekaHttpClientDecorator$3.execute(EurekaHttpClientDecorator.java:92)
	at com.netflix.discovery.shared.transport.decorator.SessionedEurekaHttpClient.execute(SessionedEurekaHttpClient.java:77)
	at com.netflix.discovery.shared.transport.decorator.EurekaHttpClientDecorator.sendHeartBeat(EurekaHttpClientDecorator.java:89)
	at com.netflix.discovery.DiscoveryClient.renew(DiscoveryClient.java:837)
	at com.netflix.discovery.DiscoveryClient$HeartbeatThread.run(DiscoveryClient.java:1401)
	at java.base/java.util.concurrent.Executors$RunnableAdapter.call(Executors.java:572)
	at java.base/java.util.concurrent.FutureTask.run(FutureTask.java:317)
	at java.base/java.util.concurrent.ThreadPoolExecutor.runWorker(ThreadPoolExecutor.java:1144)
	at java.base/java.util.concurrent.ThreadPoolExecutor$Worker.run(ThreadPoolExecutor.java:642)
	at java.base/java.lang.Thread.run(Thread.java:1583)
2026-05-02 22:58:30.168 [DiscoveryClient-InstanceInfoReplicator-0] WARN  c.netflix.discovery.DiscoveryClient - DiscoveryClient_NOTIFICATION-SERVICE/172.21.160.138:notification-service:9096 - registration failed Cannot execute request on any known server
com.netflix.discovery.shared.transport.TransportException: Cannot execute request on any known server
	at com.netflix.discovery.shared.transport.decorator.RetryableEurekaHttpClient.execute(RetryableEurekaHttpClient.java:112)
	at com.netflix.discovery.shared.transport.decorator.EurekaHttpClientDecorator.register(EurekaHttpClientDecorator.java:56)
	at com.netflix.discovery.shared.transport.decorator.EurekaHttpClientDecorator$1.execute(EurekaHttpClientDecorator.java:59)
	at com.netflix.discovery.shared.transport.decorator.SessionedEurekaHttpClient.execute(SessionedEurekaHttpClient.java:77)
	at com.netflix.discovery.shared.transport.decorator.EurekaHttpClientDecorator.register(EurekaHttpClientDecorator.java:56)
	at com.netflix.discovery.DiscoveryClient.register(DiscoveryClient.java:820)
	at com.netflix.discovery.InstanceInfoReplicator.run(InstanceInfoReplicator.java:121)
	at java.base/java.util.concurrent.Executors$RunnableAdapter.call(Executors.java:572)
	at java.base/java.util.concurrent.FutureTask.run(FutureTask.java:317)
	at java.base/java.util.concurrent.ScheduledThreadPoolExecutor$ScheduledFutureTask.run(ScheduledThreadPoolExecutor.java:304)
	at java.base/java.util.concurrent.ThreadPoolExecutor.runWorker(ThreadPoolExecutor.java:1144)
	at java.base/java.util.concurrent.ThreadPoolExecutor$Worker.run(ThreadPoolExecutor.java:642)
	at java.base/java.lang.Thread.run(Thread.java:1583)
2026-05-02 22:58:30.174 [DiscoveryClient-CacheRefreshExecutor-0] WARN  c.n.d.s.t.d.RetryableEurekaHttpClient - Request execution failed with message: I/O error on GET request for "http://localhost:8761/eureka/apps/": Connect to http://localhost:8761 [localhost/127.0.0.1, localhost/0:0:0:0:0:0:0:1] failed: Connection refused: getsockopt
2026-05-02 22:58:30.187 [DiscoveryClient-InstanceInfoReplicator-0] WARN  c.n.discovery.InstanceInfoReplicator - There was a problem with the instance info replicator
com.netflix.discovery.shared.transport.TransportException: Cannot execute request on any known server
	at com.netflix.discovery.shared.transport.decorator.RetryableEurekaHttpClient.execute(RetryableEurekaHttpClient.java:112)
	at com.netflix.discovery.shared.transport.decorator.EurekaHttpClientDecorator.register(EurekaHttpClientDecorator.java:56)
	at com.netflix.discovery.shared.transport.decorator.EurekaHttpClientDecorator$1.execute(EurekaHttpClientDecorator.java:59)
	at com.netflix.discovery.shared.transport.decorator.SessionedEurekaHttpClient.execute(SessionedEurekaHttpClient.java:77)
	at com.netflix.discovery.shared.transport.decorator.EurekaHttpClientDecorator.register(EurekaHttpClientDecorator.java:56)
	at com.netflix.discovery.DiscoveryClient.register(DiscoveryClient.java:820)
	at com.netflix.discovery.InstanceInfoReplicator.run(InstanceInfoReplicator.java:121)
	at java.base/java.util.concurrent.Executors$RunnableAdapter.call(Executors.java:572)
	at java.base/java.util.concurrent.FutureTask.run(FutureTask.java:317)
	at java.base/java.util.concurrent.ScheduledThreadPoolExecutor$ScheduledFutureTask.run(ScheduledThreadPoolExecutor.java:304)
	at java.base/java.util.concurrent.ThreadPoolExecutor.runWorker(ThreadPoolExecutor.java:1144)
	at java.base/java.util.concurrent.ThreadPoolExecutor$Worker.run(ThreadPoolExecutor.java:642)
	at java.base/java.lang.Thread.run(Thread.java:1583)
2026-05-02 22:59:00.230 [DiscoveryClient-HeartbeatExecutor-0] WARN  c.n.d.s.t.d.RetryableEurekaHttpClient - Request execution failed with message: I/O error on PUT request for "http://localhost:8761/eureka/apps/NOTIFICATION-SERVICE/172.21.160.138:notification-service:9096": Connect to http://localhost:8761 [localhost/127.0.0.1, localhost/0:0:0:0:0:0:0:1] failed: Connection refused: getsockopt
2026-05-02 22:59:00.230 [DiscoveryClient-HeartbeatExecutor-0] ERROR c.netflix.discovery.DiscoveryClient - DiscoveryClient_NOTIFICATION-SERVICE/172.21.160.138:notification-service:9096 - was unable to send heartbeat!
com.netflix.discovery.shared.transport.TransportException: Cannot execute request on any known server
	at com.netflix.discovery.shared.transport.decorator.RetryableEurekaHttpClient.execute(RetryableEurekaHttpClient.java:112)
	at com.netflix.discovery.shared.transport.decorator.EurekaHttpClientDecorator.sendHeartBeat(EurekaHttpClientDecorator.java:89)
	at com.netflix.discovery.shared.transport.decorator.EurekaHttpClientDecorator$3.execute(EurekaHttpClientDecorator.java:92)
	at com.netflix.discovery.shared.transport.decorator.SessionedEurekaHttpClient.execute(SessionedEurekaHttpClient.java:77)
	at com.netflix.discovery.shared.transport.decorator.EurekaHttpClientDecorator.sendHeartBeat(EurekaHttpClientDecorator.java:89)
	at com.netflix.discovery.DiscoveryClient.renew(DiscoveryClient.java:837)
	at com.netflix.discovery.DiscoveryClient$HeartbeatThread.run(DiscoveryClient.java:1401)
	at java.base/java.util.concurrent.Executors$RunnableAdapter.call(Executors.java:572)
	at java.base/java.util.concurrent.FutureTask.run(FutureTask.java:317)
	at java.base/java.util.concurrent.ThreadPoolExecutor.runWorker(ThreadPoolExecutor.java:1144)
	at java.base/java.util.concurrent.ThreadPoolExecutor$Worker.run(ThreadPoolExecutor.java:642)
	at java.base/java.lang.Thread.run(Thread.java:1583)
2026-05-02 22:59:00.266 [DiscoveryClient-InstanceInfoReplicator-0] WARN  c.n.d.s.t.d.RetryableEurekaHttpClient - Request execution failed with message: I/O error on POST request for "http://localhost:8761/eureka/apps/NOTIFICATION-SERVICE": Connect to http://localhost:8761 [localhost/127.0.0.1, localhost/0:0:0:0:0:0:0:1] failed: Connection refused: getsockopt
2026-05-02 22:59:00.268 [DiscoveryClient-InstanceInfoReplicator-0] WARN  c.netflix.discovery.DiscoveryClient - DiscoveryClient_NOTIFICATION-SERVICE/172.21.160.138:notification-service:9096 - registration failed Cannot execute request on any known server
com.netflix.discovery.shared.transport.TransportException: Cannot execute request on any known server
	at com.netflix.discovery.shared.transport.decorator.RetryableEurekaHttpClient.execute(RetryableEurekaHttpClient.java:112)
	at com.netflix.discovery.shared.transport.decorator.EurekaHttpClientDecorator.register(EurekaHttpClientDecorator.java:56)
	at com.netflix.discovery.shared.transport.decorator.EurekaHttpClientDecorator$1.execute(EurekaHttpClientDecorator.java:59)
	at com.netflix.discovery.shared.transport.decorator.SessionedEurekaHttpClient.execute(SessionedEurekaHttpClient.java:77)
	at com.netflix.discovery.shared.transport.decorator.EurekaHttpClientDecorator.register(EurekaHttpClientDecorator.java:56)
	at com.netflix.discovery.DiscoveryClient.register(DiscoveryClient.java:820)
	at com.netflix.discovery.InstanceInfoReplicator.run(InstanceInfoReplicator.java:121)
	at java.base/java.util.concurrent.Executors$RunnableAdapter.call(Executors.java:572)
	at java.base/java.util.concurrent.FutureTask.run(FutureTask.java:317)
	at java.base/java.util.concurrent.ScheduledThreadPoolExecutor$ScheduledFutureTask.run(ScheduledThreadPoolExecutor.java:304)
	at java.base/java.util.concurrent.ThreadPoolExecutor.runWorker(ThreadPoolExecutor.java:1144)
	at java.base/java.util.concurrent.ThreadPoolExecutor$Worker.run(ThreadPoolExecutor.java:642)
	at java.base/java.lang.Thread.run(Thread.java:1583)
2026-05-02 22:59:00.268 [DiscoveryClient-InstanceInfoReplicator-0] WARN  c.n.discovery.InstanceInfoReplicator - There was a problem with the instance info replicator
com.netflix.discovery.shared.transport.TransportException: Cannot execute request on any known server
	at com.netflix.discovery.shared.transport.decorator.RetryableEurekaHttpClient.execute(RetryableEurekaHttpClient.java:112)
	at com.netflix.discovery.shared.transport.decorator.EurekaHttpClientDecorator.register(EurekaHttpClientDecorator.java:56)
	at com.netflix.discovery.shared.transport.decorator.EurekaHttpClientDecorator$1.execute(EurekaHttpClientDecorator.java:59)
	at com.netflix.discovery.shared.transport.decorator.SessionedEurekaHttpClient.execute(SessionedEurekaHttpClient.java:77)
	at com.netflix.discovery.shared.transport.decorator.EurekaHttpClientDecorator.register(EurekaHttpClientDecorator.java:56)
	at com.netflix.discovery.DiscoveryClient.register(DiscoveryClient.java:820)
	at com.netflix.discovery.InstanceInfoReplicator.run(InstanceInfoReplicator.java:121)
	at java.base/java.util.concurrent.Executors$RunnableAdapter.call(Executors.java:572)
	at java.base/java.util.concurrent.FutureTask.run(FutureTask.java:317)
	at java.base/java.util.concurrent.ScheduledThreadPoolExecutor$ScheduledFutureTask.run(ScheduledThreadPoolExecutor.java:304)
	at java.base/java.util.concurrent.ThreadPoolExecutor.runWorker(ThreadPoolExecutor.java:1144)
	at java.base/java.util.concurrent.ThreadPoolExecutor$Worker.run(ThreadPoolExecutor.java:642)
	at java.base/java.lang.Thread.run(Thread.java:1583)
2026-05-02 22:59:00.279 [DiscoveryClient-CacheRefreshExecutor-0] WARN  c.n.d.s.t.d.RetryableEurekaHttpClient - Request execution failed with message: I/O error on GET request for "http://localhost:8761/eureka/apps/": Connect to http://localhost:8761 [localhost/127.0.0.1, localhost/0:0:0:0:0:0:0:1] failed: Connection refused: getsockopt
2026-05-02 22:59:30.276 [DiscoveryClient-HeartbeatExecutor-0] WARN  c.n.d.s.t.d.RetryableEurekaHttpClient - Request execution failed with message: I/O error on PUT request for "http://localhost:8761/eureka/apps/NOTIFICATION-SERVICE/172.21.160.138:notification-service:9096": Connect to http://localhost:8761 [localhost/127.0.0.1, localhost/0:0:0:0:0:0:0:1] failed: Connection refused: getsockopt
2026-05-02 22:59:30.277 [DiscoveryClient-HeartbeatExecutor-0] ERROR c.netflix.discovery.DiscoveryClient - DiscoveryClient_NOTIFICATION-SERVICE/172.21.160.138:notification-service:9096 - was unable to send heartbeat!
com.netflix.discovery.shared.transport.TransportException: Cannot execute request on any known server
	at com.netflix.discovery.shared.transport.decorator.RetryableEurekaHttpClient.execute(RetryableEurekaHttpClient.java:112)
	at com.netflix.discovery.shared.transport.decorator.EurekaHttpClientDecorator.sendHeartBeat(EurekaHttpClientDecorator.java:89)
	at com.netflix.discovery.shared.transport.decorator.EurekaHttpClientDecorator$3.execute(EurekaHttpClientDecorator.java:92)
	at com.netflix.discovery.shared.transport.decorator.SessionedEurekaHttpClient.execute(SessionedEurekaHttpClient.java:77)
	at com.netflix.discovery.shared.transport.decorator.EurekaHttpClientDecorator.sendHeartBeat(EurekaHttpClientDecorator.java:89)
	at com.netflix.discovery.DiscoveryClient.renew(DiscoveryClient.java:837)
	at com.netflix.discovery.DiscoveryClient$HeartbeatThread.run(DiscoveryClient.java:1401)
	at java.base/java.util.concurrent.Executors$RunnableAdapter.call(Executors.java:572)
	at java.base/java.util.concurrent.FutureTask.run(FutureTask.java:317)
	at java.base/java.util.concurrent.ThreadPoolExecutor.runWorker(ThreadPoolExecutor.java:1144)
	at java.base/java.util.concurrent.ThreadPoolExecutor$Worker.run(ThreadPoolExecutor.java:642)
	at java.base/java.lang.Thread.run(Thread.java:1583)
2026-05-02 22:59:30.319 [DiscoveryClient-InstanceInfoReplicator-0] WARN  c.n.d.s.t.d.RetryableEurekaHttpClient - Request execution failed with message: I/O error on POST request for "http://localhost:8761/eureka/apps/NOTIFICATION-SERVICE": Connect to http://localhost:8761 [localhost/127.0.0.1, localhost/0:0:0:0:0:0:0:1] failed: Connection refused: getsockopt
2026-05-02 22:59:30.319 [DiscoveryClient-InstanceInfoReplicator-0] WARN  c.netflix.discovery.DiscoveryClient - DiscoveryClient_NOTIFICATION-SERVICE/172.21.160.138:notification-service:9096 - registration failed Cannot execute request on any known server
com.netflix.discovery.shared.transport.TransportException: Cannot execute request on any known server
	at com.netflix.discovery.shared.transport.decorator.RetryableEurekaHttpClient.execute(RetryableEurekaHttpClient.java:112)
	at com.netflix.discovery.shared.transport.decorator.EurekaHttpClientDecorator.register(EurekaHttpClientDecorator.java:56)
	at com.netflix.discovery.shared.transport.decorator.EurekaHttpClientDecorator$1.execute(EurekaHttpClientDecorator.java:59)
	at com.netflix.discovery.shared.transport.decorator.SessionedEurekaHttpClient.execute(SessionedEurekaHttpClient.java:77)
	at com.netflix.discovery.shared.transport.decorator.EurekaHttpClientDecorator.register(EurekaHttpClientDecorator.java:56)
	at com.netflix.discovery.DiscoveryClient.register(DiscoveryClient.java:820)
	at com.netflix.discovery.InstanceInfoReplicator.run(InstanceInfoReplicator.java:121)
	at java.base/java.util.concurrent.Executors$RunnableAdapter.call(Executors.java:572)
	at java.base/java.util.concurrent.FutureTask.run(FutureTask.java:317)
	at java.base/java.util.concurrent.ScheduledThreadPoolExecutor$ScheduledFutureTask.run(ScheduledThreadPoolExecutor.java:304)
	at java.base/java.util.concurrent.ThreadPoolExecutor.runWorker(ThreadPoolExecutor.java:1144)
	at java.base/java.util.concurrent.ThreadPoolExecutor$Worker.run(ThreadPoolExecutor.java:642)
	at java.base/java.lang.Thread.run(Thread.java:1583)
2026-05-02 22:59:30.319 [DiscoveryClient-InstanceInfoReplicator-0] WARN  c.n.discovery.InstanceInfoReplicator - There was a problem with the instance info replicator
com.netflix.discovery.shared.transport.TransportException: Cannot execute request on any known server
	at com.netflix.discovery.shared.transport.decorator.RetryableEurekaHttpClient.execute(RetryableEurekaHttpClient.java:112)
	at com.netflix.discovery.shared.transport.decorator.EurekaHttpClientDecorator.register(EurekaHttpClientDecorator.java:56)
	at com.netflix.discovery.shared.transport.decorator.EurekaHttpClientDecorator$1.execute(EurekaHttpClientDecorator.java:59)
	at com.netflix.discovery.shared.transport.decorator.SessionedEurekaHttpClient.execute(SessionedEurekaHttpClient.java:77)
	at com.netflix.discovery.shared.transport.decorator.EurekaHttpClientDecorator.register(EurekaHttpClientDecorator.java:56)
	at com.netflix.discovery.DiscoveryClient.register(DiscoveryClient.java:820)
	at com.netflix.discovery.InstanceInfoReplicator.run(InstanceInfoReplicator.java:121)
	at java.base/java.util.concurrent.Executors$RunnableAdapter.call(Executors.java:572)
	at java.base/java.util.concurrent.FutureTask.run(FutureTask.java:317)
	at java.base/java.util.concurrent.ScheduledThreadPoolExecutor$ScheduledFutureTask.run(ScheduledThreadPoolExecutor.java:304)
	at java.base/java.util.concurrent.ThreadPoolExecutor.runWorker(ThreadPoolExecutor.java:1144)
	at java.base/java.util.concurrent.ThreadPoolExecutor$Worker.run(ThreadPoolExecutor.java:642)
	at java.base/java.lang.Thread.run(Thread.java:1583)
2026-05-02 22:59:30.366 [DiscoveryClient-CacheRefreshExecutor-0] WARN  c.n.d.s.t.d.RetryableEurekaHttpClient - Request execution failed with message: I/O error on GET request for "http://localhost:8761/eureka/apps/": Connect to http://localhost:8761 [localhost/127.0.0.1, localhost/0:0:0:0:0:0:0:1] failed: Connection refused: getsockopt
2026-05-02 23:00:00.329 [DiscoveryClient-HeartbeatExecutor-0] WARN  c.n.d.s.t.d.RetryableEurekaHttpClient - Request execution failed with message: I/O error on PUT request for "http://localhost:8761/eureka/apps/NOTIFICATION-SERVICE/172.21.160.138:notification-service:9096": Connect to http://localhost:8761 [localhost/127.0.0.1, localhost/0:0:0:0:0:0:0:1] failed: Connection refused: getsockopt
2026-05-02 23:00:00.329 [DiscoveryClient-HeartbeatExecutor-0] ERROR c.netflix.discovery.DiscoveryClient - DiscoveryClient_NOTIFICATION-SERVICE/172.21.160.138:notification-service:9096 - was unable to send heartbeat!
com.netflix.discovery.shared.transport.TransportException: Cannot execute request on any known server
	at com.netflix.discovery.shared.transport.decorator.RetryableEurekaHttpClient.execute(RetryableEurekaHttpClient.java:112)
	at com.netflix.discovery.shared.transport.decorator.EurekaHttpClientDecorator.sendHeartBeat(EurekaHttpClientDecorator.java:89)
	at com.netflix.discovery.shared.transport.decorator.EurekaHttpClientDecorator$3.execute(EurekaHttpClientDecorator.java:92)
	at com.netflix.discovery.shared.transport.decorator.SessionedEurekaHttpClient.execute(SessionedEurekaHttpClient.java:77)
	at com.netflix.discovery.shared.transport.decorator.EurekaHttpClientDecorator.sendHeartBeat(EurekaHttpClientDecorator.java:89)
	at com.netflix.discovery.DiscoveryClient.renew(DiscoveryClient.java:837)
	at com.netflix.discovery.DiscoveryClient$HeartbeatThread.run(DiscoveryClient.java:1401)
	at java.base/java.util.concurrent.Executors$RunnableAdapter.call(Executors.java:572)
	at java.base/java.util.concurrent.FutureTask.run(FutureTask.java:317)
	at java.base/java.util.concurrent.ThreadPoolExecutor.runWorker(ThreadPoolExecutor.java:1144)
	at java.base/java.util.concurrent.ThreadPoolExecutor$Worker.run(ThreadPoolExecutor.java:642)
	at java.base/java.lang.Thread.run(Thread.java:1583)
2026-05-02 23:00:00.340 [DiscoveryClient-InstanceInfoReplicator-0] WARN  c.n.d.s.t.d.RetryableEurekaHttpClient - Request execution failed with message: I/O error on POST request for "http://localhost:8761/eureka/apps/NOTIFICATION-SERVICE": Connect to http://localhost:8761 [localhost/127.0.0.1, localhost/0:0:0:0:0:0:0:1] failed: Connection refused: getsockopt
2026-05-02 23:00:00.340 [DiscoveryClient-InstanceInfoReplicator-0] WARN  c.netflix.discovery.DiscoveryClient - DiscoveryClient_NOTIFICATION-SERVICE/172.21.160.138:notification-service:9096 - registration failed Cannot execute request on any known server
com.netflix.discovery.shared.transport.TransportException: Cannot execute request on any known server
	at com.netflix.discovery.shared.transport.decorator.RetryableEurekaHttpClient.execute(RetryableEurekaHttpClient.java:112)
	at com.netflix.discovery.shared.transport.decorator.EurekaHttpClientDecorator.register(EurekaHttpClientDecorator.java:56)
	at com.netflix.discovery.shared.transport.decorator.EurekaHttpClientDecorator$1.execute(EurekaHttpClientDecorator.java:59)
	at com.netflix.discovery.shared.transport.decorator.SessionedEurekaHttpClient.execute(SessionedEurekaHttpClient.java:77)
	at com.netflix.discovery.shared.transport.decorator.EurekaHttpClientDecorator.register(EurekaHttpClientDecorator.java:56)
	at com.netflix.discovery.DiscoveryClient.register(DiscoveryClient.java:820)
	at com.netflix.discovery.InstanceInfoReplicator.run(InstanceInfoReplicator.java:121)
	at java.base/java.util.concurrent.Executors$RunnableAdapter.call(Executors.java:572)
	at java.base/java.util.concurrent.FutureTask.run(FutureTask.java:317)
	at java.base/java.util.concurrent.ScheduledThreadPoolExecutor$ScheduledFutureTask.run(ScheduledThreadPoolExecutor.java:304)
	at java.base/java.util.concurrent.ThreadPoolExecutor.runWorker(ThreadPoolExecutor.java:1144)
	at java.base/java.util.concurrent.ThreadPoolExecutor$Worker.run(ThreadPoolExecutor.java:642)
	at java.base/java.lang.Thread.run(Thread.java:1583)
2026-05-02 23:00:00.342 [DiscoveryClient-InstanceInfoReplicator-0] WARN  c.n.discovery.InstanceInfoReplicator - There was a problem with the instance info replicator
com.netflix.discovery.shared.transport.TransportException: Cannot execute request on any known server
	at com.netflix.discovery.shared.transport.decorator.RetryableEurekaHttpClient.execute(RetryableEurekaHttpClient.java:112)
	at com.netflix.discovery.shared.transport.decorator.EurekaHttpClientDecorator.register(EurekaHttpClientDecorator.java:56)
	at com.netflix.discovery.shared.transport.decorator.EurekaHttpClientDecorator$1.execute(EurekaHttpClientDecorator.java:59)
	at com.netflix.discovery.shared.transport.decorator.SessionedEurekaHttpClient.execute(SessionedEurekaHttpClient.java:77)
	at com.netflix.discovery.shared.transport.decorator.EurekaHttpClientDecorator.register(EurekaHttpClientDecorator.java:56)
	at com.netflix.discovery.DiscoveryClient.register(DiscoveryClient.java:820)
	at com.netflix.discovery.InstanceInfoReplicator.run(InstanceInfoReplicator.java:121)
	at java.base/java.util.concurrent.Executors$RunnableAdapter.call(Executors.java:572)
	at java.base/java.util.concurrent.FutureTask.run(FutureTask.java:317)
	at java.base/java.util.concurrent.ScheduledThreadPoolExecutor$ScheduledFutureTask.run(ScheduledThreadPoolExecutor.java:304)
	at java.base/java.util.concurrent.ThreadPoolExecutor.runWorker(ThreadPoolExecutor.java:1144)
	at java.base/java.util.concurrent.ThreadPoolExecutor$Worker.run(ThreadPoolExecutor.java:642)
	at java.base/java.lang.Thread.run(Thread.java:1583)
2026-05-02 23:00:00.392 [DiscoveryClient-CacheRefreshExecutor-0] WARN  c.n.d.s.t.d.RetryableEurekaHttpClient - Request execution failed with message: I/O error on GET request for "http://localhost:8761/eureka/apps/": Connect to http://localhost:8761 [localhost/127.0.0.1, localhost/0:0:0:0:0:0:0:1] failed: Connection refused: getsockopt
2026-05-02 23:00:30.371 [DiscoveryClient-InstanceInfoReplicator-0] WARN  c.n.d.s.t.d.RetryableEurekaHttpClient - Request execution failed with message: I/O error on POST request for "http://localhost:8761/eureka/apps/NOTIFICATION-SERVICE": Connect to http://localhost:8761 [localhost/127.0.0.1, localhost/0:0:0:0:0:0:0:1] failed: Connection refused: getsockopt
2026-05-02 23:00:30.371 [DiscoveryClient-InstanceInfoReplicator-0] WARN  c.netflix.discovery.DiscoveryClient - DiscoveryClient_NOTIFICATION-SERVICE/172.21.160.138:notification-service:9096 - registration failed Cannot execute request on any known server
com.netflix.discovery.shared.transport.TransportException: Cannot execute request on any known server
	at com.netflix.discovery.shared.transport.decorator.RetryableEurekaHttpClient.execute(RetryableEurekaHttpClient.java:112)
	at com.netflix.discovery.shared.transport.decorator.EurekaHttpClientDecorator.register(EurekaHttpClientDecorator.java:56)
	at com.netflix.discovery.shared.transport.decorator.EurekaHttpClientDecorator$1.execute(EurekaHttpClientDecorator.java:59)
	at com.netflix.discovery.shared.transport.decorator.SessionedEurekaHttpClient.execute(SessionedEurekaHttpClient.java:77)
	at com.netflix.discovery.shared.transport.decorator.EurekaHttpClientDecorator.register(EurekaHttpClientDecorator.java:56)
	at com.netflix.discovery.DiscoveryClient.register(DiscoveryClient.java:820)
	at com.netflix.discovery.InstanceInfoReplicator.run(InstanceInfoReplicator.java:121)
	at java.base/java.util.concurrent.Executors$RunnableAdapter.call(Executors.java:572)
	at java.base/java.util.concurrent.FutureTask.run(FutureTask.java:317)
	at java.base/java.util.concurrent.ScheduledThreadPoolExecutor$ScheduledFutureTask.run(ScheduledThreadPoolExecutor.java:304)
	at java.base/java.util.concurrent.ThreadPoolExecutor.runWorker(ThreadPoolExecutor.java:1144)
	at java.base/java.util.concurrent.ThreadPoolExecutor$Worker.run(ThreadPoolExecutor.java:642)
	at java.base/java.lang.Thread.run(Thread.java:1583)
2026-05-02 23:00:30.371 [DiscoveryClient-InstanceInfoReplicator-0] WARN  c.n.discovery.InstanceInfoReplicator - There was a problem with the instance info replicator
com.netflix.discovery.shared.transport.TransportException: Cannot execute request on any known server
	at com.netflix.discovery.shared.transport.decorator.RetryableEurekaHttpClient.execute(RetryableEurekaHttpClient.java:112)
	at com.netflix.discovery.shared.transport.decorator.EurekaHttpClientDecorator.register(EurekaHttpClientDecorator.java:56)
	at com.netflix.discovery.shared.transport.decorator.EurekaHttpClientDecorator$1.execute(EurekaHttpClientDecorator.java:59)
	at com.netflix.discovery.shared.transport.decorator.SessionedEurekaHttpClient.execute(SessionedEurekaHttpClient.java:77)
	at com.netflix.discovery.shared.transport.decorator.EurekaHttpClientDecorator.register(EurekaHttpClientDecorator.java:56)
	at com.netflix.discovery.DiscoveryClient.register(DiscoveryClient.java:820)
	at com.netflix.discovery.InstanceInfoReplicator.run(InstanceInfoReplicator.java:121)
	at java.base/java.util.concurrent.Executors$RunnableAdapter.call(Executors.java:572)
	at java.base/java.util.concurrent.FutureTask.run(FutureTask.java:317)
	at java.base/java.util.concurrent.ScheduledThreadPoolExecutor$ScheduledFutureTask.run(ScheduledThreadPoolExecutor.java:304)
	at java.base/java.util.concurrent.ThreadPoolExecutor.runWorker(ThreadPoolExecutor.java:1144)
	at java.base/java.util.concurrent.ThreadPoolExecutor$Worker.run(ThreadPoolExecutor.java:642)
	at java.base/java.lang.Thread.run(Thread.java:1583)
2026-05-02 23:00:30.383 [DiscoveryClient-HeartbeatExecutor-0] WARN  c.n.d.s.t.d.RetryableEurekaHttpClient - Request execution failed with message: I/O error on PUT request for "http://localhost:8761/eureka/apps/NOTIFICATION-SERVICE/172.21.160.138:notification-service:9096": Connect to http://localhost:8761 [localhost/127.0.0.1, localhost/0:0:0:0:0:0:0:1] failed: Connection refused: getsockopt
2026-05-02 23:00:30.383 [DiscoveryClient-HeartbeatExecutor-0] ERROR c.netflix.discovery.DiscoveryClient - DiscoveryClient_NOTIFICATION-SERVICE/172.21.160.138:notification-service:9096 - was unable to send heartbeat!
com.netflix.discovery.shared.transport.TransportException: Cannot execute request on any known server
	at com.netflix.discovery.shared.transport.decorator.RetryableEurekaHttpClient.execute(RetryableEurekaHttpClient.java:112)
	at com.netflix.discovery.shared.transport.decorator.EurekaHttpClientDecorator.sendHeartBeat(EurekaHttpClientDecorator.java:89)
	at com.netflix.discovery.shared.transport.decorator.EurekaHttpClientDecorator$3.execute(EurekaHttpClientDecorator.java:92)
	at com.netflix.discovery.shared.transport.decorator.SessionedEurekaHttpClient.execute(SessionedEurekaHttpClient.java:77)
	at com.netflix.discovery.shared.transport.decorator.EurekaHttpClientDecorator.sendHeartBeat(EurekaHttpClientDecorator.java:89)
	at com.netflix.discovery.DiscoveryClient.renew(DiscoveryClient.java:837)
	at com.netflix.discovery.DiscoveryClient$HeartbeatThread.run(DiscoveryClient.java:1401)
	at java.base/java.util.concurrent.Executors$RunnableAdapter.call(Executors.java:572)
	at java.base/java.util.concurrent.FutureTask.run(FutureTask.java:317)
	at java.base/java.util.concurrent.ThreadPoolExecutor.runWorker(ThreadPoolExecutor.java:1144)
	at java.base/java.util.concurrent.ThreadPoolExecutor$Worker.run(ThreadPoolExecutor.java:642)
	at java.base/java.lang.Thread.run(Thread.java:1583)
2026-05-02 23:00:30.436 [DiscoveryClient-CacheRefreshExecutor-0] WARN  c.n.d.s.t.d.RetryableEurekaHttpClient - Request execution failed with message: I/O error on GET request for "http://localhost:8761/eureka/apps/": Connect to http://localhost:8761 [localhost/127.0.0.1, localhost/0:0:0:0:0:0:0:1] failed: Connection refused: getsockopt
2026-05-02 23:01:00.421 [DiscoveryClient-HeartbeatExecutor-0] WARN  c.n.d.s.t.d.RetryableEurekaHttpClient - Request execution failed with message: I/O error on PUT request for "http://localhost:8761/eureka/apps/NOTIFICATION-SERVICE/172.21.160.138:notification-service:9096": Connect to http://localhost:8761 [localhost/127.0.0.1, localhost/0:0:0:0:0:0:0:1] failed: Connection refused: getsockopt
2026-05-02 23:01:00.421 [DiscoveryClient-HeartbeatExecutor-0] ERROR c.netflix.discovery.DiscoveryClient - DiscoveryClient_NOTIFICATION-SERVICE/172.21.160.138:notification-service:9096 - was unable to send heartbeat!
com.netflix.discovery.shared.transport.TransportException: Cannot execute request on any known server
	at com.netflix.discovery.shared.transport.decorator.RetryableEurekaHttpClient.execute(RetryableEurekaHttpClient.java:112)
	at com.netflix.discovery.shared.transport.decorator.EurekaHttpClientDecorator.sendHeartBeat(EurekaHttpClientDecorator.java:89)
	at com.netflix.discovery.shared.transport.decorator.EurekaHttpClientDecorator$3.execute(EurekaHttpClientDecorator.java:92)
	at com.netflix.discovery.shared.transport.decorator.SessionedEurekaHttpClient.execute(SessionedEurekaHttpClient.java:77)
	at com.netflix.discovery.shared.transport.decorator.EurekaHttpClientDecorator.sendHeartBeat(EurekaHttpClientDecorator.java:89)
	at com.netflix.discovery.DiscoveryClient.renew(DiscoveryClient.java:837)
	at com.netflix.discovery.DiscoveryClient$HeartbeatThread.run(DiscoveryClient.java:1401)
	at java.base/java.util.concurrent.Executors$RunnableAdapter.call(Executors.java:572)
	at java.base/java.util.concurrent.FutureTask.run(FutureTask.java:317)
	at java.base/java.util.concurrent.ThreadPoolExecutor.runWorker(ThreadPoolExecutor.java:1144)
	at java.base/java.util.concurrent.ThreadPoolExecutor$Worker.run(ThreadPoolExecutor.java:642)
	at java.base/java.lang.Thread.run(Thread.java:1583)
2026-05-02 23:01:00.429 [DiscoveryClient-InstanceInfoReplicator-0] WARN  c.n.d.s.t.d.RetryableEurekaHttpClient - Request execution failed with message: I/O error on POST request for "http://localhost:8761/eureka/apps/NOTIFICATION-SERVICE": Connect to http://localhost:8761 [localhost/127.0.0.1, localhost/0:0:0:0:0:0:0:1] failed: Connection refused: getsockopt
2026-05-02 23:01:00.429 [DiscoveryClient-InstanceInfoReplicator-0] WARN  c.netflix.discovery.DiscoveryClient - DiscoveryClient_NOTIFICATION-SERVICE/172.21.160.138:notification-service:9096 - registration failed Cannot execute request on any known server
com.netflix.discovery.shared.transport.TransportException: Cannot execute request on any known server
	at com.netflix.discovery.shared.transport.decorator.RetryableEurekaHttpClient.execute(RetryableEurekaHttpClient.java:112)
	at com.netflix.discovery.shared.transport.decorator.EurekaHttpClientDecorator.register(EurekaHttpClientDecorator.java:56)
	at com.netflix.discovery.shared.transport.decorator.EurekaHttpClientDecorator$1.execute(EurekaHttpClientDecorator.java:59)
	at com.netflix.discovery.shared.transport.decorator.SessionedEurekaHttpClient.execute(SessionedEurekaHttpClient.java:77)
	at com.netflix.discovery.shared.transport.decorator.EurekaHttpClientDecorator.register(EurekaHttpClientDecorator.java:56)
	at com.netflix.discovery.DiscoveryClient.register(DiscoveryClient.java:820)
	at com.netflix.discovery.InstanceInfoReplicator.run(InstanceInfoReplicator.java:121)
	at java.base/java.util.concurrent.Executors$RunnableAdapter.call(Executors.java:572)
	at java.base/java.util.concurrent.FutureTask.run(FutureTask.java:317)
	at java.base/java.util.concurrent.ScheduledThreadPoolExecutor$ScheduledFutureTask.run(ScheduledThreadPoolExecutor.java:304)
	at java.base/java.util.concurrent.ThreadPoolExecutor.runWorker(ThreadPoolExecutor.java:1144)
	at java.base/java.util.concurrent.ThreadPoolExecutor$Worker.run(ThreadPoolExecutor.java:642)
	at java.base/java.lang.Thread.run(Thread.java:1583)
2026-05-02 23:01:00.430 [DiscoveryClient-InstanceInfoReplicator-0] WARN  c.n.discovery.InstanceInfoReplicator - There was a problem with the instance info replicator
com.netflix.discovery.shared.transport.TransportException: Cannot execute request on any known server
	at com.netflix.discovery.shared.transport.decorator.RetryableEurekaHttpClient.execute(RetryableEurekaHttpClient.java:112)
	at com.netflix.discovery.shared.transport.decorator.EurekaHttpClientDecorator.register(EurekaHttpClientDecorator.java:56)
	at com.netflix.discovery.shared.transport.decorator.EurekaHttpClientDecorator$1.execute(EurekaHttpClientDecorator.java:59)
	at com.netflix.discovery.shared.transport.decorator.SessionedEurekaHttpClient.execute(SessionedEurekaHttpClient.java:77)
	at com.netflix.discovery.shared.transport.decorator.EurekaHttpClientDecorator.register(EurekaHttpClientDecorator.java:56)
	at com.netflix.discovery.DiscoveryClient.register(DiscoveryClient.java:820)
	at com.netflix.discovery.InstanceInfoReplicator.run(InstanceInfoReplicator.java:121)
	at java.base/java.util.concurrent.Executors$RunnableAdapter.call(Executors.java:572)
	at java.base/java.util.concurrent.FutureTask.run(FutureTask.java:317)
	at java.base/java.util.concurrent.ScheduledThreadPoolExecutor$ScheduledFutureTask.run(ScheduledThreadPoolExecutor.java:304)
	at java.base/java.util.concurrent.ThreadPoolExecutor.runWorker(ThreadPoolExecutor.java:1144)
	at java.base/java.util.concurrent.ThreadPoolExecutor$Worker.run(ThreadPoolExecutor.java:642)
	at java.base/java.lang.Thread.run(Thread.java:1583)
2026-05-02 23:01:00.490 [DiscoveryClient-CacheRefreshExecutor-0] WARN  c.n.d.s.t.d.RetryableEurekaHttpClient - Request execution failed with message: I/O error on GET request for "http://localhost:8761/eureka/apps/": Connect to http://localhost:8761 [localhost/127.0.0.1, localhost/0:0:0:0:0:0:0:1] failed: Connection refused: getsockopt
2026-05-02 23:01:30.451 [DiscoveryClient-HeartbeatExecutor-0] WARN  c.n.d.s.t.d.RetryableEurekaHttpClient - Request execution failed with message: I/O error on PUT request for "http://localhost:8761/eureka/apps/NOTIFICATION-SERVICE/172.21.160.138:notification-service:9096": Connect to http://localhost:8761 [localhost/127.0.0.1, localhost/0:0:0:0:0:0:0:1] failed: Connection refused: getsockopt
2026-05-02 23:01:30.452 [DiscoveryClient-HeartbeatExecutor-0] ERROR c.netflix.discovery.DiscoveryClient - DiscoveryClient_NOTIFICATION-SERVICE/172.21.160.138:notification-service:9096 - was unable to send heartbeat!
com.netflix.discovery.shared.transport.TransportException: Cannot execute request on any known server
	at com.netflix.discovery.shared.transport.decorator.RetryableEurekaHttpClient.execute(RetryableEurekaHttpClient.java:112)
	at com.netflix.discovery.shared.transport.decorator.EurekaHttpClientDecorator.sendHeartBeat(EurekaHttpClientDecorator.java:89)
	at com.netflix.discovery.shared.transport.decorator.EurekaHttpClientDecorator$3.execute(EurekaHttpClientDecorator.java:92)
	at com.netflix.discovery.shared.transport.decorator.SessionedEurekaHttpClient.execute(SessionedEurekaHttpClient.java:77)
	at com.netflix.discovery.shared.transport.decorator.EurekaHttpClientDecorator.sendHeartBeat(EurekaHttpClientDecorator.java:89)
	at com.netflix.discovery.DiscoveryClient.renew(DiscoveryClient.java:837)
	at com.netflix.discovery.DiscoveryClient$HeartbeatThread.run(DiscoveryClient.java:1401)
	at java.base/java.util.concurrent.Executors$RunnableAdapter.call(Executors.java:572)
	at java.base/java.util.concurrent.FutureTask.run(FutureTask.java:317)
	at java.base/java.util.concurrent.ThreadPoolExecutor.runWorker(ThreadPoolExecutor.java:1144)
	at java.base/java.util.concurrent.ThreadPoolExecutor$Worker.run(ThreadPoolExecutor.java:642)
	at java.base/java.lang.Thread.run(Thread.java:1583)
2026-05-02 23:01:30.465 [DiscoveryClient-InstanceInfoReplicator-0] WARN  c.n.d.s.t.d.RetryableEurekaHttpClient - Request execution failed with message: I/O error on POST request for "http://localhost:8761/eureka/apps/NOTIFICATION-SERVICE": Connect to http://localhost:8761 [localhost/127.0.0.1, localhost/0:0:0:0:0:0:0:1] failed: Connection refused: getsockopt
2026-05-02 23:01:30.470 [DiscoveryClient-InstanceInfoReplicator-0] WARN  c.netflix.discovery.DiscoveryClient - DiscoveryClient_NOTIFICATION-SERVICE/172.21.160.138:notification-service:9096 - registration failed Cannot execute request on any known server
com.netflix.discovery.shared.transport.TransportException: Cannot execute request on any known server
	at com.netflix.discovery.shared.transport.decorator.RetryableEurekaHttpClient.execute(RetryableEurekaHttpClient.java:112)
	at com.netflix.discovery.shared.transport.decorator.EurekaHttpClientDecorator.register(EurekaHttpClientDecorator.java:56)
	at com.netflix.discovery.shared.transport.decorator.EurekaHttpClientDecorator$1.execute(EurekaHttpClientDecorator.java:59)
	at com.netflix.discovery.shared.transport.decorator.SessionedEurekaHttpClient.execute(SessionedEurekaHttpClient.java:77)
	at com.netflix.discovery.shared.transport.decorator.EurekaHttpClientDecorator.register(EurekaHttpClientDecorator.java:56)
	at com.netflix.discovery.DiscoveryClient.register(DiscoveryClient.java:820)
	at com.netflix.discovery.InstanceInfoReplicator.run(InstanceInfoReplicator.java:121)
	at java.base/java.util.concurrent.Executors$RunnableAdapter.call(Executors.java:572)
	at java.base/java.util.concurrent.FutureTask.run(FutureTask.java:317)
	at java.base/java.util.concurrent.ScheduledThreadPoolExecutor$ScheduledFutureTask.run(ScheduledThreadPoolExecutor.java:304)
	at java.base/java.util.concurrent.ThreadPoolExecutor.runWorker(ThreadPoolExecutor.java:1144)
	at java.base/java.util.concurrent.ThreadPoolExecutor$Worker.run(ThreadPoolExecutor.java:642)
	at java.base/java.lang.Thread.run(Thread.java:1583)
2026-05-02 23:01:30.474 [DiscoveryClient-InstanceInfoReplicator-0] WARN  c.n.discovery.InstanceInfoReplicator - There was a problem with the instance info replicator
com.netflix.discovery.shared.transport.TransportException: Cannot execute request on any known server
	at com.netflix.discovery.shared.transport.decorator.RetryableEurekaHttpClient.execute(RetryableEurekaHttpClient.java:112)
	at com.netflix.discovery.shared.transport.decorator.EurekaHttpClientDecorator.register(EurekaHttpClientDecorator.java:56)
	at com.netflix.discovery.shared.transport.decorator.EurekaHttpClientDecorator$1.execute(EurekaHttpClientDecorator.java:59)
	at com.netflix.discovery.shared.transport.decorator.SessionedEurekaHttpClient.execute(SessionedEurekaHttpClient.java:77)
	at com.netflix.discovery.shared.transport.decorator.EurekaHttpClientDecorator.register(EurekaHttpClientDecorator.java:56)
	at com.netflix.discovery.DiscoveryClient.register(DiscoveryClient.java:820)
	at com.netflix.discovery.InstanceInfoReplicator.run(InstanceInfoReplicator.java:121)
	at java.base/java.util.concurrent.Executors$RunnableAdapter.call(Executors.java:572)
	at java.base/java.util.concurrent.FutureTask.run(FutureTask.java:317)
	at java.base/java.util.concurrent.ScheduledThreadPoolExecutor$ScheduledFutureTask.run(ScheduledThreadPoolExecutor.java:304)
	at java.base/java.util.concurrent.ThreadPoolExecutor.runWorker(ThreadPoolExecutor.java:1144)
	at java.base/java.util.concurrent.ThreadPoolExecutor$Worker.run(ThreadPoolExecutor.java:642)
	at java.base/java.lang.Thread.run(Thread.java:1583)
2026-05-02 23:01:30.555 [DiscoveryClient-CacheRefreshExecutor-0] WARN  c.n.d.s.t.d.RetryableEurekaHttpClient - Request execution failed with message: I/O error on GET request for "http://localhost:8761/eureka/apps/": Connect to http://localhost:8761 [localhost/127.0.0.1, localhost/0:0:0:0:0:0:0:1] failed: Connection refused: getsockopt
2026-05-02 23:02:00.556 [DiscoveryClient-InstanceInfoReplicator-0] WARN  c.n.d.s.t.d.RetryableEurekaHttpClient - Request execution failed with message: I/O error on POST request for "http://localhost:8761/eureka/apps/NOTIFICATION-SERVICE": Connect to http://localhost:8761 [localhost/127.0.0.1, localhost/0:0:0:0:0:0:0:1] failed: Connection refused: getsockopt
2026-05-02 23:02:00.560 [DiscoveryClient-InstanceInfoReplicator-0] WARN  c.netflix.discovery.DiscoveryClient - DiscoveryClient_NOTIFICATION-SERVICE/172.21.160.138:notification-service:9096 - registration failed Cannot execute request on any known server
com.netflix.discovery.shared.transport.TransportException: Cannot execute request on any known server
	at com.netflix.discovery.shared.transport.decorator.RetryableEurekaHttpClient.execute(RetryableEurekaHttpClient.java:112)
	at com.netflix.discovery.shared.transport.decorator.EurekaHttpClientDecorator.register(EurekaHttpClientDecorator.java:56)
	at com.netflix.discovery.shared.transport.decorator.EurekaHttpClientDecorator$1.execute(EurekaHttpClientDecorator.java:59)
	at com.netflix.discovery.shared.transport.decorator.SessionedEurekaHttpClient.execute(SessionedEurekaHttpClient.java:77)
	at com.netflix.discovery.shared.transport.decorator.EurekaHttpClientDecorator.register(EurekaHttpClientDecorator.java:56)
	at com.netflix.discovery.DiscoveryClient.register(DiscoveryClient.java:820)
	at com.netflix.discovery.InstanceInfoReplicator.run(InstanceInfoReplicator.java:121)
	at java.base/java.util.concurrent.Executors$RunnableAdapter.call(Executors.java:572)
	at java.base/java.util.concurrent.FutureTask.run(FutureTask.java:317)
	at java.base/java.util.concurrent.ScheduledThreadPoolExecutor$ScheduledFutureTask.run(ScheduledThreadPoolExecutor.java:304)
	at java.base/java.util.concurrent.ThreadPoolExecutor.runWorker(ThreadPoolExecutor.java:1144)
	at java.base/java.util.concurrent.ThreadPoolExecutor$Worker.run(ThreadPoolExecutor.java:642)
	at java.base/java.lang.Thread.run(Thread.java:1583)
2026-05-02 23:02:00.582 [DiscoveryClient-InstanceInfoReplicator-0] WARN  c.n.discovery.InstanceInfoReplicator - There was a problem with the instance info replicator
com.netflix.discovery.shared.transport.TransportException: Cannot execute request on any known server
	at com.netflix.discovery.shared.transport.decorator.RetryableEurekaHttpClient.execute(RetryableEurekaHttpClient.java:112)
	at com.netflix.discovery.shared.transport.decorator.EurekaHttpClientDecorator.register(EurekaHttpClientDecorator.java:56)
	at com.netflix.discovery.shared.transport.decorator.EurekaHttpClientDecorator$1.execute(EurekaHttpClientDecorator.java:59)
	at com.netflix.discovery.shared.transport.decorator.SessionedEurekaHttpClient.execute(SessionedEurekaHttpClient.java:77)
	at com.netflix.discovery.shared.transport.decorator.EurekaHttpClientDecorator.register(EurekaHttpClientDecorator.java:56)
	at com.netflix.discovery.DiscoveryClient.register(DiscoveryClient.java:820)
	at com.netflix.discovery.InstanceInfoReplicator.run(InstanceInfoReplicator.java:121)
	at java.base/java.util.concurrent.Executors$RunnableAdapter.call(Executors.java:572)
	at java.base/java.util.concurrent.FutureTask.run(FutureTask.java:317)
	at java.base/java.util.concurrent.ScheduledThreadPoolExecutor$ScheduledFutureTask.run(ScheduledThreadPoolExecutor.java:304)
	at java.base/java.util.concurrent.ThreadPoolExecutor.runWorker(ThreadPoolExecutor.java:1144)
	at java.base/java.util.concurrent.ThreadPoolExecutor$Worker.run(ThreadPoolExecutor.java:642)
	at java.base/java.lang.Thread.run(Thread.java:1583)
2026-05-02 23:02:00.649 [DiscoveryClient-HeartbeatExecutor-0] WARN  c.n.d.s.t.d.RetryableEurekaHttpClient - Request execution failed with message: I/O error on PUT request for "http://localhost:8761/eureka/apps/NOTIFICATION-SERVICE/172.21.160.138:notification-service:9096": Connect to http://localhost:8761 [localhost/127.0.0.1, localhost/0:0:0:0:0:0:0:1] failed: Connection refused: getsockopt
2026-05-02 23:02:00.671 [DiscoveryClient-HeartbeatExecutor-0] ERROR c.netflix.discovery.DiscoveryClient - DiscoveryClient_NOTIFICATION-SERVICE/172.21.160.138:notification-service:9096 - was unable to send heartbeat!
com.netflix.discovery.shared.transport.TransportException: Cannot execute request on any known server
	at com.netflix.discovery.shared.transport.decorator.RetryableEurekaHttpClient.execute(RetryableEurekaHttpClient.java:112)
	at com.netflix.discovery.shared.transport.decorator.EurekaHttpClientDecorator.sendHeartBeat(EurekaHttpClientDecorator.java:89)
	at com.netflix.discovery.shared.transport.decorator.EurekaHttpClientDecorator$3.execute(EurekaHttpClientDecorator.java:92)
	at com.netflix.discovery.shared.transport.decorator.SessionedEurekaHttpClient.execute(SessionedEurekaHttpClient.java:77)
	at com.netflix.discovery.shared.transport.decorator.EurekaHttpClientDecorator.sendHeartBeat(EurekaHttpClientDecorator.java:89)
	at com.netflix.discovery.DiscoveryClient.renew(DiscoveryClient.java:837)
	at com.netflix.discovery.DiscoveryClient$HeartbeatThread.run(DiscoveryClient.java:1401)
	at java.base/java.util.concurrent.Executors$RunnableAdapter.call(Executors.java:572)
	at java.base/java.util.concurrent.FutureTask.run(FutureTask.java:317)
	at java.base/java.util.concurrent.ThreadPoolExecutor.runWorker(ThreadPoolExecutor.java:1144)
	at java.base/java.util.concurrent.ThreadPoolExecutor$Worker.run(ThreadPoolExecutor.java:642)
	at java.base/java.lang.Thread.run(Thread.java:1583)
2026-05-02 23:02:00.737 [DiscoveryClient-CacheRefreshExecutor-0] WARN  c.n.d.s.t.d.RetryableEurekaHttpClient - Request execution failed with message: I/O error on GET request for "http://localhost:8761/eureka/apps/": Connect to http://localhost:8761 [localhost/127.0.0.1, localhost/0:0:0:0:0:0:0:1] failed: Connection refused: getsockopt
2026-05-02 23:02:30.680 [DiscoveryClient-InstanceInfoReplicator-0] WARN  c.n.d.s.t.d.RetryableEurekaHttpClient - Request execution failed with message: I/O error on POST request for "http://localhost:8761/eureka/apps/NOTIFICATION-SERVICE": Connect to http://localhost:8761 [localhost/127.0.0.1, localhost/0:0:0:0:0:0:0:1] failed: Connection refused: getsockopt
2026-05-02 23:02:30.687 [DiscoveryClient-InstanceInfoReplicator-0] WARN  c.netflix.discovery.DiscoveryClient - DiscoveryClient_NOTIFICATION-SERVICE/172.21.160.138:notification-service:9096 - registration failed Cannot execute request on any known server
com.netflix.discovery.shared.transport.TransportException: Cannot execute request on any known server
	at com.netflix.discovery.shared.transport.decorator.RetryableEurekaHttpClient.execute(RetryableEurekaHttpClient.java:112)
	at com.netflix.discovery.shared.transport.decorator.EurekaHttpClientDecorator.register(EurekaHttpClientDecorator.java:56)
	at com.netflix.discovery.shared.transport.decorator.EurekaHttpClientDecorator$1.execute(EurekaHttpClientDecorator.java:59)
	at com.netflix.discovery.shared.transport.decorator.SessionedEurekaHttpClient.execute(SessionedEurekaHttpClient.java:77)
	at com.netflix.discovery.shared.transport.decorator.EurekaHttpClientDecorator.register(EurekaHttpClientDecorator.java:56)
	at com.netflix.discovery.DiscoveryClient.register(DiscoveryClient.java:820)
	at com.netflix.discovery.InstanceInfoReplicator.run(InstanceInfoReplicator.java:121)
	at java.base/java.util.concurrent.Executors$RunnableAdapter.call(Executors.java:572)
	at java.base/java.util.concurrent.FutureTask.run(FutureTask.java:317)
	at java.base/java.util.concurrent.ScheduledThreadPoolExecutor$ScheduledFutureTask.run(ScheduledThreadPoolExecutor.java:304)
	at java.base/java.util.concurrent.ThreadPoolExecutor.runWorker(ThreadPoolExecutor.java:1144)
	at java.base/java.util.concurrent.ThreadPoolExecutor$Worker.run(ThreadPoolExecutor.java:642)
	at java.base/java.lang.Thread.run(Thread.java:1583)
2026-05-02 23:02:30.736 [DiscoveryClient-InstanceInfoReplicator-0] WARN  c.n.discovery.InstanceInfoReplicator - There was a problem with the instance info replicator
com.netflix.discovery.shared.transport.TransportException: Cannot execute request on any known server
	at com.netflix.discovery.shared.transport.decorator.RetryableEurekaHttpClient.execute(RetryableEurekaHttpClient.java:112)
	at com.netflix.discovery.shared.transport.decorator.EurekaHttpClientDecorator.register(EurekaHttpClientDecorator.java:56)
	at com.netflix.discovery.shared.transport.decorator.EurekaHttpClientDecorator$1.execute(EurekaHttpClientDecorator.java:59)
	at com.netflix.discovery.shared.transport.decorator.SessionedEurekaHttpClient.execute(SessionedEurekaHttpClient.java:77)
	at com.netflix.discovery.shared.transport.decorator.EurekaHttpClientDecorator.register(EurekaHttpClientDecorator.java:56)
	at com.netflix.discovery.DiscoveryClient.register(DiscoveryClient.java:820)
	at com.netflix.discovery.InstanceInfoReplicator.run(InstanceInfoReplicator.java:121)
	at java.base/java.util.concurrent.Executors$RunnableAdapter.call(Executors.java:572)
	at java.base/java.util.concurrent.FutureTask.run(FutureTask.java:317)
	at java.base/java.util.concurrent.ScheduledThreadPoolExecutor$ScheduledFutureTask.run(ScheduledThreadPoolExecutor.java:304)
	at java.base/java.util.concurrent.ThreadPoolExecutor.runWorker(ThreadPoolExecutor.java:1144)
	at java.base/java.util.concurrent.ThreadPoolExecutor$Worker.run(ThreadPoolExecutor.java:642)
	at java.base/java.lang.Thread.run(Thread.java:1583)
2026-05-02 23:02:31.008 [DiscoveryClient-HeartbeatExecutor-0] WARN  c.n.d.s.t.d.RetryableEurekaHttpClient - Request execution failed with message: I/O error on PUT request for "http://localhost:8761/eureka/apps/NOTIFICATION-SERVICE/172.21.160.138:notification-service:9096": Connect to http://localhost:8761 [localhost/127.0.0.1, localhost/0:0:0:0:0:0:0:1] failed: Connection refused: getsockopt
2026-05-02 23:02:31.013 [DiscoveryClient-HeartbeatExecutor-0] ERROR c.netflix.discovery.DiscoveryClient - DiscoveryClient_NOTIFICATION-SERVICE/172.21.160.138:notification-service:9096 - was unable to send heartbeat!
com.netflix.discovery.shared.transport.TransportException: Cannot execute request on any known server
	at com.netflix.discovery.shared.transport.decorator.RetryableEurekaHttpClient.execute(RetryableEurekaHttpClient.java:112)
	at com.netflix.discovery.shared.transport.decorator.EurekaHttpClientDecorator.sendHeartBeat(EurekaHttpClientDecorator.java:89)
	at com.netflix.discovery.shared.transport.decorator.EurekaHttpClientDecorator$3.execute(EurekaHttpClientDecorator.java:92)
	at com.netflix.discovery.shared.transport.decorator.SessionedEurekaHttpClient.execute(SessionedEurekaHttpClient.java:77)
	at com.netflix.discovery.shared.transport.decorator.EurekaHttpClientDecorator.sendHeartBeat(EurekaHttpClientDecorator.java:89)
	at com.netflix.discovery.DiscoveryClient.renew(DiscoveryClient.java:837)
	at com.netflix.discovery.DiscoveryClient$HeartbeatThread.run(DiscoveryClient.java:1401)
	at java.base/java.util.concurrent.Executors$RunnableAdapter.call(Executors.java:572)
	at java.base/java.util.concurrent.FutureTask.run(FutureTask.java:317)
	at java.base/java.util.concurrent.ThreadPoolExecutor.runWorker(ThreadPoolExecutor.java:1144)
	at java.base/java.util.concurrent.ThreadPoolExecutor$Worker.run(ThreadPoolExecutor.java:642)
	at java.base/java.lang.Thread.run(Thread.java:1583)
2026-05-02 23:02:31.055 [DiscoveryClient-CacheRefreshExecutor-0] WARN  c.n.d.s.t.d.RetryableEurekaHttpClient - Request execution failed with message: I/O error on GET request for "http://localhost:8761/eureka/apps/": Connect to http://localhost:8761 [localhost/127.0.0.1, localhost/0:0:0:0:0:0:0:1] failed: Connection refused: getsockopt
2026-05-02 23:03:01.240 [DiscoveryClient-InstanceInfoReplicator-0] WARN  c.n.d.s.t.d.RetryableEurekaHttpClient - Request execution failed with message: I/O error on POST request for "http://localhost:8761/eureka/apps/NOTIFICATION-SERVICE": Connect to http://localhost:8761 [localhost/127.0.0.1, localhost/0:0:0:0:0:0:0:1] failed: Connection refused: getsockopt
2026-05-02 23:03:01.261 [DiscoveryClient-InstanceInfoReplicator-0] WARN  c.netflix.discovery.DiscoveryClient - DiscoveryClient_NOTIFICATION-SERVICE/172.21.160.138:notification-service:9096 - registration failed Cannot execute request on any known server
com.netflix.discovery.shared.transport.TransportException: Cannot execute request on any known server
	at com.netflix.discovery.shared.transport.decorator.RetryableEurekaHttpClient.execute(RetryableEurekaHttpClient.java:112)
	at com.netflix.discovery.shared.transport.decorator.EurekaHttpClientDecorator.register(EurekaHttpClientDecorator.java:56)
	at com.netflix.discovery.shared.transport.decorator.EurekaHttpClientDecorator$1.execute(EurekaHttpClientDecorator.java:59)
	at com.netflix.discovery.shared.transport.decorator.SessionedEurekaHttpClient.execute(SessionedEurekaHttpClient.java:77)
	at com.netflix.discovery.shared.transport.decorator.EurekaHttpClientDecorator.register(EurekaHttpClientDecorator.java:56)
	at com.netflix.discovery.DiscoveryClient.register(DiscoveryClient.java:820)
	at com.netflix.discovery.InstanceInfoReplicator.run(InstanceInfoReplicator.java:121)
	at java.base/java.util.concurrent.Executors$RunnableAdapter.call(Executors.java:572)
	at java.base/java.util.concurrent.FutureTask.run(FutureTask.java:317)
	at java.base/java.util.concurrent.ScheduledThreadPoolExecutor$ScheduledFutureTask.run(ScheduledThreadPoolExecutor.java:304)
	at java.base/java.util.concurrent.ThreadPoolExecutor.runWorker(ThreadPoolExecutor.java:1144)
	at java.base/java.util.concurrent.ThreadPoolExecutor$Worker.run(ThreadPoolExecutor.java:642)
	at java.base/java.lang.Thread.run(Thread.java:1583)
2026-05-02 23:03:01.288 [DiscoveryClient-InstanceInfoReplicator-0] WARN  c.n.discovery.InstanceInfoReplicator - There was a problem with the instance info replicator
com.netflix.discovery.shared.transport.TransportException: Cannot execute request on any known server
	at com.netflix.discovery.shared.transport.decorator.RetryableEurekaHttpClient.execute(RetryableEurekaHttpClient.java:112)
	at com.netflix.discovery.shared.transport.decorator.EurekaHttpClientDecorator.register(EurekaHttpClientDecorator.java:56)
	at com.netflix.discovery.shared.transport.decorator.EurekaHttpClientDecorator$1.execute(EurekaHttpClientDecorator.java:59)
	at com.netflix.discovery.shared.transport.decorator.SessionedEurekaHttpClient.execute(SessionedEurekaHttpClient.java:77)
	at com.netflix.discovery.shared.transport.decorator.EurekaHttpClientDecorator.register(EurekaHttpClientDecorator.java:56)
	at com.netflix.discovery.DiscoveryClient.register(DiscoveryClient.java:820)
	at com.netflix.discovery.InstanceInfoReplicator.run(InstanceInfoReplicator.java:121)
	at java.base/java.util.concurrent.Executors$RunnableAdapter.call(Executors.java:572)
	at java.base/java.util.concurrent.FutureTask.run(FutureTask.java:317)
	at java.base/java.util.concurrent.ScheduledThreadPoolExecutor$ScheduledFutureTask.run(ScheduledThreadPoolExecutor.java:304)
	at java.base/java.util.concurrent.ThreadPoolExecutor.runWorker(ThreadPoolExecutor.java:1144)
	at java.base/java.util.concurrent.ThreadPoolExecutor$Worker.run(ThreadPoolExecutor.java:642)
	at java.base/java.lang.Thread.run(Thread.java:1583)
2026-05-02 23:03:01.333 [DiscoveryClient-HeartbeatExecutor-0] WARN  c.n.d.s.t.d.RetryableEurekaHttpClient - Request execution failed with message: I/O error on PUT request for "http://localhost:8761/eureka/apps/NOTIFICATION-SERVICE/172.21.160.138:notification-service:9096": Connect to http://localhost:8761 [localhost/127.0.0.1, localhost/0:0:0:0:0:0:0:1] failed: Connection refused: getsockopt
2026-05-02 23:03:01.347 [DiscoveryClient-HeartbeatExecutor-0] ERROR c.netflix.discovery.DiscoveryClient - DiscoveryClient_NOTIFICATION-SERVICE/172.21.160.138:notification-service:9096 - was unable to send heartbeat!
com.netflix.discovery.shared.transport.TransportException: Cannot execute request on any known server
	at com.netflix.discovery.shared.transport.decorator.RetryableEurekaHttpClient.execute(RetryableEurekaHttpClient.java:112)
	at com.netflix.discovery.shared.transport.decorator.EurekaHttpClientDecorator.sendHeartBeat(EurekaHttpClientDecorator.java:89)
	at com.netflix.discovery.shared.transport.decorator.EurekaHttpClientDecorator$3.execute(EurekaHttpClientDecorator.java:92)
	at com.netflix.discovery.shared.transport.decorator.SessionedEurekaHttpClient.execute(SessionedEurekaHttpClient.java:77)
	at com.netflix.discovery.shared.transport.decorator.EurekaHttpClientDecorator.sendHeartBeat(EurekaHttpClientDecorator.java:89)
	at com.netflix.discovery.DiscoveryClient.renew(DiscoveryClient.java:837)
	at com.netflix.discovery.DiscoveryClient$HeartbeatThread.run(DiscoveryClient.java:1401)
	at java.base/java.util.concurrent.Executors$RunnableAdapter.call(Executors.java:572)
	at java.base/java.util.concurrent.FutureTask.run(FutureTask.java:317)
	at java.base/java.util.concurrent.ThreadPoolExecutor.runWorker(ThreadPoolExecutor.java:1144)
	at java.base/java.util.concurrent.ThreadPoolExecutor$Worker.run(ThreadPoolExecutor.java:642)
	at java.base/java.lang.Thread.run(Thread.java:1583)
2026-05-02 23:03:01.394 [DiscoveryClient-CacheRefreshExecutor-0] WARN  c.n.d.s.t.d.RetryableEurekaHttpClient - Request execution failed with message: I/O error on GET request for "http://localhost:8761/eureka/apps/": Connect to http://localhost:8761 [localhost/127.0.0.1, localhost/0:0:0:0:0:0:0:1] failed: Connection refused: getsockopt
2026-05-02 23:03:31.564 [DiscoveryClient-InstanceInfoReplicator-0] WARN  c.n.d.s.t.d.RetryableEurekaHttpClient - Request execution failed with message: I/O error on POST request for "http://localhost:8761/eureka/apps/NOTIFICATION-SERVICE": Connect to http://localhost:8761 [localhost/127.0.0.1, localhost/0:0:0:0:0:0:0:1] failed: Connection refused: getsockopt
2026-05-02 23:03:31.599 [DiscoveryClient-InstanceInfoReplicator-0] WARN  c.netflix.discovery.DiscoveryClient - DiscoveryClient_NOTIFICATION-SERVICE/172.21.160.138:notification-service:9096 - registration failed Cannot execute request on any known server
com.netflix.discovery.shared.transport.TransportException: Cannot execute request on any known server
	at com.netflix.discovery.shared.transport.decorator.RetryableEurekaHttpClient.execute(RetryableEurekaHttpClient.java:112)
	at com.netflix.discovery.shared.transport.decorator.EurekaHttpClientDecorator.register(EurekaHttpClientDecorator.java:56)
	at com.netflix.discovery.shared.transport.decorator.EurekaHttpClientDecorator$1.execute(EurekaHttpClientDecorator.java:59)
	at com.netflix.discovery.shared.transport.decorator.SessionedEurekaHttpClient.execute(SessionedEurekaHttpClient.java:77)
	at com.netflix.discovery.shared.transport.decorator.EurekaHttpClientDecorator.register(EurekaHttpClientDecorator.java:56)
	at com.netflix.discovery.DiscoveryClient.register(DiscoveryClient.java:820)
	at com.netflix.discovery.InstanceInfoReplicator.run(InstanceInfoReplicator.java:121)
	at java.base/java.util.concurrent.Executors$RunnableAdapter.call(Executors.java:572)
	at java.base/java.util.concurrent.FutureTask.run(FutureTask.java:317)
	at java.base/java.util.concurrent.ScheduledThreadPoolExecutor$ScheduledFutureTask.run(ScheduledThreadPoolExecutor.java:304)
	at java.base/java.util.concurrent.ThreadPoolExecutor.runWorker(ThreadPoolExecutor.java:1144)
	at java.base/java.util.concurrent.ThreadPoolExecutor$Worker.run(ThreadPoolExecutor.java:642)
	at java.base/java.lang.Thread.run(Thread.java:1583)
2026-05-02 23:03:31.628 [DiscoveryClient-InstanceInfoReplicator-0] WARN  c.n.discovery.InstanceInfoReplicator - There was a problem with the instance info replicator
com.netflix.discovery.shared.transport.TransportException: Cannot execute request on any known server
	at com.netflix.discovery.shared.transport.decorator.RetryableEurekaHttpClient.execute(RetryableEurekaHttpClient.java:112)
	at com.netflix.discovery.shared.transport.decorator.EurekaHttpClientDecorator.register(EurekaHttpClientDecorator.java:56)
	at com.netflix.discovery.shared.transport.decorator.EurekaHttpClientDecorator$1.execute(EurekaHttpClientDecorator.java:59)
	at com.netflix.discovery.shared.transport.decorator.SessionedEurekaHttpClient.execute(SessionedEurekaHttpClient.java:77)
	at com.netflix.discovery.shared.transport.decorator.EurekaHttpClientDecorator.register(EurekaHttpClientDecorator.java:56)
	at com.netflix.discovery.DiscoveryClient.register(DiscoveryClient.java:820)
	at com.netflix.discovery.InstanceInfoReplicator.run(InstanceInfoReplicator.java:121)
	at java.base/java.util.concurrent.Executors$RunnableAdapter.call(Executors.java:572)
	at java.base/java.util.concurrent.FutureTask.run(FutureTask.java:317)
	at java.base/java.util.concurrent.ScheduledThreadPoolExecutor$ScheduledFutureTask.run(ScheduledThreadPoolExecutor.java:304)
	at java.base/java.util.concurrent.ThreadPoolExecutor.runWorker(ThreadPoolExecutor.java:1144)
	at java.base/java.util.concurrent.ThreadPoolExecutor$Worker.run(ThreadPoolExecutor.java:642)
	at java.base/java.lang.Thread.run(Thread.java:1583)
2026-05-02 23:03:31.644 [DiscoveryClient-HeartbeatExecutor-0] WARN  c.n.d.s.t.d.RetryableEurekaHttpClient - Request execution failed with message: I/O error on PUT request for "http://localhost:8761/eureka/apps/NOTIFICATION-SERVICE/172.21.160.138:notification-service:9096": Connect to http://localhost:8761 [localhost/127.0.0.1, localhost/0:0:0:0:0:0:0:1] failed: Connection refused: getsockopt
2026-05-02 23:03:31.663 [DiscoveryClient-HeartbeatExecutor-0] ERROR c.netflix.discovery.DiscoveryClient - DiscoveryClient_NOTIFICATION-SERVICE/172.21.160.138:notification-service:9096 - was unable to send heartbeat!
com.netflix.discovery.shared.transport.TransportException: Cannot execute request on any known server
	at com.netflix.discovery.shared.transport.decorator.RetryableEurekaHttpClient.execute(RetryableEurekaHttpClient.java:112)
	at com.netflix.discovery.shared.transport.decorator.EurekaHttpClientDecorator.sendHeartBeat(EurekaHttpClientDecorator.java:89)
	at com.netflix.discovery.shared.transport.decorator.EurekaHttpClientDecorator$3.execute(EurekaHttpClientDecorator.java:92)
	at com.netflix.discovery.shared.transport.decorator.SessionedEurekaHttpClient.execute(SessionedEurekaHttpClient.java:77)
	at com.netflix.discovery.shared.transport.decorator.EurekaHttpClientDecorator.sendHeartBeat(EurekaHttpClientDecorator.java:89)
	at com.netflix.discovery.DiscoveryClient.renew(DiscoveryClient.java:837)
	at com.netflix.discovery.DiscoveryClient$HeartbeatThread.run(DiscoveryClient.java:1401)
	at java.base/java.util.concurrent.Executors$RunnableAdapter.call(Executors.java:572)
	at java.base/java.util.concurrent.FutureTask.run(FutureTask.java:317)
	at java.base/java.util.concurrent.ThreadPoolExecutor.runWorker(ThreadPoolExecutor.java:1144)
	at java.base/java.util.concurrent.ThreadPoolExecutor$Worker.run(ThreadPoolExecutor.java:642)
	at java.base/java.lang.Thread.run(Thread.java:1583)
2026-05-02 23:03:31.712 [DiscoveryClient-CacheRefreshExecutor-0] WARN  c.n.d.s.t.d.RetryableEurekaHttpClient - Request execution failed with message: I/O error on GET request for "http://localhost:8761/eureka/apps/": Connect to http://localhost:8761 [localhost/127.0.0.1, localhost/0:0:0:0:0:0:0:1] failed: Connection refused: getsockopt
2026-05-02 23:04:01.754 [DiscoveryClient-InstanceInfoReplicator-0] WARN  c.n.d.s.t.d.RetryableEurekaHttpClient - Request execution failed with message: I/O error on POST request for "http://localhost:8761/eureka/apps/NOTIFICATION-SERVICE": Connect to http://localhost:8761 [localhost/127.0.0.1, localhost/0:0:0:0:0:0:0:1] failed: Connection refused: getsockopt
2026-05-02 23:04:01.759 [DiscoveryClient-InstanceInfoReplicator-0] WARN  c.netflix.discovery.DiscoveryClient - DiscoveryClient_NOTIFICATION-SERVICE/172.21.160.138:notification-service:9096 - registration failed Cannot execute request on any known server
com.netflix.discovery.shared.transport.TransportException: Cannot execute request on any known server
	at com.netflix.discovery.shared.transport.decorator.RetryableEurekaHttpClient.execute(RetryableEurekaHttpClient.java:112)
	at com.netflix.discovery.shared.transport.decorator.EurekaHttpClientDecorator.register(EurekaHttpClientDecorator.java:56)
	at com.netflix.discovery.shared.transport.decorator.EurekaHttpClientDecorator$1.execute(EurekaHttpClientDecorator.java:59)
	at com.netflix.discovery.shared.transport.decorator.SessionedEurekaHttpClient.execute(SessionedEurekaHttpClient.java:77)
	at com.netflix.discovery.shared.transport.decorator.EurekaHttpClientDecorator.register(EurekaHttpClientDecorator.java:56)
	at com.netflix.discovery.DiscoveryClient.register(DiscoveryClient.java:820)
	at com.netflix.discovery.InstanceInfoReplicator.run(InstanceInfoReplicator.java:121)
	at java.base/java.util.concurrent.Executors$RunnableAdapter.call(Executors.java:572)
	at java.base/java.util.concurrent.FutureTask.run(FutureTask.java:317)
	at java.base/java.util.concurrent.ScheduledThreadPoolExecutor$ScheduledFutureTask.run(ScheduledThreadPoolExecutor.java:304)
	at java.base/java.util.concurrent.ThreadPoolExecutor.runWorker(ThreadPoolExecutor.java:1144)
	at java.base/java.util.concurrent.ThreadPoolExecutor$Worker.run(ThreadPoolExecutor.java:642)
	at java.base/java.lang.Thread.run(Thread.java:1583)
2026-05-02 23:04:01.763 [DiscoveryClient-InstanceInfoReplicator-0] WARN  c.n.discovery.InstanceInfoReplicator - There was a problem with the instance info replicator
com.netflix.discovery.shared.transport.TransportException: Cannot execute request on any known server
	at com.netflix.discovery.shared.transport.decorator.RetryableEurekaHttpClient.execute(RetryableEurekaHttpClient.java:112)
	at com.netflix.discovery.shared.transport.decorator.EurekaHttpClientDecorator.register(EurekaHttpClientDecorator.java:56)
	at com.netflix.discovery.shared.transport.decorator.EurekaHttpClientDecorator$1.execute(EurekaHttpClientDecorator.java:59)
	at com.netflix.discovery.shared.transport.decorator.SessionedEurekaHttpClient.execute(SessionedEurekaHttpClient.java:77)
	at com.netflix.discovery.shared.transport.decorator.EurekaHttpClientDecorator.register(EurekaHttpClientDecorator.java:56)
	at com.netflix.discovery.DiscoveryClient.register(DiscoveryClient.java:820)
	at com.netflix.discovery.InstanceInfoReplicator.run(InstanceInfoReplicator.java:121)
	at java.base/java.util.concurrent.Executors$RunnableAdapter.call(Executors.java:572)
	at java.base/java.util.concurrent.FutureTask.run(FutureTask.java:317)
	at java.base/java.util.concurrent.ScheduledThreadPoolExecutor$ScheduledFutureTask.run(ScheduledThreadPoolExecutor.java:304)
	at java.base/java.util.concurrent.ThreadPoolExecutor.runWorker(ThreadPoolExecutor.java:1144)
	at java.base/java.util.concurrent.ThreadPoolExecutor$Worker.run(ThreadPoolExecutor.java:642)
	at java.base/java.lang.Thread.run(Thread.java:1583)
2026-05-02 23:04:01.774 [DiscoveryClient-HeartbeatExecutor-0] WARN  c.n.d.s.t.d.RetryableEurekaHttpClient - Request execution failed with message: I/O error on PUT request for "http://localhost:8761/eureka/apps/NOTIFICATION-SERVICE/172.21.160.138:notification-service:9096": Connect to http://localhost:8761 [localhost/127.0.0.1, localhost/0:0:0:0:0:0:0:1] failed: Connection refused: getsockopt
2026-05-02 23:04:01.774 [DiscoveryClient-HeartbeatExecutor-0] ERROR c.netflix.discovery.DiscoveryClient - DiscoveryClient_NOTIFICATION-SERVICE/172.21.160.138:notification-service:9096 - was unable to send heartbeat!
com.netflix.discovery.shared.transport.TransportException: Cannot execute request on any known server
	at com.netflix.discovery.shared.transport.decorator.RetryableEurekaHttpClient.execute(RetryableEurekaHttpClient.java:112)
	at com.netflix.discovery.shared.transport.decorator.EurekaHttpClientDecorator.sendHeartBeat(EurekaHttpClientDecorator.java:89)
	at com.netflix.discovery.shared.transport.decorator.EurekaHttpClientDecorator$3.execute(EurekaHttpClientDecorator.java:92)
	at com.netflix.discovery.shared.transport.decorator.SessionedEurekaHttpClient.execute(SessionedEurekaHttpClient.java:77)
	at com.netflix.discovery.shared.transport.decorator.EurekaHttpClientDecorator.sendHeartBeat(EurekaHttpClientDecorator.java:89)
	at com.netflix.discovery.DiscoveryClient.renew(DiscoveryClient.java:837)
	at com.netflix.discovery.DiscoveryClient$HeartbeatThread.run(DiscoveryClient.java:1401)
	at java.base/java.util.concurrent.Executors$RunnableAdapter.call(Executors.java:572)
	at java.base/java.util.concurrent.FutureTask.run(FutureTask.java:317)
	at java.base/java.util.concurrent.ThreadPoolExecutor.runWorker(ThreadPoolExecutor.java:1144)
	at java.base/java.util.concurrent.ThreadPoolExecutor$Worker.run(ThreadPoolExecutor.java:642)
	at java.base/java.lang.Thread.run(Thread.java:1583)
2026-05-02 23:04:01.793 [DiscoveryClient-CacheRefreshExecutor-0] WARN  c.n.d.s.t.d.RetryableEurekaHttpClient - Request execution failed with message: I/O error on GET request for "http://localhost:8761/eureka/apps/": Connect to http://localhost:8761 [localhost/127.0.0.1, localhost/0:0:0:0:0:0:0:1] failed: Connection refused: getsockopt
2026-05-02 23:04:31.806 [DiscoveryClient-HeartbeatExecutor-0] WARN  c.n.d.s.t.d.RetryableEurekaHttpClient - Request execution failed with message: I/O error on PUT request for "http://localhost:8761/eureka/apps/NOTIFICATION-SERVICE/172.21.160.138:notification-service:9096": Connect to http://localhost:8761 [localhost/127.0.0.1, localhost/0:0:0:0:0:0:0:1] failed: Connection refused: getsockopt
2026-05-02 23:04:31.806 [DiscoveryClient-InstanceInfoReplicator-0] WARN  c.n.d.s.t.d.RetryableEurekaHttpClient - Request execution failed with message: I/O error on POST request for "http://localhost:8761/eureka/apps/NOTIFICATION-SERVICE": Connect to http://localhost:8761 [localhost/127.0.0.1, localhost/0:0:0:0:0:0:0:1] failed: Connection refused: getsockopt
2026-05-02 23:04:31.808 [DiscoveryClient-HeartbeatExecutor-0] ERROR c.netflix.discovery.DiscoveryClient - DiscoveryClient_NOTIFICATION-SERVICE/172.21.160.138:notification-service:9096 - was unable to send heartbeat!
com.netflix.discovery.shared.transport.TransportException: Cannot execute request on any known server
	at com.netflix.discovery.shared.transport.decorator.RetryableEurekaHttpClient.execute(RetryableEurekaHttpClient.java:112)
	at com.netflix.discovery.shared.transport.decorator.EurekaHttpClientDecorator.sendHeartBeat(EurekaHttpClientDecorator.java:89)
	at com.netflix.discovery.shared.transport.decorator.EurekaHttpClientDecorator$3.execute(EurekaHttpClientDecorator.java:92)
	at com.netflix.discovery.shared.transport.decorator.SessionedEurekaHttpClient.execute(SessionedEurekaHttpClient.java:77)
	at com.netflix.discovery.shared.transport.decorator.EurekaHttpClientDecorator.sendHeartBeat(EurekaHttpClientDecorator.java:89)
	at com.netflix.discovery.DiscoveryClient.renew(DiscoveryClient.java:837)
	at com.netflix.discovery.DiscoveryClient$HeartbeatThread.run(DiscoveryClient.java:1401)
	at java.base/java.util.concurrent.Executors$RunnableAdapter.call(Executors.java:572)
	at java.base/java.util.concurrent.FutureTask.run(FutureTask.java:317)
	at java.base/java.util.concurrent.ThreadPoolExecutor.runWorker(ThreadPoolExecutor.java:1144)
	at java.base/java.util.concurrent.ThreadPoolExecutor$Worker.run(ThreadPoolExecutor.java:642)
	at java.base/java.lang.Thread.run(Thread.java:1583)
2026-05-02 23:04:31.808 [DiscoveryClient-InstanceInfoReplicator-0] WARN  c.netflix.discovery.DiscoveryClient - DiscoveryClient_NOTIFICATION-SERVICE/172.21.160.138:notification-service:9096 - registration failed Cannot execute request on any known server
com.netflix.discovery.shared.transport.TransportException: Cannot execute request on any known server
	at com.netflix.discovery.shared.transport.decorator.RetryableEurekaHttpClient.execute(RetryableEurekaHttpClient.java:112)
	at com.netflix.discovery.shared.transport.decorator.EurekaHttpClientDecorator.register(EurekaHttpClientDecorator.java:56)
	at com.netflix.discovery.shared.transport.decorator.EurekaHttpClientDecorator$1.execute(EurekaHttpClientDecorator.java:59)
	at com.netflix.discovery.shared.transport.decorator.SessionedEurekaHttpClient.execute(SessionedEurekaHttpClient.java:77)
	at com.netflix.discovery.shared.transport.decorator.EurekaHttpClientDecorator.register(EurekaHttpClientDecorator.java:56)
	at com.netflix.discovery.DiscoveryClient.register(DiscoveryClient.java:820)
	at com.netflix.discovery.InstanceInfoReplicator.run(InstanceInfoReplicator.java:121)
	at java.base/java.util.concurrent.Executors$RunnableAdapter.call(Executors.java:572)
	at java.base/java.util.concurrent.FutureTask.run(FutureTask.java:317)
	at java.base/java.util.concurrent.ScheduledThreadPoolExecutor$ScheduledFutureTask.run(ScheduledThreadPoolExecutor.java:304)
	at java.base/java.util.concurrent.ThreadPoolExecutor.runWorker(ThreadPoolExecutor.java:1144)
	at java.base/java.util.concurrent.ThreadPoolExecutor$Worker.run(ThreadPoolExecutor.java:642)
	at java.base/java.lang.Thread.run(Thread.java:1583)
2026-05-02 23:04:31.812 [DiscoveryClient-InstanceInfoReplicator-0] WARN  c.n.discovery.InstanceInfoReplicator - There was a problem with the instance info replicator
com.netflix.discovery.shared.transport.TransportException: Cannot execute request on any known server
	at com.netflix.discovery.shared.transport.decorator.RetryableEurekaHttpClient.execute(RetryableEurekaHttpClient.java:112)
	at com.netflix.discovery.shared.transport.decorator.EurekaHttpClientDecorator.register(EurekaHttpClientDecorator.java:56)
	at com.netflix.discovery.shared.transport.decorator.EurekaHttpClientDecorator$1.execute(EurekaHttpClientDecorator.java:59)
	at com.netflix.discovery.shared.transport.decorator.SessionedEurekaHttpClient.execute(SessionedEurekaHttpClient.java:77)
	at com.netflix.discovery.shared.transport.decorator.EurekaHttpClientDecorator.register(EurekaHttpClientDecorator.java:56)
	at com.netflix.discovery.DiscoveryClient.register(DiscoveryClient.java:820)
	at com.netflix.discovery.InstanceInfoReplicator.run(InstanceInfoReplicator.java:121)
	at java.base/java.util.concurrent.Executors$RunnableAdapter.call(Executors.java:572)
	at java.base/java.util.concurrent.FutureTask.run(FutureTask.java:317)
	at java.base/java.util.concurrent.ScheduledThreadPoolExecutor$ScheduledFutureTask.run(ScheduledThreadPoolExecutor.java:304)
	at java.base/java.util.concurrent.ThreadPoolExecutor.runWorker(ThreadPoolExecutor.java:1144)
	at java.base/java.util.concurrent.ThreadPoolExecutor$Worker.run(ThreadPoolExecutor.java:642)
	at java.base/java.lang.Thread.run(Thread.java:1583)
2026-05-02 23:04:31.842 [DiscoveryClient-CacheRefreshExecutor-0] WARN  c.n.d.s.t.d.RetryableEurekaHttpClient - Request execution failed with message: I/O error on GET request for "http://localhost:8761/eureka/apps/": Connect to http://localhost:8761 [localhost/127.0.0.1, localhost/0:0:0:0:0:0:0:1] failed: Connection refused: getsockopt
2026-05-02 23:05:01.858 [DiscoveryClient-HeartbeatExecutor-0] WARN  c.n.d.s.t.d.RetryableEurekaHttpClient - Request execution failed with message: I/O error on PUT request for "http://localhost:8761/eureka/apps/NOTIFICATION-SERVICE/172.21.160.138:notification-service:9096": Connect to http://localhost:8761 [localhost/127.0.0.1, localhost/0:0:0:0:0:0:0:1] failed: Connection refused: getsockopt
2026-05-02 23:05:01.858 [DiscoveryClient-HeartbeatExecutor-0] ERROR c.netflix.discovery.DiscoveryClient - DiscoveryClient_NOTIFICATION-SERVICE/172.21.160.138:notification-service:9096 - was unable to send heartbeat!
com.netflix.discovery.shared.transport.TransportException: Cannot execute request on any known server
	at com.netflix.discovery.shared.transport.decorator.RetryableEurekaHttpClient.execute(RetryableEurekaHttpClient.java:112)
	at com.netflix.discovery.shared.transport.decorator.EurekaHttpClientDecorator.sendHeartBeat(EurekaHttpClientDecorator.java:89)
	at com.netflix.discovery.shared.transport.decorator.EurekaHttpClientDecorator$3.execute(EurekaHttpClientDecorator.java:92)
	at com.netflix.discovery.shared.transport.decorator.SessionedEurekaHttpClient.execute(SessionedEurekaHttpClient.java:77)
	at com.netflix.discovery.shared.transport.decorator.EurekaHttpClientDecorator.sendHeartBeat(EurekaHttpClientDecorator.java:89)
	at com.netflix.discovery.DiscoveryClient.renew(DiscoveryClient.java:837)
	at com.netflix.discovery.DiscoveryClient$HeartbeatThread.run(DiscoveryClient.java:1401)
	at java.base/java.util.concurrent.Executors$RunnableAdapter.call(Executors.java:572)
	at java.base/java.util.concurrent.FutureTask.run(FutureTask.java:317)
	at java.base/java.util.concurrent.ThreadPoolExecutor.runWorker(ThreadPoolExecutor.java:1144)
	at java.base/java.util.concurrent.ThreadPoolExecutor$Worker.run(ThreadPoolExecutor.java:642)
	at java.base/java.lang.Thread.run(Thread.java:1583)
2026-05-02 23:05:01.903 [DiscoveryClient-CacheRefreshExecutor-0] WARN  c.n.d.s.t.d.RetryableEurekaHttpClient - Request execution failed with message: I/O error on GET request for "http://localhost:8761/eureka/apps/": Connect to http://localhost:8761 [localhost/127.0.0.1, localhost/0:0:0:0:0:0:0:1] failed: Connection refused: getsockopt
2026-05-02 23:05:01.940 [DiscoveryClient-InstanceInfoReplicator-0] WARN  c.n.d.s.t.d.RetryableEurekaHttpClient - Request execution failed with message: I/O error on POST request for "http://localhost:8761/eureka/apps/NOTIFICATION-SERVICE": Connect to http://localhost:8761 [localhost/127.0.0.1, localhost/0:0:0:0:0:0:0:1] failed: Connection refused: getsockopt
2026-05-02 23:05:01.940 [DiscoveryClient-InstanceInfoReplicator-0] WARN  c.netflix.discovery.DiscoveryClient - DiscoveryClient_NOTIFICATION-SERVICE/172.21.160.138:notification-service:9096 - registration failed Cannot execute request on any known server
com.netflix.discovery.shared.transport.TransportException: Cannot execute request on any known server
	at com.netflix.discovery.shared.transport.decorator.RetryableEurekaHttpClient.execute(RetryableEurekaHttpClient.java:112)
	at com.netflix.discovery.shared.transport.decorator.EurekaHttpClientDecorator.register(EurekaHttpClientDecorator.java:56)
	at com.netflix.discovery.shared.transport.decorator.EurekaHttpClientDecorator$1.execute(EurekaHttpClientDecorator.java:59)
	at com.netflix.discovery.shared.transport.decorator.SessionedEurekaHttpClient.execute(SessionedEurekaHttpClient.java:77)
	at com.netflix.discovery.shared.transport.decorator.EurekaHttpClientDecorator.register(EurekaHttpClientDecorator.java:56)
	at com.netflix.discovery.DiscoveryClient.register(DiscoveryClient.java:820)
	at com.netflix.discovery.InstanceInfoReplicator.run(InstanceInfoReplicator.java:121)
	at java.base/java.util.concurrent.Executors$RunnableAdapter.call(Executors.java:572)
	at java.base/java.util.concurrent.FutureTask.run(FutureTask.java:317)
	at java.base/java.util.concurrent.ScheduledThreadPoolExecutor$ScheduledFutureTask.run(ScheduledThreadPoolExecutor.java:304)
	at java.base/java.util.concurrent.ThreadPoolExecutor.runWorker(ThreadPoolExecutor.java:1144)
	at java.base/java.util.concurrent.ThreadPoolExecutor$Worker.run(ThreadPoolExecutor.java:642)
	at java.base/java.lang.Thread.run(Thread.java:1583)
2026-05-02 23:05:01.940 [DiscoveryClient-InstanceInfoReplicator-0] WARN  c.n.discovery.InstanceInfoReplicator - There was a problem with the instance info replicator
com.netflix.discovery.shared.transport.TransportException: Cannot execute request on any known server
	at com.netflix.discovery.shared.transport.decorator.RetryableEurekaHttpClient.execute(RetryableEurekaHttpClient.java:112)
	at com.netflix.discovery.shared.transport.decorator.EurekaHttpClientDecorator.register(EurekaHttpClientDecorator.java:56)
	at com.netflix.discovery.shared.transport.decorator.EurekaHttpClientDecorator$1.execute(EurekaHttpClientDecorator.java:59)
	at com.netflix.discovery.shared.transport.decorator.SessionedEurekaHttpClient.execute(SessionedEurekaHttpClient.java:77)
	at com.netflix.discovery.shared.transport.decorator.EurekaHttpClientDecorator.register(EurekaHttpClientDecorator.java:56)
	at com.netflix.discovery.DiscoveryClient.register(DiscoveryClient.java:820)
	at com.netflix.discovery.InstanceInfoReplicator.run(InstanceInfoReplicator.java:121)
	at java.base/java.util.concurrent.Executors$RunnableAdapter.call(Executors.java:572)
	at java.base/java.util.concurrent.FutureTask.run(FutureTask.java:317)
	at java.base/java.util.concurrent.ScheduledThreadPoolExecutor$ScheduledFutureTask.run(ScheduledThreadPoolExecutor.java:304)
	at java.base/java.util.concurrent.ThreadPoolExecutor.runWorker(ThreadPoolExecutor.java:1144)
	at java.base/java.util.concurrent.ThreadPoolExecutor$Worker.run(ThreadPoolExecutor.java:642)
	at java.base/java.lang.Thread.run(Thread.java:1583)
2026-05-02 23:05:31.915 [DiscoveryClient-HeartbeatExecutor-0] WARN  c.n.d.s.t.d.RetryableEurekaHttpClient - Request execution failed with message: I/O error on PUT request for "http://localhost:8761/eureka/apps/NOTIFICATION-SERVICE/172.21.160.138:notification-service:9096": Connect to http://localhost:8761 [localhost/127.0.0.1, localhost/0:0:0:0:0:0:0:1] failed: Connection refused: getsockopt
2026-05-02 23:05:31.915 [DiscoveryClient-HeartbeatExecutor-0] ERROR c.netflix.discovery.DiscoveryClient - DiscoveryClient_NOTIFICATION-SERVICE/172.21.160.138:notification-service:9096 - was unable to send heartbeat!
com.netflix.discovery.shared.transport.TransportException: Cannot execute request on any known server
	at com.netflix.discovery.shared.transport.decorator.RetryableEurekaHttpClient.execute(RetryableEurekaHttpClient.java:112)
	at com.netflix.discovery.shared.transport.decorator.EurekaHttpClientDecorator.sendHeartBeat(EurekaHttpClientDecorator.java:89)
	at com.netflix.discovery.shared.transport.decorator.EurekaHttpClientDecorator$3.execute(EurekaHttpClientDecorator.java:92)
	at com.netflix.discovery.shared.transport.decorator.SessionedEurekaHttpClient.execute(SessionedEurekaHttpClient.java:77)
	at com.netflix.discovery.shared.transport.decorator.EurekaHttpClientDecorator.sendHeartBeat(EurekaHttpClientDecorator.java:89)
	at com.netflix.discovery.DiscoveryClient.renew(DiscoveryClient.java:837)
	at com.netflix.discovery.DiscoveryClient$HeartbeatThread.run(DiscoveryClient.java:1401)
	at java.base/java.util.concurrent.Executors$RunnableAdapter.call(Executors.java:572)
	at java.base/java.util.concurrent.FutureTask.run(FutureTask.java:317)
	at java.base/java.util.concurrent.ThreadPoolExecutor.runWorker(ThreadPoolExecutor.java:1144)
	at java.base/java.util.concurrent.ThreadPoolExecutor$Worker.run(ThreadPoolExecutor.java:642)
	at java.base/java.lang.Thread.run(Thread.java:1583)
2026-05-02 23:05:31.933 [DiscoveryClient-CacheRefreshExecutor-0] WARN  c.n.d.s.t.d.RetryableEurekaHttpClient - Request execution failed with message: I/O error on GET request for "http://localhost:8761/eureka/apps/": Connect to http://localhost:8761 [localhost/127.0.0.1, localhost/0:0:0:0:0:0:0:1] failed: Connection refused: getsockopt
2026-05-02 23:05:31.975 [DiscoveryClient-InstanceInfoReplicator-0] WARN  c.n.d.s.t.d.RetryableEurekaHttpClient - Request execution failed with message: I/O error on POST request for "http://localhost:8761/eureka/apps/NOTIFICATION-SERVICE": Connect to http://localhost:8761 [localhost/127.0.0.1, localhost/0:0:0:0:0:0:0:1] failed: Connection refused: getsockopt
2026-05-02 23:05:31.975 [DiscoveryClient-InstanceInfoReplicator-0] WARN  c.netflix.discovery.DiscoveryClient - DiscoveryClient_NOTIFICATION-SERVICE/172.21.160.138:notification-service:9096 - registration failed Cannot execute request on any known server
com.netflix.discovery.shared.transport.TransportException: Cannot execute request on any known server
	at com.netflix.discovery.shared.transport.decorator.RetryableEurekaHttpClient.execute(RetryableEurekaHttpClient.java:112)
	at com.netflix.discovery.shared.transport.decorator.EurekaHttpClientDecorator.register(EurekaHttpClientDecorator.java:56)
	at com.netflix.discovery.shared.transport.decorator.EurekaHttpClientDecorator$1.execute(EurekaHttpClientDecorator.java:59)
	at com.netflix.discovery.shared.transport.decorator.SessionedEurekaHttpClient.execute(SessionedEurekaHttpClient.java:77)
	at com.netflix.discovery.shared.transport.decorator.EurekaHttpClientDecorator.register(EurekaHttpClientDecorator.java:56)
	at com.netflix.discovery.DiscoveryClient.register(DiscoveryClient.java:820)
	at com.netflix.discovery.InstanceInfoReplicator.run(InstanceInfoReplicator.java:121)
	at java.base/java.util.concurrent.Executors$RunnableAdapter.call(Executors.java:572)
	at java.base/java.util.concurrent.FutureTask.run(FutureTask.java:317)
	at java.base/java.util.concurrent.ScheduledThreadPoolExecutor$ScheduledFutureTask.run(ScheduledThreadPoolExecutor.java:304)
	at java.base/java.util.concurrent.ThreadPoolExecutor.runWorker(ThreadPoolExecutor.java:1144)
	at java.base/java.util.concurrent.ThreadPoolExecutor$Worker.run(ThreadPoolExecutor.java:642)
	at java.base/java.lang.Thread.run(Thread.java:1583)
2026-05-02 23:05:31.978 [DiscoveryClient-InstanceInfoReplicator-0] WARN  c.n.discovery.InstanceInfoReplicator - There was a problem with the instance info replicator
com.netflix.discovery.shared.transport.TransportException: Cannot execute request on any known server
	at com.netflix.discovery.shared.transport.decorator.RetryableEurekaHttpClient.execute(RetryableEurekaHttpClient.java:112)
	at com.netflix.discovery.shared.transport.decorator.EurekaHttpClientDecorator.register(EurekaHttpClientDecorator.java:56)
	at com.netflix.discovery.shared.transport.decorator.EurekaHttpClientDecorator$1.execute(EurekaHttpClientDecorator.java:59)
	at com.netflix.discovery.shared.transport.decorator.SessionedEurekaHttpClient.execute(SessionedEurekaHttpClient.java:77)
	at com.netflix.discovery.shared.transport.decorator.EurekaHttpClientDecorator.register(EurekaHttpClientDecorator.java:56)
	at com.netflix.discovery.DiscoveryClient.register(DiscoveryClient.java:820)
	at com.netflix.discovery.InstanceInfoReplicator.run(InstanceInfoReplicator.java:121)
	at java.base/java.util.concurrent.Executors$RunnableAdapter.call(Executors.java:572)
	at java.base/java.util.concurrent.FutureTask.run(FutureTask.java:317)
	at java.base/java.util.concurrent.ScheduledThreadPoolExecutor$ScheduledFutureTask.run(ScheduledThreadPoolExecutor.java:304)
	at java.base/java.util.concurrent.ThreadPoolExecutor.runWorker(ThreadPoolExecutor.java:1144)
	at java.base/java.util.concurrent.ThreadPoolExecutor$Worker.run(ThreadPoolExecutor.java:642)
	at java.base/java.lang.Thread.run(Thread.java:1583)
2026-05-02 23:15:54.774 [org.springframework.amqp.rabbit.RabbitListenerEndpointContainer#0-1] INFO  c.c.p.n.l.NotificationListener - [NOTIFICATION] type=ORDER_PLACED to=sagarpakar777@gmail.com subject=Order Placed - #38
2026-05-02 23:15:54.837 [org.springframework.amqp.rabbit.RabbitListenerEndpointContainer#0-1] INFO  c.c.p.n.service.EmailService - [EMAIL-DISABLED] Would send to=sagarpakar777@gmail.com subject='Order Placed - #38' body='Your order #38 has been placed. Total: Rs.35.00'
2026-05-02 23:21:51.749 [org.springframework.amqp.rabbit.RabbitListenerEndpointContainer#0-1] INFO  c.c.p.n.l.NotificationListener - [NOTIFICATION] type=ORDER_PLACED to=sagarpakar777@gmail.com subject=Order Placed - #39
2026-05-02 23:21:51.801 [org.springframework.amqp.rabbit.RabbitListenerEndpointContainer#0-1] INFO  c.c.p.n.service.EmailService - [EMAIL-DISABLED] Would send to=sagarpakar777@gmail.com subject='Order Placed - #39' body='Your order #39 has been placed. Total: Rs.50.00'
