2026-05-01 22:57:57.776 [main] INFO  c.c.p.o.OrderServiceApplication - Starting OrderServiceApplication using Java 21.0.7 with PID 20300 (D:\yosker\PharmacyOnline\janviProject\pharmacy-microservices\order-service\target\order-service-1.0.0.jar started by V in D:\yosker\PharmacyOnline\janviProject\pharmacy-microservices)
2026-05-01 22:57:57.780 [main] INFO  c.c.p.o.OrderServiceApplication - No active profile set, falling back to 1 default profile: "default"
2026-05-01 22:58:03.355 [main] WARN  o.s.c.s.PostProcessorRegistrationDelegate$BeanPostProcessorChecker - Bean 'org.springframework.cloud.client.loadbalancer.LoadBalancerAutoConfiguration$DeferringLoadBalancerInterceptorConfig' of type [org.springframework.cloud.client.loadbalancer.LoadBalancerAutoConfiguration$DeferringLoadBalancerInterceptorConfig] is not eligible for getting processed by all BeanPostProcessors (for example: not eligible for auto-proxying). The currently created BeanPostProcessor [lbRestClientPostProcessor] is declared through a non-static factory method on that class; consider declaring it as static instead.
2026-05-01 22:58:03.362 [main] WARN  o.s.c.s.PostProcessorRegistrationDelegate$BeanPostProcessorChecker - Bean 'deferringLoadBalancerInterceptor' of type [org.springframework.cloud.client.loadbalancer.DeferringLoadBalancerInterceptor] is not eligible for getting processed by all BeanPostProcessors (for example: not eligible for auto-proxying). Is this bean getting eagerly injected into a currently created BeanPostProcessor [lbRestClientPostProcessor]? Check the corresponding BeanPostProcessor declaration and its dependencies.
2026-05-01 22:58:04.097 [main] INFO  o.a.coyote.http11.Http11NioProtocol - Initializing ProtocolHandler ["http-nio-9093"]
2026-05-01 22:58:04.104 [main] INFO  o.a.catalina.core.StandardService - Starting service [Tomcat]
2026-05-01 22:58:04.104 [main] INFO  o.a.catalina.core.StandardEngine - Starting Servlet engine: [Apache Tomcat/10.1.20]
2026-05-01 22:58:04.201 [main] INFO  o.a.c.c.C.[Tomcat].[localhost].[/] - Initializing Spring embedded WebApplicationContext
2026-05-01 22:58:06.713 [main] INFO  com.zaxxer.hikari.HikariDataSource - HikariPool-1 - Starting...
2026-05-01 22:58:08.058 [main] ERROR com.zaxxer.hikari.pool.HikariPool - HikariPool-1 - Exception during pool initialization.
java.sql.SQLException: Access denied for user 'root'@'localhost' (using password: YES)
	at com.mysql.cj.jdbc.exceptions.SQLError.createSQLException(SQLError.java:130)
	at com.mysql.cj.jdbc.exceptions.SQLExceptionsMapping.translateException(SQLExceptionsMapping.java:122)
	at com.mysql.cj.jdbc.ConnectionImpl.createNewIO(ConnectionImpl.java:815)
	at com.mysql.cj.jdbc.ConnectionImpl.<init>(ConnectionImpl.java:438)
	at com.mysql.cj.jdbc.ConnectionImpl.getInstance(ConnectionImpl.java:241)
	at com.mysql.cj.jdbc.NonRegisteringDriver.connect(NonRegisteringDriver.java:189)
	at com.zaxxer.hikari.util.DriverDataSource.getConnection(DriverDataSource.java:138)
	at com.zaxxer.hikari.pool.PoolBase.newConnection(PoolBase.java:359)
	at com.zaxxer.hikari.pool.PoolBase.newPoolEntry(PoolBase.java:201)
	at com.zaxxer.hikari.pool.HikariPool.createPoolEntry(HikariPool.java:470)
	at com.zaxxer.hikari.pool.HikariPool.checkFailFast(HikariPool.java:561)
	at com.zaxxer.hikari.pool.HikariPool.<init>(HikariPool.java:100)
	at com.zaxxer.hikari.HikariDataSource.getConnection(HikariDataSource.java:112)
	at org.hibernate.engine.jdbc.connections.internal.DatasourceConnectionProviderImpl.getConnection(DatasourceConnectionProviderImpl.java:122)
	at org.hibernate.engine.jdbc.env.internal.JdbcEnvironmentInitiator$ConnectionProviderJdbcConnectionAccess.obtainConnection(JdbcEnvironmentInitiator.java:428)
	at org.hibernate.resource.transaction.backend.jdbc.internal.JdbcIsolationDelegate.delegateWork(JdbcIsolationDelegate.java:61)
	at org.hibernate.engine.jdbc.env.internal.JdbcEnvironmentInitiator.getJdbcEnvironmentUsingJdbcMetadata(JdbcEnvironmentInitiator.java:276)
	at org.hibernate.engine.jdbc.env.internal.JdbcEnvironmentInitiator.initiateService(JdbcEnvironmentInitiator.java:107)
	at org.hibernate.engine.jdbc.env.internal.JdbcEnvironmentInitiator.initiateService(JdbcEnvironmentInitiator.java:68)
	at org.hibernate.boot.registry.internal.StandardServiceRegistryImpl.initiateService(StandardServiceRegistryImpl.java:130)
	at org.hibernate.service.internal.AbstractServiceRegistryImpl.createService(AbstractServiceRegistryImpl.java:263)
	at org.hibernate.service.internal.AbstractServiceRegistryImpl.initializeService(AbstractServiceRegistryImpl.java:238)
	at org.hibernate.service.internal.AbstractServiceRegistryImpl.getService(AbstractServiceRegistryImpl.java:215)
	at org.hibernate.boot.model.relational.Database.<init>(Database.java:45)
	at org.hibernate.boot.internal.InFlightMetadataCollectorImpl.getDatabase(InFlightMetadataCollectorImpl.java:223)
	at org.hibernate.boot.internal.InFlightMetadataCollectorImpl.<init>(InFlightMetadataCollectorImpl.java:191)
	at org.hibernate.boot.model.process.spi.MetadataBuildingProcess.complete(MetadataBuildingProcess.java:170)
	at org.hibernate.jpa.boot.internal.EntityManagerFactoryBuilderImpl.metadata(EntityManagerFactoryBuilderImpl.java:1432)
	at org.hibernate.jpa.boot.internal.EntityManagerFactoryBuilderImpl.build(EntityManagerFactoryBuilderImpl.java:1503)
	at org.springframework.orm.jpa.vendor.SpringHibernateJpaPersistenceProvider.createContainerEntityManagerFactory(SpringHibernateJpaPersistenceProvider.java:75)
	at org.springframework.orm.jpa.LocalContainerEntityManagerFactoryBean.createNativeEntityManagerFactory(LocalContainerEntityManagerFactoryBean.java:390)
	at org.springframework.orm.jpa.AbstractEntityManagerFactoryBean.buildNativeEntityManagerFactory(AbstractEntityManagerFactoryBean.java:409)
	at org.springframework.orm.jpa.AbstractEntityManagerFactoryBean.afterPropertiesSet(AbstractEntityManagerFactoryBean.java:396)
	at org.springframework.orm.jpa.LocalContainerEntityManagerFactoryBean.afterPropertiesSet(LocalContainerEntityManagerFactoryBean.java:366)
	at org.springframework.beans.factory.support.AbstractAutowireCapableBeanFactory.invokeInitMethods(AbstractAutowireCapableBeanFactory.java:1833)
	at org.springframework.beans.factory.support.AbstractAutowireCapableBeanFactory.initializeBean(AbstractAutowireCapableBeanFactory.java:1782)
	at org.springframework.beans.factory.support.AbstractAutowireCapableBeanFactory.doCreateBean(AbstractAutowireCapableBeanFactory.java:600)
	at org.springframework.beans.factory.support.AbstractAutowireCapableBeanFactory.createBean(AbstractAutowireCapableBeanFactory.java:522)
	at org.springframework.beans.factory.support.AbstractBeanFactory.lambda$doGetBean$0(AbstractBeanFactory.java:326)
	at org.springframework.beans.factory.support.DefaultSingletonBeanRegistry.getSingleton(DefaultSingletonBeanRegistry.java:234)
	at org.springframework.beans.factory.support.AbstractBeanFactory.doGetBean(AbstractBeanFactory.java:324)
	at org.springframework.beans.factory.support.AbstractBeanFactory.getBean(AbstractBeanFactory.java:200)
	at org.springframework.context.support.AbstractApplicationContext.getBean(AbstractApplicationContext.java:1234)
	at org.springframework.context.support.AbstractApplicationContext.finishBeanFactoryInitialization(AbstractApplicationContext.java:952)
	at org.springframework.context.support.AbstractApplicationContext.refresh(AbstractApplicationContext.java:624)
	at org.springframework.boot.web.servlet.context.ServletWebServerApplicationContext.refresh(ServletWebServerApplicationContext.java:146)
	at org.springframework.boot.SpringApplication.refresh(SpringApplication.java:754)
	at org.springframework.boot.SpringApplication.refreshContext(SpringApplication.java:456)
	at org.springframework.boot.SpringApplication.run(SpringApplication.java:334)
	at org.springframework.boot.SpringApplication.run(SpringApplication.java:1354)
	at org.springframework.boot.SpringApplication.run(SpringApplication.java:1343)
	at com.capg.pharma.orderservice.OrderServiceApplication.main(OrderServiceApplication.java:28)
	at java.base/jdk.internal.reflect.DirectMethodHandleAccessor.invoke(DirectMethodHandleAccessor.java:103)
	at java.base/java.lang.reflect.Method.invoke(Method.java:580)
	at org.springframework.boot.loader.launch.Launcher.launch(Launcher.java:91)
	at org.springframework.boot.loader.launch.Launcher.launch(Launcher.java:53)
	at org.springframework.boot.loader.launch.JarLauncher.main(JarLauncher.java:58)
2026-05-01 22:58:08.082 [main] WARN  o.h.e.j.e.i.JdbcEnvironmentInitiator - HHH000342: Could not obtain connection to query metadata
java.lang.NullPointerException: Cannot invoke "org.hibernate.engine.jdbc.spi.SqlExceptionHelper.convert(java.sql.SQLException, String)" because the return value of "org.hibernate.resource.transaction.backend.jdbc.internal.JdbcIsolationDelegate.sqlExceptionHelper()" is null
	at org.hibernate.resource.transaction.backend.jdbc.internal.JdbcIsolationDelegate.delegateWork(JdbcIsolationDelegate.java:116)
	at org.hibernate.engine.jdbc.env.internal.JdbcEnvironmentInitiator.getJdbcEnvironmentUsingJdbcMetadata(JdbcEnvironmentInitiator.java:276)
	at org.hibernate.engine.jdbc.env.internal.JdbcEnvironmentInitiator.initiateService(JdbcEnvironmentInitiator.java:107)
	at org.hibernate.engine.jdbc.env.internal.JdbcEnvironmentInitiator.initiateService(JdbcEnvironmentInitiator.java:68)
	at org.hibernate.boot.registry.internal.StandardServiceRegistryImpl.initiateService(StandardServiceRegistryImpl.java:130)
	at org.hibernate.service.internal.AbstractServiceRegistryImpl.createService(AbstractServiceRegistryImpl.java:263)
	at org.hibernate.service.internal.AbstractServiceRegistryImpl.initializeService(AbstractServiceRegistryImpl.java:238)
	at org.hibernate.service.internal.AbstractServiceRegistryImpl.getService(AbstractServiceRegistryImpl.java:215)
	at org.hibernate.boot.model.relational.Database.<init>(Database.java:45)
	at org.hibernate.boot.internal.InFlightMetadataCollectorImpl.getDatabase(InFlightMetadataCollectorImpl.java:223)
	at org.hibernate.boot.internal.InFlightMetadataCollectorImpl.<init>(InFlightMetadataCollectorImpl.java:191)
	at org.hibernate.boot.model.process.spi.MetadataBuildingProcess.complete(MetadataBuildingProcess.java:170)
	at org.hibernate.jpa.boot.internal.EntityManagerFactoryBuilderImpl.metadata(EntityManagerFactoryBuilderImpl.java:1432)
	at org.hibernate.jpa.boot.internal.EntityManagerFactoryBuilderImpl.build(EntityManagerFactoryBuilderImpl.java:1503)
	at org.springframework.orm.jpa.vendor.SpringHibernateJpaPersistenceProvider.createContainerEntityManagerFactory(SpringHibernateJpaPersistenceProvider.java:75)
	at org.springframework.orm.jpa.LocalContainerEntityManagerFactoryBean.createNativeEntityManagerFactory(LocalContainerEntityManagerFactoryBean.java:390)
	at org.springframework.orm.jpa.AbstractEntityManagerFactoryBean.buildNativeEntityManagerFactory(AbstractEntityManagerFactoryBean.java:409)
	at org.springframework.orm.jpa.AbstractEntityManagerFactoryBean.afterPropertiesSet(AbstractEntityManagerFactoryBean.java:396)
	at org.springframework.orm.jpa.LocalContainerEntityManagerFactoryBean.afterPropertiesSet(LocalContainerEntityManagerFactoryBean.java:366)
	at org.springframework.beans.factory.support.AbstractAutowireCapableBeanFactory.invokeInitMethods(AbstractAutowireCapableBeanFactory.java:1833)
	at org.springframework.beans.factory.support.AbstractAutowireCapableBeanFactory.initializeBean(AbstractAutowireCapableBeanFactory.java:1782)
	at org.springframework.beans.factory.support.AbstractAutowireCapableBeanFactory.doCreateBean(AbstractAutowireCapableBeanFactory.java:600)
	at org.springframework.beans.factory.support.AbstractAutowireCapableBeanFactory.createBean(AbstractAutowireCapableBeanFactory.java:522)
	at org.springframework.beans.factory.support.AbstractBeanFactory.lambda$doGetBean$0(AbstractBeanFactory.java:326)
	at org.springframework.beans.factory.support.DefaultSingletonBeanRegistry.getSingleton(DefaultSingletonBeanRegistry.java:234)
	at org.springframework.beans.factory.support.AbstractBeanFactory.doGetBean(AbstractBeanFactory.java:324)
	at org.springframework.beans.factory.support.AbstractBeanFactory.getBean(AbstractBeanFactory.java:200)
	at org.springframework.context.support.AbstractApplicationContext.getBean(AbstractApplicationContext.java:1234)
	at org.springframework.context.support.AbstractApplicationContext.finishBeanFactoryInitialization(AbstractApplicationContext.java:952)
	at org.springframework.context.support.AbstractApplicationContext.refresh(AbstractApplicationContext.java:624)
	at org.springframework.boot.web.servlet.context.ServletWebServerApplicationContext.refresh(ServletWebServerApplicationContext.java:146)
	at org.springframework.boot.SpringApplication.refresh(SpringApplication.java:754)
	at org.springframework.boot.SpringApplication.refreshContext(SpringApplication.java:456)
	at org.springframework.boot.SpringApplication.run(SpringApplication.java:334)
	at org.springframework.boot.SpringApplication.run(SpringApplication.java:1354)
	at org.springframework.boot.SpringApplication.run(SpringApplication.java:1343)
	at com.capg.pharma.orderservice.OrderServiceApplication.main(OrderServiceApplication.java:28)
	at java.base/jdk.internal.reflect.DirectMethodHandleAccessor.invoke(DirectMethodHandleAccessor.java:103)
	at java.base/java.lang.reflect.Method.invoke(Method.java:580)
	at org.springframework.boot.loader.launch.Launcher.launch(Launcher.java:91)
	at org.springframework.boot.loader.launch.Launcher.launch(Launcher.java:53)
	at org.springframework.boot.loader.launch.JarLauncher.main(JarLauncher.java:58)
2026-05-01 22:58:08.152 [main] WARN  org.hibernate.orm.deprecation - HHH90000025: MySQLDialect does not need to be specified explicitly using 'hibernate.dialect' (remove the property setting and it will be selected by default)
2026-05-01 22:58:09.903 [main] INFO  com.zaxxer.hikari.HikariDataSource - HikariPool-1 - Starting...
2026-05-01 22:58:10.958 [main] ERROR com.zaxxer.hikari.pool.HikariPool - HikariPool-1 - Exception during pool initialization.
java.sql.SQLException: Access denied for user 'root'@'localhost' (using password: YES)
	at com.mysql.cj.jdbc.exceptions.SQLError.createSQLException(SQLError.java:130)
	at com.mysql.cj.jdbc.exceptions.SQLExceptionsMapping.translateException(SQLExceptionsMapping.java:122)
	at com.mysql.cj.jdbc.ConnectionImpl.createNewIO(ConnectionImpl.java:815)
	at com.mysql.cj.jdbc.ConnectionImpl.<init>(ConnectionImpl.java:438)
	at com.mysql.cj.jdbc.ConnectionImpl.getInstance(ConnectionImpl.java:241)
	at com.mysql.cj.jdbc.NonRegisteringDriver.connect(NonRegisteringDriver.java:189)
	at com.zaxxer.hikari.util.DriverDataSource.getConnection(DriverDataSource.java:138)
	at com.zaxxer.hikari.pool.PoolBase.newConnection(PoolBase.java:359)
	at com.zaxxer.hikari.pool.PoolBase.newPoolEntry(PoolBase.java:201)
	at com.zaxxer.hikari.pool.HikariPool.createPoolEntry(HikariPool.java:470)
	at com.zaxxer.hikari.pool.HikariPool.checkFailFast(HikariPool.java:561)
	at com.zaxxer.hikari.pool.HikariPool.<init>(HikariPool.java:100)
	at com.zaxxer.hikari.HikariDataSource.getConnection(HikariDataSource.java:112)
	at org.hibernate.engine.jdbc.connections.internal.DatasourceConnectionProviderImpl.getConnection(DatasourceConnectionProviderImpl.java:122)
	at org.hibernate.engine.jdbc.env.internal.JdbcEnvironmentInitiator$ConnectionProviderJdbcConnectionAccess.obtainConnection(JdbcEnvironmentInitiator.java:428)
	at org.hibernate.resource.transaction.backend.jdbc.internal.DdlTransactionIsolatorNonJtaImpl.getIsolatedConnection(DdlTransactionIsolatorNonJtaImpl.java:46)
	at org.hibernate.resource.transaction.backend.jdbc.internal.DdlTransactionIsolatorNonJtaImpl.getIsolatedConnection(DdlTransactionIsolatorNonJtaImpl.java:39)
	at org.hibernate.tool.schema.internal.exec.ImprovedExtractionContextImpl.getJdbcConnection(ImprovedExtractionContextImpl.java:63)
	at org.hibernate.tool.schema.internal.exec.ImprovedExtractionContextImpl.getJdbcDatabaseMetaData(ImprovedExtractionContextImpl.java:70)
	at org.hibernate.tool.schema.extract.internal.InformationExtractorJdbcDatabaseMetaDataImpl.processTableResultSet(InformationExtractorJdbcDatabaseMetaDataImpl.java:64)
	at org.hibernate.tool.schema.extract.internal.AbstractInformationExtractorImpl.getTables(AbstractInformationExtractorImpl.java:570)
	at org.hibernate.tool.schema.extract.internal.DatabaseInformationImpl.getTablesInformation(DatabaseInformationImpl.java:122)
	at org.hibernate.tool.schema.internal.GroupedSchemaMigratorImpl.performTablesMigration(GroupedSchemaMigratorImpl.java:72)
	at org.hibernate.tool.schema.internal.AbstractSchemaMigrator.performMigration(AbstractSchemaMigrator.java:232)
	at org.hibernate.tool.schema.internal.AbstractSchemaMigrator.doMigration(AbstractSchemaMigrator.java:117)
	at org.hibernate.tool.schema.spi.SchemaManagementToolCoordinator.performDatabaseAction(SchemaManagementToolCoordinator.java:286)
	at org.hibernate.tool.schema.spi.SchemaManagementToolCoordinator.lambda$process$5(SchemaManagementToolCoordinator.java:145)
	at java.base/java.util.HashMap.forEach(HashMap.java:1429)
	at org.hibernate.tool.schema.spi.SchemaManagementToolCoordinator.process(SchemaManagementToolCoordinator.java:142)
	at org.hibernate.boot.internal.SessionFactoryObserverForSchemaExport.sessionFactoryCreated(SessionFactoryObserverForSchemaExport.java:37)
	at org.hibernate.internal.SessionFactoryObserverChain.sessionFactoryCreated(SessionFactoryObserverChain.java:35)
	at org.hibernate.internal.SessionFactoryImpl.<init>(SessionFactoryImpl.java:315)
	at org.hibernate.boot.internal.SessionFactoryBuilderImpl.build(SessionFactoryBuilderImpl.java:450)
	at org.hibernate.jpa.boot.internal.EntityManagerFactoryBuilderImpl.build(EntityManagerFactoryBuilderImpl.java:1507)
	at org.springframework.orm.jpa.vendor.SpringHibernateJpaPersistenceProvider.createContainerEntityManagerFactory(SpringHibernateJpaPersistenceProvider.java:75)
	at org.springframework.orm.jpa.LocalContainerEntityManagerFactoryBean.createNativeEntityManagerFactory(LocalContainerEntityManagerFactoryBean.java:390)
	at org.springframework.orm.jpa.AbstractEntityManagerFactoryBean.buildNativeEntityManagerFactory(AbstractEntityManagerFactoryBean.java:409)
	at org.springframework.orm.jpa.AbstractEntityManagerFactoryBean.afterPropertiesSet(AbstractEntityManagerFactoryBean.java:396)
	at org.springframework.orm.jpa.LocalContainerEntityManagerFactoryBean.afterPropertiesSet(LocalContainerEntityManagerFactoryBean.java:366)
	at org.springframework.beans.factory.support.AbstractAutowireCapableBeanFactory.invokeInitMethods(AbstractAutowireCapableBeanFactory.java:1833)
	at org.springframework.beans.factory.support.AbstractAutowireCapableBeanFactory.initializeBean(AbstractAutowireCapableBeanFactory.java:1782)
	at org.springframework.beans.factory.support.AbstractAutowireCapableBeanFactory.doCreateBean(AbstractAutowireCapableBeanFactory.java:600)
	at org.springframework.beans.factory.support.AbstractAutowireCapableBeanFactory.createBean(AbstractAutowireCapableBeanFactory.java:522)
	at org.springframework.beans.factory.support.AbstractBeanFactory.lambda$doGetBean$0(AbstractBeanFactory.java:326)
	at org.springframework.beans.factory.support.DefaultSingletonBeanRegistry.getSingleton(DefaultSingletonBeanRegistry.java:234)
	at org.springframework.beans.factory.support.AbstractBeanFactory.doGetBean(AbstractBeanFactory.java:324)
	at org.springframework.beans.factory.support.AbstractBeanFactory.getBean(AbstractBeanFactory.java:200)
	at org.springframework.context.support.AbstractApplicationContext.getBean(AbstractApplicationContext.java:1234)
	at org.springframework.context.support.AbstractApplicationContext.finishBeanFactoryInitialization(AbstractApplicationContext.java:952)
	at org.springframework.context.support.AbstractApplicationContext.refresh(AbstractApplicationContext.java:624)
	at org.springframework.boot.web.servlet.context.ServletWebServerApplicationContext.refresh(ServletWebServerApplicationContext.java:146)
	at org.springframework.boot.SpringApplication.refresh(SpringApplication.java:754)
	at org.springframework.boot.SpringApplication.refreshContext(SpringApplication.java:456)
	at org.springframework.boot.SpringApplication.run(SpringApplication.java:334)
	at org.springframework.boot.SpringApplication.run(SpringApplication.java:1354)
	at org.springframework.boot.SpringApplication.run(SpringApplication.java:1343)
	at com.capg.pharma.orderservice.OrderServiceApplication.main(OrderServiceApplication.java:28)
	at java.base/jdk.internal.reflect.DirectMethodHandleAccessor.invoke(DirectMethodHandleAccessor.java:103)
	at java.base/java.lang.reflect.Method.invoke(Method.java:580)
	at org.springframework.boot.loader.launch.Launcher.launch(Launcher.java:91)
	at org.springframework.boot.loader.launch.Launcher.launch(Launcher.java:53)
	at org.springframework.boot.loader.launch.JarLauncher.main(JarLauncher.java:58)
2026-05-01 22:58:10.974 [main] WARN  o.h.e.jdbc.spi.SqlExceptionHelper - SQL Error: 1045, SQLState: 28000
2026-05-01 22:58:10.981 [main] ERROR o.h.e.jdbc.spi.SqlExceptionHelper - Access denied for user 'root'@'localhost' (using password: YES)
2026-05-01 22:58:10.994 [main] ERROR o.s.o.j.LocalContainerEntityManagerFactoryBean - Failed to initialize JPA EntityManagerFactory: [PersistenceUnit: default] Unable to build Hibernate SessionFactory; nested exception is org.hibernate.exception.GenericJDBCException: Unable to open JDBC Connection for DDL execution [Access denied for user 'root'@'localhost' (using password: YES)] [n/a]
2026-05-01 22:58:10.994 [main] WARN  o.s.b.w.s.c.AnnotationConfigServletWebServerApplicationContext - Exception encountered during context initialization - cancelling refresh attempt: org.springframework.beans.factory.BeanCreationException: Error creating bean with name 'entityManagerFactory' defined in class path resource [org/springframework/boot/autoconfigure/orm/jpa/HibernateJpaConfiguration.class]: [PersistenceUnit: default] Unable to build Hibernate SessionFactory; nested exception is org.hibernate.exception.GenericJDBCException: Unable to open JDBC Connection for DDL execution [Access denied for user 'root'@'localhost' (using password: YES)] [n/a]
2026-05-01 22:58:12.004 [main] WARN  z.r.AsyncReporter$BoundedAsyncReporter - Timed out waiting for in-flight spans to send
2026-05-01 22:58:12.009 [main] INFO  o.a.catalina.core.StandardService - Stopping service [Tomcat]
2026-05-01 22:58:12.091 [main] ERROR o.s.boot.SpringApplication - Application run failed
org.springframework.beans.factory.BeanCreationException: Error creating bean with name 'entityManagerFactory' defined in class path resource [org/springframework/boot/autoconfigure/orm/jpa/HibernateJpaConfiguration.class]: [PersistenceUnit: default] Unable to build Hibernate SessionFactory; nested exception is org.hibernate.exception.GenericJDBCException: Unable to open JDBC Connection for DDL execution [Access denied for user 'root'@'localhost' (using password: YES)] [n/a]
	at org.springframework.beans.factory.support.AbstractAutowireCapableBeanFactory.initializeBean(AbstractAutowireCapableBeanFactory.java:1786)
	at org.springframework.beans.factory.support.AbstractAutowireCapableBeanFactory.doCreateBean(AbstractAutowireCapableBeanFactory.java:600)
	at org.springframework.beans.factory.support.AbstractAutowireCapableBeanFactory.createBean(AbstractAutowireCapableBeanFactory.java:522)
	at org.springframework.beans.factory.support.AbstractBeanFactory.lambda$doGetBean$0(AbstractBeanFactory.java:326)
	at org.springframework.beans.factory.support.DefaultSingletonBeanRegistry.getSingleton(DefaultSingletonBeanRegistry.java:234)
	at org.springframework.beans.factory.support.AbstractBeanFactory.doGetBean(AbstractBeanFactory.java:324)
	at org.springframework.beans.factory.support.AbstractBeanFactory.getBean(AbstractBeanFactory.java:200)
	at org.springframework.context.support.AbstractApplicationContext.getBean(AbstractApplicationContext.java:1234)
	at org.springframework.context.support.AbstractApplicationContext.finishBeanFactoryInitialization(AbstractApplicationContext.java:952)
	at org.springframework.context.support.AbstractApplicationContext.refresh(AbstractApplicationContext.java:624)
	at org.springframework.boot.web.servlet.context.ServletWebServerApplicationContext.refresh(ServletWebServerApplicationContext.java:146)
	at org.springframework.boot.SpringApplication.refresh(SpringApplication.java:754)
	at org.springframework.boot.SpringApplication.refreshContext(SpringApplication.java:456)
	at org.springframework.boot.SpringApplication.run(SpringApplication.java:334)
	at org.springframework.boot.SpringApplication.run(SpringApplication.java:1354)
	at org.springframework.boot.SpringApplication.run(SpringApplication.java:1343)
	at com.capg.pharma.orderservice.OrderServiceApplication.main(OrderServiceApplication.java:28)
	at java.base/jdk.internal.reflect.DirectMethodHandleAccessor.invoke(DirectMethodHandleAccessor.java:103)
	at java.base/java.lang.reflect.Method.invoke(Method.java:580)
	at org.springframework.boot.loader.launch.Launcher.launch(Launcher.java:91)
	at org.springframework.boot.loader.launch.Launcher.launch(Launcher.java:53)
	at org.springframework.boot.loader.launch.JarLauncher.main(JarLauncher.java:58)
Caused by: jakarta.persistence.PersistenceException: [PersistenceUnit: default] Unable to build Hibernate SessionFactory; nested exception is org.hibernate.exception.GenericJDBCException: Unable to open JDBC Connection for DDL execution [Access denied for user 'root'@'localhost' (using password: YES)] [n/a]
	at org.springframework.orm.jpa.AbstractEntityManagerFactoryBean.buildNativeEntityManagerFactory(AbstractEntityManagerFactoryBean.java:421)
	at org.springframework.orm.jpa.AbstractEntityManagerFactoryBean.afterPropertiesSet(AbstractEntityManagerFactoryBean.java:396)
	at org.springframework.orm.jpa.LocalContainerEntityManagerFactoryBean.afterPropertiesSet(LocalContainerEntityManagerFactoryBean.java:366)
	at org.springframework.beans.factory.support.AbstractAutowireCapableBeanFactory.invokeInitMethods(AbstractAutowireCapableBeanFactory.java:1833)
	at org.springframework.beans.factory.support.AbstractAutowireCapableBeanFactory.initializeBean(AbstractAutowireCapableBeanFactory.java:1782)
	... 21 common frames omitted
Caused by: org.hibernate.exception.GenericJDBCException: Unable to open JDBC Connection for DDL execution [Access denied for user 'root'@'localhost' (using password: YES)] [n/a]
	at org.hibernate.exception.internal.StandardSQLExceptionConverter.convert(StandardSQLExceptionConverter.java:63)
	at org.hibernate.engine.jdbc.spi.SqlExceptionHelper.convert(SqlExceptionHelper.java:108)
	at org.hibernate.engine.jdbc.spi.SqlExceptionHelper.convert(SqlExceptionHelper.java:94)
	at org.hibernate.resource.transaction.backend.jdbc.internal.DdlTransactionIsolatorNonJtaImpl.getIsolatedConnection(DdlTransactionIsolatorNonJtaImpl.java:74)
	at org.hibernate.resource.transaction.backend.jdbc.internal.DdlTransactionIsolatorNonJtaImpl.getIsolatedConnection(DdlTransactionIsolatorNonJtaImpl.java:39)
	at org.hibernate.tool.schema.internal.exec.ImprovedExtractionContextImpl.getJdbcConnection(ImprovedExtractionContextImpl.java:63)
	at org.hibernate.tool.schema.internal.exec.ImprovedExtractionContextImpl.getJdbcDatabaseMetaData(ImprovedExtractionContextImpl.java:70)
	at org.hibernate.tool.schema.extract.internal.InformationExtractorJdbcDatabaseMetaDataImpl.processTableResultSet(InformationExtractorJdbcDatabaseMetaDataImpl.java:64)
	at org.hibernate.tool.schema.extract.internal.AbstractInformationExtractorImpl.getTables(AbstractInformationExtractorImpl.java:570)
	at org.hibernate.tool.schema.extract.internal.DatabaseInformationImpl.getTablesInformation(DatabaseInformationImpl.java:122)
	at org.hibernate.tool.schema.internal.GroupedSchemaMigratorImpl.performTablesMigration(GroupedSchemaMigratorImpl.java:72)
	at org.hibernate.tool.schema.internal.AbstractSchemaMigrator.performMigration(AbstractSchemaMigrator.java:232)
	at org.hibernate.tool.schema.internal.AbstractSchemaMigrator.doMigration(AbstractSchemaMigrator.java:117)
	at org.hibernate.tool.schema.spi.SchemaManagementToolCoordinator.performDatabaseAction(SchemaManagementToolCoordinator.java:286)
	at org.hibernate.tool.schema.spi.SchemaManagementToolCoordinator.lambda$process$5(SchemaManagementToolCoordinator.java:145)
	at java.base/java.util.HashMap.forEach(HashMap.java:1429)
	at org.hibernate.tool.schema.spi.SchemaManagementToolCoordinator.process(SchemaManagementToolCoordinator.java:142)
	at org.hibernate.boot.internal.SessionFactoryObserverForSchemaExport.sessionFactoryCreated(SessionFactoryObserverForSchemaExport.java:37)
	at org.hibernate.internal.SessionFactoryObserverChain.sessionFactoryCreated(SessionFactoryObserverChain.java:35)
	at org.hibernate.internal.SessionFactoryImpl.<init>(SessionFactoryImpl.java:315)
	at org.hibernate.boot.internal.SessionFactoryBuilderImpl.build(SessionFactoryBuilderImpl.java:450)
	at org.hibernate.jpa.boot.internal.EntityManagerFactoryBuilderImpl.build(EntityManagerFactoryBuilderImpl.java:1507)
	at org.springframework.orm.jpa.vendor.SpringHibernateJpaPersistenceProvider.createContainerEntityManagerFactory(SpringHibernateJpaPersistenceProvider.java:75)
	at org.springframework.orm.jpa.LocalContainerEntityManagerFactoryBean.createNativeEntityManagerFactory(LocalContainerEntityManagerFactoryBean.java:390)
	at org.springframework.orm.jpa.AbstractEntityManagerFactoryBean.buildNativeEntityManagerFactory(AbstractEntityManagerFactoryBean.java:409)
	... 25 common frames omitted
Caused by: java.sql.SQLException: Access denied for user 'root'@'localhost' (using password: YES)
	at com.mysql.cj.jdbc.exceptions.SQLError.createSQLException(SQLError.java:130)
	at com.mysql.cj.jdbc.exceptions.SQLExceptionsMapping.translateException(SQLExceptionsMapping.java:122)
	at com.mysql.cj.jdbc.ConnectionImpl.createNewIO(ConnectionImpl.java:815)
	at com.mysql.cj.jdbc.ConnectionImpl.<init>(ConnectionImpl.java:438)
	at com.mysql.cj.jdbc.ConnectionImpl.getInstance(ConnectionImpl.java:241)
	at com.mysql.cj.jdbc.NonRegisteringDriver.connect(NonRegisteringDriver.java:189)
	at com.zaxxer.hikari.util.DriverDataSource.getConnection(DriverDataSource.java:138)
	at com.zaxxer.hikari.pool.PoolBase.newConnection(PoolBase.java:359)
	at com.zaxxer.hikari.pool.PoolBase.newPoolEntry(PoolBase.java:201)
	at com.zaxxer.hikari.pool.HikariPool.createPoolEntry(HikariPool.java:470)
	at com.zaxxer.hikari.pool.HikariPool.checkFailFast(HikariPool.java:561)
	at com.zaxxer.hikari.pool.HikariPool.<init>(HikariPool.java:100)
	at com.zaxxer.hikari.HikariDataSource.getConnection(HikariDataSource.java:112)
	at org.hibernate.engine.jdbc.connections.internal.DatasourceConnectionProviderImpl.getConnection(DatasourceConnectionProviderImpl.java:122)
	at org.hibernate.engine.jdbc.env.internal.JdbcEnvironmentInitiator$ConnectionProviderJdbcConnectionAccess.obtainConnection(JdbcEnvironmentInitiator.java:428)
	at org.hibernate.resource.transaction.backend.jdbc.internal.DdlTransactionIsolatorNonJtaImpl.getIsolatedConnection(DdlTransactionIsolatorNonJtaImpl.java:46)
	... 46 common frames omitted
2026-05-01 23:11:11.125 [main] INFO  c.c.p.o.OrderServiceApplication - Starting OrderServiceApplication using Java 21.0.7 with PID 25640 (D:\yosker\PharmacyOnline\janviProject\pharmacy-microservices\order-service\target\order-service-1.0.0.jar started by V in D:\yosker\PharmacyOnline\janviProject\pharmacy-microservices)
2026-05-01 23:11:11.129 [main] INFO  c.c.p.o.OrderServiceApplication - No active profile set, falling back to 1 default profile: "default"
2026-05-01 23:11:17.018 [main] WARN  o.s.c.s.PostProcessorRegistrationDelegate$BeanPostProcessorChecker - Bean 'org.springframework.cloud.client.loadbalancer.LoadBalancerAutoConfiguration$DeferringLoadBalancerInterceptorConfig' of type [org.springframework.cloud.client.loadbalancer.LoadBalancerAutoConfiguration$DeferringLoadBalancerInterceptorConfig] is not eligible for getting processed by all BeanPostProcessors (for example: not eligible for auto-proxying). The currently created BeanPostProcessor [lbRestClientPostProcessor] is declared through a non-static factory method on that class; consider declaring it as static instead.
2026-05-01 23:11:17.026 [main] WARN  o.s.c.s.PostProcessorRegistrationDelegate$BeanPostProcessorChecker - Bean 'deferringLoadBalancerInterceptor' of type [org.springframework.cloud.client.loadbalancer.DeferringLoadBalancerInterceptor] is not eligible for getting processed by all BeanPostProcessors (for example: not eligible for auto-proxying). Is this bean getting eagerly injected into a currently created BeanPostProcessor [lbRestClientPostProcessor]? Check the corresponding BeanPostProcessor declaration and its dependencies.
2026-05-01 23:11:17.885 [main] INFO  o.a.coyote.http11.Http11NioProtocol - Initializing ProtocolHandler ["http-nio-9093"]
2026-05-01 23:11:17.891 [main] INFO  o.a.catalina.core.StandardService - Starting service [Tomcat]
2026-05-01 23:11:17.891 [main] INFO  o.a.catalina.core.StandardEngine - Starting Servlet engine: [Apache Tomcat/10.1.20]
2026-05-01 23:11:17.948 [main] INFO  o.a.c.c.C.[Tomcat].[localhost].[/] - Initializing Spring embedded WebApplicationContext
2026-05-01 23:11:20.838 [main] INFO  com.zaxxer.hikari.HikariDataSource - HikariPool-1 - Starting...
2026-05-01 23:11:22.139 [main] ERROR com.zaxxer.hikari.pool.HikariPool - HikariPool-1 - Exception during pool initialization.
java.sql.SQLException: Access denied for user 'root'@'localhost' (using password: YES)
	at com.mysql.cj.jdbc.exceptions.SQLError.createSQLException(SQLError.java:130)
	at com.mysql.cj.jdbc.exceptions.SQLExceptionsMapping.translateException(SQLExceptionsMapping.java:122)
	at com.mysql.cj.jdbc.ConnectionImpl.createNewIO(ConnectionImpl.java:815)
	at com.mysql.cj.jdbc.ConnectionImpl.<init>(ConnectionImpl.java:438)
	at com.mysql.cj.jdbc.ConnectionImpl.getInstance(ConnectionImpl.java:241)
	at com.mysql.cj.jdbc.NonRegisteringDriver.connect(NonRegisteringDriver.java:189)
	at com.zaxxer.hikari.util.DriverDataSource.getConnection(DriverDataSource.java:138)
	at com.zaxxer.hikari.pool.PoolBase.newConnection(PoolBase.java:359)
	at com.zaxxer.hikari.pool.PoolBase.newPoolEntry(PoolBase.java:201)
	at com.zaxxer.hikari.pool.HikariPool.createPoolEntry(HikariPool.java:470)
	at com.zaxxer.hikari.pool.HikariPool.checkFailFast(HikariPool.java:561)
	at com.zaxxer.hikari.pool.HikariPool.<init>(HikariPool.java:100)
	at com.zaxxer.hikari.HikariDataSource.getConnection(HikariDataSource.java:112)
	at org.hibernate.engine.jdbc.connections.internal.DatasourceConnectionProviderImpl.getConnection(DatasourceConnectionProviderImpl.java:122)
	at org.hibernate.engine.jdbc.env.internal.JdbcEnvironmentInitiator$ConnectionProviderJdbcConnectionAccess.obtainConnection(JdbcEnvironmentInitiator.java:428)
	at org.hibernate.resource.transaction.backend.jdbc.internal.JdbcIsolationDelegate.delegateWork(JdbcIsolationDelegate.java:61)
	at org.hibernate.engine.jdbc.env.internal.JdbcEnvironmentInitiator.getJdbcEnvironmentUsingJdbcMetadata(JdbcEnvironmentInitiator.java:276)
	at org.hibernate.engine.jdbc.env.internal.JdbcEnvironmentInitiator.initiateService(JdbcEnvironmentInitiator.java:107)
	at org.hibernate.engine.jdbc.env.internal.JdbcEnvironmentInitiator.initiateService(JdbcEnvironmentInitiator.java:68)
	at org.hibernate.boot.registry.internal.StandardServiceRegistryImpl.initiateService(StandardServiceRegistryImpl.java:130)
	at org.hibernate.service.internal.AbstractServiceRegistryImpl.createService(AbstractServiceRegistryImpl.java:263)
	at org.hibernate.service.internal.AbstractServiceRegistryImpl.initializeService(AbstractServiceRegistryImpl.java:238)
	at org.hibernate.service.internal.AbstractServiceRegistryImpl.getService(AbstractServiceRegistryImpl.java:215)
	at org.hibernate.boot.model.relational.Database.<init>(Database.java:45)
	at org.hibernate.boot.internal.InFlightMetadataCollectorImpl.getDatabase(InFlightMetadataCollectorImpl.java:223)
	at org.hibernate.boot.internal.InFlightMetadataCollectorImpl.<init>(InFlightMetadataCollectorImpl.java:191)
	at org.hibernate.boot.model.process.spi.MetadataBuildingProcess.complete(MetadataBuildingProcess.java:170)
	at org.hibernate.jpa.boot.internal.EntityManagerFactoryBuilderImpl.metadata(EntityManagerFactoryBuilderImpl.java:1432)
	at org.hibernate.jpa.boot.internal.EntityManagerFactoryBuilderImpl.build(EntityManagerFactoryBuilderImpl.java:1503)
	at org.springframework.orm.jpa.vendor.SpringHibernateJpaPersistenceProvider.createContainerEntityManagerFactory(SpringHibernateJpaPersistenceProvider.java:75)
	at org.springframework.orm.jpa.LocalContainerEntityManagerFactoryBean.createNativeEntityManagerFactory(LocalContainerEntityManagerFactoryBean.java:390)
	at org.springframework.orm.jpa.AbstractEntityManagerFactoryBean.buildNativeEntityManagerFactory(AbstractEntityManagerFactoryBean.java:409)
	at org.springframework.orm.jpa.AbstractEntityManagerFactoryBean.afterPropertiesSet(AbstractEntityManagerFactoryBean.java:396)
	at org.springframework.orm.jpa.LocalContainerEntityManagerFactoryBean.afterPropertiesSet(LocalContainerEntityManagerFactoryBean.java:366)
	at org.springframework.beans.factory.support.AbstractAutowireCapableBeanFactory.invokeInitMethods(AbstractAutowireCapableBeanFactory.java:1833)
	at org.springframework.beans.factory.support.AbstractAutowireCapableBeanFactory.initializeBean(AbstractAutowireCapableBeanFactory.java:1782)
	at org.springframework.beans.factory.support.AbstractAutowireCapableBeanFactory.doCreateBean(AbstractAutowireCapableBeanFactory.java:600)
	at org.springframework.beans.factory.support.AbstractAutowireCapableBeanFactory.createBean(AbstractAutowireCapableBeanFactory.java:522)
	at org.springframework.beans.factory.support.AbstractBeanFactory.lambda$doGetBean$0(AbstractBeanFactory.java:326)
	at org.springframework.beans.factory.support.DefaultSingletonBeanRegistry.getSingleton(DefaultSingletonBeanRegistry.java:234)
	at org.springframework.beans.factory.support.AbstractBeanFactory.doGetBean(AbstractBeanFactory.java:324)
	at org.springframework.beans.factory.support.AbstractBeanFactory.getBean(AbstractBeanFactory.java:200)
	at org.springframework.context.support.AbstractApplicationContext.getBean(AbstractApplicationContext.java:1234)
	at org.springframework.context.support.AbstractApplicationContext.finishBeanFactoryInitialization(AbstractApplicationContext.java:952)
	at org.springframework.context.support.AbstractApplicationContext.refresh(AbstractApplicationContext.java:624)
	at org.springframework.boot.web.servlet.context.ServletWebServerApplicationContext.refresh(ServletWebServerApplicationContext.java:146)
	at org.springframework.boot.SpringApplication.refresh(SpringApplication.java:754)
	at org.springframework.boot.SpringApplication.refreshContext(SpringApplication.java:456)
	at org.springframework.boot.SpringApplication.run(SpringApplication.java:334)
	at org.springframework.boot.SpringApplication.run(SpringApplication.java:1354)
	at org.springframework.boot.SpringApplication.run(SpringApplication.java:1343)
	at com.capg.pharma.orderservice.OrderServiceApplication.main(OrderServiceApplication.java:28)
	at java.base/jdk.internal.reflect.DirectMethodHandleAccessor.invoke(DirectMethodHandleAccessor.java:103)
	at java.base/java.lang.reflect.Method.invoke(Method.java:580)
	at org.springframework.boot.loader.launch.Launcher.launch(Launcher.java:91)
	at org.springframework.boot.loader.launch.Launcher.launch(Launcher.java:53)
	at org.springframework.boot.loader.launch.JarLauncher.main(JarLauncher.java:58)
2026-05-01 23:11:22.156 [main] WARN  o.h.e.j.e.i.JdbcEnvironmentInitiator - HHH000342: Could not obtain connection to query metadata
java.lang.NullPointerException: Cannot invoke "org.hibernate.engine.jdbc.spi.SqlExceptionHelper.convert(java.sql.SQLException, String)" because the return value of "org.hibernate.resource.transaction.backend.jdbc.internal.JdbcIsolationDelegate.sqlExceptionHelper()" is null
	at org.hibernate.resource.transaction.backend.jdbc.internal.JdbcIsolationDelegate.delegateWork(JdbcIsolationDelegate.java:116)
	at org.hibernate.engine.jdbc.env.internal.JdbcEnvironmentInitiator.getJdbcEnvironmentUsingJdbcMetadata(JdbcEnvironmentInitiator.java:276)
	at org.hibernate.engine.jdbc.env.internal.JdbcEnvironmentInitiator.initiateService(JdbcEnvironmentInitiator.java:107)
	at org.hibernate.engine.jdbc.env.internal.JdbcEnvironmentInitiator.initiateService(JdbcEnvironmentInitiator.java:68)
	at org.hibernate.boot.registry.internal.StandardServiceRegistryImpl.initiateService(StandardServiceRegistryImpl.java:130)
	at org.hibernate.service.internal.AbstractServiceRegistryImpl.createService(AbstractServiceRegistryImpl.java:263)
	at org.hibernate.service.internal.AbstractServiceRegistryImpl.initializeService(AbstractServiceRegistryImpl.java:238)
	at org.hibernate.service.internal.AbstractServiceRegistryImpl.getService(AbstractServiceRegistryImpl.java:215)
	at org.hibernate.boot.model.relational.Database.<init>(Database.java:45)
	at org.hibernate.boot.internal.InFlightMetadataCollectorImpl.getDatabase(InFlightMetadataCollectorImpl.java:223)
	at org.hibernate.boot.internal.InFlightMetadataCollectorImpl.<init>(InFlightMetadataCollectorImpl.java:191)
	at org.hibernate.boot.model.process.spi.MetadataBuildingProcess.complete(MetadataBuildingProcess.java:170)
	at org.hibernate.jpa.boot.internal.EntityManagerFactoryBuilderImpl.metadata(EntityManagerFactoryBuilderImpl.java:1432)
	at org.hibernate.jpa.boot.internal.EntityManagerFactoryBuilderImpl.build(EntityManagerFactoryBuilderImpl.java:1503)
	at org.springframework.orm.jpa.vendor.SpringHibernateJpaPersistenceProvider.createContainerEntityManagerFactory(SpringHibernateJpaPersistenceProvider.java:75)
	at org.springframework.orm.jpa.LocalContainerEntityManagerFactoryBean.createNativeEntityManagerFactory(LocalContainerEntityManagerFactoryBean.java:390)
	at org.springframework.orm.jpa.AbstractEntityManagerFactoryBean.buildNativeEntityManagerFactory(AbstractEntityManagerFactoryBean.java:409)
	at org.springframework.orm.jpa.AbstractEntityManagerFactoryBean.afterPropertiesSet(AbstractEntityManagerFactoryBean.java:396)
	at org.springframework.orm.jpa.LocalContainerEntityManagerFactoryBean.afterPropertiesSet(LocalContainerEntityManagerFactoryBean.java:366)
	at org.springframework.beans.factory.support.AbstractAutowireCapableBeanFactory.invokeInitMethods(AbstractAutowireCapableBeanFactory.java:1833)
	at org.springframework.beans.factory.support.AbstractAutowireCapableBeanFactory.initializeBean(AbstractAutowireCapableBeanFactory.java:1782)
	at org.springframework.beans.factory.support.AbstractAutowireCapableBeanFactory.doCreateBean(AbstractAutowireCapableBeanFactory.java:600)
	at org.springframework.beans.factory.support.AbstractAutowireCapableBeanFactory.createBean(AbstractAutowireCapableBeanFactory.java:522)
	at org.springframework.beans.factory.support.AbstractBeanFactory.lambda$doGetBean$0(AbstractBeanFactory.java:326)
	at org.springframework.beans.factory.support.DefaultSingletonBeanRegistry.getSingleton(DefaultSingletonBeanRegistry.java:234)
	at org.springframework.beans.factory.support.AbstractBeanFactory.doGetBean(AbstractBeanFactory.java:324)
	at org.springframework.beans.factory.support.AbstractBeanFactory.getBean(AbstractBeanFactory.java:200)
	at org.springframework.context.support.AbstractApplicationContext.getBean(AbstractApplicationContext.java:1234)
	at org.springframework.context.support.AbstractApplicationContext.finishBeanFactoryInitialization(AbstractApplicationContext.java:952)
	at org.springframework.context.support.AbstractApplicationContext.refresh(AbstractApplicationContext.java:624)
	at org.springframework.boot.web.servlet.context.ServletWebServerApplicationContext.refresh(ServletWebServerApplicationContext.java:146)
	at org.springframework.boot.SpringApplication.refresh(SpringApplication.java:754)
	at org.springframework.boot.SpringApplication.refreshContext(SpringApplication.java:456)
	at org.springframework.boot.SpringApplication.run(SpringApplication.java:334)
	at org.springframework.boot.SpringApplication.run(SpringApplication.java:1354)
	at org.springframework.boot.SpringApplication.run(SpringApplication.java:1343)
	at com.capg.pharma.orderservice.OrderServiceApplication.main(OrderServiceApplication.java:28)
	at java.base/jdk.internal.reflect.DirectMethodHandleAccessor.invoke(DirectMethodHandleAccessor.java:103)
	at java.base/java.lang.reflect.Method.invoke(Method.java:580)
	at org.springframework.boot.loader.launch.Launcher.launch(Launcher.java:91)
	at org.springframework.boot.loader.launch.Launcher.launch(Launcher.java:53)
	at org.springframework.boot.loader.launch.JarLauncher.main(JarLauncher.java:58)
2026-05-01 23:11:22.235 [main] WARN  org.hibernate.orm.deprecation - HHH90000025: MySQLDialect does not need to be specified explicitly using 'hibernate.dialect' (remove the property setting and it will be selected by default)
2026-05-01 23:11:23.872 [main] INFO  com.zaxxer.hikari.HikariDataSource - HikariPool-1 - Starting...
2026-05-01 23:11:24.885 [main] ERROR com.zaxxer.hikari.pool.HikariPool - HikariPool-1 - Exception during pool initialization.
java.sql.SQLException: Access denied for user 'root'@'localhost' (using password: YES)
	at com.mysql.cj.jdbc.exceptions.SQLError.createSQLException(SQLError.java:130)
	at com.mysql.cj.jdbc.exceptions.SQLExceptionsMapping.translateException(SQLExceptionsMapping.java:122)
	at com.mysql.cj.jdbc.ConnectionImpl.createNewIO(ConnectionImpl.java:815)
	at com.mysql.cj.jdbc.ConnectionImpl.<init>(ConnectionImpl.java:438)
	at com.mysql.cj.jdbc.ConnectionImpl.getInstance(ConnectionImpl.java:241)
	at com.mysql.cj.jdbc.NonRegisteringDriver.connect(NonRegisteringDriver.java:189)
	at com.zaxxer.hikari.util.DriverDataSource.getConnection(DriverDataSource.java:138)
	at com.zaxxer.hikari.pool.PoolBase.newConnection(PoolBase.java:359)
	at com.zaxxer.hikari.pool.PoolBase.newPoolEntry(PoolBase.java:201)
	at com.zaxxer.hikari.pool.HikariPool.createPoolEntry(HikariPool.java:470)
	at com.zaxxer.hikari.pool.HikariPool.checkFailFast(HikariPool.java:561)
	at com.zaxxer.hikari.pool.HikariPool.<init>(HikariPool.java:100)
	at com.zaxxer.hikari.HikariDataSource.getConnection(HikariDataSource.java:112)
	at org.hibernate.engine.jdbc.connections.internal.DatasourceConnectionProviderImpl.getConnection(DatasourceConnectionProviderImpl.java:122)
	at org.hibernate.engine.jdbc.env.internal.JdbcEnvironmentInitiator$ConnectionProviderJdbcConnectionAccess.obtainConnection(JdbcEnvironmentInitiator.java:428)
	at org.hibernate.resource.transaction.backend.jdbc.internal.DdlTransactionIsolatorNonJtaImpl.getIsolatedConnection(DdlTransactionIsolatorNonJtaImpl.java:46)
	at org.hibernate.resource.transaction.backend.jdbc.internal.DdlTransactionIsolatorNonJtaImpl.getIsolatedConnection(DdlTransactionIsolatorNonJtaImpl.java:39)
	at org.hibernate.tool.schema.internal.exec.ImprovedExtractionContextImpl.getJdbcConnection(ImprovedExtractionContextImpl.java:63)
	at org.hibernate.tool.schema.internal.exec.ImprovedExtractionContextImpl.getJdbcDatabaseMetaData(ImprovedExtractionContextImpl.java:70)
	at org.hibernate.tool.schema.extract.internal.InformationExtractorJdbcDatabaseMetaDataImpl.processTableResultSet(InformationExtractorJdbcDatabaseMetaDataImpl.java:64)
	at org.hibernate.tool.schema.extract.internal.AbstractInformationExtractorImpl.getTables(AbstractInformationExtractorImpl.java:570)
	at org.hibernate.tool.schema.extract.internal.DatabaseInformationImpl.getTablesInformation(DatabaseInformationImpl.java:122)
	at org.hibernate.tool.schema.internal.GroupedSchemaMigratorImpl.performTablesMigration(GroupedSchemaMigratorImpl.java:72)
	at org.hibernate.tool.schema.internal.AbstractSchemaMigrator.performMigration(AbstractSchemaMigrator.java:232)
	at org.hibernate.tool.schema.internal.AbstractSchemaMigrator.doMigration(AbstractSchemaMigrator.java:117)
	at org.hibernate.tool.schema.spi.SchemaManagementToolCoordinator.performDatabaseAction(SchemaManagementToolCoordinator.java:286)
	at org.hibernate.tool.schema.spi.SchemaManagementToolCoordinator.lambda$process$5(SchemaManagementToolCoordinator.java:145)
	at java.base/java.util.HashMap.forEach(HashMap.java:1429)
	at org.hibernate.tool.schema.spi.SchemaManagementToolCoordinator.process(SchemaManagementToolCoordinator.java:142)
	at org.hibernate.boot.internal.SessionFactoryObserverForSchemaExport.sessionFactoryCreated(SessionFactoryObserverForSchemaExport.java:37)
	at org.hibernate.internal.SessionFactoryObserverChain.sessionFactoryCreated(SessionFactoryObserverChain.java:35)
	at org.hibernate.internal.SessionFactoryImpl.<init>(SessionFactoryImpl.java:315)
	at org.hibernate.boot.internal.SessionFactoryBuilderImpl.build(SessionFactoryBuilderImpl.java:450)
	at org.hibernate.jpa.boot.internal.EntityManagerFactoryBuilderImpl.build(EntityManagerFactoryBuilderImpl.java:1507)
	at org.springframework.orm.jpa.vendor.SpringHibernateJpaPersistenceProvider.createContainerEntityManagerFactory(SpringHibernateJpaPersistenceProvider.java:75)
	at org.springframework.orm.jpa.LocalContainerEntityManagerFactoryBean.createNativeEntityManagerFactory(LocalContainerEntityManagerFactoryBean.java:390)
	at org.springframework.orm.jpa.AbstractEntityManagerFactoryBean.buildNativeEntityManagerFactory(AbstractEntityManagerFactoryBean.java:409)
	at org.springframework.orm.jpa.AbstractEntityManagerFactoryBean.afterPropertiesSet(AbstractEntityManagerFactoryBean.java:396)
	at org.springframework.orm.jpa.LocalContainerEntityManagerFactoryBean.afterPropertiesSet(LocalContainerEntityManagerFactoryBean.java:366)
	at org.springframework.beans.factory.support.AbstractAutowireCapableBeanFactory.invokeInitMethods(AbstractAutowireCapableBeanFactory.java:1833)
	at org.springframework.beans.factory.support.AbstractAutowireCapableBeanFactory.initializeBean(AbstractAutowireCapableBeanFactory.java:1782)
	at org.springframework.beans.factory.support.AbstractAutowireCapableBeanFactory.doCreateBean(AbstractAutowireCapableBeanFactory.java:600)
	at org.springframework.beans.factory.support.AbstractAutowireCapableBeanFactory.createBean(AbstractAutowireCapableBeanFactory.java:522)
	at org.springframework.beans.factory.support.AbstractBeanFactory.lambda$doGetBean$0(AbstractBeanFactory.java:326)
	at org.springframework.beans.factory.support.DefaultSingletonBeanRegistry.getSingleton(DefaultSingletonBeanRegistry.java:234)
	at org.springframework.beans.factory.support.AbstractBeanFactory.doGetBean(AbstractBeanFactory.java:324)
	at org.springframework.beans.factory.support.AbstractBeanFactory.getBean(AbstractBeanFactory.java:200)
	at org.springframework.context.support.AbstractApplicationContext.getBean(AbstractApplicationContext.java:1234)
	at org.springframework.context.support.AbstractApplicationContext.finishBeanFactoryInitialization(AbstractApplicationContext.java:952)
	at org.springframework.context.support.AbstractApplicationContext.refresh(AbstractApplicationContext.java:624)
	at org.springframework.boot.web.servlet.context.ServletWebServerApplicationContext.refresh(ServletWebServerApplicationContext.java:146)
	at org.springframework.boot.SpringApplication.refresh(SpringApplication.java:754)
	at org.springframework.boot.SpringApplication.refreshContext(SpringApplication.java:456)
	at org.springframework.boot.SpringApplication.run(SpringApplication.java:334)
	at org.springframework.boot.SpringApplication.run(SpringApplication.java:1354)
	at org.springframework.boot.SpringApplication.run(SpringApplication.java:1343)
	at com.capg.pharma.orderservice.OrderServiceApplication.main(OrderServiceApplication.java:28)
	at java.base/jdk.internal.reflect.DirectMethodHandleAccessor.invoke(DirectMethodHandleAccessor.java:103)
	at java.base/java.lang.reflect.Method.invoke(Method.java:580)
	at org.springframework.boot.loader.launch.Launcher.launch(Launcher.java:91)
	at org.springframework.boot.loader.launch.Launcher.launch(Launcher.java:53)
	at org.springframework.boot.loader.launch.JarLauncher.main(JarLauncher.java:58)
2026-05-01 23:11:24.893 [main] WARN  o.h.e.jdbc.spi.SqlExceptionHelper - SQL Error: 1045, SQLState: 28000
2026-05-01 23:11:24.893 [main] ERROR o.h.e.jdbc.spi.SqlExceptionHelper - Access denied for user 'root'@'localhost' (using password: YES)
2026-05-01 23:11:24.917 [main] ERROR o.s.o.j.LocalContainerEntityManagerFactoryBean - Failed to initialize JPA EntityManagerFactory: [PersistenceUnit: default] Unable to build Hibernate SessionFactory; nested exception is org.hibernate.exception.GenericJDBCException: Unable to open JDBC Connection for DDL execution [Access denied for user 'root'@'localhost' (using password: YES)] [n/a]
2026-05-01 23:11:24.919 [main] WARN  o.s.b.w.s.c.AnnotationConfigServletWebServerApplicationContext - Exception encountered during context initialization - cancelling refresh attempt: org.springframework.beans.factory.BeanCreationException: Error creating bean with name 'entityManagerFactory' defined in class path resource [org/springframework/boot/autoconfigure/orm/jpa/HibernateJpaConfiguration.class]: [PersistenceUnit: default] Unable to build Hibernate SessionFactory; nested exception is org.hibernate.exception.GenericJDBCException: Unable to open JDBC Connection for DDL execution [Access denied for user 'root'@'localhost' (using password: YES)] [n/a]
2026-05-01 23:11:25.932 [main] WARN  z.r.AsyncReporter$BoundedAsyncReporter - Timed out waiting for in-flight spans to send
2026-05-01 23:11:25.933 [main] INFO  o.a.catalina.core.StandardService - Stopping service [Tomcat]
2026-05-01 23:11:26.030 [main] ERROR o.s.boot.SpringApplication - Application run failed
org.springframework.beans.factory.BeanCreationException: Error creating bean with name 'entityManagerFactory' defined in class path resource [org/springframework/boot/autoconfigure/orm/jpa/HibernateJpaConfiguration.class]: [PersistenceUnit: default] Unable to build Hibernate SessionFactory; nested exception is org.hibernate.exception.GenericJDBCException: Unable to open JDBC Connection for DDL execution [Access denied for user 'root'@'localhost' (using password: YES)] [n/a]
	at org.springframework.beans.factory.support.AbstractAutowireCapableBeanFactory.initializeBean(AbstractAutowireCapableBeanFactory.java:1786)
	at org.springframework.beans.factory.support.AbstractAutowireCapableBeanFactory.doCreateBean(AbstractAutowireCapableBeanFactory.java:600)
	at org.springframework.beans.factory.support.AbstractAutowireCapableBeanFactory.createBean(AbstractAutowireCapableBeanFactory.java:522)
	at org.springframework.beans.factory.support.AbstractBeanFactory.lambda$doGetBean$0(AbstractBeanFactory.java:326)
	at org.springframework.beans.factory.support.DefaultSingletonBeanRegistry.getSingleton(DefaultSingletonBeanRegistry.java:234)
	at org.springframework.beans.factory.support.AbstractBeanFactory.doGetBean(AbstractBeanFactory.java:324)
	at org.springframework.beans.factory.support.AbstractBeanFactory.getBean(AbstractBeanFactory.java:200)
	at org.springframework.context.support.AbstractApplicationContext.getBean(AbstractApplicationContext.java:1234)
	at org.springframework.context.support.AbstractApplicationContext.finishBeanFactoryInitialization(AbstractApplicationContext.java:952)
	at org.springframework.context.support.AbstractApplicationContext.refresh(AbstractApplicationContext.java:624)
	at org.springframework.boot.web.servlet.context.ServletWebServerApplicationContext.refresh(ServletWebServerApplicationContext.java:146)
	at org.springframework.boot.SpringApplication.refresh(SpringApplication.java:754)
	at org.springframework.boot.SpringApplication.refreshContext(SpringApplication.java:456)
	at org.springframework.boot.SpringApplication.run(SpringApplication.java:334)
	at org.springframework.boot.SpringApplication.run(SpringApplication.java:1354)
	at org.springframework.boot.SpringApplication.run(SpringApplication.java:1343)
	at com.capg.pharma.orderservice.OrderServiceApplication.main(OrderServiceApplication.java:28)
	at java.base/jdk.internal.reflect.DirectMethodHandleAccessor.invoke(DirectMethodHandleAccessor.java:103)
	at java.base/java.lang.reflect.Method.invoke(Method.java:580)
	at org.springframework.boot.loader.launch.Launcher.launch(Launcher.java:91)
	at org.springframework.boot.loader.launch.Launcher.launch(Launcher.java:53)
	at org.springframework.boot.loader.launch.JarLauncher.main(JarLauncher.java:58)
Caused by: jakarta.persistence.PersistenceException: [PersistenceUnit: default] Unable to build Hibernate SessionFactory; nested exception is org.hibernate.exception.GenericJDBCException: Unable to open JDBC Connection for DDL execution [Access denied for user 'root'@'localhost' (using password: YES)] [n/a]
	at org.springframework.orm.jpa.AbstractEntityManagerFactoryBean.buildNativeEntityManagerFactory(AbstractEntityManagerFactoryBean.java:421)
	at org.springframework.orm.jpa.AbstractEntityManagerFactoryBean.afterPropertiesSet(AbstractEntityManagerFactoryBean.java:396)
	at org.springframework.orm.jpa.LocalContainerEntityManagerFactoryBean.afterPropertiesSet(LocalContainerEntityManagerFactoryBean.java:366)
	at org.springframework.beans.factory.support.AbstractAutowireCapableBeanFactory.invokeInitMethods(AbstractAutowireCapableBeanFactory.java:1833)
	at org.springframework.beans.factory.support.AbstractAutowireCapableBeanFactory.initializeBean(AbstractAutowireCapableBeanFactory.java:1782)
	... 21 common frames omitted
Caused by: org.hibernate.exception.GenericJDBCException: Unable to open JDBC Connection for DDL execution [Access denied for user 'root'@'localhost' (using password: YES)] [n/a]
	at org.hibernate.exception.internal.StandardSQLExceptionConverter.convert(StandardSQLExceptionConverter.java:63)
	at org.hibernate.engine.jdbc.spi.SqlExceptionHelper.convert(SqlExceptionHelper.java:108)
	at org.hibernate.engine.jdbc.spi.SqlExceptionHelper.convert(SqlExceptionHelper.java:94)
	at org.hibernate.resource.transaction.backend.jdbc.internal.DdlTransactionIsolatorNonJtaImpl.getIsolatedConnection(DdlTransactionIsolatorNonJtaImpl.java:74)
	at org.hibernate.resource.transaction.backend.jdbc.internal.DdlTransactionIsolatorNonJtaImpl.getIsolatedConnection(DdlTransactionIsolatorNonJtaImpl.java:39)
	at org.hibernate.tool.schema.internal.exec.ImprovedExtractionContextImpl.getJdbcConnection(ImprovedExtractionContextImpl.java:63)
	at org.hibernate.tool.schema.internal.exec.ImprovedExtractionContextImpl.getJdbcDatabaseMetaData(ImprovedExtractionContextImpl.java:70)
	at org.hibernate.tool.schema.extract.internal.InformationExtractorJdbcDatabaseMetaDataImpl.processTableResultSet(InformationExtractorJdbcDatabaseMetaDataImpl.java:64)
	at org.hibernate.tool.schema.extract.internal.AbstractInformationExtractorImpl.getTables(AbstractInformationExtractorImpl.java:570)
	at org.hibernate.tool.schema.extract.internal.DatabaseInformationImpl.getTablesInformation(DatabaseInformationImpl.java:122)
	at org.hibernate.tool.schema.internal.GroupedSchemaMigratorImpl.performTablesMigration(GroupedSchemaMigratorImpl.java:72)
	at org.hibernate.tool.schema.internal.AbstractSchemaMigrator.performMigration(AbstractSchemaMigrator.java:232)
	at org.hibernate.tool.schema.internal.AbstractSchemaMigrator.doMigration(AbstractSchemaMigrator.java:117)
	at org.hibernate.tool.schema.spi.SchemaManagementToolCoordinator.performDatabaseAction(SchemaManagementToolCoordinator.java:286)
	at org.hibernate.tool.schema.spi.SchemaManagementToolCoordinator.lambda$process$5(SchemaManagementToolCoordinator.java:145)
	at java.base/java.util.HashMap.forEach(HashMap.java:1429)
	at org.hibernate.tool.schema.spi.SchemaManagementToolCoordinator.process(SchemaManagementToolCoordinator.java:142)
	at org.hibernate.boot.internal.SessionFactoryObserverForSchemaExport.sessionFactoryCreated(SessionFactoryObserverForSchemaExport.java:37)
	at org.hibernate.internal.SessionFactoryObserverChain.sessionFactoryCreated(SessionFactoryObserverChain.java:35)
	at org.hibernate.internal.SessionFactoryImpl.<init>(SessionFactoryImpl.java:315)
	at org.hibernate.boot.internal.SessionFactoryBuilderImpl.build(SessionFactoryBuilderImpl.java:450)
	at org.hibernate.jpa.boot.internal.EntityManagerFactoryBuilderImpl.build(EntityManagerFactoryBuilderImpl.java:1507)
	at org.springframework.orm.jpa.vendor.SpringHibernateJpaPersistenceProvider.createContainerEntityManagerFactory(SpringHibernateJpaPersistenceProvider.java:75)
	at org.springframework.orm.jpa.LocalContainerEntityManagerFactoryBean.createNativeEntityManagerFactory(LocalContainerEntityManagerFactoryBean.java:390)
	at org.springframework.orm.jpa.AbstractEntityManagerFactoryBean.buildNativeEntityManagerFactory(AbstractEntityManagerFactoryBean.java:409)
	... 25 common frames omitted
Caused by: java.sql.SQLException: Access denied for user 'root'@'localhost' (using password: YES)
	at com.mysql.cj.jdbc.exceptions.SQLError.createSQLException(SQLError.java:130)
	at com.mysql.cj.jdbc.exceptions.SQLExceptionsMapping.translateException(SQLExceptionsMapping.java:122)
	at com.mysql.cj.jdbc.ConnectionImpl.createNewIO(ConnectionImpl.java:815)
	at com.mysql.cj.jdbc.ConnectionImpl.<init>(ConnectionImpl.java:438)
	at com.mysql.cj.jdbc.ConnectionImpl.getInstance(ConnectionImpl.java:241)
	at com.mysql.cj.jdbc.NonRegisteringDriver.connect(NonRegisteringDriver.java:189)
	at com.zaxxer.hikari.util.DriverDataSource.getConnection(DriverDataSource.java:138)
	at com.zaxxer.hikari.pool.PoolBase.newConnection(PoolBase.java:359)
	at com.zaxxer.hikari.pool.PoolBase.newPoolEntry(PoolBase.java:201)
	at com.zaxxer.hikari.pool.HikariPool.createPoolEntry(HikariPool.java:470)
	at com.zaxxer.hikari.pool.HikariPool.checkFailFast(HikariPool.java:561)
	at com.zaxxer.hikari.pool.HikariPool.<init>(HikariPool.java:100)
	at com.zaxxer.hikari.HikariDataSource.getConnection(HikariDataSource.java:112)
	at org.hibernate.engine.jdbc.connections.internal.DatasourceConnectionProviderImpl.getConnection(DatasourceConnectionProviderImpl.java:122)
	at org.hibernate.engine.jdbc.env.internal.JdbcEnvironmentInitiator$ConnectionProviderJdbcConnectionAccess.obtainConnection(JdbcEnvironmentInitiator.java:428)
	at org.hibernate.resource.transaction.backend.jdbc.internal.DdlTransactionIsolatorNonJtaImpl.getIsolatedConnection(DdlTransactionIsolatorNonJtaImpl.java:46)
	... 46 common frames omitted
2026-05-01 23:21:03.922 [main] INFO  c.c.p.o.OrderServiceApplication - Starting OrderServiceApplication using Java 21.0.7 with PID 20660 (D:\yosker\PharmacyOnline\janviProject\pharmacy-microservices\order-service\target\order-service-1.0.0.jar started by V in D:\yosker\PharmacyOnline\janviProject\pharmacy-microservices)
2026-05-01 23:21:03.936 [main] INFO  c.c.p.o.OrderServiceApplication - No active profile set, falling back to 1 default profile: "default"
2026-05-01 23:21:10.989 [main] WARN  o.s.c.s.PostProcessorRegistrationDelegate$BeanPostProcessorChecker - Bean 'org.springframework.cloud.client.loadbalancer.LoadBalancerAutoConfiguration$DeferringLoadBalancerInterceptorConfig' of type [org.springframework.cloud.client.loadbalancer.LoadBalancerAutoConfiguration$DeferringLoadBalancerInterceptorConfig] is not eligible for getting processed by all BeanPostProcessors (for example: not eligible for auto-proxying). The currently created BeanPostProcessor [lbRestClientPostProcessor] is declared through a non-static factory method on that class; consider declaring it as static instead.
2026-05-01 23:21:11.001 [main] WARN  o.s.c.s.PostProcessorRegistrationDelegate$BeanPostProcessorChecker - Bean 'deferringLoadBalancerInterceptor' of type [org.springframework.cloud.client.loadbalancer.DeferringLoadBalancerInterceptor] is not eligible for getting processed by all BeanPostProcessors (for example: not eligible for auto-proxying). Is this bean getting eagerly injected into a currently created BeanPostProcessor [lbRestClientPostProcessor]? Check the corresponding BeanPostProcessor declaration and its dependencies.
2026-05-01 23:21:12.124 [main] INFO  o.a.coyote.http11.Http11NioProtocol - Initializing ProtocolHandler ["http-nio-9093"]
2026-05-01 23:21:12.131 [main] INFO  o.a.catalina.core.StandardService - Starting service [Tomcat]
2026-05-01 23:21:12.133 [main] INFO  o.a.catalina.core.StandardEngine - Starting Servlet engine: [Apache Tomcat/10.1.20]
2026-05-01 23:21:12.245 [main] INFO  o.a.c.c.C.[Tomcat].[localhost].[/] - Initializing Spring embedded WebApplicationContext
2026-05-01 23:21:15.620 [main] INFO  com.zaxxer.hikari.HikariDataSource - HikariPool-1 - Starting...
2026-05-01 23:21:16.006 [main] INFO  com.zaxxer.hikari.pool.HikariPool - HikariPool-1 - Added connection com.mysql.cj.jdbc.ConnectionImpl@44f88149
2026-05-01 23:21:16.011 [main] INFO  com.zaxxer.hikari.HikariDataSource - HikariPool-1 - Start completed.
2026-05-01 23:21:16.133 [main] WARN  org.hibernate.dialect.Dialect - HHH000511: The 5.5.27 version for [org.hibernate.dialect.MySQLDialect] is no longer supported, hence certain features may not work properly. The minimum supported version is 8.0.0. Check the community dialects project for available legacy versions.
2026-05-01 23:21:16.147 [main] WARN  org.hibernate.orm.deprecation - HHH90000025: MySQLDialect does not need to be specified explicitly using 'hibernate.dialect' (remove the property setting and it will be selected by default)
2026-05-01 23:21:18.534 [main] WARN  o.h.t.s.i.ExceptionHandlerLoggedImpl - GenerationTarget encountered exception accepting command : Error executing DDL "create table orders (id bigint not null auto_increment, created_at datetime(6), customer_email varchar(255), customer_id bigint not null, delivery_address varchar(255), status enum ('PENDING','PAID','PACKED','SHIPPED','DELIVERED','CANCELLED'), total_amount decimal(38,2), primary key (id)) engine=InnoDB" via JDBC [You have an error in your SQL syntax; check the manual that corresponds to your MySQL server version for the right syntax to use near '(6), customer_email varchar(255), customer_id bigint not null, delivery_address ' at line 1]
org.hibernate.tool.schema.spi.CommandAcceptanceException: Error executing DDL "create table orders (id bigint not null auto_increment, created_at datetime(6), customer_email varchar(255), customer_id bigint not null, delivery_address varchar(255), status enum ('PENDING','PAID','PACKED','SHIPPED','DELIVERED','CANCELLED'), total_amount decimal(38,2), primary key (id)) engine=InnoDB" via JDBC [You have an error in your SQL syntax; check the manual that corresponds to your MySQL server version for the right syntax to use near '(6), customer_email varchar(255), customer_id bigint not null, delivery_address ' at line 1]
	at org.hibernate.tool.schema.internal.exec.GenerationTargetToDatabase.accept(GenerationTargetToDatabase.java:94)
	at org.hibernate.tool.schema.internal.AbstractSchemaMigrator.applySqlString(AbstractSchemaMigrator.java:574)
	at org.hibernate.tool.schema.internal.AbstractSchemaMigrator.applySqlStrings(AbstractSchemaMigrator.java:514)
	at org.hibernate.tool.schema.internal.AbstractSchemaMigrator.createTable(AbstractSchemaMigrator.java:315)
	at org.hibernate.tool.schema.internal.GroupedSchemaMigratorImpl.performTablesMigration(GroupedSchemaMigratorImpl.java:80)
	at org.hibernate.tool.schema.internal.AbstractSchemaMigrator.performMigration(AbstractSchemaMigrator.java:232)
	at org.hibernate.tool.schema.internal.AbstractSchemaMigrator.doMigration(AbstractSchemaMigrator.java:117)
	at org.hibernate.tool.schema.spi.SchemaManagementToolCoordinator.performDatabaseAction(SchemaManagementToolCoordinator.java:286)
	at org.hibernate.tool.schema.spi.SchemaManagementToolCoordinator.lambda$process$5(SchemaManagementToolCoordinator.java:145)
	at java.base/java.util.HashMap.forEach(HashMap.java:1429)
	at org.hibernate.tool.schema.spi.SchemaManagementToolCoordinator.process(SchemaManagementToolCoordinator.java:142)
	at org.hibernate.boot.internal.SessionFactoryObserverForSchemaExport.sessionFactoryCreated(SessionFactoryObserverForSchemaExport.java:37)
	at org.hibernate.internal.SessionFactoryObserverChain.sessionFactoryCreated(SessionFactoryObserverChain.java:35)
	at org.hibernate.internal.SessionFactoryImpl.<init>(SessionFactoryImpl.java:315)
	at org.hibernate.boot.internal.SessionFactoryBuilderImpl.build(SessionFactoryBuilderImpl.java:450)
	at org.hibernate.jpa.boot.internal.EntityManagerFactoryBuilderImpl.build(EntityManagerFactoryBuilderImpl.java:1507)
	at org.springframework.orm.jpa.vendor.SpringHibernateJpaPersistenceProvider.createContainerEntityManagerFactory(SpringHibernateJpaPersistenceProvider.java:75)
	at org.springframework.orm.jpa.LocalContainerEntityManagerFactoryBean.createNativeEntityManagerFactory(LocalContainerEntityManagerFactoryBean.java:390)
	at org.springframework.orm.jpa.AbstractEntityManagerFactoryBean.buildNativeEntityManagerFactory(AbstractEntityManagerFactoryBean.java:409)
	at org.springframework.orm.jpa.AbstractEntityManagerFactoryBean.afterPropertiesSet(AbstractEntityManagerFactoryBean.java:396)
	at org.springframework.orm.jpa.LocalContainerEntityManagerFactoryBean.afterPropertiesSet(LocalContainerEntityManagerFactoryBean.java:366)
	at org.springframework.beans.factory.support.AbstractAutowireCapableBeanFactory.invokeInitMethods(AbstractAutowireCapableBeanFactory.java:1833)
	at org.springframework.beans.factory.support.AbstractAutowireCapableBeanFactory.initializeBean(AbstractAutowireCapableBeanFactory.java:1782)
	at org.springframework.beans.factory.support.AbstractAutowireCapableBeanFactory.doCreateBean(AbstractAutowireCapableBeanFactory.java:600)
	at org.springframework.beans.factory.support.AbstractAutowireCapableBeanFactory.createBean(AbstractAutowireCapableBeanFactory.java:522)
	at org.springframework.beans.factory.support.AbstractBeanFactory.lambda$doGetBean$0(AbstractBeanFactory.java:326)
	at org.springframework.beans.factory.support.DefaultSingletonBeanRegistry.getSingleton(DefaultSingletonBeanRegistry.java:234)
	at org.springframework.beans.factory.support.AbstractBeanFactory.doGetBean(AbstractBeanFactory.java:324)
	at org.springframework.beans.factory.support.AbstractBeanFactory.getBean(AbstractBeanFactory.java:200)
	at org.springframework.context.support.AbstractApplicationContext.getBean(AbstractApplicationContext.java:1234)
	at org.springframework.context.support.AbstractApplicationContext.finishBeanFactoryInitialization(AbstractApplicationContext.java:952)
	at org.springframework.context.support.AbstractApplicationContext.refresh(AbstractApplicationContext.java:624)
	at org.springframework.boot.web.servlet.context.ServletWebServerApplicationContext.refresh(ServletWebServerApplicationContext.java:146)
	at org.springframework.boot.SpringApplication.refresh(SpringApplication.java:754)
	at org.springframework.boot.SpringApplication.refreshContext(SpringApplication.java:456)
	at org.springframework.boot.SpringApplication.run(SpringApplication.java:334)
	at org.springframework.boot.SpringApplication.run(SpringApplication.java:1354)
	at org.springframework.boot.SpringApplication.run(SpringApplication.java:1343)
	at com.capg.pharma.orderservice.OrderServiceApplication.main(OrderServiceApplication.java:28)
	at java.base/jdk.internal.reflect.DirectMethodHandleAccessor.invoke(DirectMethodHandleAccessor.java:103)
	at java.base/java.lang.reflect.Method.invoke(Method.java:580)
	at org.springframework.boot.loader.launch.Launcher.launch(Launcher.java:91)
	at org.springframework.boot.loader.launch.Launcher.launch(Launcher.java:53)
	at org.springframework.boot.loader.launch.JarLauncher.main(JarLauncher.java:58)
Caused by: java.sql.SQLSyntaxErrorException: You have an error in your SQL syntax; check the manual that corresponds to your MySQL server version for the right syntax to use near '(6), customer_email varchar(255), customer_id bigint not null, delivery_address ' at line 1
	at com.mysql.cj.jdbc.exceptions.SQLError.createSQLException(SQLError.java:121)
	at com.mysql.cj.jdbc.exceptions.SQLExceptionsMapping.translateException(SQLExceptionsMapping.java:122)
	at com.mysql.cj.jdbc.StatementImpl.executeInternal(StatementImpl.java:770)
	at com.mysql.cj.jdbc.StatementImpl.execute(StatementImpl.java:653)
	at com.zaxxer.hikari.pool.ProxyStatement.execute(ProxyStatement.java:94)
	at com.zaxxer.hikari.pool.HikariProxyStatement.execute(HikariProxyStatement.java)
	at org.hibernate.tool.schema.internal.exec.GenerationTargetToDatabase.accept(GenerationTargetToDatabase.java:80)
	... 43 common frames omitted
2026-05-01 23:21:18.572 [main] WARN  o.h.t.s.i.ExceptionHandlerLoggedImpl - GenerationTarget encountered exception accepting command : Error executing DDL "alter table order_items add constraint FKbioxgbv59vetrxe0ejfubep1w foreign key (order_id) references orders (id)" via JDBC [Can't create table 'order_db.#sql-d70_75' (errno: 150)]
org.hibernate.tool.schema.spi.CommandAcceptanceException: Error executing DDL "alter table order_items add constraint FKbioxgbv59vetrxe0ejfubep1w foreign key (order_id) references orders (id)" via JDBC [Can't create table 'order_db.#sql-d70_75' (errno: 150)]
	at org.hibernate.tool.schema.internal.exec.GenerationTargetToDatabase.accept(GenerationTargetToDatabase.java:94)
	at org.hibernate.tool.schema.internal.AbstractSchemaMigrator.applySqlString(AbstractSchemaMigrator.java:574)
	at org.hibernate.tool.schema.internal.AbstractSchemaMigrator.applySqlStrings(AbstractSchemaMigrator.java:514)
	at org.hibernate.tool.schema.internal.AbstractSchemaMigrator.applyForeignKeys(AbstractSchemaMigrator.java:446)
	at org.hibernate.tool.schema.internal.AbstractSchemaMigrator.performMigration(AbstractSchemaMigrator.java:268)
	at org.hibernate.tool.schema.internal.AbstractSchemaMigrator.doMigration(AbstractSchemaMigrator.java:117)
	at org.hibernate.tool.schema.spi.SchemaManagementToolCoordinator.performDatabaseAction(SchemaManagementToolCoordinator.java:286)
	at org.hibernate.tool.schema.spi.SchemaManagementToolCoordinator.lambda$process$5(SchemaManagementToolCoordinator.java:145)
	at java.base/java.util.HashMap.forEach(HashMap.java:1429)
	at org.hibernate.tool.schema.spi.SchemaManagementToolCoordinator.process(SchemaManagementToolCoordinator.java:142)
	at org.hibernate.boot.internal.SessionFactoryObserverForSchemaExport.sessionFactoryCreated(SessionFactoryObserverForSchemaExport.java:37)
	at org.hibernate.internal.SessionFactoryObserverChain.sessionFactoryCreated(SessionFactoryObserverChain.java:35)
	at org.hibernate.internal.SessionFactoryImpl.<init>(SessionFactoryImpl.java:315)
	at org.hibernate.boot.internal.SessionFactoryBuilderImpl.build(SessionFactoryBuilderImpl.java:450)
	at org.hibernate.jpa.boot.internal.EntityManagerFactoryBuilderImpl.build(EntityManagerFactoryBuilderImpl.java:1507)
	at org.springframework.orm.jpa.vendor.SpringHibernateJpaPersistenceProvider.createContainerEntityManagerFactory(SpringHibernateJpaPersistenceProvider.java:75)
	at org.springframework.orm.jpa.LocalContainerEntityManagerFactoryBean.createNativeEntityManagerFactory(LocalContainerEntityManagerFactoryBean.java:390)
	at org.springframework.orm.jpa.AbstractEntityManagerFactoryBean.buildNativeEntityManagerFactory(AbstractEntityManagerFactoryBean.java:409)
	at org.springframework.orm.jpa.AbstractEntityManagerFactoryBean.afterPropertiesSet(AbstractEntityManagerFactoryBean.java:396)
	at org.springframework.orm.jpa.LocalContainerEntityManagerFactoryBean.afterPropertiesSet(LocalContainerEntityManagerFactoryBean.java:366)
	at org.springframework.beans.factory.support.AbstractAutowireCapableBeanFactory.invokeInitMethods(AbstractAutowireCapableBeanFactory.java:1833)
	at org.springframework.beans.factory.support.AbstractAutowireCapableBeanFactory.initializeBean(AbstractAutowireCapableBeanFactory.java:1782)
	at org.springframework.beans.factory.support.AbstractAutowireCapableBeanFactory.doCreateBean(AbstractAutowireCapableBeanFactory.java:600)
	at org.springframework.beans.factory.support.AbstractAutowireCapableBeanFactory.createBean(AbstractAutowireCapableBeanFactory.java:522)
	at org.springframework.beans.factory.support.AbstractBeanFactory.lambda$doGetBean$0(AbstractBeanFactory.java:326)
	at org.springframework.beans.factory.support.DefaultSingletonBeanRegistry.getSingleton(DefaultSingletonBeanRegistry.java:234)
	at org.springframework.beans.factory.support.AbstractBeanFactory.doGetBean(AbstractBeanFactory.java:324)
	at org.springframework.beans.factory.support.AbstractBeanFactory.getBean(AbstractBeanFactory.java:200)
	at org.springframework.context.support.AbstractApplicationContext.getBean(AbstractApplicationContext.java:1234)
	at org.springframework.context.support.AbstractApplicationContext.finishBeanFactoryInitialization(AbstractApplicationContext.java:952)
	at org.springframework.context.support.AbstractApplicationContext.refresh(AbstractApplicationContext.java:624)
	at org.springframework.boot.web.servlet.context.ServletWebServerApplicationContext.refresh(ServletWebServerApplicationContext.java:146)
	at org.springframework.boot.SpringApplication.refresh(SpringApplication.java:754)
	at org.springframework.boot.SpringApplication.refreshContext(SpringApplication.java:456)
	at org.springframework.boot.SpringApplication.run(SpringApplication.java:334)
	at org.springframework.boot.SpringApplication.run(SpringApplication.java:1354)
	at org.springframework.boot.SpringApplication.run(SpringApplication.java:1343)
	at com.capg.pharma.orderservice.OrderServiceApplication.main(OrderServiceApplication.java:28)
	at java.base/jdk.internal.reflect.DirectMethodHandleAccessor.invoke(DirectMethodHandleAccessor.java:103)
	at java.base/java.lang.reflect.Method.invoke(Method.java:580)
	at org.springframework.boot.loader.launch.Launcher.launch(Launcher.java:91)
	at org.springframework.boot.loader.launch.Launcher.launch(Launcher.java:53)
	at org.springframework.boot.loader.launch.JarLauncher.main(JarLauncher.java:58)
Caused by: java.sql.SQLException: Can't create table 'order_db.#sql-d70_75' (errno: 150)
	at com.mysql.cj.jdbc.exceptions.SQLError.createSQLException(SQLError.java:130)
	at com.mysql.cj.jdbc.exceptions.SQLExceptionsMapping.translateException(SQLExceptionsMapping.java:122)
	at com.mysql.cj.jdbc.StatementImpl.executeInternal(StatementImpl.java:770)
	at com.mysql.cj.jdbc.StatementImpl.execute(StatementImpl.java:653)
	at com.zaxxer.hikari.pool.ProxyStatement.execute(ProxyStatement.java:94)
	at com.zaxxer.hikari.pool.HikariProxyStatement.execute(HikariProxyStatement.java)
	at org.hibernate.tool.schema.internal.exec.GenerationTargetToDatabase.accept(GenerationTargetToDatabase.java:80)
	... 42 common frames omitted
2026-05-01 23:21:21.066 [main] WARN  o.s.b.a.o.j.JpaBaseConfiguration$JpaWebConfiguration - spring.jpa.open-in-view is enabled by default. Therefore, database queries may be performed during view rendering. Explicitly configure spring.jpa.open-in-view to disable this warning
2026-05-01 23:21:22.474 [main] WARN  o.s.b.a.s.s.UserDetailsServiceAutoConfiguration - 

Using generated security password: e49b8cd1-cd5a-4605-8fd4-3613339f6cec

This generated password is for development use only. Your security configuration must be updated before running your application in production.

2026-05-01 23:21:25.680 [main] WARN  o.s.c.l.c.LoadBalancerCacheAutoConfiguration$LoadBalancerCaffeineWarnLogger - Spring Cloud LoadBalancer is currently working with the default cache. While this cache implementation is useful for development and tests, it's recommended to use Caffeine cache in production.You can switch to using Caffeine cache, by adding it and org.springframework.cache.caffeine.CaffeineCacheManager to the classpath.
2026-05-01 23:21:26.615 [main] INFO  o.a.coyote.http11.Http11NioProtocol - Starting ProtocolHandler ["http-nio-9093"]
2026-05-01 23:21:26.745 [main] INFO  c.c.p.o.OrderServiceApplication - Started OrderServiceApplication in 26.967 seconds (process running for 28.886)
2026-05-01 23:25:34.970 [http-nio-9093-exec-1] INFO  o.a.c.c.C.[Tomcat].[localhost].[/] - Initializing Spring DispatcherServlet 'dispatcherServlet'
2026-05-01 23:25:37.104 [AsyncReporter{org.springframework.boot.actuate.autoconfigure.tracing.zipkin.ZipkinRestTemplateSender@2c4eae94}] WARN  z.r.AsyncReporter$BoundedAsyncReporter - Spans were dropped due to exceptions. All subsequent errors will be logged at FINE level.
2026-05-01 23:25:37.105 [AsyncReporter{org.springframework.boot.actuate.autoconfigure.tracing.zipkin.ZipkinRestTemplateSender@2c4eae94}] WARN  z.r.AsyncReporter$BoundedAsyncReporter - Dropped 5 spans due to ResourceAccessException(I/O error on POST request for "http://localhost:9411/api/v2/spans": Connect to http://localhost:9411 [localhost/127.0.0.1, localhost/0:0:0:0:0:0:0:1] failed: Connection refused: getsockopt)
org.springframework.web.client.ResourceAccessException: I/O error on POST request for "http://localhost:9411/api/v2/spans": Connect to http://localhost:9411 [localhost/127.0.0.1, localhost/0:0:0:0:0:0:0:1] failed: Connection refused: getsockopt
	at org.springframework.web.client.RestTemplate.createResourceAccessException(RestTemplate.java:915)
	at org.springframework.web.client.RestTemplate.doExecute(RestTemplate.java:895)
	at org.springframework.web.client.RestTemplate.execute(RestTemplate.java:790)
	at org.springframework.web.client.RestTemplate.exchange(RestTemplate.java:672)
	at org.springframework.boot.actuate.autoconfigure.tracing.zipkin.ZipkinRestTemplateSender$RestTemplateHttpPostCall.doExecute(ZipkinRestTemplateSender.java:68)
	at org.springframework.boot.actuate.autoconfigure.tracing.zipkin.ZipkinRestTemplateSender$RestTemplateHttpPostCall.doExecute(ZipkinRestTemplateSender.java:48)
	at zipkin2.Call$Base.execute(Call.java:391)
	at zipkin2.reporter.AsyncReporter$BoundedAsyncReporter.flush(AsyncReporter.java:299)
	at zipkin2.reporter.AsyncReporter$Flusher.run(AsyncReporter.java:378)
	at java.base/java.lang.Thread.run(Thread.java:1583)
Caused by: org.apache.hc.client5.http.HttpHostConnectException: Connect to http://localhost:9411 [localhost/127.0.0.1, localhost/0:0:0:0:0:0:0:1] failed: Connection refused: getsockopt
	at java.base/sun.nio.ch.Net.pollConnect(Native Method)
	at java.base/sun.nio.ch.Net.pollConnectNow(Net.java:682)
	at java.base/sun.nio.ch.NioSocketImpl.timedFinishConnect(NioSocketImpl.java:542)
	at java.base/sun.nio.ch.NioSocketImpl.connect(NioSocketImpl.java:592)
	at java.base/java.net.SocksSocketImpl.connect(SocksSocketImpl.java:327)
	at java.base/java.net.Socket.connect(Socket.java:751)
	at org.apache.hc.client5.http.socket.PlainConnectionSocketFactory.lambda$connectSocket$0(PlainConnectionSocketFactory.java:91)
	at java.base/java.security.AccessController.doPrivileged(AccessController.java:571)
	at org.apache.hc.client5.http.socket.PlainConnectionSocketFactory.connectSocket(PlainConnectionSocketFactory.java:90)
	at org.apache.hc.client5.http.socket.ConnectionSocketFactory.connectSocket(ConnectionSocketFactory.java:123)
	at org.apache.hc.client5.http.impl.io.DefaultHttpClientConnectionOperator.connect(DefaultHttpClientConnectionOperator.java:184)
	at org.apache.hc.client5.http.impl.io.PoolingHttpClientConnectionManager.connect(PoolingHttpClientConnectionManager.java:447)
	at org.apache.hc.client5.http.impl.classic.InternalExecRuntime.connectEndpoint(InternalExecRuntime.java:162)
	at org.apache.hc.client5.http.impl.classic.InternalExecRuntime.connectEndpoint(InternalExecRuntime.java:172)
	at org.apache.hc.client5.http.impl.classic.ConnectExec.execute(ConnectExec.java:142)
	at org.apache.hc.client5.http.impl.classic.ExecChainElement.execute(ExecChainElement.java:51)
	at org.apache.hc.client5.http.impl.classic.ProtocolExec.execute(ProtocolExec.java:192)
	at org.apache.hc.client5.http.impl.classic.ExecChainElement.execute(ExecChainElement.java:51)
	at org.apache.hc.client5.http.impl.classic.HttpRequestRetryExec.execute(HttpRequestRetryExec.java:96)
	at org.apache.hc.client5.http.impl.classic.ExecChainElement.execute(ExecChainElement.java:51)
	at org.apache.hc.client5.http.impl.classic.ContentCompressionExec.execute(ContentCompressionExec.java:152)
	at org.apache.hc.client5.http.impl.classic.ExecChainElement.execute(ExecChainElement.java:51)
	at org.apache.hc.client5.http.impl.classic.RedirectExec.execute(RedirectExec.java:115)
	at org.apache.hc.client5.http.impl.classic.ExecChainElement.execute(ExecChainElement.java:51)
	at org.apache.hc.client5.http.impl.classic.InternalHttpClient.doExecute(InternalHttpClient.java:170)
	at org.apache.hc.client5.http.impl.classic.CloseableHttpClient.execute(CloseableHttpClient.java:87)
	at org.apache.hc.client5.http.impl.classic.CloseableHttpClient.execute(CloseableHttpClient.java:55)
	at org.apache.hc.client5.http.classic.HttpClient.executeOpen(HttpClient.java:183)
	at org.springframework.http.client.HttpComponentsClientHttpRequest.executeInternal(HttpComponentsClientHttpRequest.java:95)
	at org.springframework.http.client.AbstractStreamingClientHttpRequest.executeInternal(AbstractStreamingClientHttpRequest.java:70)
	at org.springframework.http.client.AbstractClientHttpRequest.execute(AbstractClientHttpRequest.java:66)
	at org.springframework.web.client.RestTemplate.doExecute(RestTemplate.java:889)
	... 8 common frames omitted
2026-05-01 23:32:54.651 [main] INFO  c.c.p.o.OrderServiceApplication - Starting OrderServiceApplication using Java 21.0.7 with PID 25776 (D:\yosker\PharmacyOnline\janviProject\pharmacy-microservices\order-service\target\order-service-1.0.0.jar started by V in D:\yosker\PharmacyOnline\janviProject\pharmacy-microservices)
2026-05-01 23:32:54.658 [main] INFO  c.c.p.o.OrderServiceApplication - No active profile set, falling back to 1 default profile: "default"
2026-05-01 23:33:02.201 [main] WARN  o.s.c.s.PostProcessorRegistrationDelegate$BeanPostProcessorChecker - Bean 'org.springframework.cloud.client.loadbalancer.LoadBalancerAutoConfiguration$DeferringLoadBalancerInterceptorConfig' of type [org.springframework.cloud.client.loadbalancer.LoadBalancerAutoConfiguration$DeferringLoadBalancerInterceptorConfig] is not eligible for getting processed by all BeanPostProcessors (for example: not eligible for auto-proxying). The currently created BeanPostProcessor [lbRestClientPostProcessor] is declared through a non-static factory method on that class; consider declaring it as static instead.
2026-05-01 23:33:02.213 [main] WARN  o.s.c.s.PostProcessorRegistrationDelegate$BeanPostProcessorChecker - Bean 'deferringLoadBalancerInterceptor' of type [org.springframework.cloud.client.loadbalancer.DeferringLoadBalancerInterceptor] is not eligible for getting processed by all BeanPostProcessors (for example: not eligible for auto-proxying). Is this bean getting eagerly injected into a currently created BeanPostProcessor [lbRestClientPostProcessor]? Check the corresponding BeanPostProcessor declaration and its dependencies.
2026-05-01 23:33:03.156 [main] INFO  o.a.coyote.http11.Http11NioProtocol - Initializing ProtocolHandler ["http-nio-9093"]
2026-05-01 23:33:03.162 [main] INFO  o.a.catalina.core.StandardService - Starting service [Tomcat]
2026-05-01 23:33:03.163 [main] INFO  o.a.catalina.core.StandardEngine - Starting Servlet engine: [Apache Tomcat/10.1.20]
2026-05-01 23:33:03.249 [main] INFO  o.a.c.c.C.[Tomcat].[localhost].[/] - Initializing Spring embedded WebApplicationContext
2026-05-01 23:33:06.659 [main] INFO  com.zaxxer.hikari.HikariDataSource - HikariPool-1 - Starting...
2026-05-01 23:33:08.186 [main] ERROR com.zaxxer.hikari.pool.HikariPool - HikariPool-1 - Exception during pool initialization.
java.sql.SQLException: Access denied for user 'root'@'localhost' (using password: YES)
	at com.mysql.cj.jdbc.exceptions.SQLError.createSQLException(SQLError.java:130)
	at com.mysql.cj.jdbc.exceptions.SQLExceptionsMapping.translateException(SQLExceptionsMapping.java:122)
	at com.mysql.cj.jdbc.ConnectionImpl.createNewIO(ConnectionImpl.java:815)
	at com.mysql.cj.jdbc.ConnectionImpl.<init>(ConnectionImpl.java:438)
	at com.mysql.cj.jdbc.ConnectionImpl.getInstance(ConnectionImpl.java:241)
	at com.mysql.cj.jdbc.NonRegisteringDriver.connect(NonRegisteringDriver.java:189)
	at com.zaxxer.hikari.util.DriverDataSource.getConnection(DriverDataSource.java:138)
	at com.zaxxer.hikari.pool.PoolBase.newConnection(PoolBase.java:359)
	at com.zaxxer.hikari.pool.PoolBase.newPoolEntry(PoolBase.java:201)
	at com.zaxxer.hikari.pool.HikariPool.createPoolEntry(HikariPool.java:470)
	at com.zaxxer.hikari.pool.HikariPool.checkFailFast(HikariPool.java:561)
	at com.zaxxer.hikari.pool.HikariPool.<init>(HikariPool.java:100)
	at com.zaxxer.hikari.HikariDataSource.getConnection(HikariDataSource.java:112)
	at org.hibernate.engine.jdbc.connections.internal.DatasourceConnectionProviderImpl.getConnection(DatasourceConnectionProviderImpl.java:122)
	at org.hibernate.engine.jdbc.env.internal.JdbcEnvironmentInitiator$ConnectionProviderJdbcConnectionAccess.obtainConnection(JdbcEnvironmentInitiator.java:428)
	at org.hibernate.resource.transaction.backend.jdbc.internal.JdbcIsolationDelegate.delegateWork(JdbcIsolationDelegate.java:61)
	at org.hibernate.engine.jdbc.env.internal.JdbcEnvironmentInitiator.getJdbcEnvironmentUsingJdbcMetadata(JdbcEnvironmentInitiator.java:276)
	at org.hibernate.engine.jdbc.env.internal.JdbcEnvironmentInitiator.initiateService(JdbcEnvironmentInitiator.java:107)
	at org.hibernate.engine.jdbc.env.internal.JdbcEnvironmentInitiator.initiateService(JdbcEnvironmentInitiator.java:68)
	at org.hibernate.boot.registry.internal.StandardServiceRegistryImpl.initiateService(StandardServiceRegistryImpl.java:130)
	at org.hibernate.service.internal.AbstractServiceRegistryImpl.createService(AbstractServiceRegistryImpl.java:263)
	at org.hibernate.service.internal.AbstractServiceRegistryImpl.initializeService(AbstractServiceRegistryImpl.java:238)
	at org.hibernate.service.internal.AbstractServiceRegistryImpl.getService(AbstractServiceRegistryImpl.java:215)
	at org.hibernate.boot.model.relational.Database.<init>(Database.java:45)
	at org.hibernate.boot.internal.InFlightMetadataCollectorImpl.getDatabase(InFlightMetadataCollectorImpl.java:223)
	at org.hibernate.boot.internal.InFlightMetadataCollectorImpl.<init>(InFlightMetadataCollectorImpl.java:191)
	at org.hibernate.boot.model.process.spi.MetadataBuildingProcess.complete(MetadataBuildingProcess.java:170)
	at org.hibernate.jpa.boot.internal.EntityManagerFactoryBuilderImpl.metadata(EntityManagerFactoryBuilderImpl.java:1432)
	at org.hibernate.jpa.boot.internal.EntityManagerFactoryBuilderImpl.build(EntityManagerFactoryBuilderImpl.java:1503)
	at org.springframework.orm.jpa.vendor.SpringHibernateJpaPersistenceProvider.createContainerEntityManagerFactory(SpringHibernateJpaPersistenceProvider.java:75)
	at org.springframework.orm.jpa.LocalContainerEntityManagerFactoryBean.createNativeEntityManagerFactory(LocalContainerEntityManagerFactoryBean.java:390)
	at org.springframework.orm.jpa.AbstractEntityManagerFactoryBean.buildNativeEntityManagerFactory(AbstractEntityManagerFactoryBean.java:409)
	at org.springframework.orm.jpa.AbstractEntityManagerFactoryBean.afterPropertiesSet(AbstractEntityManagerFactoryBean.java:396)
	at org.springframework.orm.jpa.LocalContainerEntityManagerFactoryBean.afterPropertiesSet(LocalContainerEntityManagerFactoryBean.java:366)
	at org.springframework.beans.factory.support.AbstractAutowireCapableBeanFactory.invokeInitMethods(AbstractAutowireCapableBeanFactory.java:1833)
	at org.springframework.beans.factory.support.AbstractAutowireCapableBeanFactory.initializeBean(AbstractAutowireCapableBeanFactory.java:1782)
	at org.springframework.beans.factory.support.AbstractAutowireCapableBeanFactory.doCreateBean(AbstractAutowireCapableBeanFactory.java:600)
	at org.springframework.beans.factory.support.AbstractAutowireCapableBeanFactory.createBean(AbstractAutowireCapableBeanFactory.java:522)
	at org.springframework.beans.factory.support.AbstractBeanFactory.lambda$doGetBean$0(AbstractBeanFactory.java:326)
	at org.springframework.beans.factory.support.DefaultSingletonBeanRegistry.getSingleton(DefaultSingletonBeanRegistry.java:234)
	at org.springframework.beans.factory.support.AbstractBeanFactory.doGetBean(AbstractBeanFactory.java:324)
	at org.springframework.beans.factory.support.AbstractBeanFactory.getBean(AbstractBeanFactory.java:200)
	at org.springframework.context.support.AbstractApplicationContext.getBean(AbstractApplicationContext.java:1234)
	at org.springframework.context.support.AbstractApplicationContext.finishBeanFactoryInitialization(AbstractApplicationContext.java:952)
	at org.springframework.context.support.AbstractApplicationContext.refresh(AbstractApplicationContext.java:624)
	at org.springframework.boot.web.servlet.context.ServletWebServerApplicationContext.refresh(ServletWebServerApplicationContext.java:146)
	at org.springframework.boot.SpringApplication.refresh(SpringApplication.java:754)
	at org.springframework.boot.SpringApplication.refreshContext(SpringApplication.java:456)
	at org.springframework.boot.SpringApplication.run(SpringApplication.java:334)
	at org.springframework.boot.SpringApplication.run(SpringApplication.java:1354)
	at org.springframework.boot.SpringApplication.run(SpringApplication.java:1343)
	at com.capg.pharma.orderservice.OrderServiceApplication.main(OrderServiceApplication.java:28)
	at java.base/jdk.internal.reflect.DirectMethodHandleAccessor.invoke(DirectMethodHandleAccessor.java:103)
	at java.base/java.lang.reflect.Method.invoke(Method.java:580)
	at org.springframework.boot.loader.launch.Launcher.launch(Launcher.java:91)
	at org.springframework.boot.loader.launch.Launcher.launch(Launcher.java:53)
	at org.springframework.boot.loader.launch.JarLauncher.main(JarLauncher.java:58)
2026-05-01 23:33:08.206 [main] WARN  o.h.e.j.e.i.JdbcEnvironmentInitiator - HHH000342: Could not obtain connection to query metadata
java.lang.NullPointerException: Cannot invoke "org.hibernate.engine.jdbc.spi.SqlExceptionHelper.convert(java.sql.SQLException, String)" because the return value of "org.hibernate.resource.transaction.backend.jdbc.internal.JdbcIsolationDelegate.sqlExceptionHelper()" is null
	at org.hibernate.resource.transaction.backend.jdbc.internal.JdbcIsolationDelegate.delegateWork(JdbcIsolationDelegate.java:116)
	at org.hibernate.engine.jdbc.env.internal.JdbcEnvironmentInitiator.getJdbcEnvironmentUsingJdbcMetadata(JdbcEnvironmentInitiator.java:276)
	at org.hibernate.engine.jdbc.env.internal.JdbcEnvironmentInitiator.initiateService(JdbcEnvironmentInitiator.java:107)
	at org.hibernate.engine.jdbc.env.internal.JdbcEnvironmentInitiator.initiateService(JdbcEnvironmentInitiator.java:68)
	at org.hibernate.boot.registry.internal.StandardServiceRegistryImpl.initiateService(StandardServiceRegistryImpl.java:130)
	at org.hibernate.service.internal.AbstractServiceRegistryImpl.createService(AbstractServiceRegistryImpl.java:263)
	at org.hibernate.service.internal.AbstractServiceRegistryImpl.initializeService(AbstractServiceRegistryImpl.java:238)
	at org.hibernate.service.internal.AbstractServiceRegistryImpl.getService(AbstractServiceRegistryImpl.java:215)
	at org.hibernate.boot.model.relational.Database.<init>(Database.java:45)
	at org.hibernate.boot.internal.InFlightMetadataCollectorImpl.getDatabase(InFlightMetadataCollectorImpl.java:223)
	at org.hibernate.boot.internal.InFlightMetadataCollectorImpl.<init>(InFlightMetadataCollectorImpl.java:191)
	at org.hibernate.boot.model.process.spi.MetadataBuildingProcess.complete(MetadataBuildingProcess.java:170)
	at org.hibernate.jpa.boot.internal.EntityManagerFactoryBuilderImpl.metadata(EntityManagerFactoryBuilderImpl.java:1432)
	at org.hibernate.jpa.boot.internal.EntityManagerFactoryBuilderImpl.build(EntityManagerFactoryBuilderImpl.java:1503)
	at org.springframework.orm.jpa.vendor.SpringHibernateJpaPersistenceProvider.createContainerEntityManagerFactory(SpringHibernateJpaPersistenceProvider.java:75)
	at org.springframework.orm.jpa.LocalContainerEntityManagerFactoryBean.createNativeEntityManagerFactory(LocalContainerEntityManagerFactoryBean.java:390)
	at org.springframework.orm.jpa.AbstractEntityManagerFactoryBean.buildNativeEntityManagerFactory(AbstractEntityManagerFactoryBean.java:409)
	at org.springframework.orm.jpa.AbstractEntityManagerFactoryBean.afterPropertiesSet(AbstractEntityManagerFactoryBean.java:396)
	at org.springframework.orm.jpa.LocalContainerEntityManagerFactoryBean.afterPropertiesSet(LocalContainerEntityManagerFactoryBean.java:366)
	at org.springframework.beans.factory.support.AbstractAutowireCapableBeanFactory.invokeInitMethods(AbstractAutowireCapableBeanFactory.java:1833)
	at org.springframework.beans.factory.support.AbstractAutowireCapableBeanFactory.initializeBean(AbstractAutowireCapableBeanFactory.java:1782)
	at org.springframework.beans.factory.support.AbstractAutowireCapableBeanFactory.doCreateBean(AbstractAutowireCapableBeanFactory.java:600)
	at org.springframework.beans.factory.support.AbstractAutowireCapableBeanFactory.createBean(AbstractAutowireCapableBeanFactory.java:522)
	at org.springframework.beans.factory.support.AbstractBeanFactory.lambda$doGetBean$0(AbstractBeanFactory.java:326)
	at org.springframework.beans.factory.support.DefaultSingletonBeanRegistry.getSingleton(DefaultSingletonBeanRegistry.java:234)
	at org.springframework.beans.factory.support.AbstractBeanFactory.doGetBean(AbstractBeanFactory.java:324)
	at org.springframework.beans.factory.support.AbstractBeanFactory.getBean(AbstractBeanFactory.java:200)
	at org.springframework.context.support.AbstractApplicationContext.getBean(AbstractApplicationContext.java:1234)
	at org.springframework.context.support.AbstractApplicationContext.finishBeanFactoryInitialization(AbstractApplicationContext.java:952)
	at org.springframework.context.support.AbstractApplicationContext.refresh(AbstractApplicationContext.java:624)
	at org.springframework.boot.web.servlet.context.ServletWebServerApplicationContext.refresh(ServletWebServerApplicationContext.java:146)
	at org.springframework.boot.SpringApplication.refresh(SpringApplication.java:754)
	at org.springframework.boot.SpringApplication.refreshContext(SpringApplication.java:456)
	at org.springframework.boot.SpringApplication.run(SpringApplication.java:334)
	at org.springframework.boot.SpringApplication.run(SpringApplication.java:1354)
	at org.springframework.boot.SpringApplication.run(SpringApplication.java:1343)
	at com.capg.pharma.orderservice.OrderServiceApplication.main(OrderServiceApplication.java:28)
	at java.base/jdk.internal.reflect.DirectMethodHandleAccessor.invoke(DirectMethodHandleAccessor.java:103)
	at java.base/java.lang.reflect.Method.invoke(Method.java:580)
	at org.springframework.boot.loader.launch.Launcher.launch(Launcher.java:91)
	at org.springframework.boot.loader.launch.Launcher.launch(Launcher.java:53)
	at org.springframework.boot.loader.launch.JarLauncher.main(JarLauncher.java:58)
2026-05-01 23:33:08.306 [main] WARN  org.hibernate.orm.deprecation - HHH90000025: MySQLDialect does not need to be specified explicitly using 'hibernate.dialect' (remove the property setting and it will be selected by default)
2026-05-01 23:33:10.763 [main] INFO  com.zaxxer.hikari.HikariDataSource - HikariPool-1 - Starting...
2026-05-01 23:33:11.782 [main] ERROR com.zaxxer.hikari.pool.HikariPool - HikariPool-1 - Exception during pool initialization.
java.sql.SQLException: Access denied for user 'root'@'localhost' (using password: YES)
	at com.mysql.cj.jdbc.exceptions.SQLError.createSQLException(SQLError.java:130)
	at com.mysql.cj.jdbc.exceptions.SQLExceptionsMapping.translateException(SQLExceptionsMapping.java:122)
	at com.mysql.cj.jdbc.ConnectionImpl.createNewIO(ConnectionImpl.java:815)
	at com.mysql.cj.jdbc.ConnectionImpl.<init>(ConnectionImpl.java:438)
	at com.mysql.cj.jdbc.ConnectionImpl.getInstance(ConnectionImpl.java:241)
	at com.mysql.cj.jdbc.NonRegisteringDriver.connect(NonRegisteringDriver.java:189)
	at com.zaxxer.hikari.util.DriverDataSource.getConnection(DriverDataSource.java:138)
	at com.zaxxer.hikari.pool.PoolBase.newConnection(PoolBase.java:359)
	at com.zaxxer.hikari.pool.PoolBase.newPoolEntry(PoolBase.java:201)
	at com.zaxxer.hikari.pool.HikariPool.createPoolEntry(HikariPool.java:470)
	at com.zaxxer.hikari.pool.HikariPool.checkFailFast(HikariPool.java:561)
	at com.zaxxer.hikari.pool.HikariPool.<init>(HikariPool.java:100)
	at com.zaxxer.hikari.HikariDataSource.getConnection(HikariDataSource.java:112)
	at org.hibernate.engine.jdbc.connections.internal.DatasourceConnectionProviderImpl.getConnection(DatasourceConnectionProviderImpl.java:122)
	at org.hibernate.engine.jdbc.env.internal.JdbcEnvironmentInitiator$ConnectionProviderJdbcConnectionAccess.obtainConnection(JdbcEnvironmentInitiator.java:428)
	at org.hibernate.resource.transaction.backend.jdbc.internal.DdlTransactionIsolatorNonJtaImpl.getIsolatedConnection(DdlTransactionIsolatorNonJtaImpl.java:46)
	at org.hibernate.resource.transaction.backend.jdbc.internal.DdlTransactionIsolatorNonJtaImpl.getIsolatedConnection(DdlTransactionIsolatorNonJtaImpl.java:39)
	at org.hibernate.tool.schema.internal.exec.ImprovedExtractionContextImpl.getJdbcConnection(ImprovedExtractionContextImpl.java:63)
	at org.hibernate.tool.schema.internal.exec.ImprovedExtractionContextImpl.getJdbcDatabaseMetaData(ImprovedExtractionContextImpl.java:70)
	at org.hibernate.tool.schema.extract.internal.InformationExtractorJdbcDatabaseMetaDataImpl.processTableResultSet(InformationExtractorJdbcDatabaseMetaDataImpl.java:64)
	at org.hibernate.tool.schema.extract.internal.AbstractInformationExtractorImpl.getTables(AbstractInformationExtractorImpl.java:570)
	at org.hibernate.tool.schema.extract.internal.DatabaseInformationImpl.getTablesInformation(DatabaseInformationImpl.java:122)
	at org.hibernate.tool.schema.internal.GroupedSchemaMigratorImpl.performTablesMigration(GroupedSchemaMigratorImpl.java:72)
	at org.hibernate.tool.schema.internal.AbstractSchemaMigrator.performMigration(AbstractSchemaMigrator.java:232)
	at org.hibernate.tool.schema.internal.AbstractSchemaMigrator.doMigration(AbstractSchemaMigrator.java:117)
	at org.hibernate.tool.schema.spi.SchemaManagementToolCoordinator.performDatabaseAction(SchemaManagementToolCoordinator.java:286)
	at org.hibernate.tool.schema.spi.SchemaManagementToolCoordinator.lambda$process$5(SchemaManagementToolCoordinator.java:145)
	at java.base/java.util.HashMap.forEach(HashMap.java:1429)
	at org.hibernate.tool.schema.spi.SchemaManagementToolCoordinator.process(SchemaManagementToolCoordinator.java:142)
	at org.hibernate.boot.internal.SessionFactoryObserverForSchemaExport.sessionFactoryCreated(SessionFactoryObserverForSchemaExport.java:37)
	at org.hibernate.internal.SessionFactoryObserverChain.sessionFactoryCreated(SessionFactoryObserverChain.java:35)
	at org.hibernate.internal.SessionFactoryImpl.<init>(SessionFactoryImpl.java:315)
	at org.hibernate.boot.internal.SessionFactoryBuilderImpl.build(SessionFactoryBuilderImpl.java:450)
	at org.hibernate.jpa.boot.internal.EntityManagerFactoryBuilderImpl.build(EntityManagerFactoryBuilderImpl.java:1507)
	at org.springframework.orm.jpa.vendor.SpringHibernateJpaPersistenceProvider.createContainerEntityManagerFactory(SpringHibernateJpaPersistenceProvider.java:75)
	at org.springframework.orm.jpa.LocalContainerEntityManagerFactoryBean.createNativeEntityManagerFactory(LocalContainerEntityManagerFactoryBean.java:390)
	at org.springframework.orm.jpa.AbstractEntityManagerFactoryBean.buildNativeEntityManagerFactory(AbstractEntityManagerFactoryBean.java:409)
	at org.springframework.orm.jpa.AbstractEntityManagerFactoryBean.afterPropertiesSet(AbstractEntityManagerFactoryBean.java:396)
	at org.springframework.orm.jpa.LocalContainerEntityManagerFactoryBean.afterPropertiesSet(LocalContainerEntityManagerFactoryBean.java:366)
	at org.springframework.beans.factory.support.AbstractAutowireCapableBeanFactory.invokeInitMethods(AbstractAutowireCapableBeanFactory.java:1833)
	at org.springframework.beans.factory.support.AbstractAutowireCapableBeanFactory.initializeBean(AbstractAutowireCapableBeanFactory.java:1782)
	at org.springframework.beans.factory.support.AbstractAutowireCapableBeanFactory.doCreateBean(AbstractAutowireCapableBeanFactory.java:600)
	at org.springframework.beans.factory.support.AbstractAutowireCapableBeanFactory.createBean(AbstractAutowireCapableBeanFactory.java:522)
	at org.springframework.beans.factory.support.AbstractBeanFactory.lambda$doGetBean$0(AbstractBeanFactory.java:326)
	at org.springframework.beans.factory.support.DefaultSingletonBeanRegistry.getSingleton(DefaultSingletonBeanRegistry.java:234)
	at org.springframework.beans.factory.support.AbstractBeanFactory.doGetBean(AbstractBeanFactory.java:324)
	at org.springframework.beans.factory.support.AbstractBeanFactory.getBean(AbstractBeanFactory.java:200)
	at org.springframework.context.support.AbstractApplicationContext.getBean(AbstractApplicationContext.java:1234)
	at org.springframework.context.support.AbstractApplicationContext.finishBeanFactoryInitialization(AbstractApplicationContext.java:952)
	at org.springframework.context.support.AbstractApplicationContext.refresh(AbstractApplicationContext.java:624)
	at org.springframework.boot.web.servlet.context.ServletWebServerApplicationContext.refresh(ServletWebServerApplicationContext.java:146)
	at org.springframework.boot.SpringApplication.refresh(SpringApplication.java:754)
	at org.springframework.boot.SpringApplication.refreshContext(SpringApplication.java:456)
	at org.springframework.boot.SpringApplication.run(SpringApplication.java:334)
	at org.springframework.boot.SpringApplication.run(SpringApplication.java:1354)
	at org.springframework.boot.SpringApplication.run(SpringApplication.java:1343)
	at com.capg.pharma.orderservice.OrderServiceApplication.main(OrderServiceApplication.java:28)
	at java.base/jdk.internal.reflect.DirectMethodHandleAccessor.invoke(DirectMethodHandleAccessor.java:103)
	at java.base/java.lang.reflect.Method.invoke(Method.java:580)
	at org.springframework.boot.loader.launch.Launcher.launch(Launcher.java:91)
	at org.springframework.boot.loader.launch.Launcher.launch(Launcher.java:53)
	at org.springframework.boot.loader.launch.JarLauncher.main(JarLauncher.java:58)
2026-05-01 23:33:11.795 [main] WARN  o.h.e.jdbc.spi.SqlExceptionHelper - SQL Error: 1045, SQLState: 28000
2026-05-01 23:33:11.797 [main] ERROR o.h.e.jdbc.spi.SqlExceptionHelper - Access denied for user 'root'@'localhost' (using password: YES)
2026-05-01 23:33:11.819 [main] ERROR o.s.o.j.LocalContainerEntityManagerFactoryBean - Failed to initialize JPA EntityManagerFactory: [PersistenceUnit: default] Unable to build Hibernate SessionFactory; nested exception is org.hibernate.exception.GenericJDBCException: Unable to open JDBC Connection for DDL execution [Access denied for user 'root'@'localhost' (using password: YES)] [n/a]
2026-05-01 23:33:11.820 [main] WARN  o.s.b.w.s.c.AnnotationConfigServletWebServerApplicationContext - Exception encountered during context initialization - cancelling refresh attempt: org.springframework.beans.factory.BeanCreationException: Error creating bean with name 'entityManagerFactory' defined in class path resource [org/springframework/boot/autoconfigure/orm/jpa/HibernateJpaConfiguration.class]: [PersistenceUnit: default] Unable to build Hibernate SessionFactory; nested exception is org.hibernate.exception.GenericJDBCException: Unable to open JDBC Connection for DDL execution [Access denied for user 'root'@'localhost' (using password: YES)] [n/a]
2026-05-01 23:33:12.828 [main] WARN  z.r.AsyncReporter$BoundedAsyncReporter - Timed out waiting for in-flight spans to send
2026-05-01 23:33:12.835 [main] INFO  o.a.catalina.core.StandardService - Stopping service [Tomcat]
2026-05-01 23:33:12.939 [main] ERROR o.s.boot.SpringApplication - Application run failed
org.springframework.beans.factory.BeanCreationException: Error creating bean with name 'entityManagerFactory' defined in class path resource [org/springframework/boot/autoconfigure/orm/jpa/HibernateJpaConfiguration.class]: [PersistenceUnit: default] Unable to build Hibernate SessionFactory; nested exception is org.hibernate.exception.GenericJDBCException: Unable to open JDBC Connection for DDL execution [Access denied for user 'root'@'localhost' (using password: YES)] [n/a]
	at org.springframework.beans.factory.support.AbstractAutowireCapableBeanFactory.initializeBean(AbstractAutowireCapableBeanFactory.java:1786)
	at org.springframework.beans.factory.support.AbstractAutowireCapableBeanFactory.doCreateBean(AbstractAutowireCapableBeanFactory.java:600)
	at org.springframework.beans.factory.support.AbstractAutowireCapableBeanFactory.createBean(AbstractAutowireCapableBeanFactory.java:522)
	at org.springframework.beans.factory.support.AbstractBeanFactory.lambda$doGetBean$0(AbstractBeanFactory.java:326)
	at org.springframework.beans.factory.support.DefaultSingletonBeanRegistry.getSingleton(DefaultSingletonBeanRegistry.java:234)
	at org.springframework.beans.factory.support.AbstractBeanFactory.doGetBean(AbstractBeanFactory.java:324)
	at org.springframework.beans.factory.support.AbstractBeanFactory.getBean(AbstractBeanFactory.java:200)
	at org.springframework.context.support.AbstractApplicationContext.getBean(AbstractApplicationContext.java:1234)
	at org.springframework.context.support.AbstractApplicationContext.finishBeanFactoryInitialization(AbstractApplicationContext.java:952)
	at org.springframework.context.support.AbstractApplicationContext.refresh(AbstractApplicationContext.java:624)
	at org.springframework.boot.web.servlet.context.ServletWebServerApplicationContext.refresh(ServletWebServerApplicationContext.java:146)
	at org.springframework.boot.SpringApplication.refresh(SpringApplication.java:754)
	at org.springframework.boot.SpringApplication.refreshContext(SpringApplication.java:456)
	at org.springframework.boot.SpringApplication.run(SpringApplication.java:334)
	at org.springframework.boot.SpringApplication.run(SpringApplication.java:1354)
	at org.springframework.boot.SpringApplication.run(SpringApplication.java:1343)
	at com.capg.pharma.orderservice.OrderServiceApplication.main(OrderServiceApplication.java:28)
	at java.base/jdk.internal.reflect.DirectMethodHandleAccessor.invoke(DirectMethodHandleAccessor.java:103)
	at java.base/java.lang.reflect.Method.invoke(Method.java:580)
	at org.springframework.boot.loader.launch.Launcher.launch(Launcher.java:91)
	at org.springframework.boot.loader.launch.Launcher.launch(Launcher.java:53)
	at org.springframework.boot.loader.launch.JarLauncher.main(JarLauncher.java:58)
Caused by: jakarta.persistence.PersistenceException: [PersistenceUnit: default] Unable to build Hibernate SessionFactory; nested exception is org.hibernate.exception.GenericJDBCException: Unable to open JDBC Connection for DDL execution [Access denied for user 'root'@'localhost' (using password: YES)] [n/a]
	at org.springframework.orm.jpa.AbstractEntityManagerFactoryBean.buildNativeEntityManagerFactory(AbstractEntityManagerFactoryBean.java:421)
	at org.springframework.orm.jpa.AbstractEntityManagerFactoryBean.afterPropertiesSet(AbstractEntityManagerFactoryBean.java:396)
	at org.springframework.orm.jpa.LocalContainerEntityManagerFactoryBean.afterPropertiesSet(LocalContainerEntityManagerFactoryBean.java:366)
	at org.springframework.beans.factory.support.AbstractAutowireCapableBeanFactory.invokeInitMethods(AbstractAutowireCapableBeanFactory.java:1833)
	at org.springframework.beans.factory.support.AbstractAutowireCapableBeanFactory.initializeBean(AbstractAutowireCapableBeanFactory.java:1782)
	... 21 common frames omitted
Caused by: org.hibernate.exception.GenericJDBCException: Unable to open JDBC Connection for DDL execution [Access denied for user 'root'@'localhost' (using password: YES)] [n/a]
	at org.hibernate.exception.internal.StandardSQLExceptionConverter.convert(StandardSQLExceptionConverter.java:63)
	at org.hibernate.engine.jdbc.spi.SqlExceptionHelper.convert(SqlExceptionHelper.java:108)
	at org.hibernate.engine.jdbc.spi.SqlExceptionHelper.convert(SqlExceptionHelper.java:94)
	at org.hibernate.resource.transaction.backend.jdbc.internal.DdlTransactionIsolatorNonJtaImpl.getIsolatedConnection(DdlTransactionIsolatorNonJtaImpl.java:74)
	at org.hibernate.resource.transaction.backend.jdbc.internal.DdlTransactionIsolatorNonJtaImpl.getIsolatedConnection(DdlTransactionIsolatorNonJtaImpl.java:39)
	at org.hibernate.tool.schema.internal.exec.ImprovedExtractionContextImpl.getJdbcConnection(ImprovedExtractionContextImpl.java:63)
	at org.hibernate.tool.schema.internal.exec.ImprovedExtractionContextImpl.getJdbcDatabaseMetaData(ImprovedExtractionContextImpl.java:70)
	at org.hibernate.tool.schema.extract.internal.InformationExtractorJdbcDatabaseMetaDataImpl.processTableResultSet(InformationExtractorJdbcDatabaseMetaDataImpl.java:64)
	at org.hibernate.tool.schema.extract.internal.AbstractInformationExtractorImpl.getTables(AbstractInformationExtractorImpl.java:570)
	at org.hibernate.tool.schema.extract.internal.DatabaseInformationImpl.getTablesInformation(DatabaseInformationImpl.java:122)
	at org.hibernate.tool.schema.internal.GroupedSchemaMigratorImpl.performTablesMigration(GroupedSchemaMigratorImpl.java:72)
	at org.hibernate.tool.schema.internal.AbstractSchemaMigrator.performMigration(AbstractSchemaMigrator.java:232)
	at org.hibernate.tool.schema.internal.AbstractSchemaMigrator.doMigration(AbstractSchemaMigrator.java:117)
	at org.hibernate.tool.schema.spi.SchemaManagementToolCoordinator.performDatabaseAction(SchemaManagementToolCoordinator.java:286)
	at org.hibernate.tool.schema.spi.SchemaManagementToolCoordinator.lambda$process$5(SchemaManagementToolCoordinator.java:145)
	at java.base/java.util.HashMap.forEach(HashMap.java:1429)
	at org.hibernate.tool.schema.spi.SchemaManagementToolCoordinator.process(SchemaManagementToolCoordinator.java:142)
	at org.hibernate.boot.internal.SessionFactoryObserverForSchemaExport.sessionFactoryCreated(SessionFactoryObserverForSchemaExport.java:37)
	at org.hibernate.internal.SessionFactoryObserverChain.sessionFactoryCreated(SessionFactoryObserverChain.java:35)
	at org.hibernate.internal.SessionFactoryImpl.<init>(SessionFactoryImpl.java:315)
	at org.hibernate.boot.internal.SessionFactoryBuilderImpl.build(SessionFactoryBuilderImpl.java:450)
	at org.hibernate.jpa.boot.internal.EntityManagerFactoryBuilderImpl.build(EntityManagerFactoryBuilderImpl.java:1507)
	at org.springframework.orm.jpa.vendor.SpringHibernateJpaPersistenceProvider.createContainerEntityManagerFactory(SpringHibernateJpaPersistenceProvider.java:75)
	at org.springframework.orm.jpa.LocalContainerEntityManagerFactoryBean.createNativeEntityManagerFactory(LocalContainerEntityManagerFactoryBean.java:390)
	at org.springframework.orm.jpa.AbstractEntityManagerFactoryBean.buildNativeEntityManagerFactory(AbstractEntityManagerFactoryBean.java:409)
	... 25 common frames omitted
Caused by: java.sql.SQLException: Access denied for user 'root'@'localhost' (using password: YES)
	at com.mysql.cj.jdbc.exceptions.SQLError.createSQLException(SQLError.java:130)
	at com.mysql.cj.jdbc.exceptions.SQLExceptionsMapping.translateException(SQLExceptionsMapping.java:122)
	at com.mysql.cj.jdbc.ConnectionImpl.createNewIO(ConnectionImpl.java:815)
	at com.mysql.cj.jdbc.ConnectionImpl.<init>(ConnectionImpl.java:438)
	at com.mysql.cj.jdbc.ConnectionImpl.getInstance(ConnectionImpl.java:241)
	at com.mysql.cj.jdbc.NonRegisteringDriver.connect(NonRegisteringDriver.java:189)
	at com.zaxxer.hikari.util.DriverDataSource.getConnection(DriverDataSource.java:138)
	at com.zaxxer.hikari.pool.PoolBase.newConnection(PoolBase.java:359)
	at com.zaxxer.hikari.pool.PoolBase.newPoolEntry(PoolBase.java:201)
	at com.zaxxer.hikari.pool.HikariPool.createPoolEntry(HikariPool.java:470)
	at com.zaxxer.hikari.pool.HikariPool.checkFailFast(HikariPool.java:561)
	at com.zaxxer.hikari.pool.HikariPool.<init>(HikariPool.java:100)
	at com.zaxxer.hikari.HikariDataSource.getConnection(HikariDataSource.java:112)
	at org.hibernate.engine.jdbc.connections.internal.DatasourceConnectionProviderImpl.getConnection(DatasourceConnectionProviderImpl.java:122)
	at org.hibernate.engine.jdbc.env.internal.JdbcEnvironmentInitiator$ConnectionProviderJdbcConnectionAccess.obtainConnection(JdbcEnvironmentInitiator.java:428)
	at org.hibernate.resource.transaction.backend.jdbc.internal.DdlTransactionIsolatorNonJtaImpl.getIsolatedConnection(DdlTransactionIsolatorNonJtaImpl.java:46)
	... 46 common frames omitted
2026-05-01 23:38:58.743 [main] INFO  c.c.p.o.OrderServiceApplication - Starting OrderServiceApplication using Java 21.0.7 with PID 13640 (D:\yosker\PharmacyOnline\janviProject\pharmacy-microservices\order-service\target\order-service-1.0.0.jar started by V in D:\yosker\PharmacyOnline\janviProject\pharmacy-microservices)
2026-05-01 23:38:58.751 [main] INFO  c.c.p.o.OrderServiceApplication - No active profile set, falling back to 1 default profile: "default"
2026-05-01 23:39:06.684 [main] WARN  o.s.c.s.PostProcessorRegistrationDelegate$BeanPostProcessorChecker - Bean 'org.springframework.cloud.client.loadbalancer.LoadBalancerAutoConfiguration$DeferringLoadBalancerInterceptorConfig' of type [org.springframework.cloud.client.loadbalancer.LoadBalancerAutoConfiguration$DeferringLoadBalancerInterceptorConfig] is not eligible for getting processed by all BeanPostProcessors (for example: not eligible for auto-proxying). The currently created BeanPostProcessor [lbRestClientPostProcessor] is declared through a non-static factory method on that class; consider declaring it as static instead.
2026-05-01 23:39:06.695 [main] WARN  o.s.c.s.PostProcessorRegistrationDelegate$BeanPostProcessorChecker - Bean 'deferringLoadBalancerInterceptor' of type [org.springframework.cloud.client.loadbalancer.DeferringLoadBalancerInterceptor] is not eligible for getting processed by all BeanPostProcessors (for example: not eligible for auto-proxying). Is this bean getting eagerly injected into a currently created BeanPostProcessor [lbRestClientPostProcessor]? Check the corresponding BeanPostProcessor declaration and its dependencies.
2026-05-01 23:39:07.768 [main] INFO  o.a.coyote.http11.Http11NioProtocol - Initializing ProtocolHandler ["http-nio-9093"]
2026-05-01 23:39:07.775 [main] INFO  o.a.catalina.core.StandardService - Starting service [Tomcat]
2026-05-01 23:39:07.777 [main] INFO  o.a.catalina.core.StandardEngine - Starting Servlet engine: [Apache Tomcat/10.1.20]
2026-05-01 23:39:07.874 [main] INFO  o.a.c.c.C.[Tomcat].[localhost].[/] - Initializing Spring embedded WebApplicationContext
2026-05-01 23:39:11.645 [main] INFO  com.zaxxer.hikari.HikariDataSource - HikariPool-1 - Starting...
2026-05-01 23:39:12.128 [main] INFO  com.zaxxer.hikari.pool.HikariPool - HikariPool-1 - Added connection com.mysql.cj.jdbc.ConnectionImpl@4509414e
2026-05-01 23:39:12.132 [main] INFO  com.zaxxer.hikari.HikariDataSource - HikariPool-1 - Start completed.
2026-05-01 23:39:12.248 [main] WARN  org.hibernate.dialect.Dialect - HHH000511: The 5.5.27 version for [org.hibernate.dialect.MySQLDialect] is no longer supported, hence certain features may not work properly. The minimum supported version is 8.0.0. Check the community dialects project for available legacy versions.
2026-05-01 23:39:12.266 [main] WARN  org.hibernate.orm.deprecation - HHH90000025: MySQLDialect does not need to be specified explicitly using 'hibernate.dialect' (remove the property setting and it will be selected by default)
2026-05-01 23:39:15.009 [main] WARN  o.h.t.s.i.ExceptionHandlerLoggedImpl - GenerationTarget encountered exception accepting command : Error executing DDL "create table orders (id bigint not null auto_increment, created_at datetime(6), customer_email varchar(255), customer_id bigint not null, delivery_address varchar(255), status enum ('PENDING','PAID','PACKED','SHIPPED','DELIVERED','CANCELLED'), total_amount decimal(38,2), primary key (id)) engine=InnoDB" via JDBC [You have an error in your SQL syntax; check the manual that corresponds to your MySQL server version for the right syntax to use near '(6), customer_email varchar(255), customer_id bigint not null, delivery_address ' at line 1]
org.hibernate.tool.schema.spi.CommandAcceptanceException: Error executing DDL "create table orders (id bigint not null auto_increment, created_at datetime(6), customer_email varchar(255), customer_id bigint not null, delivery_address varchar(255), status enum ('PENDING','PAID','PACKED','SHIPPED','DELIVERED','CANCELLED'), total_amount decimal(38,2), primary key (id)) engine=InnoDB" via JDBC [You have an error in your SQL syntax; check the manual that corresponds to your MySQL server version for the right syntax to use near '(6), customer_email varchar(255), customer_id bigint not null, delivery_address ' at line 1]
	at org.hibernate.tool.schema.internal.exec.GenerationTargetToDatabase.accept(GenerationTargetToDatabase.java:94)
	at org.hibernate.tool.schema.internal.AbstractSchemaMigrator.applySqlString(AbstractSchemaMigrator.java:574)
	at org.hibernate.tool.schema.internal.AbstractSchemaMigrator.applySqlStrings(AbstractSchemaMigrator.java:514)
	at org.hibernate.tool.schema.internal.AbstractSchemaMigrator.createTable(AbstractSchemaMigrator.java:315)
	at org.hibernate.tool.schema.internal.GroupedSchemaMigratorImpl.performTablesMigration(GroupedSchemaMigratorImpl.java:80)
	at org.hibernate.tool.schema.internal.AbstractSchemaMigrator.performMigration(AbstractSchemaMigrator.java:232)
	at org.hibernate.tool.schema.internal.AbstractSchemaMigrator.doMigration(AbstractSchemaMigrator.java:117)
	at org.hibernate.tool.schema.spi.SchemaManagementToolCoordinator.performDatabaseAction(SchemaManagementToolCoordinator.java:286)
	at org.hibernate.tool.schema.spi.SchemaManagementToolCoordinator.lambda$process$5(SchemaManagementToolCoordinator.java:145)
	at java.base/java.util.HashMap.forEach(HashMap.java:1429)
	at org.hibernate.tool.schema.spi.SchemaManagementToolCoordinator.process(SchemaManagementToolCoordinator.java:142)
	at org.hibernate.boot.internal.SessionFactoryObserverForSchemaExport.sessionFactoryCreated(SessionFactoryObserverForSchemaExport.java:37)
	at org.hibernate.internal.SessionFactoryObserverChain.sessionFactoryCreated(SessionFactoryObserverChain.java:35)
	at org.hibernate.internal.SessionFactoryImpl.<init>(SessionFactoryImpl.java:315)
	at org.hibernate.boot.internal.SessionFactoryBuilderImpl.build(SessionFactoryBuilderImpl.java:450)
	at org.hibernate.jpa.boot.internal.EntityManagerFactoryBuilderImpl.build(EntityManagerFactoryBuilderImpl.java:1507)
	at org.springframework.orm.jpa.vendor.SpringHibernateJpaPersistenceProvider.createContainerEntityManagerFactory(SpringHibernateJpaPersistenceProvider.java:75)
	at org.springframework.orm.jpa.LocalContainerEntityManagerFactoryBean.createNativeEntityManagerFactory(LocalContainerEntityManagerFactoryBean.java:390)
	at org.springframework.orm.jpa.AbstractEntityManagerFactoryBean.buildNativeEntityManagerFactory(AbstractEntityManagerFactoryBean.java:409)
	at org.springframework.orm.jpa.AbstractEntityManagerFactoryBean.afterPropertiesSet(AbstractEntityManagerFactoryBean.java:396)
	at org.springframework.orm.jpa.LocalContainerEntityManagerFactoryBean.afterPropertiesSet(LocalContainerEntityManagerFactoryBean.java:366)
	at org.springframework.beans.factory.support.AbstractAutowireCapableBeanFactory.invokeInitMethods(AbstractAutowireCapableBeanFactory.java:1833)
	at org.springframework.beans.factory.support.AbstractAutowireCapableBeanFactory.initializeBean(AbstractAutowireCapableBeanFactory.java:1782)
	at org.springframework.beans.factory.support.AbstractAutowireCapableBeanFactory.doCreateBean(AbstractAutowireCapableBeanFactory.java:600)
	at org.springframework.beans.factory.support.AbstractAutowireCapableBeanFactory.createBean(AbstractAutowireCapableBeanFactory.java:522)
	at org.springframework.beans.factory.support.AbstractBeanFactory.lambda$doGetBean$0(AbstractBeanFactory.java:326)
	at org.springframework.beans.factory.support.DefaultSingletonBeanRegistry.getSingleton(DefaultSingletonBeanRegistry.java:234)
	at org.springframework.beans.factory.support.AbstractBeanFactory.doGetBean(AbstractBeanFactory.java:324)
	at org.springframework.beans.factory.support.AbstractBeanFactory.getBean(AbstractBeanFactory.java:200)
	at org.springframework.context.support.AbstractApplicationContext.getBean(AbstractApplicationContext.java:1234)
	at org.springframework.context.support.AbstractApplicationContext.finishBeanFactoryInitialization(AbstractApplicationContext.java:952)
	at org.springframework.context.support.AbstractApplicationContext.refresh(AbstractApplicationContext.java:624)
	at org.springframework.boot.web.servlet.context.ServletWebServerApplicationContext.refresh(ServletWebServerApplicationContext.java:146)
	at org.springframework.boot.SpringApplication.refresh(SpringApplication.java:754)
	at org.springframework.boot.SpringApplication.refreshContext(SpringApplication.java:456)
	at org.springframework.boot.SpringApplication.run(SpringApplication.java:334)
	at org.springframework.boot.SpringApplication.run(SpringApplication.java:1354)
	at org.springframework.boot.SpringApplication.run(SpringApplication.java:1343)
	at com.capg.pharma.orderservice.OrderServiceApplication.main(OrderServiceApplication.java:28)
	at java.base/jdk.internal.reflect.DirectMethodHandleAccessor.invoke(DirectMethodHandleAccessor.java:103)
	at java.base/java.lang.reflect.Method.invoke(Method.java:580)
	at org.springframework.boot.loader.launch.Launcher.launch(Launcher.java:91)
	at org.springframework.boot.loader.launch.Launcher.launch(Launcher.java:53)
	at org.springframework.boot.loader.launch.JarLauncher.main(JarLauncher.java:58)
Caused by: java.sql.SQLSyntaxErrorException: You have an error in your SQL syntax; check the manual that corresponds to your MySQL server version for the right syntax to use near '(6), customer_email varchar(255), customer_id bigint not null, delivery_address ' at line 1
	at com.mysql.cj.jdbc.exceptions.SQLError.createSQLException(SQLError.java:121)
	at com.mysql.cj.jdbc.exceptions.SQLExceptionsMapping.translateException(SQLExceptionsMapping.java:122)
	at com.mysql.cj.jdbc.StatementImpl.executeInternal(StatementImpl.java:770)
	at com.mysql.cj.jdbc.StatementImpl.execute(StatementImpl.java:653)
	at com.zaxxer.hikari.pool.ProxyStatement.execute(ProxyStatement.java:94)
	at com.zaxxer.hikari.pool.HikariProxyStatement.execute(HikariProxyStatement.java)
	at org.hibernate.tool.schema.internal.exec.GenerationTargetToDatabase.accept(GenerationTargetToDatabase.java:80)
	... 43 common frames omitted
2026-05-01 23:39:15.059 [main] WARN  o.h.t.s.i.ExceptionHandlerLoggedImpl - GenerationTarget encountered exception accepting command : Error executing DDL "alter table order_items add constraint FKbioxgbv59vetrxe0ejfubep1w foreign key (order_id) references orders (id)" via JDBC [Can't create table 'order_db.#sql-d70_ac' (errno: 150)]
org.hibernate.tool.schema.spi.CommandAcceptanceException: Error executing DDL "alter table order_items add constraint FKbioxgbv59vetrxe0ejfubep1w foreign key (order_id) references orders (id)" via JDBC [Can't create table 'order_db.#sql-d70_ac' (errno: 150)]
	at org.hibernate.tool.schema.internal.exec.GenerationTargetToDatabase.accept(GenerationTargetToDatabase.java:94)
	at org.hibernate.tool.schema.internal.AbstractSchemaMigrator.applySqlString(AbstractSchemaMigrator.java:574)
	at org.hibernate.tool.schema.internal.AbstractSchemaMigrator.applySqlStrings(AbstractSchemaMigrator.java:514)
	at org.hibernate.tool.schema.internal.AbstractSchemaMigrator.applyForeignKeys(AbstractSchemaMigrator.java:446)
	at org.hibernate.tool.schema.internal.AbstractSchemaMigrator.performMigration(AbstractSchemaMigrator.java:268)
	at org.hibernate.tool.schema.internal.AbstractSchemaMigrator.doMigration(AbstractSchemaMigrator.java:117)
	at org.hibernate.tool.schema.spi.SchemaManagementToolCoordinator.performDatabaseAction(SchemaManagementToolCoordinator.java:286)
	at org.hibernate.tool.schema.spi.SchemaManagementToolCoordinator.lambda$process$5(SchemaManagementToolCoordinator.java:145)
	at java.base/java.util.HashMap.forEach(HashMap.java:1429)
	at org.hibernate.tool.schema.spi.SchemaManagementToolCoordinator.process(SchemaManagementToolCoordinator.java:142)
	at org.hibernate.boot.internal.SessionFactoryObserverForSchemaExport.sessionFactoryCreated(SessionFactoryObserverForSchemaExport.java:37)
	at org.hibernate.internal.SessionFactoryObserverChain.sessionFactoryCreated(SessionFactoryObserverChain.java:35)
	at org.hibernate.internal.SessionFactoryImpl.<init>(SessionFactoryImpl.java:315)
	at org.hibernate.boot.internal.SessionFactoryBuilderImpl.build(SessionFactoryBuilderImpl.java:450)
	at org.hibernate.jpa.boot.internal.EntityManagerFactoryBuilderImpl.build(EntityManagerFactoryBuilderImpl.java:1507)
	at org.springframework.orm.jpa.vendor.SpringHibernateJpaPersistenceProvider.createContainerEntityManagerFactory(SpringHibernateJpaPersistenceProvider.java:75)
	at org.springframework.orm.jpa.LocalContainerEntityManagerFactoryBean.createNativeEntityManagerFactory(LocalContainerEntityManagerFactoryBean.java:390)
	at org.springframework.orm.jpa.AbstractEntityManagerFactoryBean.buildNativeEntityManagerFactory(AbstractEntityManagerFactoryBean.java:409)
	at org.springframework.orm.jpa.AbstractEntityManagerFactoryBean.afterPropertiesSet(AbstractEntityManagerFactoryBean.java:396)
	at org.springframework.orm.jpa.LocalContainerEntityManagerFactoryBean.afterPropertiesSet(LocalContainerEntityManagerFactoryBean.java:366)
	at org.springframework.beans.factory.support.AbstractAutowireCapableBeanFactory.invokeInitMethods(AbstractAutowireCapableBeanFactory.java:1833)
	at org.springframework.beans.factory.support.AbstractAutowireCapableBeanFactory.initializeBean(AbstractAutowireCapableBeanFactory.java:1782)
	at org.springframework.beans.factory.support.AbstractAutowireCapableBeanFactory.doCreateBean(AbstractAutowireCapableBeanFactory.java:600)
	at org.springframework.beans.factory.support.AbstractAutowireCapableBeanFactory.createBean(AbstractAutowireCapableBeanFactory.java:522)
	at org.springframework.beans.factory.support.AbstractBeanFactory.lambda$doGetBean$0(AbstractBeanFactory.java:326)
	at org.springframework.beans.factory.support.DefaultSingletonBeanRegistry.getSingleton(DefaultSingletonBeanRegistry.java:234)
	at org.springframework.beans.factory.support.AbstractBeanFactory.doGetBean(AbstractBeanFactory.java:324)
	at org.springframework.beans.factory.support.AbstractBeanFactory.getBean(AbstractBeanFactory.java:200)
	at org.springframework.context.support.AbstractApplicationContext.getBean(AbstractApplicationContext.java:1234)
	at org.springframework.context.support.AbstractApplicationContext.finishBeanFactoryInitialization(AbstractApplicationContext.java:952)
	at org.springframework.context.support.AbstractApplicationContext.refresh(AbstractApplicationContext.java:624)
	at org.springframework.boot.web.servlet.context.ServletWebServerApplicationContext.refresh(ServletWebServerApplicationContext.java:146)
	at org.springframework.boot.SpringApplication.refresh(SpringApplication.java:754)
	at org.springframework.boot.SpringApplication.refreshContext(SpringApplication.java:456)
	at org.springframework.boot.SpringApplication.run(SpringApplication.java:334)
	at org.springframework.boot.SpringApplication.run(SpringApplication.java:1354)
	at org.springframework.boot.SpringApplication.run(SpringApplication.java:1343)
	at com.capg.pharma.orderservice.OrderServiceApplication.main(OrderServiceApplication.java:28)
	at java.base/jdk.internal.reflect.DirectMethodHandleAccessor.invoke(DirectMethodHandleAccessor.java:103)
	at java.base/java.lang.reflect.Method.invoke(Method.java:580)
	at org.springframework.boot.loader.launch.Launcher.launch(Launcher.java:91)
	at org.springframework.boot.loader.launch.Launcher.launch(Launcher.java:53)
	at org.springframework.boot.loader.launch.JarLauncher.main(JarLauncher.java:58)
Caused by: java.sql.SQLException: Can't create table 'order_db.#sql-d70_ac' (errno: 150)
	at com.mysql.cj.jdbc.exceptions.SQLError.createSQLException(SQLError.java:130)
	at com.mysql.cj.jdbc.exceptions.SQLExceptionsMapping.translateException(SQLExceptionsMapping.java:122)
	at com.mysql.cj.jdbc.StatementImpl.executeInternal(StatementImpl.java:770)
	at com.mysql.cj.jdbc.StatementImpl.execute(StatementImpl.java:653)
	at com.zaxxer.hikari.pool.ProxyStatement.execute(ProxyStatement.java:94)
	at com.zaxxer.hikari.pool.HikariProxyStatement.execute(HikariProxyStatement.java)
	at org.hibernate.tool.schema.internal.exec.GenerationTargetToDatabase.accept(GenerationTargetToDatabase.java:80)
	... 42 common frames omitted
2026-05-01 23:39:18.587 [main] WARN  o.s.b.a.o.j.JpaBaseConfiguration$JpaWebConfiguration - spring.jpa.open-in-view is enabled by default. Therefore, database queries may be performed during view rendering. Explicitly configure spring.jpa.open-in-view to disable this warning
2026-05-01 23:39:20.228 [main] WARN  o.s.b.a.s.s.UserDetailsServiceAutoConfiguration - 

Using generated security password: fc256338-22c3-4178-92de-083597ce4663

This generated password is for development use only. Your security configuration must be updated before running your application in production.

2026-05-01 23:39:24.267 [main] WARN  o.s.c.l.c.LoadBalancerCacheAutoConfiguration$LoadBalancerCaffeineWarnLogger - Spring Cloud LoadBalancer is currently working with the default cache. While this cache implementation is useful for development and tests, it's recommended to use Caffeine cache in production.You can switch to using Caffeine cache, by adding it and org.springframework.cache.caffeine.CaffeineCacheManager to the classpath.
2026-05-01 23:39:25.463 [main] INFO  o.a.coyote.http11.Http11NioProtocol - Starting ProtocolHandler ["http-nio-9093"]
2026-05-01 23:39:25.611 [main] INFO  c.c.p.o.OrderServiceApplication - Started OrderServiceApplication in 30.895 seconds (process running for 32.312)
2026-05-01 23:41:42.418 [http-nio-9093-exec-1] INFO  o.a.c.c.C.[Tomcat].[localhost].[/] - Initializing Spring DispatcherServlet 'dispatcherServlet'
2026-05-01 23:41:44.272 [AsyncReporter{org.springframework.boot.actuate.autoconfigure.tracing.zipkin.ZipkinRestTemplateSender@397dfbe8}] WARN  z.r.AsyncReporter$BoundedAsyncReporter - Spans were dropped due to exceptions. All subsequent errors will be logged at FINE level.
2026-05-01 23:41:44.275 [AsyncReporter{org.springframework.boot.actuate.autoconfigure.tracing.zipkin.ZipkinRestTemplateSender@397dfbe8}] WARN  z.r.AsyncReporter$BoundedAsyncReporter - Dropped 5 spans due to ResourceAccessException(I/O error on POST request for "http://localhost:9411/api/v2/spans": Connect to http://localhost:9411 [localhost/127.0.0.1, localhost/0:0:0:0:0:0:0:1] failed: Connection refused: getsockopt)
org.springframework.web.client.ResourceAccessException: I/O error on POST request for "http://localhost:9411/api/v2/spans": Connect to http://localhost:9411 [localhost/127.0.0.1, localhost/0:0:0:0:0:0:0:1] failed: Connection refused: getsockopt
	at org.springframework.web.client.RestTemplate.createResourceAccessException(RestTemplate.java:915)
	at org.springframework.web.client.RestTemplate.doExecute(RestTemplate.java:895)
	at org.springframework.web.client.RestTemplate.execute(RestTemplate.java:790)
	at org.springframework.web.client.RestTemplate.exchange(RestTemplate.java:672)
	at org.springframework.boot.actuate.autoconfigure.tracing.zipkin.ZipkinRestTemplateSender$RestTemplateHttpPostCall.doExecute(ZipkinRestTemplateSender.java:68)
	at org.springframework.boot.actuate.autoconfigure.tracing.zipkin.ZipkinRestTemplateSender$RestTemplateHttpPostCall.doExecute(ZipkinRestTemplateSender.java:48)
	at zipkin2.Call$Base.execute(Call.java:391)
	at zipkin2.reporter.AsyncReporter$BoundedAsyncReporter.flush(AsyncReporter.java:299)
	at zipkin2.reporter.AsyncReporter$Flusher.run(AsyncReporter.java:378)
	at java.base/java.lang.Thread.run(Thread.java:1583)
Caused by: org.apache.hc.client5.http.HttpHostConnectException: Connect to http://localhost:9411 [localhost/127.0.0.1, localhost/0:0:0:0:0:0:0:1] failed: Connection refused: getsockopt
	at java.base/sun.nio.ch.Net.pollConnect(Native Method)
	at java.base/sun.nio.ch.Net.pollConnectNow(Net.java:682)
	at java.base/sun.nio.ch.NioSocketImpl.timedFinishConnect(NioSocketImpl.java:542)
	at java.base/sun.nio.ch.NioSocketImpl.connect(NioSocketImpl.java:592)
	at java.base/java.net.SocksSocketImpl.connect(SocksSocketImpl.java:327)
	at java.base/java.net.Socket.connect(Socket.java:751)
	at org.apache.hc.client5.http.socket.PlainConnectionSocketFactory.lambda$connectSocket$0(PlainConnectionSocketFactory.java:91)
	at java.base/java.security.AccessController.doPrivileged(AccessController.java:571)
	at org.apache.hc.client5.http.socket.PlainConnectionSocketFactory.connectSocket(PlainConnectionSocketFactory.java:90)
	at org.apache.hc.client5.http.socket.ConnectionSocketFactory.connectSocket(ConnectionSocketFactory.java:123)
	at org.apache.hc.client5.http.impl.io.DefaultHttpClientConnectionOperator.connect(DefaultHttpClientConnectionOperator.java:184)
	at org.apache.hc.client5.http.impl.io.PoolingHttpClientConnectionManager.connect(PoolingHttpClientConnectionManager.java:447)
	at org.apache.hc.client5.http.impl.classic.InternalExecRuntime.connectEndpoint(InternalExecRuntime.java:162)
	at org.apache.hc.client5.http.impl.classic.InternalExecRuntime.connectEndpoint(InternalExecRuntime.java:172)
	at org.apache.hc.client5.http.impl.classic.ConnectExec.execute(ConnectExec.java:142)
	at org.apache.hc.client5.http.impl.classic.ExecChainElement.execute(ExecChainElement.java:51)
	at org.apache.hc.client5.http.impl.classic.ProtocolExec.execute(ProtocolExec.java:192)
	at org.apache.hc.client5.http.impl.classic.ExecChainElement.execute(ExecChainElement.java:51)
	at org.apache.hc.client5.http.impl.classic.HttpRequestRetryExec.execute(HttpRequestRetryExec.java:96)
	at org.apache.hc.client5.http.impl.classic.ExecChainElement.execute(ExecChainElement.java:51)
	at org.apache.hc.client5.http.impl.classic.ContentCompressionExec.execute(ContentCompressionExec.java:152)
	at org.apache.hc.client5.http.impl.classic.ExecChainElement.execute(ExecChainElement.java:51)
	at org.apache.hc.client5.http.impl.classic.RedirectExec.execute(RedirectExec.java:115)
	at org.apache.hc.client5.http.impl.classic.ExecChainElement.execute(ExecChainElement.java:51)
	at org.apache.hc.client5.http.impl.classic.InternalHttpClient.doExecute(InternalHttpClient.java:170)
	at org.apache.hc.client5.http.impl.classic.CloseableHttpClient.execute(CloseableHttpClient.java:87)
	at org.apache.hc.client5.http.impl.classic.CloseableHttpClient.execute(CloseableHttpClient.java:55)
	at org.apache.hc.client5.http.classic.HttpClient.executeOpen(HttpClient.java:183)
	at org.springframework.http.client.HttpComponentsClientHttpRequest.executeInternal(HttpComponentsClientHttpRequest.java:95)
	at org.springframework.http.client.AbstractStreamingClientHttpRequest.executeInternal(AbstractStreamingClientHttpRequest.java:70)
	at org.springframework.http.client.AbstractClientHttpRequest.execute(AbstractClientHttpRequest.java:66)
	at org.springframework.web.client.RestTemplate.doExecute(RestTemplate.java:889)
	... 8 common frames omitted
