2026-05-02 00:04:35.125 [main] INFO  c.c.p.o.OrderServiceApplication - Starting OrderServiceApplication using Java 21.0.7 with PID 12796 (D:\yosker\PharmacyOnline\janviProject\pharmacy-microservices\order-service\target\order-service-1.0.0.jar started by V in D:\yosker\PharmacyOnline\janviProject\pharmacy-microservices)
2026-05-02 00:04:35.151 [main] INFO  c.c.p.o.OrderServiceApplication - No active profile set, falling back to 1 default profile: "default"
2026-05-02 00:04:42.335 [main] WARN  o.s.c.s.PostProcessorRegistrationDelegate$BeanPostProcessorChecker - Bean 'org.springframework.cloud.client.loadbalancer.LoadBalancerAutoConfiguration$DeferringLoadBalancerInterceptorConfig' of type [org.springframework.cloud.client.loadbalancer.LoadBalancerAutoConfiguration$DeferringLoadBalancerInterceptorConfig] is not eligible for getting processed by all BeanPostProcessors (for example: not eligible for auto-proxying). The currently created BeanPostProcessor [lbRestClientPostProcessor] is declared through a non-static factory method on that class; consider declaring it as static instead.
2026-05-02 00:04:42.344 [main] WARN  o.s.c.s.PostProcessorRegistrationDelegate$BeanPostProcessorChecker - Bean 'deferringLoadBalancerInterceptor' of type [org.springframework.cloud.client.loadbalancer.DeferringLoadBalancerInterceptor] is not eligible for getting processed by all BeanPostProcessors (for example: not eligible for auto-proxying). Is this bean getting eagerly injected into a currently created BeanPostProcessor [lbRestClientPostProcessor]? Check the corresponding BeanPostProcessor declaration and its dependencies.
2026-05-02 00:04:43.744 [main] INFO  o.a.coyote.http11.Http11NioProtocol - Initializing ProtocolHandler ["http-nio-9093"]
2026-05-02 00:04:43.748 [main] INFO  o.a.catalina.core.StandardService - Starting service [Tomcat]
2026-05-02 00:04:43.749 [main] INFO  o.a.catalina.core.StandardEngine - Starting Servlet engine: [Apache Tomcat/10.1.20]
2026-05-02 00:04:43.852 [main] INFO  o.a.c.c.C.[Tomcat].[localhost].[/] - Initializing Spring embedded WebApplicationContext
2026-05-02 00:04:48.601 [main] INFO  com.zaxxer.hikari.HikariDataSource - HikariPool-1 - Starting...
2026-05-02 00:04:49.072 [main] INFO  com.zaxxer.hikari.pool.HikariPool - HikariPool-1 - Added connection com.mysql.cj.jdbc.ConnectionImpl@1237aa73
2026-05-02 00:04:49.079 [main] INFO  com.zaxxer.hikari.HikariDataSource - HikariPool-1 - Start completed.
2026-05-02 00:04:49.216 [main] WARN  org.hibernate.dialect.Dialect - HHH000511: The 5.5.27 version for [org.hibernate.dialect.MySQLDialect] is no longer supported, hence certain features may not work properly. The minimum supported version is 8.0.0. Check the community dialects project for available legacy versions.
2026-05-02 00:04:49.228 [main] WARN  org.hibernate.orm.deprecation - HHH90000025: MySQLDialect does not need to be specified explicitly using 'hibernate.dialect' (remove the property setting and it will be selected by default)
2026-05-02 00:04:52.038 [main] WARN  o.h.t.s.i.ExceptionHandlerLoggedImpl - GenerationTarget encountered exception accepting command : Error executing DDL "create table orders (id bigint not null auto_increment, created_at datetime(6), customer_email varchar(255), customer_id bigint not null, delivery_address varchar(255), status enum ('PENDING','PAID','PACKED','SHIPPED','DELIVERED','CANCELLED'), total_amount decimal(38,2), primary key (id)) engine=InnoDB" via JDBC [You have an error in your SQL syntax; check the manual that corresponds to your MySQL server version for the right syntax to use near '(6), customer_email varchar(255), customer_id bigint not null, delivery_address ' at line 1]
org.hibernate.tool.schema.spi.CommandAcceptanceException: Error executing DDL "create table orders (id bigint not null auto_increment, created_at datetime(6), customer_email varchar(255), customer_id bigint not null, delivery_address varchar(255), status enum ('PENDING','PAID','PACKED','SHIPPED','DELIVERED','CANCELLED'), total_amount decimal(38,2), primary key (id)) engine=InnoDB" via JDBC [You have an error in your SQL syntax; check the manual that corresponds to your MySQL server version for the right syntax to use near '(6), customer_email varchar(255), customer_id bigint not null, delivery_address ' at line 1]
	at org.hibernate.tool.schema.internal.exec.GenerationTargetToDatabase.accept(GenerationTargetToDatabase.java:94)
	at org.hibernate.tool.schema.internal.AbstractSchemaMigrator.applySqlString(AbstractSchemaMigrator.java:574)
	at org.hibernate.tool.schema.internal.AbstractSchemaMigrator.applySqlStrings(AbstractSchemaMigrator.java:514)
	at org.hibernate.tool.schema.internal.AbstractSchemaMigrator.createTable(AbstractSchemaMigrator.java:315)
	at org.hibernate.tool.schema.internal.GroupedSchemaMigratorImpl.performTablesMigration(GroupedSchemaMigratorImpl.java:80)
	at org.hibernate.tool.schema.internal.AbstractSchemaMigrator.performMigration(AbstractSchemaMigrator.java:232)
	at org.hibernate.tool.schema.internal.AbstractSchemaMigrator.doMigration(AbstractSchemaMigrator.java:117)
	at org.hibernate.tool.schema.spi.SchemaManagementToolCoordinator.performDatabaseAction(SchemaManagementToolCoordinator.java:286)
	at org.hibernate.tool.schema.spi.SchemaManagementToolCoordinator.lambda$process$5(SchemaManagementToolCoordinator.java:145)
	at java.base/java.util.HashMap.forEach(HashMap.java:1429)
	at org.hibernate.tool.schema.spi.SchemaManagementToolCoordinator.process(SchemaManagementToolCoordinator.java:142)
	at org.hibernate.boot.internal.SessionFactoryObserverForSchemaExport.sessionFactoryCreated(SessionFactoryObserverForSchemaExport.java:37)
	at org.hibernate.internal.SessionFactoryObserverChain.sessionFactoryCreated(SessionFactoryObserverChain.java:35)
	at org.hibernate.internal.SessionFactoryImpl.<init>(SessionFactoryImpl.java:315)
	at org.hibernate.boot.internal.SessionFactoryBuilderImpl.build(SessionFactoryBuilderImpl.java:450)
	at org.hibernate.jpa.boot.internal.EntityManagerFactoryBuilderImpl.build(EntityManagerFactoryBuilderImpl.java:1507)
	at org.springframework.orm.jpa.vendor.SpringHibernateJpaPersistenceProvider.createContainerEntityManagerFactory(SpringHibernateJpaPersistenceProvider.java:75)
	at org.springframework.orm.jpa.LocalContainerEntityManagerFactoryBean.createNativeEntityManagerFactory(LocalContainerEntityManagerFactoryBean.java:390)
	at org.springframework.orm.jpa.AbstractEntityManagerFactoryBean.buildNativeEntityManagerFactory(AbstractEntityManagerFactoryBean.java:409)
	at org.springframework.orm.jpa.AbstractEntityManagerFactoryBean.afterPropertiesSet(AbstractEntityManagerFactoryBean.java:396)
	at org.springframework.orm.jpa.LocalContainerEntityManagerFactoryBean.afterPropertiesSet(LocalContainerEntityManagerFactoryBean.java:366)
	at org.springframework.beans.factory.support.AbstractAutowireCapableBeanFactory.invokeInitMethods(AbstractAutowireCapableBeanFactory.java:1833)
	at org.springframework.beans.factory.support.AbstractAutowireCapableBeanFactory.initializeBean(AbstractAutowireCapableBeanFactory.java:1782)
	at org.springframework.beans.factory.support.AbstractAutowireCapableBeanFactory.doCreateBean(AbstractAutowireCapableBeanFactory.java:600)
	at org.springframework.beans.factory.support.AbstractAutowireCapableBeanFactory.createBean(AbstractAutowireCapableBeanFactory.java:522)
	at org.springframework.beans.factory.support.AbstractBeanFactory.lambda$doGetBean$0(AbstractBeanFactory.java:326)
	at org.springframework.beans.factory.support.DefaultSingletonBeanRegistry.getSingleton(DefaultSingletonBeanRegistry.java:234)
	at org.springframework.beans.factory.support.AbstractBeanFactory.doGetBean(AbstractBeanFactory.java:324)
	at org.springframework.beans.factory.support.AbstractBeanFactory.getBean(AbstractBeanFactory.java:200)
	at org.springframework.context.support.AbstractApplicationContext.getBean(AbstractApplicationContext.java:1234)
	at org.springframework.context.support.AbstractApplicationContext.finishBeanFactoryInitialization(AbstractApplicationContext.java:952)
	at org.springframework.context.support.AbstractApplicationContext.refresh(AbstractApplicationContext.java:624)
	at org.springframework.boot.web.servlet.context.ServletWebServerApplicationContext.refresh(ServletWebServerApplicationContext.java:146)
	at org.springframework.boot.SpringApplication.refresh(SpringApplication.java:754)
	at org.springframework.boot.SpringApplication.refreshContext(SpringApplication.java:456)
	at org.springframework.boot.SpringApplication.run(SpringApplication.java:334)
	at org.springframework.boot.SpringApplication.run(SpringApplication.java:1354)
	at org.springframework.boot.SpringApplication.run(SpringApplication.java:1343)
	at com.capg.pharma.orderservice.OrderServiceApplication.main(OrderServiceApplication.java:28)
	at java.base/jdk.internal.reflect.DirectMethodHandleAccessor.invoke(DirectMethodHandleAccessor.java:103)
	at java.base/java.lang.reflect.Method.invoke(Method.java:580)
	at org.springframework.boot.loader.launch.Launcher.launch(Launcher.java:91)
	at org.springframework.boot.loader.launch.Launcher.launch(Launcher.java:53)
	at org.springframework.boot.loader.launch.JarLauncher.main(JarLauncher.java:58)
Caused by: java.sql.SQLSyntaxErrorException: You have an error in your SQL syntax; check the manual that corresponds to your MySQL server version for the right syntax to use near '(6), customer_email varchar(255), customer_id bigint not null, delivery_address ' at line 1
	at com.mysql.cj.jdbc.exceptions.SQLError.createSQLException(SQLError.java:121)
	at com.mysql.cj.jdbc.exceptions.SQLExceptionsMapping.translateException(SQLExceptionsMapping.java:122)
	at com.mysql.cj.jdbc.StatementImpl.executeInternal(StatementImpl.java:770)
	at com.mysql.cj.jdbc.StatementImpl.execute(StatementImpl.java:653)
	at com.zaxxer.hikari.pool.ProxyStatement.execute(ProxyStatement.java:94)
	at com.zaxxer.hikari.pool.HikariProxyStatement.execute(HikariProxyStatement.java)
	at org.hibernate.tool.schema.internal.exec.GenerationTargetToDatabase.accept(GenerationTargetToDatabase.java:80)
	... 43 common frames omitted
2026-05-02 00:04:52.078 [main] WARN  o.h.t.s.i.ExceptionHandlerLoggedImpl - GenerationTarget encountered exception accepting command : Error executing DDL "alter table order_items add constraint FKbioxgbv59vetrxe0ejfubep1w foreign key (order_id) references orders (id)" via JDBC [Can't create table 'order_db.#sql-d70_de' (errno: 150)]
org.hibernate.tool.schema.spi.CommandAcceptanceException: Error executing DDL "alter table order_items add constraint FKbioxgbv59vetrxe0ejfubep1w foreign key (order_id) references orders (id)" via JDBC [Can't create table 'order_db.#sql-d70_de' (errno: 150)]
	at org.hibernate.tool.schema.internal.exec.GenerationTargetToDatabase.accept(GenerationTargetToDatabase.java:94)
	at org.hibernate.tool.schema.internal.AbstractSchemaMigrator.applySqlString(AbstractSchemaMigrator.java:574)
	at org.hibernate.tool.schema.internal.AbstractSchemaMigrator.applySqlStrings(AbstractSchemaMigrator.java:514)
	at org.hibernate.tool.schema.internal.AbstractSchemaMigrator.applyForeignKeys(AbstractSchemaMigrator.java:446)
	at org.hibernate.tool.schema.internal.AbstractSchemaMigrator.performMigration(AbstractSchemaMigrator.java:268)
	at org.hibernate.tool.schema.internal.AbstractSchemaMigrator.doMigration(AbstractSchemaMigrator.java:117)
	at org.hibernate.tool.schema.spi.SchemaManagementToolCoordinator.performDatabaseAction(SchemaManagementToolCoordinator.java:286)
	at org.hibernate.tool.schema.spi.SchemaManagementToolCoordinator.lambda$process$5(SchemaManagementToolCoordinator.java:145)
	at java.base/java.util.HashMap.forEach(HashMap.java:1429)
	at org.hibernate.tool.schema.spi.SchemaManagementToolCoordinator.process(SchemaManagementToolCoordinator.java:142)
	at org.hibernate.boot.internal.SessionFactoryObserverForSchemaExport.sessionFactoryCreated(SessionFactoryObserverForSchemaExport.java:37)
	at org.hibernate.internal.SessionFactoryObserverChain.sessionFactoryCreated(SessionFactoryObserverChain.java:35)
	at org.hibernate.internal.SessionFactoryImpl.<init>(SessionFactoryImpl.java:315)
	at org.hibernate.boot.internal.SessionFactoryBuilderImpl.build(SessionFactoryBuilderImpl.java:450)
	at org.hibernate.jpa.boot.internal.EntityManagerFactoryBuilderImpl.build(EntityManagerFactoryBuilderImpl.java:1507)
	at org.springframework.orm.jpa.vendor.SpringHibernateJpaPersistenceProvider.createContainerEntityManagerFactory(SpringHibernateJpaPersistenceProvider.java:75)
	at org.springframework.orm.jpa.LocalContainerEntityManagerFactoryBean.createNativeEntityManagerFactory(LocalContainerEntityManagerFactoryBean.java:390)
	at org.springframework.orm.jpa.AbstractEntityManagerFactoryBean.buildNativeEntityManagerFactory(AbstractEntityManagerFactoryBean.java:409)
	at org.springframework.orm.jpa.AbstractEntityManagerFactoryBean.afterPropertiesSet(AbstractEntityManagerFactoryBean.java:396)
	at org.springframework.orm.jpa.LocalContainerEntityManagerFactoryBean.afterPropertiesSet(LocalContainerEntityManagerFactoryBean.java:366)
	at org.springframework.beans.factory.support.AbstractAutowireCapableBeanFactory.invokeInitMethods(AbstractAutowireCapableBeanFactory.java:1833)
	at org.springframework.beans.factory.support.AbstractAutowireCapableBeanFactory.initializeBean(AbstractAutowireCapableBeanFactory.java:1782)
	at org.springframework.beans.factory.support.AbstractAutowireCapableBeanFactory.doCreateBean(AbstractAutowireCapableBeanFactory.java:600)
	at org.springframework.beans.factory.support.AbstractAutowireCapableBeanFactory.createBean(AbstractAutowireCapableBeanFactory.java:522)
	at org.springframework.beans.factory.support.AbstractBeanFactory.lambda$doGetBean$0(AbstractBeanFactory.java:326)
	at org.springframework.beans.factory.support.DefaultSingletonBeanRegistry.getSingleton(DefaultSingletonBeanRegistry.java:234)
	at org.springframework.beans.factory.support.AbstractBeanFactory.doGetBean(AbstractBeanFactory.java:324)
	at org.springframework.beans.factory.support.AbstractBeanFactory.getBean(AbstractBeanFactory.java:200)
	at org.springframework.context.support.AbstractApplicationContext.getBean(AbstractApplicationContext.java:1234)
	at org.springframework.context.support.AbstractApplicationContext.finishBeanFactoryInitialization(AbstractApplicationContext.java:952)
	at org.springframework.context.support.AbstractApplicationContext.refresh(AbstractApplicationContext.java:624)
	at org.springframework.boot.web.servlet.context.ServletWebServerApplicationContext.refresh(ServletWebServerApplicationContext.java:146)
	at org.springframework.boot.SpringApplication.refresh(SpringApplication.java:754)
	at org.springframework.boot.SpringApplication.refreshContext(SpringApplication.java:456)
	at org.springframework.boot.SpringApplication.run(SpringApplication.java:334)
	at org.springframework.boot.SpringApplication.run(SpringApplication.java:1354)
	at org.springframework.boot.SpringApplication.run(SpringApplication.java:1343)
	at com.capg.pharma.orderservice.OrderServiceApplication.main(OrderServiceApplication.java:28)
	at java.base/jdk.internal.reflect.DirectMethodHandleAccessor.invoke(DirectMethodHandleAccessor.java:103)
	at java.base/java.lang.reflect.Method.invoke(Method.java:580)
	at org.springframework.boot.loader.launch.Launcher.launch(Launcher.java:91)
	at org.springframework.boot.loader.launch.Launcher.launch(Launcher.java:53)
	at org.springframework.boot.loader.launch.JarLauncher.main(JarLauncher.java:58)
Caused by: java.sql.SQLException: Can't create table 'order_db.#sql-d70_de' (errno: 150)
	at com.mysql.cj.jdbc.exceptions.SQLError.createSQLException(SQLError.java:130)
	at com.mysql.cj.jdbc.exceptions.SQLExceptionsMapping.translateException(SQLExceptionsMapping.java:122)
	at com.mysql.cj.jdbc.StatementImpl.executeInternal(StatementImpl.java:770)
	at com.mysql.cj.jdbc.StatementImpl.execute(StatementImpl.java:653)
	at com.zaxxer.hikari.pool.ProxyStatement.execute(ProxyStatement.java:94)
	at com.zaxxer.hikari.pool.HikariProxyStatement.execute(HikariProxyStatement.java)
	at org.hibernate.tool.schema.internal.exec.GenerationTargetToDatabase.accept(GenerationTargetToDatabase.java:80)
	... 42 common frames omitted
2026-05-02 00:04:54.889 [main] WARN  o.s.b.a.o.j.JpaBaseConfiguration$JpaWebConfiguration - spring.jpa.open-in-view is enabled by default. Therefore, database queries may be performed during view rendering. Explicitly configure spring.jpa.open-in-view to disable this warning
2026-05-02 00:04:56.147 [main] WARN  o.s.b.a.s.s.UserDetailsServiceAutoConfiguration - 

Using generated security password: a812af3e-d9f8-4756-a045-03924c195a34

This generated password is for development use only. Your security configuration must be updated before running your application in production.

2026-05-02 00:04:59.476 [main] WARN  o.s.c.l.c.LoadBalancerCacheAutoConfiguration$LoadBalancerCaffeineWarnLogger - Spring Cloud LoadBalancer is currently working with the default cache. While this cache implementation is useful for development and tests, it's recommended to use Caffeine cache in production.You can switch to using Caffeine cache, by adding it and org.springframework.cache.caffeine.CaffeineCacheManager to the classpath.
2026-05-02 00:05:00.550 [main] INFO  o.a.coyote.http11.Http11NioProtocol - Starting ProtocolHandler ["http-nio-9093"]
2026-05-02 00:05:00.672 [main] INFO  c.c.p.o.OrderServiceApplication - Started OrderServiceApplication in 29.642 seconds (process running for 31.642)
2026-05-02 00:06:19.074 [http-nio-9093-exec-2] INFO  o.a.c.c.C.[Tomcat].[localhost].[/] - Initializing Spring DispatcherServlet 'dispatcherServlet'
2026-05-02 00:06:20.394 [AsyncReporter{org.springframework.boot.actuate.autoconfigure.tracing.zipkin.ZipkinRestTemplateSender@3791af}] WARN  z.r.AsyncReporter$BoundedAsyncReporter - Spans were dropped due to exceptions. All subsequent errors will be logged at FINE level.
2026-05-02 00:06:20.396 [AsyncReporter{org.springframework.boot.actuate.autoconfigure.tracing.zipkin.ZipkinRestTemplateSender@3791af}] WARN  z.r.AsyncReporter$BoundedAsyncReporter - Dropped 5 spans due to ResourceAccessException(I/O error on POST request for "http://localhost:9411/api/v2/spans": Connect to http://localhost:9411 [localhost/127.0.0.1, localhost/0:0:0:0:0:0:0:1] failed: Connection refused: getsockopt)
org.springframework.web.client.ResourceAccessException: I/O error on POST request for "http://localhost:9411/api/v2/spans": Connect to http://localhost:9411 [localhost/127.0.0.1, localhost/0:0:0:0:0:0:0:1] failed: Connection refused: getsockopt
	at org.springframework.web.client.RestTemplate.createResourceAccessException(RestTemplate.java:915)
	at org.springframework.web.client.RestTemplate.doExecute(RestTemplate.java:895)
	at org.springframework.web.client.RestTemplate.execute(RestTemplate.java:790)
	at org.springframework.web.client.RestTemplate.exchange(RestTemplate.java:672)
	at org.springframework.boot.actuate.autoconfigure.tracing.zipkin.ZipkinRestTemplateSender$RestTemplateHttpPostCall.doExecute(ZipkinRestTemplateSender.java:68)
	at org.springframework.boot.actuate.autoconfigure.tracing.zipkin.ZipkinRestTemplateSender$RestTemplateHttpPostCall.doExecute(ZipkinRestTemplateSender.java:48)
	at zipkin2.Call$Base.execute(Call.java:391)
	at zipkin2.reporter.AsyncReporter$BoundedAsyncReporter.flush(AsyncReporter.java:299)
	at zipkin2.reporter.AsyncReporter$Flusher.run(AsyncReporter.java:378)
	at java.base/java.lang.Thread.run(Thread.java:1583)
Caused by: org.apache.hc.client5.http.HttpHostConnectException: Connect to http://localhost:9411 [localhost/127.0.0.1, localhost/0:0:0:0:0:0:0:1] failed: Connection refused: getsockopt
	at java.base/sun.nio.ch.Net.pollConnect(Native Method)
	at java.base/sun.nio.ch.Net.pollConnectNow(Net.java:682)
	at java.base/sun.nio.ch.NioSocketImpl.timedFinishConnect(NioSocketImpl.java:542)
	at java.base/sun.nio.ch.NioSocketImpl.connect(NioSocketImpl.java:592)
	at java.base/java.net.SocksSocketImpl.connect(SocksSocketImpl.java:327)
	at java.base/java.net.Socket.connect(Socket.java:751)
	at org.apache.hc.client5.http.socket.PlainConnectionSocketFactory.lambda$connectSocket$0(PlainConnectionSocketFactory.java:91)
	at java.base/java.security.AccessController.doPrivileged(AccessController.java:571)
	at org.apache.hc.client5.http.socket.PlainConnectionSocketFactory.connectSocket(PlainConnectionSocketFactory.java:90)
	at org.apache.hc.client5.http.socket.ConnectionSocketFactory.connectSocket(ConnectionSocketFactory.java:123)
	at org.apache.hc.client5.http.impl.io.DefaultHttpClientConnectionOperator.connect(DefaultHttpClientConnectionOperator.java:184)
	at org.apache.hc.client5.http.impl.io.PoolingHttpClientConnectionManager.connect(PoolingHttpClientConnectionManager.java:447)
	at org.apache.hc.client5.http.impl.classic.InternalExecRuntime.connectEndpoint(InternalExecRuntime.java:162)
	at org.apache.hc.client5.http.impl.classic.InternalExecRuntime.connectEndpoint(InternalExecRuntime.java:172)
	at org.apache.hc.client5.http.impl.classic.ConnectExec.execute(ConnectExec.java:142)
	at org.apache.hc.client5.http.impl.classic.ExecChainElement.execute(ExecChainElement.java:51)
	at org.apache.hc.client5.http.impl.classic.ProtocolExec.execute(ProtocolExec.java:192)
	at org.apache.hc.client5.http.impl.classic.ExecChainElement.execute(ExecChainElement.java:51)
	at org.apache.hc.client5.http.impl.classic.HttpRequestRetryExec.execute(HttpRequestRetryExec.java:96)
	at org.apache.hc.client5.http.impl.classic.ExecChainElement.execute(ExecChainElement.java:51)
	at org.apache.hc.client5.http.impl.classic.ContentCompressionExec.execute(ContentCompressionExec.java:152)
	at org.apache.hc.client5.http.impl.classic.ExecChainElement.execute(ExecChainElement.java:51)
	at org.apache.hc.client5.http.impl.classic.RedirectExec.execute(RedirectExec.java:115)
	at org.apache.hc.client5.http.impl.classic.ExecChainElement.execute(ExecChainElement.java:51)
	at org.apache.hc.client5.http.impl.classic.InternalHttpClient.doExecute(InternalHttpClient.java:170)
	at org.apache.hc.client5.http.impl.classic.CloseableHttpClient.execute(CloseableHttpClient.java:87)
	at org.apache.hc.client5.http.impl.classic.CloseableHttpClient.execute(CloseableHttpClient.java:55)
	at org.apache.hc.client5.http.classic.HttpClient.executeOpen(HttpClient.java:183)
	at org.springframework.http.client.HttpComponentsClientHttpRequest.executeInternal(HttpComponentsClientHttpRequest.java:95)
	at org.springframework.http.client.AbstractStreamingClientHttpRequest.executeInternal(AbstractStreamingClientHttpRequest.java:70)
	at org.springframework.http.client.AbstractClientHttpRequest.execute(AbstractClientHttpRequest.java:66)
	at org.springframework.web.client.RestTemplate.doExecute(RestTemplate.java:889)
	... 8 common frames omitted
2026-05-02 00:11:07.304 [http-nio-9093-exec-3] WARN  o.h.e.jdbc.spi.SqlExceptionHelper - SQL Error: 1146, SQLState: 42S02
2026-05-02 00:11:07.308 [http-nio-9093-exec-3] ERROR o.h.e.jdbc.spi.SqlExceptionHelper - Table 'order_db.orders' doesn't exist
2026-05-02 00:48:28.944 [main] INFO  c.c.p.o.OrderServiceApplication - Starting OrderServiceApplication using Java 21.0.7 with PID 10372 (D:\yosker\PharmacyOnline\janviProject\pharmacy-microservices\order-service\target\order-service-1.0.0.jar started by V in D:\yosker\PharmacyOnline\janviProject\pharmacy-microservices)
2026-05-02 00:48:28.967 [main] INFO  c.c.p.o.OrderServiceApplication - No active profile set, falling back to 1 default profile: "default"
2026-05-02 00:48:29.185 [main] WARN  o.s.c.c.c.ConfigServerConfigDataLoader - Could not locate PropertySource ([ConfigServerConfigDataResource@6548bb7d uris = array<String>['http://localhost:8085'], optional = true, profiles = 'default']): I/O error on GET request for "http://localhost:8085/order-service/default": Connection refused: getsockopt
2026-05-02 00:48:29.187 [main] WARN  o.s.c.c.c.ConfigServerConfigDataLoader - Could not locate PropertySource ([ConfigServerConfigDataResource@3add81c4 uris = array<String>['http://localhost:8085'], optional = true, profiles = 'default']): I/O error on GET request for "http://localhost:8085/order-service/default": Connection refused: getsockopt
2026-05-02 00:48:29.188 [main] WARN  o.s.c.c.c.ConfigServerConfigDataLoader - Could not locate PropertySource ([ConfigServerConfigDataResource@1a1d3c1a uris = array<String>['http://localhost:8085'], optional = true, profiles = 'default']): I/O error on GET request for "http://localhost:8085/order-service/default": Connection refused: getsockopt
2026-05-02 00:48:34.553 [main] WARN  o.s.c.s.PostProcessorRegistrationDelegate$BeanPostProcessorChecker - Bean 'org.springframework.cloud.client.loadbalancer.LoadBalancerAutoConfiguration$DeferringLoadBalancerInterceptorConfig' of type [org.springframework.cloud.client.loadbalancer.LoadBalancerAutoConfiguration$DeferringLoadBalancerInterceptorConfig] is not eligible for getting processed by all BeanPostProcessors (for example: not eligible for auto-proxying). The currently created BeanPostProcessor [lbRestClientPostProcessor] is declared through a non-static factory method on that class; consider declaring it as static instead.
2026-05-02 00:48:34.558 [main] WARN  o.s.c.s.PostProcessorRegistrationDelegate$BeanPostProcessorChecker - Bean 'deferringLoadBalancerInterceptor' of type [org.springframework.cloud.client.loadbalancer.DeferringLoadBalancerInterceptor] is not eligible for getting processed by all BeanPostProcessors (for example: not eligible for auto-proxying). Is this bean getting eagerly injected into a currently created BeanPostProcessor [lbRestClientPostProcessor]? Check the corresponding BeanPostProcessor declaration and its dependencies.
2026-05-02 00:48:35.681 [main] INFO  o.a.coyote.http11.Http11NioProtocol - Initializing ProtocolHandler ["http-nio-9093"]
2026-05-02 00:48:35.686 [main] INFO  o.a.catalina.core.StandardService - Starting service [Tomcat]
2026-05-02 00:48:35.687 [main] INFO  o.a.catalina.core.StandardEngine - Starting Servlet engine: [Apache Tomcat/10.1.20]
2026-05-02 00:48:35.760 [main] INFO  o.a.c.c.C.[Tomcat].[localhost].[/] - Initializing Spring embedded WebApplicationContext
2026-05-02 00:48:38.556 [main] INFO  com.zaxxer.hikari.HikariDataSource - HikariPool-1 - Starting...
2026-05-02 00:48:38.917 [main] INFO  com.zaxxer.hikari.pool.HikariPool - HikariPool-1 - Added connection com.mysql.cj.jdbc.ConnectionImpl@755a4ef5
2026-05-02 00:48:38.921 [main] INFO  com.zaxxer.hikari.HikariDataSource - HikariPool-1 - Start completed.
2026-05-02 00:48:38.942 [main] WARN  o.h.e.j.e.i.JdbcEnvironmentInitiator - HHH000342: Could not obtain connection to query metadata
org.hibernate.boot.registry.selector.spi.StrategySelectionException: Unable to resolve name [org.hibernate.dialect.MySQL5InnoDBDialect] as strategy [org.hibernate.dialect.Dialect]
	at org.hibernate.boot.registry.selector.internal.StrategySelectorImpl.selectStrategyImplementor(StrategySelectorImpl.java:154)
	at org.hibernate.boot.registry.selector.internal.StrategySelectorImpl.resolveStrategy(StrategySelectorImpl.java:236)
	at org.hibernate.boot.registry.selector.internal.StrategySelectorImpl.resolveStrategy(StrategySelectorImpl.java:189)
	at org.hibernate.engine.jdbc.dialect.internal.DialectFactoryImpl.constructDialect(DialectFactoryImpl.java:123)
	at org.hibernate.engine.jdbc.dialect.internal.DialectFactoryImpl.buildDialect(DialectFactoryImpl.java:88)
	at org.hibernate.engine.jdbc.env.internal.JdbcEnvironmentInitiator$1.execute(JdbcEnvironmentInitiator.java:328)
	at org.hibernate.engine.jdbc.env.internal.JdbcEnvironmentInitiator$1.execute(JdbcEnvironmentInitiator.java:277)
	at org.hibernate.jdbc.WorkExecutor.executeReturningWork(WorkExecutor.java:58)
	at org.hibernate.jdbc.AbstractReturningWork.accept(AbstractReturningWork.java:34)
	at org.hibernate.resource.transaction.backend.jdbc.internal.JdbcIsolationDelegate.delegateWork(JdbcIsolationDelegate.java:70)
	at org.hibernate.engine.jdbc.env.internal.JdbcEnvironmentInitiator.getJdbcEnvironmentUsingJdbcMetadata(JdbcEnvironmentInitiator.java:276)
	at org.hibernate.engine.jdbc.env.internal.JdbcEnvironmentInitiator.initiateService(JdbcEnvironmentInitiator.java:107)
	at org.hibernate.engine.jdbc.env.internal.JdbcEnvironmentInitiator.initiateService(JdbcEnvironmentInitiator.java:68)
	at org.hibernate.boot.registry.internal.StandardServiceRegistryImpl.initiateService(StandardServiceRegistryImpl.java:130)
	at org.hibernate.service.internal.AbstractServiceRegistryImpl.createService(AbstractServiceRegistryImpl.java:263)
	at org.hibernate.service.internal.AbstractServiceRegistryImpl.initializeService(AbstractServiceRegistryImpl.java:238)
	at org.hibernate.service.internal.AbstractServiceRegistryImpl.getService(AbstractServiceRegistryImpl.java:215)
	at org.hibernate.boot.model.relational.Database.<init>(Database.java:45)
	at org.hibernate.boot.internal.InFlightMetadataCollectorImpl.getDatabase(InFlightMetadataCollectorImpl.java:223)
	at org.hibernate.boot.internal.InFlightMetadataCollectorImpl.<init>(InFlightMetadataCollectorImpl.java:191)
	at org.hibernate.boot.model.process.spi.MetadataBuildingProcess.complete(MetadataBuildingProcess.java:170)
	at org.hibernate.jpa.boot.internal.EntityManagerFactoryBuilderImpl.metadata(EntityManagerFactoryBuilderImpl.java:1432)
	at org.hibernate.jpa.boot.internal.EntityManagerFactoryBuilderImpl.build(EntityManagerFactoryBuilderImpl.java:1503)
	at org.springframework.orm.jpa.vendor.SpringHibernateJpaPersistenceProvider.createContainerEntityManagerFactory(SpringHibernateJpaPersistenceProvider.java:75)
	at org.springframework.orm.jpa.LocalContainerEntityManagerFactoryBean.createNativeEntityManagerFactory(LocalContainerEntityManagerFactoryBean.java:390)
	at org.springframework.orm.jpa.AbstractEntityManagerFactoryBean.buildNativeEntityManagerFactory(AbstractEntityManagerFactoryBean.java:409)
	at org.springframework.orm.jpa.AbstractEntityManagerFactoryBean.afterPropertiesSet(AbstractEntityManagerFactoryBean.java:396)
	at org.springframework.orm.jpa.LocalContainerEntityManagerFactoryBean.afterPropertiesSet(LocalContainerEntityManagerFactoryBean.java:366)
	at org.springframework.beans.factory.support.AbstractAutowireCapableBeanFactory.invokeInitMethods(AbstractAutowireCapableBeanFactory.java:1833)
	at org.springframework.beans.factory.support.AbstractAutowireCapableBeanFactory.initializeBean(AbstractAutowireCapableBeanFactory.java:1782)
	at org.springframework.beans.factory.support.AbstractAutowireCapableBeanFactory.doCreateBean(AbstractAutowireCapableBeanFactory.java:600)
	at org.springframework.beans.factory.support.AbstractAutowireCapableBeanFactory.createBean(AbstractAutowireCapableBeanFactory.java:522)
	at org.springframework.beans.factory.support.AbstractBeanFactory.lambda$doGetBean$0(AbstractBeanFactory.java:326)
	at org.springframework.beans.factory.support.DefaultSingletonBeanRegistry.getSingleton(DefaultSingletonBeanRegistry.java:234)
	at org.springframework.beans.factory.support.AbstractBeanFactory.doGetBean(AbstractBeanFactory.java:324)
	at org.springframework.beans.factory.support.AbstractBeanFactory.getBean(AbstractBeanFactory.java:200)
	at org.springframework.context.support.AbstractApplicationContext.getBean(AbstractApplicationContext.java:1234)
	at org.springframework.context.support.AbstractApplicationContext.finishBeanFactoryInitialization(AbstractApplicationContext.java:952)
	at org.springframework.context.support.AbstractApplicationContext.refresh(AbstractApplicationContext.java:624)
	at org.springframework.boot.web.servlet.context.ServletWebServerApplicationContext.refresh(ServletWebServerApplicationContext.java:146)
	at org.springframework.boot.SpringApplication.refresh(SpringApplication.java:754)
	at org.springframework.boot.SpringApplication.refreshContext(SpringApplication.java:456)
	at org.springframework.boot.SpringApplication.run(SpringApplication.java:334)
	at org.springframework.boot.SpringApplication.run(SpringApplication.java:1354)
	at org.springframework.boot.SpringApplication.run(SpringApplication.java:1343)
	at com.capg.pharma.orderservice.OrderServiceApplication.main(OrderServiceApplication.java:28)
	at java.base/jdk.internal.reflect.DirectMethodHandleAccessor.invoke(DirectMethodHandleAccessor.java:103)
	at java.base/java.lang.reflect.Method.invoke(Method.java:580)
	at org.springframework.boot.loader.launch.Launcher.launch(Launcher.java:91)
	at org.springframework.boot.loader.launch.Launcher.launch(Launcher.java:53)
	at org.springframework.boot.loader.launch.JarLauncher.main(JarLauncher.java:58)
Caused by: org.hibernate.boot.registry.classloading.spi.ClassLoadingException: Unable to load class [org.hibernate.dialect.MySQL5InnoDBDialect]
	at org.hibernate.boot.registry.classloading.internal.ClassLoaderServiceImpl.classForName(ClassLoaderServiceImpl.java:126)
	at org.hibernate.boot.registry.selector.internal.StrategySelectorImpl.selectStrategyImplementor(StrategySelectorImpl.java:150)
	... 50 common frames omitted
Caused by: java.lang.ClassNotFoundException: Could not load requested class : org.hibernate.dialect.MySQL5InnoDBDialect
	at org.hibernate.boot.registry.classloading.internal.AggregatedClassLoader.findClass(AggregatedClassLoader.java:216)
	at java.base/java.lang.ClassLoader.loadClass(ClassLoader.java:593)
	at java.base/java.lang.ClassLoader.loadClass(ClassLoader.java:526)
	at java.base/java.lang.Class.forName0(Native Method)
	at java.base/java.lang.Class.forName(Class.java:534)
	at java.base/java.lang.Class.forName(Class.java:513)
	at org.hibernate.boot.registry.classloading.internal.ClassLoaderServiceImpl.classForName(ClassLoaderServiceImpl.java:123)
	... 51 common frames omitted
Caused by: java.lang.Throwable: null
	at org.hibernate.boot.registry.classloading.internal.AggregatedClassLoader.findClass(AggregatedClassLoader.java:209)
	... 57 common frames omitted
	Suppressed: java.lang.ClassNotFoundException: org.hibernate.dialect.MySQL5InnoDBDialect
		at java.base/java.net.URLClassLoader.findClass(URLClassLoader.java:445)
		at java.base/java.lang.ClassLoader.loadClass(ClassLoader.java:593)
		at org.springframework.boot.loader.net.protocol.jar.JarUrlClassLoader.loadClass(JarUrlClassLoader.java:104)
		at org.springframework.boot.loader.launch.LaunchedClassLoader.loadClass(LaunchedClassLoader.java:91)
		at java.base/java.lang.ClassLoader.loadClass(ClassLoader.java:526)
		at org.hibernate.boot.registry.classloading.internal.AggregatedClassLoader.findClass(AggregatedClassLoader.java:206)
		... 57 common frames omitted
	Suppressed: java.lang.ClassNotFoundException: org.hibernate.dialect.MySQL5InnoDBDialect
		at java.base/java.net.URLClassLoader.findClass(URLClassLoader.java:445)
		at java.base/java.lang.ClassLoader.loadClass(ClassLoader.java:593)
		at org.springframework.boot.loader.net.protocol.jar.JarUrlClassLoader.loadClass(JarUrlClassLoader.java:104)
		at org.springframework.boot.loader.launch.LaunchedClassLoader.loadClass(LaunchedClassLoader.java:91)
		at java.base/java.lang.ClassLoader.loadClass(ClassLoader.java:526)
		at org.hibernate.boot.registry.classloading.internal.AggregatedClassLoader.findClass(AggregatedClassLoader.java:206)
		... 57 common frames omitted
	Suppressed: java.lang.ClassNotFoundException: org.hibernate.dialect.MySQL5InnoDBDialect
		at java.base/jdk.internal.loader.BuiltinClassLoader.loadClass(BuiltinClassLoader.java:641)
		at java.base/jdk.internal.loader.ClassLoaders$AppClassLoader.loadClass(ClassLoaders.java:188)
		at java.base/java.lang.ClassLoader.loadClass(ClassLoader.java:526)
		at org.hibernate.boot.registry.classloading.internal.AggregatedClassLoader.findClass(AggregatedClassLoader.java:206)
		... 57 common frames omitted
2026-05-02 00:48:38.951 [main] ERROR o.s.o.j.LocalContainerEntityManagerFactoryBean - Failed to initialize JPA EntityManagerFactory: Unable to create requested service [org.hibernate.engine.jdbc.env.spi.JdbcEnvironment] due to: Unable to resolve name [org.hibernate.dialect.MySQL5InnoDBDialect] as strategy [org.hibernate.dialect.Dialect]
2026-05-02 00:48:38.952 [main] WARN  o.s.b.w.s.c.AnnotationConfigServletWebServerApplicationContext - Exception encountered during context initialization - cancelling refresh attempt: org.springframework.beans.factory.BeanCreationException: Error creating bean with name 'entityManagerFactory' defined in class path resource [org/springframework/boot/autoconfigure/orm/jpa/HibernateJpaConfiguration.class]: Unable to create requested service [org.hibernate.engine.jdbc.env.spi.JdbcEnvironment] due to: Unable to resolve name [org.hibernate.dialect.MySQL5InnoDBDialect] as strategy [org.hibernate.dialect.Dialect]
2026-05-02 00:48:38.954 [main] INFO  com.zaxxer.hikari.HikariDataSource - HikariPool-1 - Shutdown initiated...
2026-05-02 00:48:38.966 [main] INFO  com.zaxxer.hikari.HikariDataSource - HikariPool-1 - Shutdown completed.
2026-05-02 00:48:39.976 [main] WARN  z.r.AsyncReporter$BoundedAsyncReporter - Timed out waiting for in-flight spans to send
2026-05-02 00:48:39.993 [main] INFO  o.a.catalina.core.StandardService - Stopping service [Tomcat]
2026-05-02 00:48:40.093 [main] ERROR o.s.boot.SpringApplication - Application run failed
org.springframework.beans.factory.BeanCreationException: Error creating bean with name 'entityManagerFactory' defined in class path resource [org/springframework/boot/autoconfigure/orm/jpa/HibernateJpaConfiguration.class]: Unable to create requested service [org.hibernate.engine.jdbc.env.spi.JdbcEnvironment] due to: Unable to resolve name [org.hibernate.dialect.MySQL5InnoDBDialect] as strategy [org.hibernate.dialect.Dialect]
	at org.springframework.beans.factory.support.AbstractAutowireCapableBeanFactory.initializeBean(AbstractAutowireCapableBeanFactory.java:1786)
	at org.springframework.beans.factory.support.AbstractAutowireCapableBeanFactory.doCreateBean(AbstractAutowireCapableBeanFactory.java:600)
	at org.springframework.beans.factory.support.AbstractAutowireCapableBeanFactory.createBean(AbstractAutowireCapableBeanFactory.java:522)
	at org.springframework.beans.factory.support.AbstractBeanFactory.lambda$doGetBean$0(AbstractBeanFactory.java:326)
	at org.springframework.beans.factory.support.DefaultSingletonBeanRegistry.getSingleton(DefaultSingletonBeanRegistry.java:234)
	at org.springframework.beans.factory.support.AbstractBeanFactory.doGetBean(AbstractBeanFactory.java:324)
	at org.springframework.beans.factory.support.AbstractBeanFactory.getBean(AbstractBeanFactory.java:200)
	at org.springframework.context.support.AbstractApplicationContext.getBean(AbstractApplicationContext.java:1234)
	at org.springframework.context.support.AbstractApplicationContext.finishBeanFactoryInitialization(AbstractApplicationContext.java:952)
	at org.springframework.context.support.AbstractApplicationContext.refresh(AbstractApplicationContext.java:624)
	at org.springframework.boot.web.servlet.context.ServletWebServerApplicationContext.refresh(ServletWebServerApplicationContext.java:146)
	at org.springframework.boot.SpringApplication.refresh(SpringApplication.java:754)
	at org.springframework.boot.SpringApplication.refreshContext(SpringApplication.java:456)
	at org.springframework.boot.SpringApplication.run(SpringApplication.java:334)
	at org.springframework.boot.SpringApplication.run(SpringApplication.java:1354)
	at org.springframework.boot.SpringApplication.run(SpringApplication.java:1343)
	at com.capg.pharma.orderservice.OrderServiceApplication.main(OrderServiceApplication.java:28)
	at java.base/jdk.internal.reflect.DirectMethodHandleAccessor.invoke(DirectMethodHandleAccessor.java:103)
	at java.base/java.lang.reflect.Method.invoke(Method.java:580)
	at org.springframework.boot.loader.launch.Launcher.launch(Launcher.java:91)
	at org.springframework.boot.loader.launch.Launcher.launch(Launcher.java:53)
	at org.springframework.boot.loader.launch.JarLauncher.main(JarLauncher.java:58)
Caused by: org.hibernate.service.spi.ServiceException: Unable to create requested service [org.hibernate.engine.jdbc.env.spi.JdbcEnvironment] due to: Unable to resolve name [org.hibernate.dialect.MySQL5InnoDBDialect] as strategy [org.hibernate.dialect.Dialect]
	at org.hibernate.service.internal.AbstractServiceRegistryImpl.createService(AbstractServiceRegistryImpl.java:276)
	at org.hibernate.service.internal.AbstractServiceRegistryImpl.initializeService(AbstractServiceRegistryImpl.java:238)
	at org.hibernate.service.internal.AbstractServiceRegistryImpl.getService(AbstractServiceRegistryImpl.java:215)
	at org.hibernate.boot.model.relational.Database.<init>(Database.java:45)
	at org.hibernate.boot.internal.InFlightMetadataCollectorImpl.getDatabase(InFlightMetadataCollectorImpl.java:223)
	at org.hibernate.boot.internal.InFlightMetadataCollectorImpl.<init>(InFlightMetadataCollectorImpl.java:191)
	at org.hibernate.boot.model.process.spi.MetadataBuildingProcess.complete(MetadataBuildingProcess.java:170)
	at org.hibernate.jpa.boot.internal.EntityManagerFactoryBuilderImpl.metadata(EntityManagerFactoryBuilderImpl.java:1432)
	at org.hibernate.jpa.boot.internal.EntityManagerFactoryBuilderImpl.build(EntityManagerFactoryBuilderImpl.java:1503)
	at org.springframework.orm.jpa.vendor.SpringHibernateJpaPersistenceProvider.createContainerEntityManagerFactory(SpringHibernateJpaPersistenceProvider.java:75)
	at org.springframework.orm.jpa.LocalContainerEntityManagerFactoryBean.createNativeEntityManagerFactory(LocalContainerEntityManagerFactoryBean.java:390)
	at org.springframework.orm.jpa.AbstractEntityManagerFactoryBean.buildNativeEntityManagerFactory(AbstractEntityManagerFactoryBean.java:409)
	at org.springframework.orm.jpa.AbstractEntityManagerFactoryBean.afterPropertiesSet(AbstractEntityManagerFactoryBean.java:396)
	at org.springframework.orm.jpa.LocalContainerEntityManagerFactoryBean.afterPropertiesSet(LocalContainerEntityManagerFactoryBean.java:366)
	at org.springframework.beans.factory.support.AbstractAutowireCapableBeanFactory.invokeInitMethods(AbstractAutowireCapableBeanFactory.java:1833)
	at org.springframework.beans.factory.support.AbstractAutowireCapableBeanFactory.initializeBean(AbstractAutowireCapableBeanFactory.java:1782)
	... 21 common frames omitted
Caused by: org.hibernate.boot.registry.selector.spi.StrategySelectionException: Unable to resolve name [org.hibernate.dialect.MySQL5InnoDBDialect] as strategy [org.hibernate.dialect.Dialect]
	at org.hibernate.boot.registry.selector.internal.StrategySelectorImpl.selectStrategyImplementor(StrategySelectorImpl.java:154)
	at org.hibernate.boot.registry.selector.internal.StrategySelectorImpl.resolveStrategy(StrategySelectorImpl.java:236)
	at org.hibernate.boot.registry.selector.internal.StrategySelectorImpl.resolveStrategy(StrategySelectorImpl.java:189)
	at org.hibernate.engine.jdbc.dialect.internal.DialectFactoryImpl.constructDialect(DialectFactoryImpl.java:123)
	at org.hibernate.engine.jdbc.dialect.internal.DialectFactoryImpl.buildDialect(DialectFactoryImpl.java:88)
	at org.hibernate.engine.jdbc.env.internal.JdbcEnvironmentInitiator.getJdbcEnvironmentWithDefaults(JdbcEnvironmentInitiator.java:143)
	at org.hibernate.engine.jdbc.env.internal.JdbcEnvironmentInitiator.getJdbcEnvironmentUsingJdbcMetadata(JdbcEnvironmentInitiator.java:348)
	at org.hibernate.engine.jdbc.env.internal.JdbcEnvironmentInitiator.initiateService(JdbcEnvironmentInitiator.java:107)
	at org.hibernate.engine.jdbc.env.internal.JdbcEnvironmentInitiator.initiateService(JdbcEnvironmentInitiator.java:68)
	at org.hibernate.boot.registry.internal.StandardServiceRegistryImpl.initiateService(StandardServiceRegistryImpl.java:130)
	at org.hibernate.service.internal.AbstractServiceRegistryImpl.createService(AbstractServiceRegistryImpl.java:263)
	... 36 common frames omitted
Caused by: org.hibernate.boot.registry.classloading.spi.ClassLoadingException: Unable to load class [org.hibernate.dialect.MySQL5InnoDBDialect]
	at org.hibernate.boot.registry.classloading.internal.ClassLoaderServiceImpl.classForName(ClassLoaderServiceImpl.java:126)
	at org.hibernate.boot.registry.selector.internal.StrategySelectorImpl.selectStrategyImplementor(StrategySelectorImpl.java:150)
	... 46 common frames omitted
Caused by: java.lang.ClassNotFoundException: Could not load requested class : org.hibernate.dialect.MySQL5InnoDBDialect
	at org.hibernate.boot.registry.classloading.internal.AggregatedClassLoader.findClass(AggregatedClassLoader.java:216)
	at java.base/java.lang.ClassLoader.loadClass(ClassLoader.java:593)
	at java.base/java.lang.ClassLoader.loadClass(ClassLoader.java:526)
	at java.base/java.lang.Class.forName0(Native Method)
	at java.base/java.lang.Class.forName(Class.java:534)
	at java.base/java.lang.Class.forName(Class.java:513)
	at org.hibernate.boot.registry.classloading.internal.ClassLoaderServiceImpl.classForName(ClassLoaderServiceImpl.java:123)
	... 47 common frames omitted
Caused by: java.lang.Throwable: null
	at org.hibernate.boot.registry.classloading.internal.AggregatedClassLoader.findClass(AggregatedClassLoader.java:209)
	... 53 common frames omitted
	Suppressed: java.lang.ClassNotFoundException: org.hibernate.dialect.MySQL5InnoDBDialect
		at java.base/java.net.URLClassLoader.findClass(URLClassLoader.java:445)
		at java.base/java.lang.ClassLoader.loadClass(ClassLoader.java:593)
		at org.springframework.boot.loader.net.protocol.jar.JarUrlClassLoader.loadClass(JarUrlClassLoader.java:104)
		at org.springframework.boot.loader.launch.LaunchedClassLoader.loadClass(LaunchedClassLoader.java:91)
		at java.base/java.lang.ClassLoader.loadClass(ClassLoader.java:526)
		at org.hibernate.boot.registry.classloading.internal.AggregatedClassLoader.findClass(AggregatedClassLoader.java:206)
		... 53 common frames omitted
	Suppressed: java.lang.ClassNotFoundException: org.hibernate.dialect.MySQL5InnoDBDialect
		at java.base/java.net.URLClassLoader.findClass(URLClassLoader.java:445)
		at java.base/java.lang.ClassLoader.loadClass(ClassLoader.java:593)
		at org.springframework.boot.loader.net.protocol.jar.JarUrlClassLoader.loadClass(JarUrlClassLoader.java:104)
		at org.springframework.boot.loader.launch.LaunchedClassLoader.loadClass(LaunchedClassLoader.java:91)
		at java.base/java.lang.ClassLoader.loadClass(ClassLoader.java:526)
		at org.hibernate.boot.registry.classloading.internal.AggregatedClassLoader.findClass(AggregatedClassLoader.java:206)
		... 53 common frames omitted
	Suppressed: java.lang.ClassNotFoundException: org.hibernate.dialect.MySQL5InnoDBDialect
		at java.base/jdk.internal.loader.BuiltinClassLoader.loadClass(BuiltinClassLoader.java:641)
		at java.base/jdk.internal.loader.ClassLoaders$AppClassLoader.loadClass(ClassLoaders.java:188)
		at java.base/java.lang.ClassLoader.loadClass(ClassLoader.java:526)
		at org.hibernate.boot.registry.classloading.internal.AggregatedClassLoader.findClass(AggregatedClassLoader.java:206)
		... 53 common frames omitted
2026-05-02 01:08:27.733 [main] INFO  c.c.p.o.OrderServiceApplication - Starting OrderServiceApplication using Java 21.0.7 with PID 24188 (D:\yosker\PharmacyOnline\janviProject\pharmacy-microservices\order-service\target\order-service-1.0.0.jar started by V in D:\yosker\PharmacyOnline\janviProject\pharmacy-microservices)
2026-05-02 01:08:27.749 [main] INFO  c.c.p.o.OrderServiceApplication - No active profile set, falling back to 1 default profile: "default"
2026-05-02 01:08:27.928 [main] WARN  o.s.c.c.c.ConfigServerConfigDataLoader - Could not locate PropertySource ([ConfigServerConfigDataResource@6548bb7d uris = array<String>['http://localhost:8085'], optional = true, profiles = 'default']): I/O error on GET request for "http://localhost:8085/order-service/default": Connection refused: getsockopt
2026-05-02 01:08:27.931 [main] WARN  o.s.c.c.c.ConfigServerConfigDataLoader - Could not locate PropertySource ([ConfigServerConfigDataResource@3add81c4 uris = array<String>['http://localhost:8085'], optional = true, profiles = 'default']): I/O error on GET request for "http://localhost:8085/order-service/default": Connection refused: getsockopt
2026-05-02 01:08:27.932 [main] WARN  o.s.c.c.c.ConfigServerConfigDataLoader - Could not locate PropertySource ([ConfigServerConfigDataResource@1a1d3c1a uris = array<String>['http://localhost:8085'], optional = true, profiles = 'default']): I/O error on GET request for "http://localhost:8085/order-service/default": Connection refused: getsockopt
2026-05-02 01:08:32.902 [main] WARN  o.s.c.s.PostProcessorRegistrationDelegate$BeanPostProcessorChecker - Bean 'org.springframework.cloud.client.loadbalancer.LoadBalancerAutoConfiguration$DeferringLoadBalancerInterceptorConfig' of type [org.springframework.cloud.client.loadbalancer.LoadBalancerAutoConfiguration$DeferringLoadBalancerInterceptorConfig] is not eligible for getting processed by all BeanPostProcessors (for example: not eligible for auto-proxying). The currently created BeanPostProcessor [lbRestClientPostProcessor] is declared through a non-static factory method on that class; consider declaring it as static instead.
2026-05-02 01:08:32.911 [main] WARN  o.s.c.s.PostProcessorRegistrationDelegate$BeanPostProcessorChecker - Bean 'deferringLoadBalancerInterceptor' of type [org.springframework.cloud.client.loadbalancer.DeferringLoadBalancerInterceptor] is not eligible for getting processed by all BeanPostProcessors (for example: not eligible for auto-proxying). Is this bean getting eagerly injected into a currently created BeanPostProcessor [lbRestClientPostProcessor]? Check the corresponding BeanPostProcessor declaration and its dependencies.
2026-05-02 01:08:33.769 [main] INFO  o.a.coyote.http11.Http11NioProtocol - Initializing ProtocolHandler ["http-nio-9093"]
2026-05-02 01:08:33.774 [main] INFO  o.a.catalina.core.StandardService - Starting service [Tomcat]
2026-05-02 01:08:33.775 [main] INFO  o.a.catalina.core.StandardEngine - Starting Servlet engine: [Apache Tomcat/10.1.20]
2026-05-02 01:08:33.850 [main] INFO  o.a.c.c.C.[Tomcat].[localhost].[/] - Initializing Spring embedded WebApplicationContext
2026-05-02 01:08:35.754 [main] INFO  com.zaxxer.hikari.HikariDataSource - HikariPool-1 - Starting...
2026-05-02 01:08:36.058 [main] INFO  com.zaxxer.hikari.pool.HikariPool - HikariPool-1 - Added connection com.mysql.cj.jdbc.ConnectionImpl@43414b88
2026-05-02 01:08:36.061 [main] INFO  com.zaxxer.hikari.HikariDataSource - HikariPool-1 - Start completed.
2026-05-02 01:08:36.126 [main] WARN  org.hibernate.dialect.Dialect - HHH000511: The 5.5.27 version for [org.hibernate.dialect.MySQLDialect] is no longer supported, hence certain features may not work properly. The minimum supported version is 8.0.0. Check the community dialects project for available legacy versions.
2026-05-02 01:08:36.137 [main] WARN  org.hibernate.orm.deprecation - HHH90000025: MySQLDialect does not need to be specified explicitly using 'hibernate.dialect' (remove the property setting and it will be selected by default)
2026-05-02 01:08:39.977 [main] WARN  o.s.b.a.o.j.JpaBaseConfiguration$JpaWebConfiguration - spring.jpa.open-in-view is enabled by default. Therefore, database queries may be performed during view rendering. Explicitly configure spring.jpa.open-in-view to disable this warning
2026-05-02 01:08:41.456 [main] WARN  o.s.b.a.s.s.UserDetailsServiceAutoConfiguration - 

Using generated security password: 4b8aeaf4-374f-4825-a72f-ba60d6eacada

This generated password is for development use only. Your security configuration must be updated before running your application in production.

2026-05-02 01:08:44.169 [main] WARN  o.s.c.l.c.LoadBalancerCacheAutoConfiguration$LoadBalancerCaffeineWarnLogger - Spring Cloud LoadBalancer is currently working with the default cache. While this cache implementation is useful for development and tests, it's recommended to use Caffeine cache in production.You can switch to using Caffeine cache, by adding it and org.springframework.cache.caffeine.CaffeineCacheManager to the classpath.
2026-05-02 01:08:45.179 [main] INFO  o.a.coyote.http11.Http11NioProtocol - Starting ProtocolHandler ["http-nio-9093"]
2026-05-02 01:08:45.308 [main] INFO  c.c.p.o.OrderServiceApplication - Started OrderServiceApplication in 20.48 seconds (process running for 22.098)
2026-05-02 01:27:05.700 [http-nio-9093-exec-1] INFO  o.a.c.c.C.[Tomcat].[localhost].[/] - Initializing Spring DispatcherServlet 'dispatcherServlet'
2026-05-02 01:27:06.737 [http-nio-9093-exec-1] WARN  o.s.c.l.core.RoundRobinLoadBalancer - No servers available for service: catalog-service
2026-05-02 01:27:06.750 [http-nio-9093-exec-1] WARN  o.s.c.o.l.RetryableFeignBlockingLoadBalancerClient - Service instance was not resolved, executing the original request
2026-05-02 01:27:09.472 [http-nio-9093-exec-1] WARN  o.s.c.l.core.RoundRobinLoadBalancer - No servers available for service: catalog-service
2026-05-02 01:27:09.473 [http-nio-9093-exec-1] WARN  o.s.c.o.l.RetryableFeignBlockingLoadBalancerClient - Service instance was not resolved, executing the original request
2026-05-02 01:31:51.852 [http-nio-9093-exec-2] INFO  c.c.p.o.m.NotificationPublisher - [MQ] Notification published: type=ORDER_PLACED to=john@example.com
2026-05-02 01:32:07.509 [http-nio-9093-exec-3] INFO  c.c.p.o.m.NotificationPublisher - [MQ] Notification published: type=ORDER_PLACED to=john@example.com
2026-05-02 01:50:27.339 [http-nio-9093-exec-3] INFO  c.c.p.o.m.NotificationPublisher - [MQ] Notification published: type=ORDER_PLACED to=john@example.com
2026-05-02 01:53:21.249 [http-nio-9093-exec-1] INFO  c.c.p.o.m.NotificationPublisher - [MQ] Notification published: type=ORDER_PLACED to=john@example.com
2026-05-02 01:54:34.354 [http-nio-9093-exec-3] INFO  c.c.p.o.m.NotificationPublisher - [MQ] Notification published: type=ORDER_PLACED to=john@example.com
2026-05-02 01:55:04.067 [http-nio-9093-exec-8] INFO  c.c.p.o.m.NotificationPublisher - [MQ] Notification published: type=ORDER_PLACED to=john@example.com
2026-05-02 01:55:27.762 [http-nio-9093-exec-9] INFO  c.c.p.o.m.NotificationPublisher - [MQ] Notification published: type=ORDER_PLACED to=john@example.com
2026-05-02 02:07:09.434 [http-nio-9093-exec-4] INFO  c.c.p.o.m.NotificationPublisher - [MQ] Notification published: type=ORDER_PLACED to=john@example.com
2026-05-02 02:08:15.143 [http-nio-9093-exec-8] INFO  c.c.p.o.m.NotificationPublisher - [MQ] Notification published: type=ORDER_PLACED to=john@example.com
2026-05-02 02:09:50.882 [http-nio-9093-exec-3] INFO  c.c.p.o.m.NotificationPublisher - [MQ] Notification published: type=ORDER_PLACED to=sagarpakar777@gmail.com
2026-05-02 02:13:01.213 [http-nio-9093-exec-10] INFO  c.c.p.o.m.NotificationPublisher - [MQ] Notification published: type=ORDER_PLACED to=yoskerAdmin@gmail.com
2026-05-02 02:17:18.564 [http-nio-9093-exec-3] INFO  c.c.p.o.m.NotificationPublisher - [MQ] Notification published: type=ORDER_PLACED to=sagarpakar777@gmail.com
2026-05-02 02:22:40.862 [main] INFO  c.c.p.o.OrderServiceApplication - Starting OrderServiceApplication using Java 21.0.7 with PID 27468 (D:\yosker\PharmacyOnline\janviProject\pharmacy-microservices\order-service\target\order-service-1.0.0.jar started by V in D:\yosker\PharmacyOnline\janviProject\pharmacy-microservices)
2026-05-02 02:22:40.869 [main] INFO  c.c.p.o.OrderServiceApplication - No active profile set, falling back to 1 default profile: "default"
2026-05-02 02:22:41.152 [main] WARN  o.s.c.c.c.ConfigServerConfigDataLoader - Could not locate PropertySource ([ConfigServerConfigDataResource@6548bb7d uris = array<String>['http://localhost:8085'], optional = true, profiles = 'default']): I/O error on GET request for "http://localhost:8085/order-service/default": Connection refused: getsockopt
2026-05-02 02:22:41.153 [main] WARN  o.s.c.c.c.ConfigServerConfigDataLoader - Could not locate PropertySource ([ConfigServerConfigDataResource@3add81c4 uris = array<String>['http://localhost:8085'], optional = true, profiles = 'default']): I/O error on GET request for "http://localhost:8085/order-service/default": Connection refused: getsockopt
2026-05-02 02:22:41.155 [main] WARN  o.s.c.c.c.ConfigServerConfigDataLoader - Could not locate PropertySource ([ConfigServerConfigDataResource@1a1d3c1a uris = array<String>['http://localhost:8085'], optional = true, profiles = 'default']): I/O error on GET request for "http://localhost:8085/order-service/default": Connection refused: getsockopt
2026-05-02 02:22:51.149 [main] WARN  o.s.c.s.PostProcessorRegistrationDelegate$BeanPostProcessorChecker - Bean 'org.springframework.cloud.client.loadbalancer.LoadBalancerAutoConfiguration$DeferringLoadBalancerInterceptorConfig' of type [org.springframework.cloud.client.loadbalancer.LoadBalancerAutoConfiguration$DeferringLoadBalancerInterceptorConfig] is not eligible for getting processed by all BeanPostProcessors (for example: not eligible for auto-proxying). The currently created BeanPostProcessor [lbRestClientPostProcessor] is declared through a non-static factory method on that class; consider declaring it as static instead.
2026-05-02 02:22:51.165 [main] WARN  o.s.c.s.PostProcessorRegistrationDelegate$BeanPostProcessorChecker - Bean 'deferringLoadBalancerInterceptor' of type [org.springframework.cloud.client.loadbalancer.DeferringLoadBalancerInterceptor] is not eligible for getting processed by all BeanPostProcessors (for example: not eligible for auto-proxying). Is this bean getting eagerly injected into a currently created BeanPostProcessor [lbRestClientPostProcessor]? Check the corresponding BeanPostProcessor declaration and its dependencies.
2026-05-02 02:22:53.542 [main] INFO  o.a.coyote.http11.Http11NioProtocol - Initializing ProtocolHandler ["http-nio-9093"]
2026-05-02 02:22:53.554 [main] INFO  o.a.catalina.core.StandardService - Starting service [Tomcat]
2026-05-02 02:22:53.555 [main] INFO  o.a.catalina.core.StandardEngine - Starting Servlet engine: [Apache Tomcat/10.1.20]
2026-05-02 02:22:53.695 [main] INFO  o.a.c.c.C.[Tomcat].[localhost].[/] - Initializing Spring embedded WebApplicationContext
2026-05-02 02:22:55.499 [main] INFO  com.zaxxer.hikari.HikariDataSource - HikariPool-1 - Starting...
2026-05-02 02:22:55.783 [main] INFO  com.zaxxer.hikari.pool.HikariPool - HikariPool-1 - Added connection com.mysql.cj.jdbc.ConnectionImpl@4d145177
2026-05-02 02:22:55.787 [main] INFO  com.zaxxer.hikari.HikariDataSource - HikariPool-1 - Start completed.
2026-05-02 02:22:55.846 [main] WARN  org.hibernate.dialect.Dialect - HHH000511: The 5.5.27 version for [org.hibernate.dialect.MySQLDialect] is no longer supported, hence certain features may not work properly. The minimum supported version is 8.0.0. Check the community dialects project for available legacy versions.
2026-05-02 02:22:55.854 [main] WARN  org.hibernate.orm.deprecation - HHH90000025: MySQLDialect does not need to be specified explicitly using 'hibernate.dialect' (remove the property setting and it will be selected by default)
2026-05-02 02:23:10.107 [main] WARN  o.s.b.a.o.j.JpaBaseConfiguration$JpaWebConfiguration - spring.jpa.open-in-view is enabled by default. Therefore, database queries may be performed during view rendering. Explicitly configure spring.jpa.open-in-view to disable this warning
2026-05-02 02:23:15.184 [main] WARN  o.s.b.a.s.s.UserDetailsServiceAutoConfiguration - 

Using generated security password: ece0827f-bef6-4028-93f5-ee81df3d0247

This generated password is for development use only. Your security configuration must be updated before running your application in production.

2026-05-02 02:23:21.063 [main] WARN  o.s.c.l.c.LoadBalancerCacheAutoConfiguration$LoadBalancerCaffeineWarnLogger - Spring Cloud LoadBalancer is currently working with the default cache. While this cache implementation is useful for development and tests, it's recommended to use Caffeine cache in production.You can switch to using Caffeine cache, by adding it and org.springframework.cache.caffeine.CaffeineCacheManager to the classpath.
2026-05-02 02:23:22.980 [main] INFO  o.a.coyote.http11.Http11NioProtocol - Starting ProtocolHandler ["http-nio-9093"]
2026-05-02 02:23:23.167 [main] INFO  c.c.p.o.OrderServiceApplication - Started OrderServiceApplication in 45.175 seconds (process running for 46.355)
2026-05-02 02:24:42.126 [http-nio-9093-exec-10] INFO  o.a.c.c.C.[Tomcat].[localhost].[/] - Initializing Spring DispatcherServlet 'dispatcherServlet'
2026-05-02 02:24:44.084 [http-nio-9093-exec-10] INFO  c.c.p.o.m.NotificationPublisher - [MQ] Notification published: type=ORDER_PLACED to=john@example.com
2026-05-02 02:24:58.328 [http-nio-9093-exec-1] INFO  c.c.p.o.m.NotificationPublisher - [MQ] Notification published: type=ORDER_PLACED to=john@example.com
2026-05-02 02:25:46.622 [http-nio-9093-exec-5] INFO  c.c.p.o.m.NotificationPublisher - [MQ] Notification published: type=ORDER_PLACED to=john@example.com
2026-05-02 02:26:21.096 [http-nio-9093-exec-4] INFO  c.c.p.o.m.NotificationPublisher - [MQ] Notification published: type=ORDER_PLACED to=john@example.com
2026-05-02 02:31:18.413 [main] INFO  c.c.p.o.OrderServiceApplication - Starting OrderServiceApplication using Java 21.0.7 with PID 29236 (D:\yosker\PharmacyOnline\janviProject\pharmacy-microservices\order-service\target\order-service-1.0.0.jar started by V in D:\yosker\PharmacyOnline\janviProject\pharmacy-microservices)
2026-05-02 02:31:18.427 [main] INFO  c.c.p.o.OrderServiceApplication - No active profile set, falling back to 1 default profile: "default"
2026-05-02 02:31:18.593 [main] WARN  o.s.c.c.c.ConfigServerConfigDataLoader - Could not locate PropertySource ([ConfigServerConfigDataResource@6548bb7d uris = array<String>['http://localhost:8085'], optional = true, profiles = 'default']): I/O error on GET request for "http://localhost:8085/order-service/default": Connection refused: getsockopt
2026-05-02 02:31:18.593 [main] WARN  o.s.c.c.c.ConfigServerConfigDataLoader - Could not locate PropertySource ([ConfigServerConfigDataResource@3add81c4 uris = array<String>['http://localhost:8085'], optional = true, profiles = 'default']): I/O error on GET request for "http://localhost:8085/order-service/default": Connection refused: getsockopt
2026-05-02 02:31:18.594 [main] WARN  o.s.c.c.c.ConfigServerConfigDataLoader - Could not locate PropertySource ([ConfigServerConfigDataResource@1a1d3c1a uris = array<String>['http://localhost:8085'], optional = true, profiles = 'default']): I/O error on GET request for "http://localhost:8085/order-service/default": Connection refused: getsockopt
2026-05-02 02:31:22.054 [main] WARN  o.s.c.s.PostProcessorRegistrationDelegate$BeanPostProcessorChecker - Bean 'org.springframework.cloud.client.loadbalancer.LoadBalancerAutoConfiguration$DeferringLoadBalancerInterceptorConfig' of type [org.springframework.cloud.client.loadbalancer.LoadBalancerAutoConfiguration$DeferringLoadBalancerInterceptorConfig] is not eligible for getting processed by all BeanPostProcessors (for example: not eligible for auto-proxying). The currently created BeanPostProcessor [lbRestClientPostProcessor] is declared through a non-static factory method on that class; consider declaring it as static instead.
2026-05-02 02:31:22.061 [main] WARN  o.s.c.s.PostProcessorRegistrationDelegate$BeanPostProcessorChecker - Bean 'deferringLoadBalancerInterceptor' of type [org.springframework.cloud.client.loadbalancer.DeferringLoadBalancerInterceptor] is not eligible for getting processed by all BeanPostProcessors (for example: not eligible for auto-proxying). Is this bean getting eagerly injected into a currently created BeanPostProcessor [lbRestClientPostProcessor]? Check the corresponding BeanPostProcessor declaration and its dependencies.
2026-05-02 02:31:22.624 [main] INFO  o.a.coyote.http11.Http11NioProtocol - Initializing ProtocolHandler ["http-nio-9093"]
2026-05-02 02:31:22.628 [main] INFO  o.a.catalina.core.StandardService - Starting service [Tomcat]
2026-05-02 02:31:22.629 [main] INFO  o.a.catalina.core.StandardEngine - Starting Servlet engine: [Apache Tomcat/10.1.20]
2026-05-02 02:31:22.677 [main] INFO  o.a.c.c.C.[Tomcat].[localhost].[/] - Initializing Spring embedded WebApplicationContext
2026-05-02 02:31:24.075 [main] INFO  com.zaxxer.hikari.HikariDataSource - HikariPool-1 - Starting...
2026-05-02 02:31:24.286 [main] INFO  com.zaxxer.hikari.pool.HikariPool - HikariPool-1 - Added connection com.mysql.cj.jdbc.ConnectionImpl@43414b88
2026-05-02 02:31:24.291 [main] INFO  com.zaxxer.hikari.HikariDataSource - HikariPool-1 - Start completed.
2026-05-02 02:31:24.354 [main] WARN  org.hibernate.dialect.Dialect - HHH000511: The 5.5.27 version for [org.hibernate.dialect.MySQLDialect] is no longer supported, hence certain features may not work properly. The minimum supported version is 8.0.0. Check the community dialects project for available legacy versions.
2026-05-02 02:31:24.364 [main] WARN  org.hibernate.orm.deprecation - HHH90000025: MySQLDialect does not need to be specified explicitly using 'hibernate.dialect' (remove the property setting and it will be selected by default)
2026-05-02 02:31:27.352 [main] WARN  o.s.b.a.o.j.JpaBaseConfiguration$JpaWebConfiguration - spring.jpa.open-in-view is enabled by default. Therefore, database queries may be performed during view rendering. Explicitly configure spring.jpa.open-in-view to disable this warning
2026-05-02 02:31:28.527 [main] WARN  o.s.b.a.s.s.UserDetailsServiceAutoConfiguration - 

Using generated security password: a1cfc948-e96a-4140-9fd5-14c0aa5a1ea9

This generated password is for development use only. Your security configuration must be updated before running your application in production.

2026-05-02 02:31:30.321 [main] WARN  o.s.c.l.c.LoadBalancerCacheAutoConfiguration$LoadBalancerCaffeineWarnLogger - Spring Cloud LoadBalancer is currently working with the default cache. While this cache implementation is useful for development and tests, it's recommended to use Caffeine cache in production.You can switch to using Caffeine cache, by adding it and org.springframework.cache.caffeine.CaffeineCacheManager to the classpath.
2026-05-02 02:31:31.013 [main] INFO  o.a.coyote.http11.Http11NioProtocol - Starting ProtocolHandler ["http-nio-9093"]
2026-05-02 02:31:31.087 [main] INFO  c.c.p.o.OrderServiceApplication - Started OrderServiceApplication in 14.936 seconds (process running for 15.967)
2026-05-02 02:32:27.926 [http-nio-9093-exec-2] INFO  o.a.c.c.C.[Tomcat].[localhost].[/] - Initializing Spring DispatcherServlet 'dispatcherServlet'
2026-05-02 02:33:57.416 [http-nio-9093-exec-5] INFO  c.c.p.o.m.NotificationPublisher - [MQ] Notification published: type=ORDER_PLACED to=sagarpakar777@gmail.com
2026-05-02 11:38:02.649 [main] INFO  c.c.p.o.OrderServiceApplication - Starting OrderServiceApplication using Java 21.0.7 with PID 12024 (D:\yosker\PharmacyOnline\janviProject\pharmacy-microservices\order-service\target\order-service-1.0.0.jar started by V in D:\yosker\PharmacyOnline\janviProject\pharmacy-microservices)
2026-05-02 11:38:02.671 [main] INFO  c.c.p.o.OrderServiceApplication - No active profile set, falling back to 1 default profile: "default"
2026-05-02 11:38:03.063 [main] WARN  o.s.c.c.c.ConfigServerConfigDataLoader - Could not locate PropertySource ([ConfigServerConfigDataResource@6548bb7d uris = array<String>['http://localhost:8085'], optional = true, profiles = 'default']): I/O error on GET request for "http://localhost:8085/order-service/default": Connection refused: getsockopt
2026-05-02 11:38:03.065 [main] WARN  o.s.c.c.c.ConfigServerConfigDataLoader - Could not locate PropertySource ([ConfigServerConfigDataResource@3add81c4 uris = array<String>['http://localhost:8085'], optional = true, profiles = 'default']): I/O error on GET request for "http://localhost:8085/order-service/default": Connection refused: getsockopt
2026-05-02 11:38:03.066 [main] WARN  o.s.c.c.c.ConfigServerConfigDataLoader - Could not locate PropertySource ([ConfigServerConfigDataResource@1a1d3c1a uris = array<String>['http://localhost:8085'], optional = true, profiles = 'default']): I/O error on GET request for "http://localhost:8085/order-service/default": Connection refused: getsockopt
2026-05-02 11:38:19.042 [main] WARN  o.s.c.s.PostProcessorRegistrationDelegate$BeanPostProcessorChecker - Bean 'org.springframework.cloud.client.loadbalancer.LoadBalancerAutoConfiguration$DeferringLoadBalancerInterceptorConfig' of type [org.springframework.cloud.client.loadbalancer.LoadBalancerAutoConfiguration$DeferringLoadBalancerInterceptorConfig] is not eligible for getting processed by all BeanPostProcessors (for example: not eligible for auto-proxying). The currently created BeanPostProcessor [lbRestClientPostProcessor] is declared through a non-static factory method on that class; consider declaring it as static instead.
2026-05-02 11:38:19.071 [main] WARN  o.s.c.s.PostProcessorRegistrationDelegate$BeanPostProcessorChecker - Bean 'deferringLoadBalancerInterceptor' of type [org.springframework.cloud.client.loadbalancer.DeferringLoadBalancerInterceptor] is not eligible for getting processed by all BeanPostProcessors (for example: not eligible for auto-proxying). Is this bean getting eagerly injected into a currently created BeanPostProcessor [lbRestClientPostProcessor]? Check the corresponding BeanPostProcessor declaration and its dependencies.
2026-05-02 11:38:24.065 [main] INFO  o.a.coyote.http11.Http11NioProtocol - Initializing ProtocolHandler ["http-nio-9093"]
2026-05-02 11:38:24.078 [main] INFO  o.a.catalina.core.StandardService - Starting service [Tomcat]
2026-05-02 11:38:24.080 [main] INFO  o.a.catalina.core.StandardEngine - Starting Servlet engine: [Apache Tomcat/10.1.20]
2026-05-02 11:38:24.295 [main] INFO  o.a.c.c.C.[Tomcat].[localhost].[/] - Initializing Spring embedded WebApplicationContext
2026-05-02 11:38:29.418 [main] INFO  com.zaxxer.hikari.HikariDataSource - HikariPool-1 - Starting...
2026-05-02 11:38:30.222 [main] INFO  com.zaxxer.hikari.pool.HikariPool - HikariPool-1 - Added connection com.mysql.cj.jdbc.ConnectionImpl@5687ade6
2026-05-02 11:38:30.228 [main] INFO  com.zaxxer.hikari.HikariDataSource - HikariPool-1 - Start completed.
2026-05-02 11:38:30.458 [main] WARN  org.hibernate.dialect.Dialect - HHH000511: The 5.5.27 version for [org.hibernate.dialect.MySQLDialect] is no longer supported, hence certain features may not work properly. The minimum supported version is 8.0.0. Check the community dialects project for available legacy versions.
2026-05-02 11:38:30.472 [main] WARN  org.hibernate.orm.deprecation - HHH90000025: MySQLDialect does not need to be specified explicitly using 'hibernate.dialect' (remove the property setting and it will be selected by default)
2026-05-02 11:38:42.203 [main] WARN  o.s.b.a.o.j.JpaBaseConfiguration$JpaWebConfiguration - spring.jpa.open-in-view is enabled by default. Therefore, database queries may be performed during view rendering. Explicitly configure spring.jpa.open-in-view to disable this warning
2026-05-02 11:38:45.510 [main] WARN  o.s.b.a.s.s.UserDetailsServiceAutoConfiguration - 

Using generated security password: 2ba7ed31-574d-47b0-bbef-6f7328064788

This generated password is for development use only. Your security configuration must be updated before running your application in production.

2026-05-02 11:38:49.736 [main] WARN  o.s.c.l.c.LoadBalancerCacheAutoConfiguration$LoadBalancerCaffeineWarnLogger - Spring Cloud LoadBalancer is currently working with the default cache. While this cache implementation is useful for development and tests, it's recommended to use Caffeine cache in production.You can switch to using Caffeine cache, by adding it and org.springframework.cache.caffeine.CaffeineCacheManager to the classpath.
2026-05-02 11:38:50.747 [main] INFO  o.a.coyote.http11.Http11NioProtocol - Starting ProtocolHandler ["http-nio-9093"]
2026-05-02 11:38:50.825 [main] INFO  c.c.p.o.OrderServiceApplication - Started OrderServiceApplication in 56.686 seconds (process running for 61.548)
2026-05-02 11:44:32.105 [http-nio-9093-exec-2] INFO  o.a.c.c.C.[Tomcat].[localhost].[/] - Initializing Spring DispatcherServlet 'dispatcherServlet'
2026-05-02 12:25:27.372 [http-nio-9093-exec-4] INFO  c.c.p.o.m.NotificationPublisher - [MQ] Notification published: type=ORDER_PLACED to=sagarpakar777@gmail.com
2026-05-02 12:40:36.312 [http-nio-9093-exec-7] INFO  o.s.api.AbstractOpenApiResource - Init duration for springdoc-openapi is: 1554 ms
2026-05-02 12:48:07.281 [http-nio-9093-exec-7] INFO  c.c.p.o.m.NotificationPublisher - [MQ] Notification published: type=ORDER_PLACED to=john@example.com
2026-05-02 12:48:55.684 [http-nio-9093-exec-10] INFO  c.c.p.o.m.NotificationPublisher - [MQ] Notification published: type=ORDER_PLACED to=john@example.com
2026-05-02 13:50:42.451 [main] INFO  c.c.p.o.OrderServiceApplication - Starting OrderServiceApplication using Java 21.0.7 with PID 6876 (D:\yosker\PharmacyOnline\janviProject\pharmacy-microservices\order-service\target\order-service-1.0.0.jar started by V in D:\yosker\PharmacyOnline\janviProject\pharmacy-microservices)
2026-05-02 13:50:42.480 [main] INFO  c.c.p.o.OrderServiceApplication - No active profile set, falling back to 1 default profile: "default"
2026-05-02 13:50:42.878 [main] WARN  o.s.c.c.c.ConfigServerConfigDataLoader - Could not locate PropertySource ([ConfigServerConfigDataResource@6548bb7d uris = array<String>['http://localhost:8085'], optional = true, profiles = 'default']): I/O error on GET request for "http://localhost:8085/order-service/default": Connection refused: getsockopt
2026-05-02 13:50:42.885 [main] WARN  o.s.c.c.c.ConfigServerConfigDataLoader - Could not locate PropertySource ([ConfigServerConfigDataResource@3add81c4 uris = array<String>['http://localhost:8085'], optional = true, profiles = 'default']): I/O error on GET request for "http://localhost:8085/order-service/default": Connection refused: getsockopt
2026-05-02 13:50:42.887 [main] WARN  o.s.c.c.c.ConfigServerConfigDataLoader - Could not locate PropertySource ([ConfigServerConfigDataResource@1a1d3c1a uris = array<String>['http://localhost:8085'], optional = true, profiles = 'default']): I/O error on GET request for "http://localhost:8085/order-service/default": Connection refused: getsockopt
2026-05-02 13:50:55.951 [main] WARN  o.s.c.s.PostProcessorRegistrationDelegate$BeanPostProcessorChecker - Bean 'org.springframework.cloud.client.loadbalancer.LoadBalancerAutoConfiguration$DeferringLoadBalancerInterceptorConfig' of type [org.springframework.cloud.client.loadbalancer.LoadBalancerAutoConfiguration$DeferringLoadBalancerInterceptorConfig] is not eligible for getting processed by all BeanPostProcessors (for example: not eligible for auto-proxying). The currently created BeanPostProcessor [lbRestClientPostProcessor] is declared through a non-static factory method on that class; consider declaring it as static instead.
2026-05-02 13:50:55.981 [main] WARN  o.s.c.s.PostProcessorRegistrationDelegate$BeanPostProcessorChecker - Bean 'deferringLoadBalancerInterceptor' of type [org.springframework.cloud.client.loadbalancer.DeferringLoadBalancerInterceptor] is not eligible for getting processed by all BeanPostProcessors (for example: not eligible for auto-proxying). Is this bean getting eagerly injected into a currently created BeanPostProcessor [lbRestClientPostProcessor]? Check the corresponding BeanPostProcessor declaration and its dependencies.
2026-05-02 13:50:58.585 [main] INFO  o.a.coyote.http11.Http11NioProtocol - Initializing ProtocolHandler ["http-nio-9093"]
2026-05-02 13:50:58.591 [main] INFO  o.a.catalina.core.StandardService - Starting service [Tomcat]
2026-05-02 13:50:58.594 [main] INFO  o.a.catalina.core.StandardEngine - Starting Servlet engine: [Apache Tomcat/10.1.20]
2026-05-02 13:50:58.775 [main] INFO  o.a.c.c.C.[Tomcat].[localhost].[/] - Initializing Spring embedded WebApplicationContext
2026-05-02 13:51:03.854 [main] INFO  com.zaxxer.hikari.HikariDataSource - HikariPool-1 - Starting...
2026-05-02 13:51:04.342 [main] INFO  com.zaxxer.hikari.pool.HikariPool - HikariPool-1 - Added connection com.mysql.cj.jdbc.ConnectionImpl@560c3758
2026-05-02 13:51:04.347 [main] INFO  com.zaxxer.hikari.HikariDataSource - HikariPool-1 - Start completed.
2026-05-02 13:51:04.466 [main] WARN  org.hibernate.dialect.Dialect - HHH000511: The 5.5.27 version for [org.hibernate.dialect.MySQLDialect] is no longer supported, hence certain features may not work properly. The minimum supported version is 8.0.0. Check the community dialects project for available legacy versions.
2026-05-02 13:51:04.480 [main] WARN  org.hibernate.orm.deprecation - HHH90000025: MySQLDialect does not need to be specified explicitly using 'hibernate.dialect' (remove the property setting and it will be selected by default)
2026-05-02 13:51:12.472 [main] WARN  o.s.b.a.o.j.JpaBaseConfiguration$JpaWebConfiguration - spring.jpa.open-in-view is enabled by default. Therefore, database queries may be performed during view rendering. Explicitly configure spring.jpa.open-in-view to disable this warning
2026-05-02 13:51:15.538 [main] WARN  o.s.b.a.s.s.UserDetailsServiceAutoConfiguration - 

Using generated security password: ed167ce6-0f72-46d3-956e-f943af7f22f3

This generated password is for development use only. Your security configuration must be updated before running your application in production.

2026-05-02 13:51:18.969 [main] WARN  o.s.c.l.c.LoadBalancerCacheAutoConfiguration$LoadBalancerCaffeineWarnLogger - Spring Cloud LoadBalancer is currently working with the default cache. While this cache implementation is useful for development and tests, it's recommended to use Caffeine cache in production.You can switch to using Caffeine cache, by adding it and org.springframework.cache.caffeine.CaffeineCacheManager to the classpath.
2026-05-02 13:51:19.676 [main] INFO  o.a.coyote.http11.Http11NioProtocol - Starting ProtocolHandler ["http-nio-9093"]
2026-05-02 13:51:19.739 [main] INFO  c.c.p.o.OrderServiceApplication - Started OrderServiceApplication in 42.749 seconds (process running for 46.114)
2026-05-02 13:54:59.719 [http-nio-9093-exec-1] INFO  o.a.c.c.C.[Tomcat].[localhost].[/] - Initializing Spring DispatcherServlet 'dispatcherServlet'
2026-05-02 13:55:01.045 [http-nio-9093-exec-1] INFO  c.c.p.o.m.NotificationPublisher - [MQ] Notification published: type=ORDER_PLACED to=john@example.com
2026-05-02 14:03:19.857 [http-nio-9093-exec-5] INFO  c.c.p.o.m.NotificationPublisher - [MQ] Notification published: type=ORDER_PLACED to=namrathamendes@gmail.com
2026-05-02 14:16:17.707 [http-nio-9093-exec-9] INFO  c.c.p.o.m.NotificationPublisher - [MQ] Notification published: type=ORDER_PLACED to=namrathamendes@gmail.com
2026-05-02 14:21:12.034 [http-nio-9093-exec-3] INFO  c.c.p.o.m.NotificationPublisher - [MQ] Notification published: type=ORDER_PLACED to=namrathamendes@gmail.com
2026-05-02 14:21:33.809 [http-nio-9093-exec-6] INFO  c.c.p.o.m.NotificationPublisher - [MQ] Notification published: type=ORDER_PLACED to=namrathamendes@gmail.com
2026-05-02 14:34:13.667 [http-nio-9093-exec-9] INFO  c.c.p.o.m.NotificationPublisher - [MQ] Notification published: type=ORDER_PLACED to=namrathamendes@gmail.com
2026-05-02 14:49:48.409 [http-nio-9093-exec-10] INFO  c.c.p.o.m.NotificationPublisher - [MQ] Notification published: type=ORDER_PLACED to=namrathamendes@gmail.com
2026-05-02 14:58:16.740 [http-nio-9093-exec-9] INFO  c.c.p.o.m.NotificationPublisher - [MQ] Notification published: type=ORDER_PLACED to=namrathamendes@gmail.com
2026-05-02 15:12:05.901 [http-nio-9093-exec-5] INFO  c.c.p.o.m.NotificationPublisher - [MQ] Notification published: type=ORDER_PLACED to=namrathamendes@gmail.com
2026-05-02 15:58:18.187 [http-nio-9093-exec-10] INFO  c.c.p.o.m.NotificationPublisher - [MQ] Notification published: type=ORDER_PLACED to=namrathamendes@gmail.com
2026-05-02 15:58:41.107 [http-nio-9093-exec-5] INFO  c.c.p.o.m.NotificationPublisher - [MQ] Notification published: type=ORDER_PLACED to=namrathamendes@gmail.com
2026-05-02 16:07:42.201 [http-nio-9093-exec-2] INFO  c.c.p.o.m.NotificationPublisher - [MQ] Notification published: type=ORDER_PLACED to=namrathamendes@gmail.com
2026-05-02 16:08:18.525 [http-nio-9093-exec-10] INFO  c.c.p.o.m.NotificationPublisher - [MQ] Notification published: type=ORDER_PLACED to=namrathamendes@gmail.com
2026-05-02 16:10:26.789 [http-nio-9093-exec-5] INFO  c.c.p.o.m.NotificationPublisher - [MQ] Notification published: type=ORDER_PLACED to=namrathamendes@gmail.com
2026-05-02 16:14:03.488 [http-nio-9093-exec-3] INFO  c.c.p.o.m.NotificationPublisher - [MQ] Notification published: type=ORDER_PLACED to=namrathamendes@gmail.com
2026-05-02 16:51:12.645 [http-nio-9093-exec-5] INFO  c.c.p.o.m.NotificationPublisher - [MQ] Notification published: type=ORDER_PLACED to=namrathamendes@gmail.com
2026-05-02 16:59:57.930 [http-nio-9093-exec-2] INFO  c.c.p.o.m.NotificationPublisher - [MQ] Notification published: type=ORDER_PLACED to=yoskerAdmin@gmail.com
2026-05-02 22:51:57.210 [main] INFO  c.c.p.o.OrderServiceApplication - Starting OrderServiceApplication using Java 21.0.7 with PID 19692 (D:\yosker\PharmacyOnline\janviProject\pharmacy-microservices\order-service\target\order-service-1.0.0.jar started by V in D:\yosker\PharmacyOnline\janviProject\pharmacy-microservices)
2026-05-02 22:51:57.248 [main] INFO  c.c.p.o.OrderServiceApplication - No active profile set, falling back to 1 default profile: "default"
2026-05-02 22:51:57.840 [main] WARN  o.s.c.c.c.ConfigServerConfigDataLoader - Could not locate PropertySource ([ConfigServerConfigDataResource@5aa360ea uris = array<String>['http://localhost:8085'], optional = true, profiles = 'default']): I/O error on GET request for "http://localhost:8085/order-service/default": Connection refused: getsockopt
2026-05-02 22:51:57.846 [main] WARN  o.s.c.c.c.ConfigServerConfigDataLoader - Could not locate PropertySource ([ConfigServerConfigDataResource@d71adc2 uris = array<String>['http://localhost:8085'], optional = true, profiles = 'default']): I/O error on GET request for "http://localhost:8085/order-service/default": Connection refused: getsockopt
2026-05-02 22:51:57.851 [main] WARN  o.s.c.c.c.ConfigServerConfigDataLoader - Could not locate PropertySource ([ConfigServerConfigDataResource@3add81c4 uris = array<String>['http://localhost:8085'], optional = true, profiles = 'default']): I/O error on GET request for "http://localhost:8085/order-service/default": Connection refused: getsockopt
2026-05-02 22:52:16.520 [main] WARN  o.s.c.s.PostProcessorRegistrationDelegate$BeanPostProcessorChecker - Bean 'org.springframework.cloud.client.loadbalancer.LoadBalancerAutoConfiguration$DeferringLoadBalancerInterceptorConfig' of type [org.springframework.cloud.client.loadbalancer.LoadBalancerAutoConfiguration$DeferringLoadBalancerInterceptorConfig] is not eligible for getting processed by all BeanPostProcessors (for example: not eligible for auto-proxying). The currently created BeanPostProcessor [lbRestClientPostProcessor] is declared through a non-static factory method on that class; consider declaring it as static instead.
2026-05-02 22:52:16.604 [main] WARN  o.s.c.s.PostProcessorRegistrationDelegate$BeanPostProcessorChecker - Bean 'deferringLoadBalancerInterceptor' of type [org.springframework.cloud.client.loadbalancer.DeferringLoadBalancerInterceptor] is not eligible for getting processed by all BeanPostProcessors (for example: not eligible for auto-proxying). Is this bean getting eagerly injected into a currently created BeanPostProcessor [lbRestClientPostProcessor]? Check the corresponding BeanPostProcessor declaration and its dependencies.
2026-05-02 22:52:19.544 [main] INFO  o.a.coyote.http11.Http11NioProtocol - Initializing ProtocolHandler ["http-nio-9093"]
2026-05-02 22:52:19.662 [main] INFO  o.a.catalina.core.StandardService - Starting service [Tomcat]
2026-05-02 22:52:19.935 [main] INFO  o.a.catalina.core.StandardEngine - Starting Servlet engine: [Apache Tomcat/10.1.20]
2026-05-02 22:52:20.363 [main] INFO  o.a.c.c.C.[Tomcat].[localhost].[/] - Initializing Spring embedded WebApplicationContext
2026-05-02 22:52:26.993 [main] INFO  com.zaxxer.hikari.HikariDataSource - HikariPool-1 - Starting...
2026-05-02 22:52:27.702 [main] INFO  com.zaxxer.hikari.pool.HikariPool - HikariPool-1 - Added connection com.mysql.cj.jdbc.ConnectionImpl@6d2f910b
2026-05-02 22:52:27.715 [main] INFO  com.zaxxer.hikari.HikariDataSource - HikariPool-1 - Start completed.
2026-05-02 22:52:27.996 [main] WARN  org.hibernate.dialect.Dialect - HHH000511: The 5.5.27 version for [org.hibernate.dialect.MySQLDialect] is no longer supported, hence certain features may not work properly. The minimum supported version is 8.0.0. Check the community dialects project for available legacy versions.
2026-05-02 22:52:28.015 [main] WARN  org.hibernate.orm.deprecation - HHH90000025: MySQLDialect does not need to be specified explicitly using 'hibernate.dialect' (remove the property setting and it will be selected by default)
2026-05-02 22:52:38.094 [main] WARN  o.s.b.a.o.j.JpaBaseConfiguration$JpaWebConfiguration - spring.jpa.open-in-view is enabled by default. Therefore, database queries may be performed during view rendering. Explicitly configure spring.jpa.open-in-view to disable this warning
2026-05-02 22:52:41.368 [main] WARN  o.s.b.a.s.s.UserDetailsServiceAutoConfiguration - 

Using generated security password: 8077e81a-1bea-4b84-beaa-a6ec243fde8b

This generated password is for development use only. Your security configuration must be updated before running your application in production.

2026-05-02 22:52:46.649 [main] WARN  o.s.c.l.c.LoadBalancerCacheAutoConfiguration$LoadBalancerCaffeineWarnLogger - Spring Cloud LoadBalancer is currently working with the default cache. While this cache implementation is useful for development and tests, it's recommended to use Caffeine cache in production.You can switch to using Caffeine cache, by adding it and org.springframework.cache.caffeine.CaffeineCacheManager to the classpath.
2026-05-02 22:52:47.528 [main] WARN  c.n.d.s.t.d.RetryableEurekaHttpClient - Request execution failed with message: I/O error on GET request for "http://localhost:8761/eureka/apps/": Connect to http://localhost:8761 [localhost/127.0.0.1, localhost/0:0:0:0:0:0:0:1] failed: Connection refused: getsockopt
2026-05-02 22:52:47.532 [main] WARN  c.netflix.discovery.DiscoveryClient - Using default backup registry implementation which does not do anything.
2026-05-02 22:52:47.578 [main] INFO  o.a.coyote.http11.Http11NioProtocol - Starting ProtocolHandler ["http-nio-9093"]
2026-05-02 22:52:47.651 [main] INFO  c.c.p.o.OrderServiceApplication - Started OrderServiceApplication in 57.64 seconds (process running for 60.049)
2026-05-02 22:52:47.720 [DiscoveryClient-InstanceInfoReplicator-0] WARN  c.n.d.s.t.d.RetryableEurekaHttpClient - Request execution failed with message: I/O error on POST request for "http://localhost:8761/eureka/apps/ORDER-SERVICE": Connect to http://localhost:8761 [localhost/127.0.0.1, localhost/0:0:0:0:0:0:0:1] failed: Connection refused: getsockopt
2026-05-02 22:52:47.723 [DiscoveryClient-InstanceInfoReplicator-0] WARN  c.netflix.discovery.DiscoveryClient - DiscoveryClient_ORDER-SERVICE/172.21.160.138:order-service:9093 - registration failed Cannot execute request on any known server
com.netflix.discovery.shared.transport.TransportException: Cannot execute request on any known server
	at com.netflix.discovery.shared.transport.decorator.RetryableEurekaHttpClient.execute(RetryableEurekaHttpClient.java:112)
	at com.netflix.discovery.shared.transport.decorator.EurekaHttpClientDecorator.register(EurekaHttpClientDecorator.java:56)
	at com.netflix.discovery.shared.transport.decorator.EurekaHttpClientDecorator$1.execute(EurekaHttpClientDecorator.java:59)
	at com.netflix.discovery.shared.transport.decorator.SessionedEurekaHttpClient.execute(SessionedEurekaHttpClient.java:77)
	at com.netflix.discovery.shared.transport.decorator.EurekaHttpClientDecorator.register(EurekaHttpClientDecorator.java:56)
	at com.netflix.discovery.DiscoveryClient.register(DiscoveryClient.java:820)
	at com.netflix.discovery.InstanceInfoReplicator.run(InstanceInfoReplicator.java:121)
	at com.netflix.discovery.InstanceInfoReplicator$1.run(InstanceInfoReplicator.java:101)
	at java.base/java.util.concurrent.Executors$RunnableAdapter.call(Executors.java:572)
	at java.base/java.util.concurrent.FutureTask.run(FutureTask.java:317)
	at java.base/java.util.concurrent.ScheduledThreadPoolExecutor$ScheduledFutureTask.run(ScheduledThreadPoolExecutor.java:304)
	at java.base/java.util.concurrent.ThreadPoolExecutor.runWorker(ThreadPoolExecutor.java:1144)
	at java.base/java.util.concurrent.ThreadPoolExecutor$Worker.run(ThreadPoolExecutor.java:642)
	at java.base/java.lang.Thread.run(Thread.java:1583)
2026-05-02 22:52:47.730 [DiscoveryClient-InstanceInfoReplicator-0] WARN  c.n.discovery.InstanceInfoReplicator - There was a problem with the instance info replicator
com.netflix.discovery.shared.transport.TransportException: Cannot execute request on any known server
	at com.netflix.discovery.shared.transport.decorator.RetryableEurekaHttpClient.execute(RetryableEurekaHttpClient.java:112)
	at com.netflix.discovery.shared.transport.decorator.EurekaHttpClientDecorator.register(EurekaHttpClientDecorator.java:56)
	at com.netflix.discovery.shared.transport.decorator.EurekaHttpClientDecorator$1.execute(EurekaHttpClientDecorator.java:59)
	at com.netflix.discovery.shared.transport.decorator.SessionedEurekaHttpClient.execute(SessionedEurekaHttpClient.java:77)
	at com.netflix.discovery.shared.transport.decorator.EurekaHttpClientDecorator.register(EurekaHttpClientDecorator.java:56)
	at com.netflix.discovery.DiscoveryClient.register(DiscoveryClient.java:820)
	at com.netflix.discovery.InstanceInfoReplicator.run(InstanceInfoReplicator.java:121)
	at com.netflix.discovery.InstanceInfoReplicator$1.run(InstanceInfoReplicator.java:101)
	at java.base/java.util.concurrent.Executors$RunnableAdapter.call(Executors.java:572)
	at java.base/java.util.concurrent.FutureTask.run(FutureTask.java:317)
	at java.base/java.util.concurrent.ScheduledThreadPoolExecutor$ScheduledFutureTask.run(ScheduledThreadPoolExecutor.java:304)
	at java.base/java.util.concurrent.ThreadPoolExecutor.runWorker(ThreadPoolExecutor.java:1144)
	at java.base/java.util.concurrent.ThreadPoolExecutor$Worker.run(ThreadPoolExecutor.java:642)
	at java.base/java.lang.Thread.run(Thread.java:1583)
2026-05-02 22:53:17.607 [DiscoveryClient-HeartbeatExecutor-0] WARN  c.n.d.s.t.d.RetryableEurekaHttpClient - Request execution failed with message: I/O error on PUT request for "http://localhost:8761/eureka/apps/ORDER-SERVICE/172.21.160.138:order-service:9093": Connect to http://localhost:8761 [localhost/127.0.0.1, localhost/0:0:0:0:0:0:0:1] failed: Connection refused: getsockopt
2026-05-02 22:53:17.607 [DiscoveryClient-CacheRefreshExecutor-0] WARN  c.n.d.s.t.d.RetryableEurekaHttpClient - Request execution failed with message: I/O error on GET request for "http://localhost:8761/eureka/apps/": Connect to http://localhost:8761 [localhost/127.0.0.1, localhost/0:0:0:0:0:0:0:1] failed: Connection refused: getsockopt
2026-05-02 22:53:17.607 [DiscoveryClient-HeartbeatExecutor-0] ERROR c.netflix.discovery.DiscoveryClient - DiscoveryClient_ORDER-SERVICE/172.21.160.138:order-service:9093 - was unable to send heartbeat!
com.netflix.discovery.shared.transport.TransportException: Cannot execute request on any known server
	at com.netflix.discovery.shared.transport.decorator.RetryableEurekaHttpClient.execute(RetryableEurekaHttpClient.java:112)
	at com.netflix.discovery.shared.transport.decorator.EurekaHttpClientDecorator.sendHeartBeat(EurekaHttpClientDecorator.java:89)
	at com.netflix.discovery.shared.transport.decorator.EurekaHttpClientDecorator$3.execute(EurekaHttpClientDecorator.java:92)
	at com.netflix.discovery.shared.transport.decorator.SessionedEurekaHttpClient.execute(SessionedEurekaHttpClient.java:77)
	at com.netflix.discovery.shared.transport.decorator.EurekaHttpClientDecorator.sendHeartBeat(EurekaHttpClientDecorator.java:89)
	at com.netflix.discovery.DiscoveryClient.renew(DiscoveryClient.java:837)
	at com.netflix.discovery.DiscoveryClient$HeartbeatThread.run(DiscoveryClient.java:1401)
	at java.base/java.util.concurrent.Executors$RunnableAdapter.call(Executors.java:572)
	at java.base/java.util.concurrent.FutureTask.run(FutureTask.java:317)
	at java.base/java.util.concurrent.ThreadPoolExecutor.runWorker(ThreadPoolExecutor.java:1144)
	at java.base/java.util.concurrent.ThreadPoolExecutor$Worker.run(ThreadPoolExecutor.java:642)
	at java.base/java.lang.Thread.run(Thread.java:1583)
2026-05-02 22:53:17.748 [DiscoveryClient-InstanceInfoReplicator-0] WARN  c.n.d.s.t.d.RetryableEurekaHttpClient - Request execution failed with message: I/O error on POST request for "http://localhost:8761/eureka/apps/ORDER-SERVICE": Connect to http://localhost:8761 [localhost/127.0.0.1, localhost/0:0:0:0:0:0:0:1] failed: Connection refused: getsockopt
2026-05-02 22:53:17.750 [DiscoveryClient-InstanceInfoReplicator-0] WARN  c.netflix.discovery.DiscoveryClient - DiscoveryClient_ORDER-SERVICE/172.21.160.138:order-service:9093 - registration failed Cannot execute request on any known server
com.netflix.discovery.shared.transport.TransportException: Cannot execute request on any known server
	at com.netflix.discovery.shared.transport.decorator.RetryableEurekaHttpClient.execute(RetryableEurekaHttpClient.java:112)
	at com.netflix.discovery.shared.transport.decorator.EurekaHttpClientDecorator.register(EurekaHttpClientDecorator.java:56)
	at com.netflix.discovery.shared.transport.decorator.EurekaHttpClientDecorator$1.execute(EurekaHttpClientDecorator.java:59)
	at com.netflix.discovery.shared.transport.decorator.SessionedEurekaHttpClient.execute(SessionedEurekaHttpClient.java:77)
	at com.netflix.discovery.shared.transport.decorator.EurekaHttpClientDecorator.register(EurekaHttpClientDecorator.java:56)
	at com.netflix.discovery.DiscoveryClient.register(DiscoveryClient.java:820)
	at com.netflix.discovery.InstanceInfoReplicator.run(InstanceInfoReplicator.java:121)
	at java.base/java.util.concurrent.Executors$RunnableAdapter.call(Executors.java:572)
	at java.base/java.util.concurrent.FutureTask.run(FutureTask.java:317)
	at java.base/java.util.concurrent.ScheduledThreadPoolExecutor$ScheduledFutureTask.run(ScheduledThreadPoolExecutor.java:304)
	at java.base/java.util.concurrent.ThreadPoolExecutor.runWorker(ThreadPoolExecutor.java:1144)
	at java.base/java.util.concurrent.ThreadPoolExecutor$Worker.run(ThreadPoolExecutor.java:642)
	at java.base/java.lang.Thread.run(Thread.java:1583)
2026-05-02 22:53:17.750 [DiscoveryClient-InstanceInfoReplicator-0] WARN  c.n.discovery.InstanceInfoReplicator - There was a problem with the instance info replicator
com.netflix.discovery.shared.transport.TransportException: Cannot execute request on any known server
	at com.netflix.discovery.shared.transport.decorator.RetryableEurekaHttpClient.execute(RetryableEurekaHttpClient.java:112)
	at com.netflix.discovery.shared.transport.decorator.EurekaHttpClientDecorator.register(EurekaHttpClientDecorator.java:56)
	at com.netflix.discovery.shared.transport.decorator.EurekaHttpClientDecorator$1.execute(EurekaHttpClientDecorator.java:59)
	at com.netflix.discovery.shared.transport.decorator.SessionedEurekaHttpClient.execute(SessionedEurekaHttpClient.java:77)
	at com.netflix.discovery.shared.transport.decorator.EurekaHttpClientDecorator.register(EurekaHttpClientDecorator.java:56)
	at com.netflix.discovery.DiscoveryClient.register(DiscoveryClient.java:820)
	at com.netflix.discovery.InstanceInfoReplicator.run(InstanceInfoReplicator.java:121)
	at java.base/java.util.concurrent.Executors$RunnableAdapter.call(Executors.java:572)
	at java.base/java.util.concurrent.FutureTask.run(FutureTask.java:317)
	at java.base/java.util.concurrent.ScheduledThreadPoolExecutor$ScheduledFutureTask.run(ScheduledThreadPoolExecutor.java:304)
	at java.base/java.util.concurrent.ThreadPoolExecutor.runWorker(ThreadPoolExecutor.java:1144)
	at java.base/java.util.concurrent.ThreadPoolExecutor$Worker.run(ThreadPoolExecutor.java:642)
	at java.base/java.lang.Thread.run(Thread.java:1583)
2026-05-02 22:53:47.667 [DiscoveryClient-CacheRefreshExecutor-0] WARN  c.n.d.s.t.d.RetryableEurekaHttpClient - Request execution failed with message: I/O error on GET request for "http://localhost:8761/eureka/apps/": Connect to http://localhost:8761 [localhost/127.0.0.1, localhost/0:0:0:0:0:0:0:1] failed: Connection refused: getsockopt
2026-05-02 22:53:47.667 [DiscoveryClient-HeartbeatExecutor-0] WARN  c.n.d.s.t.d.RetryableEurekaHttpClient - Request execution failed with message: I/O error on PUT request for "http://localhost:8761/eureka/apps/ORDER-SERVICE/172.21.160.138:order-service:9093": Connect to http://localhost:8761 [localhost/127.0.0.1, localhost/0:0:0:0:0:0:0:1] failed: Connection refused: getsockopt
2026-05-02 22:53:47.667 [DiscoveryClient-HeartbeatExecutor-0] ERROR c.netflix.discovery.DiscoveryClient - DiscoveryClient_ORDER-SERVICE/172.21.160.138:order-service:9093 - was unable to send heartbeat!
com.netflix.discovery.shared.transport.TransportException: Cannot execute request on any known server
	at com.netflix.discovery.shared.transport.decorator.RetryableEurekaHttpClient.execute(RetryableEurekaHttpClient.java:112)
	at com.netflix.discovery.shared.transport.decorator.EurekaHttpClientDecorator.sendHeartBeat(EurekaHttpClientDecorator.java:89)
	at com.netflix.discovery.shared.transport.decorator.EurekaHttpClientDecorator$3.execute(EurekaHttpClientDecorator.java:92)
	at com.netflix.discovery.shared.transport.decorator.SessionedEurekaHttpClient.execute(SessionedEurekaHttpClient.java:77)
	at com.netflix.discovery.shared.transport.decorator.EurekaHttpClientDecorator.sendHeartBeat(EurekaHttpClientDecorator.java:89)
	at com.netflix.discovery.DiscoveryClient.renew(DiscoveryClient.java:837)
	at com.netflix.discovery.DiscoveryClient$HeartbeatThread.run(DiscoveryClient.java:1401)
	at java.base/java.util.concurrent.Executors$RunnableAdapter.call(Executors.java:572)
	at java.base/java.util.concurrent.FutureTask.run(FutureTask.java:317)
	at java.base/java.util.concurrent.ThreadPoolExecutor.runWorker(ThreadPoolExecutor.java:1144)
	at java.base/java.util.concurrent.ThreadPoolExecutor$Worker.run(ThreadPoolExecutor.java:642)
	at java.base/java.lang.Thread.run(Thread.java:1583)
2026-05-02 22:53:47.792 [DiscoveryClient-InstanceInfoReplicator-0] WARN  c.n.d.s.t.d.RetryableEurekaHttpClient - Request execution failed with message: I/O error on POST request for "http://localhost:8761/eureka/apps/ORDER-SERVICE": Connect to http://localhost:8761 [localhost/127.0.0.1, localhost/0:0:0:0:0:0:0:1] failed: Connection refused: getsockopt
2026-05-02 22:53:47.792 [DiscoveryClient-InstanceInfoReplicator-0] WARN  c.netflix.discovery.DiscoveryClient - DiscoveryClient_ORDER-SERVICE/172.21.160.138:order-service:9093 - registration failed Cannot execute request on any known server
com.netflix.discovery.shared.transport.TransportException: Cannot execute request on any known server
	at com.netflix.discovery.shared.transport.decorator.RetryableEurekaHttpClient.execute(RetryableEurekaHttpClient.java:112)
	at com.netflix.discovery.shared.transport.decorator.EurekaHttpClientDecorator.register(EurekaHttpClientDecorator.java:56)
	at com.netflix.discovery.shared.transport.decorator.EurekaHttpClientDecorator$1.execute(EurekaHttpClientDecorator.java:59)
	at com.netflix.discovery.shared.transport.decorator.SessionedEurekaHttpClient.execute(SessionedEurekaHttpClient.java:77)
	at com.netflix.discovery.shared.transport.decorator.EurekaHttpClientDecorator.register(EurekaHttpClientDecorator.java:56)
	at com.netflix.discovery.DiscoveryClient.register(DiscoveryClient.java:820)
	at com.netflix.discovery.InstanceInfoReplicator.run(InstanceInfoReplicator.java:121)
	at java.base/java.util.concurrent.Executors$RunnableAdapter.call(Executors.java:572)
	at java.base/java.util.concurrent.FutureTask.run(FutureTask.java:317)
	at java.base/java.util.concurrent.ScheduledThreadPoolExecutor$ScheduledFutureTask.run(ScheduledThreadPoolExecutor.java:304)
	at java.base/java.util.concurrent.ThreadPoolExecutor.runWorker(ThreadPoolExecutor.java:1144)
	at java.base/java.util.concurrent.ThreadPoolExecutor$Worker.run(ThreadPoolExecutor.java:642)
	at java.base/java.lang.Thread.run(Thread.java:1583)
2026-05-02 22:53:47.792 [DiscoveryClient-InstanceInfoReplicator-0] WARN  c.n.discovery.InstanceInfoReplicator - There was a problem with the instance info replicator
com.netflix.discovery.shared.transport.TransportException: Cannot execute request on any known server
	at com.netflix.discovery.shared.transport.decorator.RetryableEurekaHttpClient.execute(RetryableEurekaHttpClient.java:112)
	at com.netflix.discovery.shared.transport.decorator.EurekaHttpClientDecorator.register(EurekaHttpClientDecorator.java:56)
	at com.netflix.discovery.shared.transport.decorator.EurekaHttpClientDecorator$1.execute(EurekaHttpClientDecorator.java:59)
	at com.netflix.discovery.shared.transport.decorator.SessionedEurekaHttpClient.execute(SessionedEurekaHttpClient.java:77)
	at com.netflix.discovery.shared.transport.decorator.EurekaHttpClientDecorator.register(EurekaHttpClientDecorator.java:56)
	at com.netflix.discovery.DiscoveryClient.register(DiscoveryClient.java:820)
	at com.netflix.discovery.InstanceInfoReplicator.run(InstanceInfoReplicator.java:121)
	at java.base/java.util.concurrent.Executors$RunnableAdapter.call(Executors.java:572)
	at java.base/java.util.concurrent.FutureTask.run(FutureTask.java:317)
	at java.base/java.util.concurrent.ScheduledThreadPoolExecutor$ScheduledFutureTask.run(ScheduledThreadPoolExecutor.java:304)
	at java.base/java.util.concurrent.ThreadPoolExecutor.runWorker(ThreadPoolExecutor.java:1144)
	at java.base/java.util.concurrent.ThreadPoolExecutor$Worker.run(ThreadPoolExecutor.java:642)
	at java.base/java.lang.Thread.run(Thread.java:1583)
2026-05-02 22:54:17.699 [DiscoveryClient-HeartbeatExecutor-0] WARN  c.n.d.s.t.d.RetryableEurekaHttpClient - Request execution failed with message: I/O error on PUT request for "http://localhost:8761/eureka/apps/ORDER-SERVICE/172.21.160.138:order-service:9093": Connect to http://localhost:8761 [localhost/127.0.0.1, localhost/0:0:0:0:0:0:0:1] failed: Connection refused: getsockopt
2026-05-02 22:54:17.702 [DiscoveryClient-HeartbeatExecutor-0] ERROR c.netflix.discovery.DiscoveryClient - DiscoveryClient_ORDER-SERVICE/172.21.160.138:order-service:9093 - was unable to send heartbeat!
com.netflix.discovery.shared.transport.TransportException: Cannot execute request on any known server
	at com.netflix.discovery.shared.transport.decorator.RetryableEurekaHttpClient.execute(RetryableEurekaHttpClient.java:112)
	at com.netflix.discovery.shared.transport.decorator.EurekaHttpClientDecorator.sendHeartBeat(EurekaHttpClientDecorator.java:89)
	at com.netflix.discovery.shared.transport.decorator.EurekaHttpClientDecorator$3.execute(EurekaHttpClientDecorator.java:92)
	at com.netflix.discovery.shared.transport.decorator.SessionedEurekaHttpClient.execute(SessionedEurekaHttpClient.java:77)
	at com.netflix.discovery.shared.transport.decorator.EurekaHttpClientDecorator.sendHeartBeat(EurekaHttpClientDecorator.java:89)
	at com.netflix.discovery.DiscoveryClient.renew(DiscoveryClient.java:837)
	at com.netflix.discovery.DiscoveryClient$HeartbeatThread.run(DiscoveryClient.java:1401)
	at java.base/java.util.concurrent.Executors$RunnableAdapter.call(Executors.java:572)
	at java.base/java.util.concurrent.FutureTask.run(FutureTask.java:317)
	at java.base/java.util.concurrent.ThreadPoolExecutor.runWorker(ThreadPoolExecutor.java:1144)
	at java.base/java.util.concurrent.ThreadPoolExecutor$Worker.run(ThreadPoolExecutor.java:642)
	at java.base/java.lang.Thread.run(Thread.java:1583)
2026-05-02 22:54:17.732 [DiscoveryClient-CacheRefreshExecutor-0] WARN  c.n.d.s.t.d.RetryableEurekaHttpClient - Request execution failed with message: I/O error on GET request for "http://localhost:8761/eureka/apps/": Connect to http://localhost:8761 [localhost/127.0.0.1, localhost/0:0:0:0:0:0:0:1] failed: Connection refused: getsockopt
2026-05-02 22:54:17.833 [DiscoveryClient-InstanceInfoReplicator-0] WARN  c.n.d.s.t.d.RetryableEurekaHttpClient - Request execution failed with message: I/O error on POST request for "http://localhost:8761/eureka/apps/ORDER-SERVICE": Connect to http://localhost:8761 [localhost/127.0.0.1, localhost/0:0:0:0:0:0:0:1] failed: Connection refused: getsockopt
2026-05-02 22:54:17.833 [DiscoveryClient-InstanceInfoReplicator-0] WARN  c.netflix.discovery.DiscoveryClient - DiscoveryClient_ORDER-SERVICE/172.21.160.138:order-service:9093 - registration failed Cannot execute request on any known server
com.netflix.discovery.shared.transport.TransportException: Cannot execute request on any known server
	at com.netflix.discovery.shared.transport.decorator.RetryableEurekaHttpClient.execute(RetryableEurekaHttpClient.java:112)
	at com.netflix.discovery.shared.transport.decorator.EurekaHttpClientDecorator.register(EurekaHttpClientDecorator.java:56)
	at com.netflix.discovery.shared.transport.decorator.EurekaHttpClientDecorator$1.execute(EurekaHttpClientDecorator.java:59)
	at com.netflix.discovery.shared.transport.decorator.SessionedEurekaHttpClient.execute(SessionedEurekaHttpClient.java:77)
	at com.netflix.discovery.shared.transport.decorator.EurekaHttpClientDecorator.register(EurekaHttpClientDecorator.java:56)
	at com.netflix.discovery.DiscoveryClient.register(DiscoveryClient.java:820)
	at com.netflix.discovery.InstanceInfoReplicator.run(InstanceInfoReplicator.java:121)
	at java.base/java.util.concurrent.Executors$RunnableAdapter.call(Executors.java:572)
	at java.base/java.util.concurrent.FutureTask.run(FutureTask.java:317)
	at java.base/java.util.concurrent.ScheduledThreadPoolExecutor$ScheduledFutureTask.run(ScheduledThreadPoolExecutor.java:304)
	at java.base/java.util.concurrent.ThreadPoolExecutor.runWorker(ThreadPoolExecutor.java:1144)
	at java.base/java.util.concurrent.ThreadPoolExecutor$Worker.run(ThreadPoolExecutor.java:642)
	at java.base/java.lang.Thread.run(Thread.java:1583)
2026-05-02 22:54:17.833 [DiscoveryClient-InstanceInfoReplicator-0] WARN  c.n.discovery.InstanceInfoReplicator - There was a problem with the instance info replicator
com.netflix.discovery.shared.transport.TransportException: Cannot execute request on any known server
	at com.netflix.discovery.shared.transport.decorator.RetryableEurekaHttpClient.execute(RetryableEurekaHttpClient.java:112)
	at com.netflix.discovery.shared.transport.decorator.EurekaHttpClientDecorator.register(EurekaHttpClientDecorator.java:56)
	at com.netflix.discovery.shared.transport.decorator.EurekaHttpClientDecorator$1.execute(EurekaHttpClientDecorator.java:59)
	at com.netflix.discovery.shared.transport.decorator.SessionedEurekaHttpClient.execute(SessionedEurekaHttpClient.java:77)
	at com.netflix.discovery.shared.transport.decorator.EurekaHttpClientDecorator.register(EurekaHttpClientDecorator.java:56)
	at com.netflix.discovery.DiscoveryClient.register(DiscoveryClient.java:820)
	at com.netflix.discovery.InstanceInfoReplicator.run(InstanceInfoReplicator.java:121)
	at java.base/java.util.concurrent.Executors$RunnableAdapter.call(Executors.java:572)
	at java.base/java.util.concurrent.FutureTask.run(FutureTask.java:317)
	at java.base/java.util.concurrent.ScheduledThreadPoolExecutor$ScheduledFutureTask.run(ScheduledThreadPoolExecutor.java:304)
	at java.base/java.util.concurrent.ThreadPoolExecutor.runWorker(ThreadPoolExecutor.java:1144)
	at java.base/java.util.concurrent.ThreadPoolExecutor$Worker.run(ThreadPoolExecutor.java:642)
	at java.base/java.lang.Thread.run(Thread.java:1583)
2026-05-02 22:54:47.760 [DiscoveryClient-HeartbeatExecutor-0] WARN  c.n.d.s.t.d.RetryableEurekaHttpClient - Request execution failed with message: I/O error on PUT request for "http://localhost:8761/eureka/apps/ORDER-SERVICE/172.21.160.138:order-service:9093": Connect to http://localhost:8761 [localhost/127.0.0.1, localhost/0:0:0:0:0:0:0:1] failed: Connection refused: getsockopt
2026-05-02 22:54:47.762 [DiscoveryClient-HeartbeatExecutor-0] ERROR c.netflix.discovery.DiscoveryClient - DiscoveryClient_ORDER-SERVICE/172.21.160.138:order-service:9093 - was unable to send heartbeat!
com.netflix.discovery.shared.transport.TransportException: Cannot execute request on any known server
	at com.netflix.discovery.shared.transport.decorator.RetryableEurekaHttpClient.execute(RetryableEurekaHttpClient.java:112)
	at com.netflix.discovery.shared.transport.decorator.EurekaHttpClientDecorator.sendHeartBeat(EurekaHttpClientDecorator.java:89)
	at com.netflix.discovery.shared.transport.decorator.EurekaHttpClientDecorator$3.execute(EurekaHttpClientDecorator.java:92)
	at com.netflix.discovery.shared.transport.decorator.SessionedEurekaHttpClient.execute(SessionedEurekaHttpClient.java:77)
	at com.netflix.discovery.shared.transport.decorator.EurekaHttpClientDecorator.sendHeartBeat(EurekaHttpClientDecorator.java:89)
	at com.netflix.discovery.DiscoveryClient.renew(DiscoveryClient.java:837)
	at com.netflix.discovery.DiscoveryClient$HeartbeatThread.run(DiscoveryClient.java:1401)
	at java.base/java.util.concurrent.Executors$RunnableAdapter.call(Executors.java:572)
	at java.base/java.util.concurrent.FutureTask.run(FutureTask.java:317)
	at java.base/java.util.concurrent.ThreadPoolExecutor.runWorker(ThreadPoolExecutor.java:1144)
	at java.base/java.util.concurrent.ThreadPoolExecutor$Worker.run(ThreadPoolExecutor.java:642)
	at java.base/java.lang.Thread.run(Thread.java:1583)
2026-05-02 22:54:47.785 [DiscoveryClient-CacheRefreshExecutor-0] WARN  c.n.d.s.t.d.RetryableEurekaHttpClient - Request execution failed with message: I/O error on GET request for "http://localhost:8761/eureka/apps/": Connect to http://localhost:8761 [localhost/127.0.0.1, localhost/0:0:0:0:0:0:0:1] failed: Connection refused: getsockopt
2026-05-02 22:54:47.867 [DiscoveryClient-InstanceInfoReplicator-0] WARN  c.n.d.s.t.d.RetryableEurekaHttpClient - Request execution failed with message: I/O error on POST request for "http://localhost:8761/eureka/apps/ORDER-SERVICE": Connect to http://localhost:8761 [localhost/127.0.0.1, localhost/0:0:0:0:0:0:0:1] failed: Connection refused: getsockopt
2026-05-02 22:54:47.867 [DiscoveryClient-InstanceInfoReplicator-0] WARN  c.netflix.discovery.DiscoveryClient - DiscoveryClient_ORDER-SERVICE/172.21.160.138:order-service:9093 - registration failed Cannot execute request on any known server
com.netflix.discovery.shared.transport.TransportException: Cannot execute request on any known server
	at com.netflix.discovery.shared.transport.decorator.RetryableEurekaHttpClient.execute(RetryableEurekaHttpClient.java:112)
	at com.netflix.discovery.shared.transport.decorator.EurekaHttpClientDecorator.register(EurekaHttpClientDecorator.java:56)
	at com.netflix.discovery.shared.transport.decorator.EurekaHttpClientDecorator$1.execute(EurekaHttpClientDecorator.java:59)
	at com.netflix.discovery.shared.transport.decorator.SessionedEurekaHttpClient.execute(SessionedEurekaHttpClient.java:77)
	at com.netflix.discovery.shared.transport.decorator.EurekaHttpClientDecorator.register(EurekaHttpClientDecorator.java:56)
	at com.netflix.discovery.DiscoveryClient.register(DiscoveryClient.java:820)
	at com.netflix.discovery.InstanceInfoReplicator.run(InstanceInfoReplicator.java:121)
	at java.base/java.util.concurrent.Executors$RunnableAdapter.call(Executors.java:572)
	at java.base/java.util.concurrent.FutureTask.run(FutureTask.java:317)
	at java.base/java.util.concurrent.ScheduledThreadPoolExecutor$ScheduledFutureTask.run(ScheduledThreadPoolExecutor.java:304)
	at java.base/java.util.concurrent.ThreadPoolExecutor.runWorker(ThreadPoolExecutor.java:1144)
	at java.base/java.util.concurrent.ThreadPoolExecutor$Worker.run(ThreadPoolExecutor.java:642)
	at java.base/java.lang.Thread.run(Thread.java:1583)
2026-05-02 22:54:47.871 [DiscoveryClient-InstanceInfoReplicator-0] WARN  c.n.discovery.InstanceInfoReplicator - There was a problem with the instance info replicator
com.netflix.discovery.shared.transport.TransportException: Cannot execute request on any known server
	at com.netflix.discovery.shared.transport.decorator.RetryableEurekaHttpClient.execute(RetryableEurekaHttpClient.java:112)
	at com.netflix.discovery.shared.transport.decorator.EurekaHttpClientDecorator.register(EurekaHttpClientDecorator.java:56)
	at com.netflix.discovery.shared.transport.decorator.EurekaHttpClientDecorator$1.execute(EurekaHttpClientDecorator.java:59)
	at com.netflix.discovery.shared.transport.decorator.SessionedEurekaHttpClient.execute(SessionedEurekaHttpClient.java:77)
	at com.netflix.discovery.shared.transport.decorator.EurekaHttpClientDecorator.register(EurekaHttpClientDecorator.java:56)
	at com.netflix.discovery.DiscoveryClient.register(DiscoveryClient.java:820)
	at com.netflix.discovery.InstanceInfoReplicator.run(InstanceInfoReplicator.java:121)
	at java.base/java.util.concurrent.Executors$RunnableAdapter.call(Executors.java:572)
	at java.base/java.util.concurrent.FutureTask.run(FutureTask.java:317)
	at java.base/java.util.concurrent.ScheduledThreadPoolExecutor$ScheduledFutureTask.run(ScheduledThreadPoolExecutor.java:304)
	at java.base/java.util.concurrent.ThreadPoolExecutor.runWorker(ThreadPoolExecutor.java:1144)
	at java.base/java.util.concurrent.ThreadPoolExecutor$Worker.run(ThreadPoolExecutor.java:642)
	at java.base/java.lang.Thread.run(Thread.java:1583)
2026-05-02 22:55:17.803 [DiscoveryClient-HeartbeatExecutor-0] WARN  c.n.d.s.t.d.RetryableEurekaHttpClient - Request execution failed with message: I/O error on PUT request for "http://localhost:8761/eureka/apps/ORDER-SERVICE/172.21.160.138:order-service:9093": Connect to http://localhost:8761 [localhost/127.0.0.1, localhost/0:0:0:0:0:0:0:1] failed: Connection refused: getsockopt
2026-05-02 22:55:17.827 [DiscoveryClient-CacheRefreshExecutor-0] WARN  c.n.d.s.t.d.RetryableEurekaHttpClient - Request execution failed with message: I/O error on GET request for "http://localhost:8761/eureka/apps/": Connect to http://localhost:8761 [localhost/127.0.0.1, localhost/0:0:0:0:0:0:0:1] failed: Connection refused: getsockopt
2026-05-02 22:55:17.830 [DiscoveryClient-HeartbeatExecutor-0] ERROR c.netflix.discovery.DiscoveryClient - DiscoveryClient_ORDER-SERVICE/172.21.160.138:order-service:9093 - was unable to send heartbeat!
com.netflix.discovery.shared.transport.TransportException: Cannot execute request on any known server
	at com.netflix.discovery.shared.transport.decorator.RetryableEurekaHttpClient.execute(RetryableEurekaHttpClient.java:112)
	at com.netflix.discovery.shared.transport.decorator.EurekaHttpClientDecorator.sendHeartBeat(EurekaHttpClientDecorator.java:89)
	at com.netflix.discovery.shared.transport.decorator.EurekaHttpClientDecorator$3.execute(EurekaHttpClientDecorator.java:92)
	at com.netflix.discovery.shared.transport.decorator.SessionedEurekaHttpClient.execute(SessionedEurekaHttpClient.java:77)
	at com.netflix.discovery.shared.transport.decorator.EurekaHttpClientDecorator.sendHeartBeat(EurekaHttpClientDecorator.java:89)
	at com.netflix.discovery.DiscoveryClient.renew(DiscoveryClient.java:837)
	at com.netflix.discovery.DiscoveryClient$HeartbeatThread.run(DiscoveryClient.java:1401)
	at java.base/java.util.concurrent.Executors$RunnableAdapter.call(Executors.java:572)
	at java.base/java.util.concurrent.FutureTask.run(FutureTask.java:317)
	at java.base/java.util.concurrent.ThreadPoolExecutor.runWorker(ThreadPoolExecutor.java:1144)
	at java.base/java.util.concurrent.ThreadPoolExecutor$Worker.run(ThreadPoolExecutor.java:642)
	at java.base/java.lang.Thread.run(Thread.java:1583)
2026-05-02 22:55:17.928 [DiscoveryClient-InstanceInfoReplicator-0] WARN  c.n.d.s.t.d.RetryableEurekaHttpClient - Request execution failed with message: I/O error on POST request for "http://localhost:8761/eureka/apps/ORDER-SERVICE": Connect to http://localhost:8761 [localhost/127.0.0.1, localhost/0:0:0:0:0:0:0:1] failed: Connection refused: getsockopt
2026-05-02 22:55:17.928 [DiscoveryClient-InstanceInfoReplicator-0] WARN  c.netflix.discovery.DiscoveryClient - DiscoveryClient_ORDER-SERVICE/172.21.160.138:order-service:9093 - registration failed Cannot execute request on any known server
com.netflix.discovery.shared.transport.TransportException: Cannot execute request on any known server
	at com.netflix.discovery.shared.transport.decorator.RetryableEurekaHttpClient.execute(RetryableEurekaHttpClient.java:112)
	at com.netflix.discovery.shared.transport.decorator.EurekaHttpClientDecorator.register(EurekaHttpClientDecorator.java:56)
	at com.netflix.discovery.shared.transport.decorator.EurekaHttpClientDecorator$1.execute(EurekaHttpClientDecorator.java:59)
	at com.netflix.discovery.shared.transport.decorator.SessionedEurekaHttpClient.execute(SessionedEurekaHttpClient.java:77)
	at com.netflix.discovery.shared.transport.decorator.EurekaHttpClientDecorator.register(EurekaHttpClientDecorator.java:56)
	at com.netflix.discovery.DiscoveryClient.register(DiscoveryClient.java:820)
	at com.netflix.discovery.InstanceInfoReplicator.run(InstanceInfoReplicator.java:121)
	at java.base/java.util.concurrent.Executors$RunnableAdapter.call(Executors.java:572)
	at java.base/java.util.concurrent.FutureTask.run(FutureTask.java:317)
	at java.base/java.util.concurrent.ScheduledThreadPoolExecutor$ScheduledFutureTask.run(ScheduledThreadPoolExecutor.java:304)
	at java.base/java.util.concurrent.ThreadPoolExecutor.runWorker(ThreadPoolExecutor.java:1144)
	at java.base/java.util.concurrent.ThreadPoolExecutor$Worker.run(ThreadPoolExecutor.java:642)
	at java.base/java.lang.Thread.run(Thread.java:1583)
2026-05-02 22:55:17.928 [DiscoveryClient-InstanceInfoReplicator-0] WARN  c.n.discovery.InstanceInfoReplicator - There was a problem with the instance info replicator
com.netflix.discovery.shared.transport.TransportException: Cannot execute request on any known server
	at com.netflix.discovery.shared.transport.decorator.RetryableEurekaHttpClient.execute(RetryableEurekaHttpClient.java:112)
	at com.netflix.discovery.shared.transport.decorator.EurekaHttpClientDecorator.register(EurekaHttpClientDecorator.java:56)
	at com.netflix.discovery.shared.transport.decorator.EurekaHttpClientDecorator$1.execute(EurekaHttpClientDecorator.java:59)
	at com.netflix.discovery.shared.transport.decorator.SessionedEurekaHttpClient.execute(SessionedEurekaHttpClient.java:77)
	at com.netflix.discovery.shared.transport.decorator.EurekaHttpClientDecorator.register(EurekaHttpClientDecorator.java:56)
	at com.netflix.discovery.DiscoveryClient.register(DiscoveryClient.java:820)
	at com.netflix.discovery.InstanceInfoReplicator.run(InstanceInfoReplicator.java:121)
	at java.base/java.util.concurrent.Executors$RunnableAdapter.call(Executors.java:572)
	at java.base/java.util.concurrent.FutureTask.run(FutureTask.java:317)
	at java.base/java.util.concurrent.ScheduledThreadPoolExecutor$ScheduledFutureTask.run(ScheduledThreadPoolExecutor.java:304)
	at java.base/java.util.concurrent.ThreadPoolExecutor.runWorker(ThreadPoolExecutor.java:1144)
	at java.base/java.util.concurrent.ThreadPoolExecutor$Worker.run(ThreadPoolExecutor.java:642)
	at java.base/java.lang.Thread.run(Thread.java:1583)
2026-05-02 22:55:47.890 [DiscoveryClient-CacheRefreshExecutor-0] WARN  c.n.d.s.t.d.RetryableEurekaHttpClient - Request execution failed with message: I/O error on GET request for "http://localhost:8761/eureka/apps/": Connect to http://localhost:8761 [localhost/127.0.0.1, localhost/0:0:0:0:0:0:0:1] failed: Connection refused: getsockopt
2026-05-02 22:55:47.903 [DiscoveryClient-HeartbeatExecutor-0] WARN  c.n.d.s.t.d.RetryableEurekaHttpClient - Request execution failed with message: I/O error on PUT request for "http://localhost:8761/eureka/apps/ORDER-SERVICE/172.21.160.138:order-service:9093": Connect to http://localhost:8761 [localhost/127.0.0.1, localhost/0:0:0:0:0:0:0:1] failed: Connection refused: getsockopt
2026-05-02 22:55:47.905 [DiscoveryClient-HeartbeatExecutor-0] ERROR c.netflix.discovery.DiscoveryClient - DiscoveryClient_ORDER-SERVICE/172.21.160.138:order-service:9093 - was unable to send heartbeat!
com.netflix.discovery.shared.transport.TransportException: Cannot execute request on any known server
	at com.netflix.discovery.shared.transport.decorator.RetryableEurekaHttpClient.execute(RetryableEurekaHttpClient.java:112)
	at com.netflix.discovery.shared.transport.decorator.EurekaHttpClientDecorator.sendHeartBeat(EurekaHttpClientDecorator.java:89)
	at com.netflix.discovery.shared.transport.decorator.EurekaHttpClientDecorator$3.execute(EurekaHttpClientDecorator.java:92)
	at com.netflix.discovery.shared.transport.decorator.SessionedEurekaHttpClient.execute(SessionedEurekaHttpClient.java:77)
	at com.netflix.discovery.shared.transport.decorator.EurekaHttpClientDecorator.sendHeartBeat(EurekaHttpClientDecorator.java:89)
	at com.netflix.discovery.DiscoveryClient.renew(DiscoveryClient.java:837)
	at com.netflix.discovery.DiscoveryClient$HeartbeatThread.run(DiscoveryClient.java:1401)
	at java.base/java.util.concurrent.Executors$RunnableAdapter.call(Executors.java:572)
	at java.base/java.util.concurrent.FutureTask.run(FutureTask.java:317)
	at java.base/java.util.concurrent.ThreadPoolExecutor.runWorker(ThreadPoolExecutor.java:1144)
	at java.base/java.util.concurrent.ThreadPoolExecutor$Worker.run(ThreadPoolExecutor.java:642)
	at java.base/java.lang.Thread.run(Thread.java:1583)
2026-05-02 22:55:47.966 [DiscoveryClient-InstanceInfoReplicator-0] WARN  c.n.d.s.t.d.RetryableEurekaHttpClient - Request execution failed with message: I/O error on POST request for "http://localhost:8761/eureka/apps/ORDER-SERVICE": Connect to http://localhost:8761 [localhost/127.0.0.1, localhost/0:0:0:0:0:0:0:1] failed: Connection refused: getsockopt
2026-05-02 22:55:47.966 [DiscoveryClient-InstanceInfoReplicator-0] WARN  c.netflix.discovery.DiscoveryClient - DiscoveryClient_ORDER-SERVICE/172.21.160.138:order-service:9093 - registration failed Cannot execute request on any known server
com.netflix.discovery.shared.transport.TransportException: Cannot execute request on any known server
	at com.netflix.discovery.shared.transport.decorator.RetryableEurekaHttpClient.execute(RetryableEurekaHttpClient.java:112)
	at com.netflix.discovery.shared.transport.decorator.EurekaHttpClientDecorator.register(EurekaHttpClientDecorator.java:56)
	at com.netflix.discovery.shared.transport.decorator.EurekaHttpClientDecorator$1.execute(EurekaHttpClientDecorator.java:59)
	at com.netflix.discovery.shared.transport.decorator.SessionedEurekaHttpClient.execute(SessionedEurekaHttpClient.java:77)
	at com.netflix.discovery.shared.transport.decorator.EurekaHttpClientDecorator.register(EurekaHttpClientDecorator.java:56)
	at com.netflix.discovery.DiscoveryClient.register(DiscoveryClient.java:820)
	at com.netflix.discovery.InstanceInfoReplicator.run(InstanceInfoReplicator.java:121)
	at java.base/java.util.concurrent.Executors$RunnableAdapter.call(Executors.java:572)
	at java.base/java.util.concurrent.FutureTask.run(FutureTask.java:317)
	at java.base/java.util.concurrent.ScheduledThreadPoolExecutor$ScheduledFutureTask.run(ScheduledThreadPoolExecutor.java:304)
	at java.base/java.util.concurrent.ThreadPoolExecutor.runWorker(ThreadPoolExecutor.java:1144)
	at java.base/java.util.concurrent.ThreadPoolExecutor$Worker.run(ThreadPoolExecutor.java:642)
	at java.base/java.lang.Thread.run(Thread.java:1583)
2026-05-02 22:55:47.966 [DiscoveryClient-InstanceInfoReplicator-0] WARN  c.n.discovery.InstanceInfoReplicator - There was a problem with the instance info replicator
com.netflix.discovery.shared.transport.TransportException: Cannot execute request on any known server
	at com.netflix.discovery.shared.transport.decorator.RetryableEurekaHttpClient.execute(RetryableEurekaHttpClient.java:112)
	at com.netflix.discovery.shared.transport.decorator.EurekaHttpClientDecorator.register(EurekaHttpClientDecorator.java:56)
	at com.netflix.discovery.shared.transport.decorator.EurekaHttpClientDecorator$1.execute(EurekaHttpClientDecorator.java:59)
	at com.netflix.discovery.shared.transport.decorator.SessionedEurekaHttpClient.execute(SessionedEurekaHttpClient.java:77)
	at com.netflix.discovery.shared.transport.decorator.EurekaHttpClientDecorator.register(EurekaHttpClientDecorator.java:56)
	at com.netflix.discovery.DiscoveryClient.register(DiscoveryClient.java:820)
	at com.netflix.discovery.InstanceInfoReplicator.run(InstanceInfoReplicator.java:121)
	at java.base/java.util.concurrent.Executors$RunnableAdapter.call(Executors.java:572)
	at java.base/java.util.concurrent.FutureTask.run(FutureTask.java:317)
	at java.base/java.util.concurrent.ScheduledThreadPoolExecutor$ScheduledFutureTask.run(ScheduledThreadPoolExecutor.java:304)
	at java.base/java.util.concurrent.ThreadPoolExecutor.runWorker(ThreadPoolExecutor.java:1144)
	at java.base/java.util.concurrent.ThreadPoolExecutor$Worker.run(ThreadPoolExecutor.java:642)
	at java.base/java.lang.Thread.run(Thread.java:1583)
2026-05-02 22:56:17.950 [DiscoveryClient-CacheRefreshExecutor-0] WARN  c.n.d.s.t.d.RetryableEurekaHttpClient - Request execution failed with message: I/O error on GET request for "http://localhost:8761/eureka/apps/": Connect to http://localhost:8761 [localhost/127.0.0.1, localhost/0:0:0:0:0:0:0:1] failed: Connection refused: getsockopt
2026-05-02 22:56:17.960 [DiscoveryClient-HeartbeatExecutor-0] WARN  c.n.d.s.t.d.RetryableEurekaHttpClient - Request execution failed with message: I/O error on PUT request for "http://localhost:8761/eureka/apps/ORDER-SERVICE/172.21.160.138:order-service:9093": Connect to http://localhost:8761 [localhost/127.0.0.1, localhost/0:0:0:0:0:0:0:1] failed: Connection refused: getsockopt
2026-05-02 22:56:17.960 [DiscoveryClient-HeartbeatExecutor-0] ERROR c.netflix.discovery.DiscoveryClient - DiscoveryClient_ORDER-SERVICE/172.21.160.138:order-service:9093 - was unable to send heartbeat!
com.netflix.discovery.shared.transport.TransportException: Cannot execute request on any known server
	at com.netflix.discovery.shared.transport.decorator.RetryableEurekaHttpClient.execute(RetryableEurekaHttpClient.java:112)
	at com.netflix.discovery.shared.transport.decorator.EurekaHttpClientDecorator.sendHeartBeat(EurekaHttpClientDecorator.java:89)
	at com.netflix.discovery.shared.transport.decorator.EurekaHttpClientDecorator$3.execute(EurekaHttpClientDecorator.java:92)
	at com.netflix.discovery.shared.transport.decorator.SessionedEurekaHttpClient.execute(SessionedEurekaHttpClient.java:77)
	at com.netflix.discovery.shared.transport.decorator.EurekaHttpClientDecorator.sendHeartBeat(EurekaHttpClientDecorator.java:89)
	at com.netflix.discovery.DiscoveryClient.renew(DiscoveryClient.java:837)
	at com.netflix.discovery.DiscoveryClient$HeartbeatThread.run(DiscoveryClient.java:1401)
	at java.base/java.util.concurrent.Executors$RunnableAdapter.call(Executors.java:572)
	at java.base/java.util.concurrent.FutureTask.run(FutureTask.java:317)
	at java.base/java.util.concurrent.ThreadPoolExecutor.runWorker(ThreadPoolExecutor.java:1144)
	at java.base/java.util.concurrent.ThreadPoolExecutor$Worker.run(ThreadPoolExecutor.java:642)
	at java.base/java.lang.Thread.run(Thread.java:1583)
2026-05-02 22:56:18.006 [DiscoveryClient-InstanceInfoReplicator-0] WARN  c.n.d.s.t.d.RetryableEurekaHttpClient - Request execution failed with message: I/O error on POST request for "http://localhost:8761/eureka/apps/ORDER-SERVICE": Connect to http://localhost:8761 [localhost/127.0.0.1, localhost/0:0:0:0:0:0:0:1] failed: Connection refused: getsockopt
2026-05-02 22:56:18.006 [DiscoveryClient-InstanceInfoReplicator-0] WARN  c.netflix.discovery.DiscoveryClient - DiscoveryClient_ORDER-SERVICE/172.21.160.138:order-service:9093 - registration failed Cannot execute request on any known server
com.netflix.discovery.shared.transport.TransportException: Cannot execute request on any known server
	at com.netflix.discovery.shared.transport.decorator.RetryableEurekaHttpClient.execute(RetryableEurekaHttpClient.java:112)
	at com.netflix.discovery.shared.transport.decorator.EurekaHttpClientDecorator.register(EurekaHttpClientDecorator.java:56)
	at com.netflix.discovery.shared.transport.decorator.EurekaHttpClientDecorator$1.execute(EurekaHttpClientDecorator.java:59)
	at com.netflix.discovery.shared.transport.decorator.SessionedEurekaHttpClient.execute(SessionedEurekaHttpClient.java:77)
	at com.netflix.discovery.shared.transport.decorator.EurekaHttpClientDecorator.register(EurekaHttpClientDecorator.java:56)
	at com.netflix.discovery.DiscoveryClient.register(DiscoveryClient.java:820)
	at com.netflix.discovery.InstanceInfoReplicator.run(InstanceInfoReplicator.java:121)
	at java.base/java.util.concurrent.Executors$RunnableAdapter.call(Executors.java:572)
	at java.base/java.util.concurrent.FutureTask.run(FutureTask.java:317)
	at java.base/java.util.concurrent.ScheduledThreadPoolExecutor$ScheduledFutureTask.run(ScheduledThreadPoolExecutor.java:304)
	at java.base/java.util.concurrent.ThreadPoolExecutor.runWorker(ThreadPoolExecutor.java:1144)
	at java.base/java.util.concurrent.ThreadPoolExecutor$Worker.run(ThreadPoolExecutor.java:642)
	at java.base/java.lang.Thread.run(Thread.java:1583)
2026-05-02 22:56:18.006 [DiscoveryClient-InstanceInfoReplicator-0] WARN  c.n.discovery.InstanceInfoReplicator - There was a problem with the instance info replicator
com.netflix.discovery.shared.transport.TransportException: Cannot execute request on any known server
	at com.netflix.discovery.shared.transport.decorator.RetryableEurekaHttpClient.execute(RetryableEurekaHttpClient.java:112)
	at com.netflix.discovery.shared.transport.decorator.EurekaHttpClientDecorator.register(EurekaHttpClientDecorator.java:56)
	at com.netflix.discovery.shared.transport.decorator.EurekaHttpClientDecorator$1.execute(EurekaHttpClientDecorator.java:59)
	at com.netflix.discovery.shared.transport.decorator.SessionedEurekaHttpClient.execute(SessionedEurekaHttpClient.java:77)
	at com.netflix.discovery.shared.transport.decorator.EurekaHttpClientDecorator.register(EurekaHttpClientDecorator.java:56)
	at com.netflix.discovery.DiscoveryClient.register(DiscoveryClient.java:820)
	at com.netflix.discovery.InstanceInfoReplicator.run(InstanceInfoReplicator.java:121)
	at java.base/java.util.concurrent.Executors$RunnableAdapter.call(Executors.java:572)
	at java.base/java.util.concurrent.FutureTask.run(FutureTask.java:317)
	at java.base/java.util.concurrent.ScheduledThreadPoolExecutor$ScheduledFutureTask.run(ScheduledThreadPoolExecutor.java:304)
	at java.base/java.util.concurrent.ThreadPoolExecutor.runWorker(ThreadPoolExecutor.java:1144)
	at java.base/java.util.concurrent.ThreadPoolExecutor$Worker.run(ThreadPoolExecutor.java:642)
	at java.base/java.lang.Thread.run(Thread.java:1583)
2026-05-02 22:56:47.996 [DiscoveryClient-CacheRefreshExecutor-0] WARN  c.n.d.s.t.d.RetryableEurekaHttpClient - Request execution failed with message: I/O error on GET request for "http://localhost:8761/eureka/apps/": Connect to http://localhost:8761 [localhost/127.0.0.1, localhost/0:0:0:0:0:0:0:1] failed: Connection refused: getsockopt
2026-05-02 22:56:47.999 [DiscoveryClient-HeartbeatExecutor-0] WARN  c.n.d.s.t.d.RetryableEurekaHttpClient - Request execution failed with message: I/O error on PUT request for "http://localhost:8761/eureka/apps/ORDER-SERVICE/172.21.160.138:order-service:9093": Connect to http://localhost:8761 [localhost/127.0.0.1, localhost/0:0:0:0:0:0:0:1] failed: Connection refused: getsockopt
2026-05-02 22:56:48.000 [DiscoveryClient-HeartbeatExecutor-0] ERROR c.netflix.discovery.DiscoveryClient - DiscoveryClient_ORDER-SERVICE/172.21.160.138:order-service:9093 - was unable to send heartbeat!
com.netflix.discovery.shared.transport.TransportException: Cannot execute request on any known server
	at com.netflix.discovery.shared.transport.decorator.RetryableEurekaHttpClient.execute(RetryableEurekaHttpClient.java:112)
	at com.netflix.discovery.shared.transport.decorator.EurekaHttpClientDecorator.sendHeartBeat(EurekaHttpClientDecorator.java:89)
	at com.netflix.discovery.shared.transport.decorator.EurekaHttpClientDecorator$3.execute(EurekaHttpClientDecorator.java:92)
	at com.netflix.discovery.shared.transport.decorator.SessionedEurekaHttpClient.execute(SessionedEurekaHttpClient.java:77)
	at com.netflix.discovery.shared.transport.decorator.EurekaHttpClientDecorator.sendHeartBeat(EurekaHttpClientDecorator.java:89)
	at com.netflix.discovery.DiscoveryClient.renew(DiscoveryClient.java:837)
	at com.netflix.discovery.DiscoveryClient$HeartbeatThread.run(DiscoveryClient.java:1401)
	at java.base/java.util.concurrent.Executors$RunnableAdapter.call(Executors.java:572)
	at java.base/java.util.concurrent.FutureTask.run(FutureTask.java:317)
	at java.base/java.util.concurrent.ThreadPoolExecutor.runWorker(ThreadPoolExecutor.java:1144)
	at java.base/java.util.concurrent.ThreadPoolExecutor$Worker.run(ThreadPoolExecutor.java:642)
	at java.base/java.lang.Thread.run(Thread.java:1583)
2026-05-02 22:56:48.028 [DiscoveryClient-InstanceInfoReplicator-0] WARN  c.n.d.s.t.d.RetryableEurekaHttpClient - Request execution failed with message: I/O error on POST request for "http://localhost:8761/eureka/apps/ORDER-SERVICE": Connect to http://localhost:8761 [localhost/127.0.0.1, localhost/0:0:0:0:0:0:0:1] failed: Connection refused: getsockopt
2026-05-02 22:56:48.030 [DiscoveryClient-InstanceInfoReplicator-0] WARN  c.netflix.discovery.DiscoveryClient - DiscoveryClient_ORDER-SERVICE/172.21.160.138:order-service:9093 - registration failed Cannot execute request on any known server
com.netflix.discovery.shared.transport.TransportException: Cannot execute request on any known server
	at com.netflix.discovery.shared.transport.decorator.RetryableEurekaHttpClient.execute(RetryableEurekaHttpClient.java:112)
	at com.netflix.discovery.shared.transport.decorator.EurekaHttpClientDecorator.register(EurekaHttpClientDecorator.java:56)
	at com.netflix.discovery.shared.transport.decorator.EurekaHttpClientDecorator$1.execute(EurekaHttpClientDecorator.java:59)
	at com.netflix.discovery.shared.transport.decorator.SessionedEurekaHttpClient.execute(SessionedEurekaHttpClient.java:77)
	at com.netflix.discovery.shared.transport.decorator.EurekaHttpClientDecorator.register(EurekaHttpClientDecorator.java:56)
	at com.netflix.discovery.DiscoveryClient.register(DiscoveryClient.java:820)
	at com.netflix.discovery.InstanceInfoReplicator.run(InstanceInfoReplicator.java:121)
	at java.base/java.util.concurrent.Executors$RunnableAdapter.call(Executors.java:572)
	at java.base/java.util.concurrent.FutureTask.run(FutureTask.java:317)
	at java.base/java.util.concurrent.ScheduledThreadPoolExecutor$ScheduledFutureTask.run(ScheduledThreadPoolExecutor.java:304)
	at java.base/java.util.concurrent.ThreadPoolExecutor.runWorker(ThreadPoolExecutor.java:1144)
	at java.base/java.util.concurrent.ThreadPoolExecutor$Worker.run(ThreadPoolExecutor.java:642)
	at java.base/java.lang.Thread.run(Thread.java:1583)
2026-05-02 22:56:48.030 [DiscoveryClient-InstanceInfoReplicator-0] WARN  c.n.discovery.InstanceInfoReplicator - There was a problem with the instance info replicator
com.netflix.discovery.shared.transport.TransportException: Cannot execute request on any known server
	at com.netflix.discovery.shared.transport.decorator.RetryableEurekaHttpClient.execute(RetryableEurekaHttpClient.java:112)
	at com.netflix.discovery.shared.transport.decorator.EurekaHttpClientDecorator.register(EurekaHttpClientDecorator.java:56)
	at com.netflix.discovery.shared.transport.decorator.EurekaHttpClientDecorator$1.execute(EurekaHttpClientDecorator.java:59)
	at com.netflix.discovery.shared.transport.decorator.SessionedEurekaHttpClient.execute(SessionedEurekaHttpClient.java:77)
	at com.netflix.discovery.shared.transport.decorator.EurekaHttpClientDecorator.register(EurekaHttpClientDecorator.java:56)
	at com.netflix.discovery.DiscoveryClient.register(DiscoveryClient.java:820)
	at com.netflix.discovery.InstanceInfoReplicator.run(InstanceInfoReplicator.java:121)
	at java.base/java.util.concurrent.Executors$RunnableAdapter.call(Executors.java:572)
	at java.base/java.util.concurrent.FutureTask.run(FutureTask.java:317)
	at java.base/java.util.concurrent.ScheduledThreadPoolExecutor$ScheduledFutureTask.run(ScheduledThreadPoolExecutor.java:304)
	at java.base/java.util.concurrent.ThreadPoolExecutor.runWorker(ThreadPoolExecutor.java:1144)
	at java.base/java.util.concurrent.ThreadPoolExecutor$Worker.run(ThreadPoolExecutor.java:642)
	at java.base/java.lang.Thread.run(Thread.java:1583)
2026-05-02 22:57:18.051 [DiscoveryClient-HeartbeatExecutor-0] WARN  c.n.d.s.t.d.RetryableEurekaHttpClient - Request execution failed with message: I/O error on PUT request for "http://localhost:8761/eureka/apps/ORDER-SERVICE/172.21.160.138:order-service:9093": Connect to http://localhost:8761 [localhost/127.0.0.1, localhost/0:0:0:0:0:0:0:1] failed: Connection refused: getsockopt
2026-05-02 22:57:18.067 [DiscoveryClient-HeartbeatExecutor-0] ERROR c.netflix.discovery.DiscoveryClient - DiscoveryClient_ORDER-SERVICE/172.21.160.138:order-service:9093 - was unable to send heartbeat!
com.netflix.discovery.shared.transport.TransportException: Cannot execute request on any known server
	at com.netflix.discovery.shared.transport.decorator.RetryableEurekaHttpClient.execute(RetryableEurekaHttpClient.java:112)
	at com.netflix.discovery.shared.transport.decorator.EurekaHttpClientDecorator.sendHeartBeat(EurekaHttpClientDecorator.java:89)
	at com.netflix.discovery.shared.transport.decorator.EurekaHttpClientDecorator$3.execute(EurekaHttpClientDecorator.java:92)
	at com.netflix.discovery.shared.transport.decorator.SessionedEurekaHttpClient.execute(SessionedEurekaHttpClient.java:77)
	at com.netflix.discovery.shared.transport.decorator.EurekaHttpClientDecorator.sendHeartBeat(EurekaHttpClientDecorator.java:89)
	at com.netflix.discovery.DiscoveryClient.renew(DiscoveryClient.java:837)
	at com.netflix.discovery.DiscoveryClient$HeartbeatThread.run(DiscoveryClient.java:1401)
	at java.base/java.util.concurrent.Executors$RunnableAdapter.call(Executors.java:572)
	at java.base/java.util.concurrent.FutureTask.run(FutureTask.java:317)
	at java.base/java.util.concurrent.ThreadPoolExecutor.runWorker(ThreadPoolExecutor.java:1144)
	at java.base/java.util.concurrent.ThreadPoolExecutor$Worker.run(ThreadPoolExecutor.java:642)
	at java.base/java.lang.Thread.run(Thread.java:1583)
2026-05-02 22:57:18.058 [DiscoveryClient-CacheRefreshExecutor-0] WARN  c.n.d.s.t.d.RetryableEurekaHttpClient - Request execution failed with message: I/O error on GET request for "http://localhost:8761/eureka/apps/": Connect to http://localhost:8761 [localhost/127.0.0.1, localhost/0:0:0:0:0:0:0:1] failed: Connection refused: getsockopt
2026-05-02 22:57:18.063 [DiscoveryClient-InstanceInfoReplicator-0] WARN  c.n.d.s.t.d.RetryableEurekaHttpClient - Request execution failed with message: I/O error on POST request for "http://localhost:8761/eureka/apps/ORDER-SERVICE": Connect to http://localhost:8761 [localhost/127.0.0.1, localhost/0:0:0:0:0:0:0:1] failed: Connection refused: getsockopt
2026-05-02 22:57:18.076 [DiscoveryClient-InstanceInfoReplicator-0] WARN  c.netflix.discovery.DiscoveryClient - DiscoveryClient_ORDER-SERVICE/172.21.160.138:order-service:9093 - registration failed Cannot execute request on any known server
com.netflix.discovery.shared.transport.TransportException: Cannot execute request on any known server
	at com.netflix.discovery.shared.transport.decorator.RetryableEurekaHttpClient.execute(RetryableEurekaHttpClient.java:112)
	at com.netflix.discovery.shared.transport.decorator.EurekaHttpClientDecorator.register(EurekaHttpClientDecorator.java:56)
	at com.netflix.discovery.shared.transport.decorator.EurekaHttpClientDecorator$1.execute(EurekaHttpClientDecorator.java:59)
	at com.netflix.discovery.shared.transport.decorator.SessionedEurekaHttpClient.execute(SessionedEurekaHttpClient.java:77)
	at com.netflix.discovery.shared.transport.decorator.EurekaHttpClientDecorator.register(EurekaHttpClientDecorator.java:56)
	at com.netflix.discovery.DiscoveryClient.register(DiscoveryClient.java:820)
	at com.netflix.discovery.InstanceInfoReplicator.run(InstanceInfoReplicator.java:121)
	at java.base/java.util.concurrent.Executors$RunnableAdapter.call(Executors.java:572)
	at java.base/java.util.concurrent.FutureTask.run(FutureTask.java:317)
	at java.base/java.util.concurrent.ScheduledThreadPoolExecutor$ScheduledFutureTask.run(ScheduledThreadPoolExecutor.java:304)
	at java.base/java.util.concurrent.ThreadPoolExecutor.runWorker(ThreadPoolExecutor.java:1144)
	at java.base/java.util.concurrent.ThreadPoolExecutor$Worker.run(ThreadPoolExecutor.java:642)
	at java.base/java.lang.Thread.run(Thread.java:1583)
2026-05-02 22:57:18.078 [DiscoveryClient-InstanceInfoReplicator-0] WARN  c.n.discovery.InstanceInfoReplicator - There was a problem with the instance info replicator
com.netflix.discovery.shared.transport.TransportException: Cannot execute request on any known server
	at com.netflix.discovery.shared.transport.decorator.RetryableEurekaHttpClient.execute(RetryableEurekaHttpClient.java:112)
	at com.netflix.discovery.shared.transport.decorator.EurekaHttpClientDecorator.register(EurekaHttpClientDecorator.java:56)
	at com.netflix.discovery.shared.transport.decorator.EurekaHttpClientDecorator$1.execute(EurekaHttpClientDecorator.java:59)
	at com.netflix.discovery.shared.transport.decorator.SessionedEurekaHttpClient.execute(SessionedEurekaHttpClient.java:77)
	at com.netflix.discovery.shared.transport.decorator.EurekaHttpClientDecorator.register(EurekaHttpClientDecorator.java:56)
	at com.netflix.discovery.DiscoveryClient.register(DiscoveryClient.java:820)
	at com.netflix.discovery.InstanceInfoReplicator.run(InstanceInfoReplicator.java:121)
	at java.base/java.util.concurrent.Executors$RunnableAdapter.call(Executors.java:572)
	at java.base/java.util.concurrent.FutureTask.run(FutureTask.java:317)
	at java.base/java.util.concurrent.ScheduledThreadPoolExecutor$ScheduledFutureTask.run(ScheduledThreadPoolExecutor.java:304)
	at java.base/java.util.concurrent.ThreadPoolExecutor.runWorker(ThreadPoolExecutor.java:1144)
	at java.base/java.util.concurrent.ThreadPoolExecutor$Worker.run(ThreadPoolExecutor.java:642)
	at java.base/java.lang.Thread.run(Thread.java:1583)
2026-05-02 22:57:48.099 [DiscoveryClient-HeartbeatExecutor-0] WARN  c.n.d.s.t.d.RetryableEurekaHttpClient - Request execution failed with message: I/O error on PUT request for "http://localhost:8761/eureka/apps/ORDER-SERVICE/172.21.160.138:order-service:9093": Connect to http://localhost:8761 [localhost/127.0.0.1, localhost/0:0:0:0:0:0:0:1] failed: Connection refused: getsockopt
2026-05-02 22:57:48.107 [DiscoveryClient-HeartbeatExecutor-0] ERROR c.netflix.discovery.DiscoveryClient - DiscoveryClient_ORDER-SERVICE/172.21.160.138:order-service:9093 - was unable to send heartbeat!
com.netflix.discovery.shared.transport.TransportException: Cannot execute request on any known server
	at com.netflix.discovery.shared.transport.decorator.RetryableEurekaHttpClient.execute(RetryableEurekaHttpClient.java:112)
	at com.netflix.discovery.shared.transport.decorator.EurekaHttpClientDecorator.sendHeartBeat(EurekaHttpClientDecorator.java:89)
	at com.netflix.discovery.shared.transport.decorator.EurekaHttpClientDecorator$3.execute(EurekaHttpClientDecorator.java:92)
	at com.netflix.discovery.shared.transport.decorator.SessionedEurekaHttpClient.execute(SessionedEurekaHttpClient.java:77)
	at com.netflix.discovery.shared.transport.decorator.EurekaHttpClientDecorator.sendHeartBeat(EurekaHttpClientDecorator.java:89)
	at com.netflix.discovery.DiscoveryClient.renew(DiscoveryClient.java:837)
	at com.netflix.discovery.DiscoveryClient$HeartbeatThread.run(DiscoveryClient.java:1401)
	at java.base/java.util.concurrent.Executors$RunnableAdapter.call(Executors.java:572)
	at java.base/java.util.concurrent.FutureTask.run(FutureTask.java:317)
	at java.base/java.util.concurrent.ThreadPoolExecutor.runWorker(ThreadPoolExecutor.java:1144)
	at java.base/java.util.concurrent.ThreadPoolExecutor$Worker.run(ThreadPoolExecutor.java:642)
	at java.base/java.lang.Thread.run(Thread.java:1583)
2026-05-02 22:57:48.135 [DiscoveryClient-CacheRefreshExecutor-0] WARN  c.n.d.s.t.d.RetryableEurekaHttpClient - Request execution failed with message: I/O error on GET request for "http://localhost:8761/eureka/apps/": Connect to http://localhost:8761 [localhost/127.0.0.1, localhost/0:0:0:0:0:0:0:1] failed: Connection refused: getsockopt
2026-05-02 22:57:48.135 [DiscoveryClient-InstanceInfoReplicator-0] WARN  c.n.d.s.t.d.RetryableEurekaHttpClient - Request execution failed with message: I/O error on POST request for "http://localhost:8761/eureka/apps/ORDER-SERVICE": Connect to http://localhost:8761 [localhost/127.0.0.1, localhost/0:0:0:0:0:0:0:1] failed: Connection refused: getsockopt
2026-05-02 22:57:48.141 [DiscoveryClient-InstanceInfoReplicator-0] WARN  c.netflix.discovery.DiscoveryClient - DiscoveryClient_ORDER-SERVICE/172.21.160.138:order-service:9093 - registration failed Cannot execute request on any known server
com.netflix.discovery.shared.transport.TransportException: Cannot execute request on any known server
	at com.netflix.discovery.shared.transport.decorator.RetryableEurekaHttpClient.execute(RetryableEurekaHttpClient.java:112)
	at com.netflix.discovery.shared.transport.decorator.EurekaHttpClientDecorator.register(EurekaHttpClientDecorator.java:56)
	at com.netflix.discovery.shared.transport.decorator.EurekaHttpClientDecorator$1.execute(EurekaHttpClientDecorator.java:59)
	at com.netflix.discovery.shared.transport.decorator.SessionedEurekaHttpClient.execute(SessionedEurekaHttpClient.java:77)
	at com.netflix.discovery.shared.transport.decorator.EurekaHttpClientDecorator.register(EurekaHttpClientDecorator.java:56)
	at com.netflix.discovery.DiscoveryClient.register(DiscoveryClient.java:820)
	at com.netflix.discovery.InstanceInfoReplicator.run(InstanceInfoReplicator.java:121)
	at java.base/java.util.concurrent.Executors$RunnableAdapter.call(Executors.java:572)
	at java.base/java.util.concurrent.FutureTask.run(FutureTask.java:317)
	at java.base/java.util.concurrent.ScheduledThreadPoolExecutor$ScheduledFutureTask.run(ScheduledThreadPoolExecutor.java:304)
	at java.base/java.util.concurrent.ThreadPoolExecutor.runWorker(ThreadPoolExecutor.java:1144)
	at java.base/java.util.concurrent.ThreadPoolExecutor$Worker.run(ThreadPoolExecutor.java:642)
	at java.base/java.lang.Thread.run(Thread.java:1583)
2026-05-02 22:57:48.143 [DiscoveryClient-InstanceInfoReplicator-0] WARN  c.n.discovery.InstanceInfoReplicator - There was a problem with the instance info replicator
com.netflix.discovery.shared.transport.TransportException: Cannot execute request on any known server
	at com.netflix.discovery.shared.transport.decorator.RetryableEurekaHttpClient.execute(RetryableEurekaHttpClient.java:112)
	at com.netflix.discovery.shared.transport.decorator.EurekaHttpClientDecorator.register(EurekaHttpClientDecorator.java:56)
	at com.netflix.discovery.shared.transport.decorator.EurekaHttpClientDecorator$1.execute(EurekaHttpClientDecorator.java:59)
	at com.netflix.discovery.shared.transport.decorator.SessionedEurekaHttpClient.execute(SessionedEurekaHttpClient.java:77)
	at com.netflix.discovery.shared.transport.decorator.EurekaHttpClientDecorator.register(EurekaHttpClientDecorator.java:56)
	at com.netflix.discovery.DiscoveryClient.register(DiscoveryClient.java:820)
	at com.netflix.discovery.InstanceInfoReplicator.run(InstanceInfoReplicator.java:121)
	at java.base/java.util.concurrent.Executors$RunnableAdapter.call(Executors.java:572)
	at java.base/java.util.concurrent.FutureTask.run(FutureTask.java:317)
	at java.base/java.util.concurrent.ScheduledThreadPoolExecutor$ScheduledFutureTask.run(ScheduledThreadPoolExecutor.java:304)
	at java.base/java.util.concurrent.ThreadPoolExecutor.runWorker(ThreadPoolExecutor.java:1144)
	at java.base/java.util.concurrent.ThreadPoolExecutor$Worker.run(ThreadPoolExecutor.java:642)
	at java.base/java.lang.Thread.run(Thread.java:1583)
2026-05-02 22:58:18.322 [DiscoveryClient-HeartbeatExecutor-0] WARN  c.n.d.s.t.d.RetryableEurekaHttpClient - Request execution failed with message: I/O error on PUT request for "http://localhost:8761/eureka/apps/ORDER-SERVICE/172.21.160.138:order-service:9093": Connect to http://localhost:8761 [localhost/127.0.0.1, localhost/0:0:0:0:0:0:0:1] failed: Connection refused: getsockopt
2026-05-02 22:58:18.345 [DiscoveryClient-HeartbeatExecutor-0] ERROR c.netflix.discovery.DiscoveryClient - DiscoveryClient_ORDER-SERVICE/172.21.160.138:order-service:9093 - was unable to send heartbeat!
com.netflix.discovery.shared.transport.TransportException: Cannot execute request on any known server
	at com.netflix.discovery.shared.transport.decorator.RetryableEurekaHttpClient.execute(RetryableEurekaHttpClient.java:112)
	at com.netflix.discovery.shared.transport.decorator.EurekaHttpClientDecorator.sendHeartBeat(EurekaHttpClientDecorator.java:89)
	at com.netflix.discovery.shared.transport.decorator.EurekaHttpClientDecorator$3.execute(EurekaHttpClientDecorator.java:92)
	at com.netflix.discovery.shared.transport.decorator.SessionedEurekaHttpClient.execute(SessionedEurekaHttpClient.java:77)
	at com.netflix.discovery.shared.transport.decorator.EurekaHttpClientDecorator.sendHeartBeat(EurekaHttpClientDecorator.java:89)
	at com.netflix.discovery.DiscoveryClient.renew(DiscoveryClient.java:837)
	at com.netflix.discovery.DiscoveryClient$HeartbeatThread.run(DiscoveryClient.java:1401)
	at java.base/java.util.concurrent.Executors$RunnableAdapter.call(Executors.java:572)
	at java.base/java.util.concurrent.FutureTask.run(FutureTask.java:317)
	at java.base/java.util.concurrent.ThreadPoolExecutor.runWorker(ThreadPoolExecutor.java:1144)
	at java.base/java.util.concurrent.ThreadPoolExecutor$Worker.run(ThreadPoolExecutor.java:642)
	at java.base/java.lang.Thread.run(Thread.java:1583)
2026-05-02 22:58:18.385 [DiscoveryClient-InstanceInfoReplicator-0] WARN  c.n.d.s.t.d.RetryableEurekaHttpClient - Request execution failed with message: I/O error on POST request for "http://localhost:8761/eureka/apps/ORDER-SERVICE": Connect to http://localhost:8761 [localhost/127.0.0.1, localhost/0:0:0:0:0:0:0:1] failed: Connection refused: getsockopt
2026-05-02 22:58:18.395 [DiscoveryClient-InstanceInfoReplicator-0] WARN  c.netflix.discovery.DiscoveryClient - DiscoveryClient_ORDER-SERVICE/172.21.160.138:order-service:9093 - registration failed Cannot execute request on any known server
com.netflix.discovery.shared.transport.TransportException: Cannot execute request on any known server
	at com.netflix.discovery.shared.transport.decorator.RetryableEurekaHttpClient.execute(RetryableEurekaHttpClient.java:112)
	at com.netflix.discovery.shared.transport.decorator.EurekaHttpClientDecorator.register(EurekaHttpClientDecorator.java:56)
	at com.netflix.discovery.shared.transport.decorator.EurekaHttpClientDecorator$1.execute(EurekaHttpClientDecorator.java:59)
	at com.netflix.discovery.shared.transport.decorator.SessionedEurekaHttpClient.execute(SessionedEurekaHttpClient.java:77)
	at com.netflix.discovery.shared.transport.decorator.EurekaHttpClientDecorator.register(EurekaHttpClientDecorator.java:56)
	at com.netflix.discovery.DiscoveryClient.register(DiscoveryClient.java:820)
	at com.netflix.discovery.InstanceInfoReplicator.run(InstanceInfoReplicator.java:121)
	at java.base/java.util.concurrent.Executors$RunnableAdapter.call(Executors.java:572)
	at java.base/java.util.concurrent.FutureTask.run(FutureTask.java:317)
	at java.base/java.util.concurrent.ScheduledThreadPoolExecutor$ScheduledFutureTask.run(ScheduledThreadPoolExecutor.java:304)
	at java.base/java.util.concurrent.ThreadPoolExecutor.runWorker(ThreadPoolExecutor.java:1144)
	at java.base/java.util.concurrent.ThreadPoolExecutor$Worker.run(ThreadPoolExecutor.java:642)
	at java.base/java.lang.Thread.run(Thread.java:1583)
2026-05-02 22:58:18.417 [DiscoveryClient-InstanceInfoReplicator-0] WARN  c.n.discovery.InstanceInfoReplicator - There was a problem with the instance info replicator
com.netflix.discovery.shared.transport.TransportException: Cannot execute request on any known server
	at com.netflix.discovery.shared.transport.decorator.RetryableEurekaHttpClient.execute(RetryableEurekaHttpClient.java:112)
	at com.netflix.discovery.shared.transport.decorator.EurekaHttpClientDecorator.register(EurekaHttpClientDecorator.java:56)
	at com.netflix.discovery.shared.transport.decorator.EurekaHttpClientDecorator$1.execute(EurekaHttpClientDecorator.java:59)
	at com.netflix.discovery.shared.transport.decorator.SessionedEurekaHttpClient.execute(SessionedEurekaHttpClient.java:77)
	at com.netflix.discovery.shared.transport.decorator.EurekaHttpClientDecorator.register(EurekaHttpClientDecorator.java:56)
	at com.netflix.discovery.DiscoveryClient.register(DiscoveryClient.java:820)
	at com.netflix.discovery.InstanceInfoReplicator.run(InstanceInfoReplicator.java:121)
	at java.base/java.util.concurrent.Executors$RunnableAdapter.call(Executors.java:572)
	at java.base/java.util.concurrent.FutureTask.run(FutureTask.java:317)
	at java.base/java.util.concurrent.ScheduledThreadPoolExecutor$ScheduledFutureTask.run(ScheduledThreadPoolExecutor.java:304)
	at java.base/java.util.concurrent.ThreadPoolExecutor.runWorker(ThreadPoolExecutor.java:1144)
	at java.base/java.util.concurrent.ThreadPoolExecutor$Worker.run(ThreadPoolExecutor.java:642)
	at java.base/java.lang.Thread.run(Thread.java:1583)
2026-05-02 22:58:18.490 [DiscoveryClient-CacheRefreshExecutor-0] WARN  c.n.d.s.t.d.RetryableEurekaHttpClient - Request execution failed with message: I/O error on GET request for "http://localhost:8761/eureka/apps/": Connect to http://localhost:8761 [localhost/127.0.0.1, localhost/0:0:0:0:0:0:0:1] failed: Connection refused: getsockopt
2026-05-02 22:58:48.423 [DiscoveryClient-HeartbeatExecutor-0] WARN  c.n.d.s.t.d.RetryableEurekaHttpClient - Request execution failed with message: I/O error on PUT request for "http://localhost:8761/eureka/apps/ORDER-SERVICE/172.21.160.138:order-service:9093": Connect to http://localhost:8761 [localhost/127.0.0.1, localhost/0:0:0:0:0:0:0:1] failed: Connection refused: getsockopt
2026-05-02 22:58:48.423 [DiscoveryClient-HeartbeatExecutor-0] ERROR c.netflix.discovery.DiscoveryClient - DiscoveryClient_ORDER-SERVICE/172.21.160.138:order-service:9093 - was unable to send heartbeat!
com.netflix.discovery.shared.transport.TransportException: Cannot execute request on any known server
	at com.netflix.discovery.shared.transport.decorator.RetryableEurekaHttpClient.execute(RetryableEurekaHttpClient.java:112)
	at com.netflix.discovery.shared.transport.decorator.EurekaHttpClientDecorator.sendHeartBeat(EurekaHttpClientDecorator.java:89)
	at com.netflix.discovery.shared.transport.decorator.EurekaHttpClientDecorator$3.execute(EurekaHttpClientDecorator.java:92)
	at com.netflix.discovery.shared.transport.decorator.SessionedEurekaHttpClient.execute(SessionedEurekaHttpClient.java:77)
	at com.netflix.discovery.shared.transport.decorator.EurekaHttpClientDecorator.sendHeartBeat(EurekaHttpClientDecorator.java:89)
	at com.netflix.discovery.DiscoveryClient.renew(DiscoveryClient.java:837)
	at com.netflix.discovery.DiscoveryClient$HeartbeatThread.run(DiscoveryClient.java:1401)
	at java.base/java.util.concurrent.Executors$RunnableAdapter.call(Executors.java:572)
	at java.base/java.util.concurrent.FutureTask.run(FutureTask.java:317)
	at java.base/java.util.concurrent.ThreadPoolExecutor.runWorker(ThreadPoolExecutor.java:1144)
	at java.base/java.util.concurrent.ThreadPoolExecutor$Worker.run(ThreadPoolExecutor.java:642)
	at java.base/java.lang.Thread.run(Thread.java:1583)
2026-05-02 22:58:48.514 [DiscoveryClient-InstanceInfoReplicator-0] WARN  c.n.d.s.t.d.RetryableEurekaHttpClient - Request execution failed with message: I/O error on POST request for "http://localhost:8761/eureka/apps/ORDER-SERVICE": Connect to http://localhost:8761 [localhost/127.0.0.1, localhost/0:0:0:0:0:0:0:1] failed: Connection refused: getsockopt
2026-05-02 22:58:48.514 [DiscoveryClient-InstanceInfoReplicator-0] WARN  c.netflix.discovery.DiscoveryClient - DiscoveryClient_ORDER-SERVICE/172.21.160.138:order-service:9093 - registration failed Cannot execute request on any known server
com.netflix.discovery.shared.transport.TransportException: Cannot execute request on any known server
	at com.netflix.discovery.shared.transport.decorator.RetryableEurekaHttpClient.execute(RetryableEurekaHttpClient.java:112)
	at com.netflix.discovery.shared.transport.decorator.EurekaHttpClientDecorator.register(EurekaHttpClientDecorator.java:56)
	at com.netflix.discovery.shared.transport.decorator.EurekaHttpClientDecorator$1.execute(EurekaHttpClientDecorator.java:59)
	at com.netflix.discovery.shared.transport.decorator.SessionedEurekaHttpClient.execute(SessionedEurekaHttpClient.java:77)
	at com.netflix.discovery.shared.transport.decorator.EurekaHttpClientDecorator.register(EurekaHttpClientDecorator.java:56)
	at com.netflix.discovery.DiscoveryClient.register(DiscoveryClient.java:820)
	at com.netflix.discovery.InstanceInfoReplicator.run(InstanceInfoReplicator.java:121)
	at java.base/java.util.concurrent.Executors$RunnableAdapter.call(Executors.java:572)
	at java.base/java.util.concurrent.FutureTask.run(FutureTask.java:317)
	at java.base/java.util.concurrent.ScheduledThreadPoolExecutor$ScheduledFutureTask.run(ScheduledThreadPoolExecutor.java:304)
	at java.base/java.util.concurrent.ThreadPoolExecutor.runWorker(ThreadPoolExecutor.java:1144)
	at java.base/java.util.concurrent.ThreadPoolExecutor$Worker.run(ThreadPoolExecutor.java:642)
	at java.base/java.lang.Thread.run(Thread.java:1583)
2026-05-02 22:58:48.516 [DiscoveryClient-InstanceInfoReplicator-0] WARN  c.n.discovery.InstanceInfoReplicator - There was a problem with the instance info replicator
com.netflix.discovery.shared.transport.TransportException: Cannot execute request on any known server
	at com.netflix.discovery.shared.transport.decorator.RetryableEurekaHttpClient.execute(RetryableEurekaHttpClient.java:112)
	at com.netflix.discovery.shared.transport.decorator.EurekaHttpClientDecorator.register(EurekaHttpClientDecorator.java:56)
	at com.netflix.discovery.shared.transport.decorator.EurekaHttpClientDecorator$1.execute(EurekaHttpClientDecorator.java:59)
	at com.netflix.discovery.shared.transport.decorator.SessionedEurekaHttpClient.execute(SessionedEurekaHttpClient.java:77)
	at com.netflix.discovery.shared.transport.decorator.EurekaHttpClientDecorator.register(EurekaHttpClientDecorator.java:56)
	at com.netflix.discovery.DiscoveryClient.register(DiscoveryClient.java:820)
	at com.netflix.discovery.InstanceInfoReplicator.run(InstanceInfoReplicator.java:121)
	at java.base/java.util.concurrent.Executors$RunnableAdapter.call(Executors.java:572)
	at java.base/java.util.concurrent.FutureTask.run(FutureTask.java:317)
	at java.base/java.util.concurrent.ScheduledThreadPoolExecutor$ScheduledFutureTask.run(ScheduledThreadPoolExecutor.java:304)
	at java.base/java.util.concurrent.ThreadPoolExecutor.runWorker(ThreadPoolExecutor.java:1144)
	at java.base/java.util.concurrent.ThreadPoolExecutor$Worker.run(ThreadPoolExecutor.java:642)
	at java.base/java.lang.Thread.run(Thread.java:1583)
2026-05-02 22:58:48.527 [DiscoveryClient-CacheRefreshExecutor-0] WARN  c.n.d.s.t.d.RetryableEurekaHttpClient - Request execution failed with message: I/O error on GET request for "http://localhost:8761/eureka/apps/": Connect to http://localhost:8761 [localhost/127.0.0.1, localhost/0:0:0:0:0:0:0:1] failed: Connection refused: getsockopt
2026-05-02 22:59:18.459 [DiscoveryClient-HeartbeatExecutor-0] WARN  c.n.d.s.t.d.RetryableEurekaHttpClient - Request execution failed with message: I/O error on PUT request for "http://localhost:8761/eureka/apps/ORDER-SERVICE/172.21.160.138:order-service:9093": Connect to http://localhost:8761 [localhost/127.0.0.1, localhost/0:0:0:0:0:0:0:1] failed: Connection refused: getsockopt
2026-05-02 22:59:18.461 [DiscoveryClient-HeartbeatExecutor-0] ERROR c.netflix.discovery.DiscoveryClient - DiscoveryClient_ORDER-SERVICE/172.21.160.138:order-service:9093 - was unable to send heartbeat!
com.netflix.discovery.shared.transport.TransportException: Cannot execute request on any known server
	at com.netflix.discovery.shared.transport.decorator.RetryableEurekaHttpClient.execute(RetryableEurekaHttpClient.java:112)
	at com.netflix.discovery.shared.transport.decorator.EurekaHttpClientDecorator.sendHeartBeat(EurekaHttpClientDecorator.java:89)
	at com.netflix.discovery.shared.transport.decorator.EurekaHttpClientDecorator$3.execute(EurekaHttpClientDecorator.java:92)
	at com.netflix.discovery.shared.transport.decorator.SessionedEurekaHttpClient.execute(SessionedEurekaHttpClient.java:77)
	at com.netflix.discovery.shared.transport.decorator.EurekaHttpClientDecorator.sendHeartBeat(EurekaHttpClientDecorator.java:89)
	at com.netflix.discovery.DiscoveryClient.renew(DiscoveryClient.java:837)
	at com.netflix.discovery.DiscoveryClient$HeartbeatThread.run(DiscoveryClient.java:1401)
	at java.base/java.util.concurrent.Executors$RunnableAdapter.call(Executors.java:572)
	at java.base/java.util.concurrent.FutureTask.run(FutureTask.java:317)
	at java.base/java.util.concurrent.ThreadPoolExecutor.runWorker(ThreadPoolExecutor.java:1144)
	at java.base/java.util.concurrent.ThreadPoolExecutor$Worker.run(ThreadPoolExecutor.java:642)
	at java.base/java.lang.Thread.run(Thread.java:1583)
2026-05-02 22:59:18.587 [DiscoveryClient-InstanceInfoReplicator-0] WARN  c.n.d.s.t.d.RetryableEurekaHttpClient - Request execution failed with message: I/O error on POST request for "http://localhost:8761/eureka/apps/ORDER-SERVICE": Connect to http://localhost:8761 [localhost/127.0.0.1, localhost/0:0:0:0:0:0:0:1] failed: Connection refused: getsockopt
2026-05-02 22:59:18.589 [DiscoveryClient-InstanceInfoReplicator-0] WARN  c.netflix.discovery.DiscoveryClient - DiscoveryClient_ORDER-SERVICE/172.21.160.138:order-service:9093 - registration failed Cannot execute request on any known server
com.netflix.discovery.shared.transport.TransportException: Cannot execute request on any known server
	at com.netflix.discovery.shared.transport.decorator.RetryableEurekaHttpClient.execute(RetryableEurekaHttpClient.java:112)
	at com.netflix.discovery.shared.transport.decorator.EurekaHttpClientDecorator.register(EurekaHttpClientDecorator.java:56)
	at com.netflix.discovery.shared.transport.decorator.EurekaHttpClientDecorator$1.execute(EurekaHttpClientDecorator.java:59)
	at com.netflix.discovery.shared.transport.decorator.SessionedEurekaHttpClient.execute(SessionedEurekaHttpClient.java:77)
	at com.netflix.discovery.shared.transport.decorator.EurekaHttpClientDecorator.register(EurekaHttpClientDecorator.java:56)
	at com.netflix.discovery.DiscoveryClient.register(DiscoveryClient.java:820)
	at com.netflix.discovery.InstanceInfoReplicator.run(InstanceInfoReplicator.java:121)
	at java.base/java.util.concurrent.Executors$RunnableAdapter.call(Executors.java:572)
	at java.base/java.util.concurrent.FutureTask.run(FutureTask.java:317)
	at java.base/java.util.concurrent.ScheduledThreadPoolExecutor$ScheduledFutureTask.run(ScheduledThreadPoolExecutor.java:304)
	at java.base/java.util.concurrent.ThreadPoolExecutor.runWorker(ThreadPoolExecutor.java:1144)
	at java.base/java.util.concurrent.ThreadPoolExecutor$Worker.run(ThreadPoolExecutor.java:642)
	at java.base/java.lang.Thread.run(Thread.java:1583)
2026-05-02 22:59:18.593 [DiscoveryClient-InstanceInfoReplicator-0] WARN  c.n.discovery.InstanceInfoReplicator - There was a problem with the instance info replicator
com.netflix.discovery.shared.transport.TransportException: Cannot execute request on any known server
	at com.netflix.discovery.shared.transport.decorator.RetryableEurekaHttpClient.execute(RetryableEurekaHttpClient.java:112)
	at com.netflix.discovery.shared.transport.decorator.EurekaHttpClientDecorator.register(EurekaHttpClientDecorator.java:56)
	at com.netflix.discovery.shared.transport.decorator.EurekaHttpClientDecorator$1.execute(EurekaHttpClientDecorator.java:59)
	at com.netflix.discovery.shared.transport.decorator.SessionedEurekaHttpClient.execute(SessionedEurekaHttpClient.java:77)
	at com.netflix.discovery.shared.transport.decorator.EurekaHttpClientDecorator.register(EurekaHttpClientDecorator.java:56)
	at com.netflix.discovery.DiscoveryClient.register(DiscoveryClient.java:820)
	at com.netflix.discovery.InstanceInfoReplicator.run(InstanceInfoReplicator.java:121)
	at java.base/java.util.concurrent.Executors$RunnableAdapter.call(Executors.java:572)
	at java.base/java.util.concurrent.FutureTask.run(FutureTask.java:317)
	at java.base/java.util.concurrent.ScheduledThreadPoolExecutor$ScheduledFutureTask.run(ScheduledThreadPoolExecutor.java:304)
	at java.base/java.util.concurrent.ThreadPoolExecutor.runWorker(ThreadPoolExecutor.java:1144)
	at java.base/java.util.concurrent.ThreadPoolExecutor$Worker.run(ThreadPoolExecutor.java:642)
	at java.base/java.lang.Thread.run(Thread.java:1583)
2026-05-02 22:59:18.616 [DiscoveryClient-CacheRefreshExecutor-0] WARN  c.n.d.s.t.d.RetryableEurekaHttpClient - Request execution failed with message: I/O error on GET request for "http://localhost:8761/eureka/apps/": Connect to http://localhost:8761 [localhost/127.0.0.1, localhost/0:0:0:0:0:0:0:1] failed: Connection refused: getsockopt
2026-05-02 22:59:48.497 [DiscoveryClient-HeartbeatExecutor-0] WARN  c.n.d.s.t.d.RetryableEurekaHttpClient - Request execution failed with message: I/O error on PUT request for "http://localhost:8761/eureka/apps/ORDER-SERVICE/172.21.160.138:order-service:9093": Connect to http://localhost:8761 [localhost/127.0.0.1, localhost/0:0:0:0:0:0:0:1] failed: Connection refused: getsockopt
2026-05-02 22:59:48.500 [DiscoveryClient-HeartbeatExecutor-0] ERROR c.netflix.discovery.DiscoveryClient - DiscoveryClient_ORDER-SERVICE/172.21.160.138:order-service:9093 - was unable to send heartbeat!
com.netflix.discovery.shared.transport.TransportException: Cannot execute request on any known server
	at com.netflix.discovery.shared.transport.decorator.RetryableEurekaHttpClient.execute(RetryableEurekaHttpClient.java:112)
	at com.netflix.discovery.shared.transport.decorator.EurekaHttpClientDecorator.sendHeartBeat(EurekaHttpClientDecorator.java:89)
	at com.netflix.discovery.shared.transport.decorator.EurekaHttpClientDecorator$3.execute(EurekaHttpClientDecorator.java:92)
	at com.netflix.discovery.shared.transport.decorator.SessionedEurekaHttpClient.execute(SessionedEurekaHttpClient.java:77)
	at com.netflix.discovery.shared.transport.decorator.EurekaHttpClientDecorator.sendHeartBeat(EurekaHttpClientDecorator.java:89)
	at com.netflix.discovery.DiscoveryClient.renew(DiscoveryClient.java:837)
	at com.netflix.discovery.DiscoveryClient$HeartbeatThread.run(DiscoveryClient.java:1401)
	at java.base/java.util.concurrent.Executors$RunnableAdapter.call(Executors.java:572)
	at java.base/java.util.concurrent.FutureTask.run(FutureTask.java:317)
	at java.base/java.util.concurrent.ThreadPoolExecutor.runWorker(ThreadPoolExecutor.java:1144)
	at java.base/java.util.concurrent.ThreadPoolExecutor$Worker.run(ThreadPoolExecutor.java:642)
	at java.base/java.lang.Thread.run(Thread.java:1583)
2026-05-02 22:59:48.611 [DiscoveryClient-InstanceInfoReplicator-0] WARN  c.n.d.s.t.d.RetryableEurekaHttpClient - Request execution failed with message: I/O error on POST request for "http://localhost:8761/eureka/apps/ORDER-SERVICE": Connect to http://localhost:8761 [localhost/127.0.0.1, localhost/0:0:0:0:0:0:0:1] failed: Connection refused: getsockopt
2026-05-02 22:59:48.611 [DiscoveryClient-InstanceInfoReplicator-0] WARN  c.netflix.discovery.DiscoveryClient - DiscoveryClient_ORDER-SERVICE/172.21.160.138:order-service:9093 - registration failed Cannot execute request on any known server
com.netflix.discovery.shared.transport.TransportException: Cannot execute request on any known server
	at com.netflix.discovery.shared.transport.decorator.RetryableEurekaHttpClient.execute(RetryableEurekaHttpClient.java:112)
	at com.netflix.discovery.shared.transport.decorator.EurekaHttpClientDecorator.register(EurekaHttpClientDecorator.java:56)
	at com.netflix.discovery.shared.transport.decorator.EurekaHttpClientDecorator$1.execute(EurekaHttpClientDecorator.java:59)
	at com.netflix.discovery.shared.transport.decorator.SessionedEurekaHttpClient.execute(SessionedEurekaHttpClient.java:77)
	at com.netflix.discovery.shared.transport.decorator.EurekaHttpClientDecorator.register(EurekaHttpClientDecorator.java:56)
	at com.netflix.discovery.DiscoveryClient.register(DiscoveryClient.java:820)
	at com.netflix.discovery.InstanceInfoReplicator.run(InstanceInfoReplicator.java:121)
	at java.base/java.util.concurrent.Executors$RunnableAdapter.call(Executors.java:572)
	at java.base/java.util.concurrent.FutureTask.run(FutureTask.java:317)
	at java.base/java.util.concurrent.ScheduledThreadPoolExecutor$ScheduledFutureTask.run(ScheduledThreadPoolExecutor.java:304)
	at java.base/java.util.concurrent.ThreadPoolExecutor.runWorker(ThreadPoolExecutor.java:1144)
	at java.base/java.util.concurrent.ThreadPoolExecutor$Worker.run(ThreadPoolExecutor.java:642)
	at java.base/java.lang.Thread.run(Thread.java:1583)
2026-05-02 22:59:48.614 [DiscoveryClient-InstanceInfoReplicator-0] WARN  c.n.discovery.InstanceInfoReplicator - There was a problem with the instance info replicator
com.netflix.discovery.shared.transport.TransportException: Cannot execute request on any known server
	at com.netflix.discovery.shared.transport.decorator.RetryableEurekaHttpClient.execute(RetryableEurekaHttpClient.java:112)
	at com.netflix.discovery.shared.transport.decorator.EurekaHttpClientDecorator.register(EurekaHttpClientDecorator.java:56)
	at com.netflix.discovery.shared.transport.decorator.EurekaHttpClientDecorator$1.execute(EurekaHttpClientDecorator.java:59)
	at com.netflix.discovery.shared.transport.decorator.SessionedEurekaHttpClient.execute(SessionedEurekaHttpClient.java:77)
	at com.netflix.discovery.shared.transport.decorator.EurekaHttpClientDecorator.register(EurekaHttpClientDecorator.java:56)
	at com.netflix.discovery.DiscoveryClient.register(DiscoveryClient.java:820)
	at com.netflix.discovery.InstanceInfoReplicator.run(InstanceInfoReplicator.java:121)
	at java.base/java.util.concurrent.Executors$RunnableAdapter.call(Executors.java:572)
	at java.base/java.util.concurrent.FutureTask.run(FutureTask.java:317)
	at java.base/java.util.concurrent.ScheduledThreadPoolExecutor$ScheduledFutureTask.run(ScheduledThreadPoolExecutor.java:304)
	at java.base/java.util.concurrent.ThreadPoolExecutor.runWorker(ThreadPoolExecutor.java:1144)
	at java.base/java.util.concurrent.ThreadPoolExecutor$Worker.run(ThreadPoolExecutor.java:642)
	at java.base/java.lang.Thread.run(Thread.java:1583)
2026-05-02 22:59:48.674 [DiscoveryClient-CacheRefreshExecutor-0] WARN  c.n.d.s.t.d.RetryableEurekaHttpClient - Request execution failed with message: I/O error on GET request for "http://localhost:8761/eureka/apps/": Connect to http://localhost:8761 [localhost/127.0.0.1, localhost/0:0:0:0:0:0:0:1] failed: Connection refused: getsockopt
2026-05-02 23:00:18.540 [DiscoveryClient-HeartbeatExecutor-0] WARN  c.n.d.s.t.d.RetryableEurekaHttpClient - Request execution failed with message: I/O error on PUT request for "http://localhost:8761/eureka/apps/ORDER-SERVICE/172.21.160.138:order-service:9093": Connect to http://localhost:8761 [localhost/127.0.0.1, localhost/0:0:0:0:0:0:0:1] failed: Connection refused: getsockopt
2026-05-02 23:00:18.542 [DiscoveryClient-HeartbeatExecutor-0] ERROR c.netflix.discovery.DiscoveryClient - DiscoveryClient_ORDER-SERVICE/172.21.160.138:order-service:9093 - was unable to send heartbeat!
com.netflix.discovery.shared.transport.TransportException: Cannot execute request on any known server
	at com.netflix.discovery.shared.transport.decorator.RetryableEurekaHttpClient.execute(RetryableEurekaHttpClient.java:112)
	at com.netflix.discovery.shared.transport.decorator.EurekaHttpClientDecorator.sendHeartBeat(EurekaHttpClientDecorator.java:89)
	at com.netflix.discovery.shared.transport.decorator.EurekaHttpClientDecorator$3.execute(EurekaHttpClientDecorator.java:92)
	at com.netflix.discovery.shared.transport.decorator.SessionedEurekaHttpClient.execute(SessionedEurekaHttpClient.java:77)
	at com.netflix.discovery.shared.transport.decorator.EurekaHttpClientDecorator.sendHeartBeat(EurekaHttpClientDecorator.java:89)
	at com.netflix.discovery.DiscoveryClient.renew(DiscoveryClient.java:837)
	at com.netflix.discovery.DiscoveryClient$HeartbeatThread.run(DiscoveryClient.java:1401)
	at java.base/java.util.concurrent.Executors$RunnableAdapter.call(Executors.java:572)
	at java.base/java.util.concurrent.FutureTask.run(FutureTask.java:317)
	at java.base/java.util.concurrent.ThreadPoolExecutor.runWorker(ThreadPoolExecutor.java:1144)
	at java.base/java.util.concurrent.ThreadPoolExecutor$Worker.run(ThreadPoolExecutor.java:642)
	at java.base/java.lang.Thread.run(Thread.java:1583)
2026-05-02 23:00:18.636 [DiscoveryClient-InstanceInfoReplicator-0] WARN  c.n.d.s.t.d.RetryableEurekaHttpClient - Request execution failed with message: I/O error on POST request for "http://localhost:8761/eureka/apps/ORDER-SERVICE": Connect to http://localhost:8761 [localhost/127.0.0.1, localhost/0:0:0:0:0:0:0:1] failed: Connection refused: getsockopt
2026-05-02 23:00:18.636 [DiscoveryClient-InstanceInfoReplicator-0] WARN  c.netflix.discovery.DiscoveryClient - DiscoveryClient_ORDER-SERVICE/172.21.160.138:order-service:9093 - registration failed Cannot execute request on any known server
com.netflix.discovery.shared.transport.TransportException: Cannot execute request on any known server
	at com.netflix.discovery.shared.transport.decorator.RetryableEurekaHttpClient.execute(RetryableEurekaHttpClient.java:112)
	at com.netflix.discovery.shared.transport.decorator.EurekaHttpClientDecorator.register(EurekaHttpClientDecorator.java:56)
	at com.netflix.discovery.shared.transport.decorator.EurekaHttpClientDecorator$1.execute(EurekaHttpClientDecorator.java:59)
	at com.netflix.discovery.shared.transport.decorator.SessionedEurekaHttpClient.execute(SessionedEurekaHttpClient.java:77)
	at com.netflix.discovery.shared.transport.decorator.EurekaHttpClientDecorator.register(EurekaHttpClientDecorator.java:56)
	at com.netflix.discovery.DiscoveryClient.register(DiscoveryClient.java:820)
	at com.netflix.discovery.InstanceInfoReplicator.run(InstanceInfoReplicator.java:121)
	at java.base/java.util.concurrent.Executors$RunnableAdapter.call(Executors.java:572)
	at java.base/java.util.concurrent.FutureTask.run(FutureTask.java:317)
	at java.base/java.util.concurrent.ScheduledThreadPoolExecutor$ScheduledFutureTask.run(ScheduledThreadPoolExecutor.java:304)
	at java.base/java.util.concurrent.ThreadPoolExecutor.runWorker(ThreadPoolExecutor.java:1144)
	at java.base/java.util.concurrent.ThreadPoolExecutor$Worker.run(ThreadPoolExecutor.java:642)
	at java.base/java.lang.Thread.run(Thread.java:1583)
2026-05-02 23:00:18.636 [DiscoveryClient-InstanceInfoReplicator-0] WARN  c.n.discovery.InstanceInfoReplicator - There was a problem with the instance info replicator
com.netflix.discovery.shared.transport.TransportException: Cannot execute request on any known server
	at com.netflix.discovery.shared.transport.decorator.RetryableEurekaHttpClient.execute(RetryableEurekaHttpClient.java:112)
	at com.netflix.discovery.shared.transport.decorator.EurekaHttpClientDecorator.register(EurekaHttpClientDecorator.java:56)
	at com.netflix.discovery.shared.transport.decorator.EurekaHttpClientDecorator$1.execute(EurekaHttpClientDecorator.java:59)
	at com.netflix.discovery.shared.transport.decorator.SessionedEurekaHttpClient.execute(SessionedEurekaHttpClient.java:77)
	at com.netflix.discovery.shared.transport.decorator.EurekaHttpClientDecorator.register(EurekaHttpClientDecorator.java:56)
	at com.netflix.discovery.DiscoveryClient.register(DiscoveryClient.java:820)
	at com.netflix.discovery.InstanceInfoReplicator.run(InstanceInfoReplicator.java:121)
	at java.base/java.util.concurrent.Executors$RunnableAdapter.call(Executors.java:572)
	at java.base/java.util.concurrent.FutureTask.run(FutureTask.java:317)
	at java.base/java.util.concurrent.ScheduledThreadPoolExecutor$ScheduledFutureTask.run(ScheduledThreadPoolExecutor.java:304)
	at java.base/java.util.concurrent.ThreadPoolExecutor.runWorker(ThreadPoolExecutor.java:1144)
	at java.base/java.util.concurrent.ThreadPoolExecutor$Worker.run(ThreadPoolExecutor.java:642)
	at java.base/java.lang.Thread.run(Thread.java:1583)
2026-05-02 23:00:18.726 [DiscoveryClient-CacheRefreshExecutor-0] WARN  c.n.d.s.t.d.RetryableEurekaHttpClient - Request execution failed with message: I/O error on GET request for "http://localhost:8761/eureka/apps/": Connect to http://localhost:8761 [localhost/127.0.0.1, localhost/0:0:0:0:0:0:0:1] failed: Connection refused: getsockopt
2026-05-02 23:00:48.669 [DiscoveryClient-HeartbeatExecutor-0] WARN  c.n.d.s.t.d.RetryableEurekaHttpClient - Request execution failed with message: I/O error on PUT request for "http://localhost:8761/eureka/apps/ORDER-SERVICE/172.21.160.138:order-service:9093": Connect to http://localhost:8761 [localhost/127.0.0.1, localhost/0:0:0:0:0:0:0:1] failed: Connection refused: getsockopt
2026-05-02 23:00:48.671 [DiscoveryClient-HeartbeatExecutor-0] ERROR c.netflix.discovery.DiscoveryClient - DiscoveryClient_ORDER-SERVICE/172.21.160.138:order-service:9093 - was unable to send heartbeat!
com.netflix.discovery.shared.transport.TransportException: Cannot execute request on any known server
	at com.netflix.discovery.shared.transport.decorator.RetryableEurekaHttpClient.execute(RetryableEurekaHttpClient.java:112)
	at com.netflix.discovery.shared.transport.decorator.EurekaHttpClientDecorator.sendHeartBeat(EurekaHttpClientDecorator.java:89)
	at com.netflix.discovery.shared.transport.decorator.EurekaHttpClientDecorator$3.execute(EurekaHttpClientDecorator.java:92)
	at com.netflix.discovery.shared.transport.decorator.SessionedEurekaHttpClient.execute(SessionedEurekaHttpClient.java:77)
	at com.netflix.discovery.shared.transport.decorator.EurekaHttpClientDecorator.sendHeartBeat(EurekaHttpClientDecorator.java:89)
	at com.netflix.discovery.DiscoveryClient.renew(DiscoveryClient.java:837)
	at com.netflix.discovery.DiscoveryClient$HeartbeatThread.run(DiscoveryClient.java:1401)
	at java.base/java.util.concurrent.Executors$RunnableAdapter.call(Executors.java:572)
	at java.base/java.util.concurrent.FutureTask.run(FutureTask.java:317)
	at java.base/java.util.concurrent.ThreadPoolExecutor.runWorker(ThreadPoolExecutor.java:1144)
	at java.base/java.util.concurrent.ThreadPoolExecutor$Worker.run(ThreadPoolExecutor.java:642)
	at java.base/java.lang.Thread.run(Thread.java:1583)
2026-05-02 23:00:48.692 [DiscoveryClient-InstanceInfoReplicator-0] WARN  c.n.d.s.t.d.RetryableEurekaHttpClient - Request execution failed with message: I/O error on POST request for "http://localhost:8761/eureka/apps/ORDER-SERVICE": Connect to http://localhost:8761 [localhost/127.0.0.1, localhost/0:0:0:0:0:0:0:1] failed: Connection refused: getsockopt
2026-05-02 23:00:48.694 [DiscoveryClient-InstanceInfoReplicator-0] WARN  c.netflix.discovery.DiscoveryClient - DiscoveryClient_ORDER-SERVICE/172.21.160.138:order-service:9093 - registration failed Cannot execute request on any known server
com.netflix.discovery.shared.transport.TransportException: Cannot execute request on any known server
	at com.netflix.discovery.shared.transport.decorator.RetryableEurekaHttpClient.execute(RetryableEurekaHttpClient.java:112)
	at com.netflix.discovery.shared.transport.decorator.EurekaHttpClientDecorator.register(EurekaHttpClientDecorator.java:56)
	at com.netflix.discovery.shared.transport.decorator.EurekaHttpClientDecorator$1.execute(EurekaHttpClientDecorator.java:59)
	at com.netflix.discovery.shared.transport.decorator.SessionedEurekaHttpClient.execute(SessionedEurekaHttpClient.java:77)
	at com.netflix.discovery.shared.transport.decorator.EurekaHttpClientDecorator.register(EurekaHttpClientDecorator.java:56)
	at com.netflix.discovery.DiscoveryClient.register(DiscoveryClient.java:820)
	at com.netflix.discovery.InstanceInfoReplicator.run(InstanceInfoReplicator.java:121)
	at java.base/java.util.concurrent.Executors$RunnableAdapter.call(Executors.java:572)
	at java.base/java.util.concurrent.FutureTask.run(FutureTask.java:317)
	at java.base/java.util.concurrent.ScheduledThreadPoolExecutor$ScheduledFutureTask.run(ScheduledThreadPoolExecutor.java:304)
	at java.base/java.util.concurrent.ThreadPoolExecutor.runWorker(ThreadPoolExecutor.java:1144)
	at java.base/java.util.concurrent.ThreadPoolExecutor$Worker.run(ThreadPoolExecutor.java:642)
	at java.base/java.lang.Thread.run(Thread.java:1583)
2026-05-02 23:00:48.695 [DiscoveryClient-InstanceInfoReplicator-0] WARN  c.n.discovery.InstanceInfoReplicator - There was a problem with the instance info replicator
com.netflix.discovery.shared.transport.TransportException: Cannot execute request on any known server
	at com.netflix.discovery.shared.transport.decorator.RetryableEurekaHttpClient.execute(RetryableEurekaHttpClient.java:112)
	at com.netflix.discovery.shared.transport.decorator.EurekaHttpClientDecorator.register(EurekaHttpClientDecorator.java:56)
	at com.netflix.discovery.shared.transport.decorator.EurekaHttpClientDecorator$1.execute(EurekaHttpClientDecorator.java:59)
	at com.netflix.discovery.shared.transport.decorator.SessionedEurekaHttpClient.execute(SessionedEurekaHttpClient.java:77)
	at com.netflix.discovery.shared.transport.decorator.EurekaHttpClientDecorator.register(EurekaHttpClientDecorator.java:56)
	at com.netflix.discovery.DiscoveryClient.register(DiscoveryClient.java:820)
	at com.netflix.discovery.InstanceInfoReplicator.run(InstanceInfoReplicator.java:121)
	at java.base/java.util.concurrent.Executors$RunnableAdapter.call(Executors.java:572)
	at java.base/java.util.concurrent.FutureTask.run(FutureTask.java:317)
	at java.base/java.util.concurrent.ScheduledThreadPoolExecutor$ScheduledFutureTask.run(ScheduledThreadPoolExecutor.java:304)
	at java.base/java.util.concurrent.ThreadPoolExecutor.runWorker(ThreadPoolExecutor.java:1144)
	at java.base/java.util.concurrent.ThreadPoolExecutor$Worker.run(ThreadPoolExecutor.java:642)
	at java.base/java.lang.Thread.run(Thread.java:1583)
2026-05-02 23:00:48.762 [DiscoveryClient-CacheRefreshExecutor-0] WARN  c.n.d.s.t.d.RetryableEurekaHttpClient - Request execution failed with message: I/O error on GET request for "http://localhost:8761/eureka/apps/": Connect to http://localhost:8761 [localhost/127.0.0.1, localhost/0:0:0:0:0:0:0:1] failed: Connection refused: getsockopt
2026-05-02 23:01:18.698 [DiscoveryClient-HeartbeatExecutor-0] WARN  c.n.d.s.t.d.RetryableEurekaHttpClient - Request execution failed with message: I/O error on PUT request for "http://localhost:8761/eureka/apps/ORDER-SERVICE/172.21.160.138:order-service:9093": Connect to http://localhost:8761 [localhost/127.0.0.1, localhost/0:0:0:0:0:0:0:1] failed: Connection refused: getsockopt
2026-05-02 23:01:18.699 [DiscoveryClient-HeartbeatExecutor-0] ERROR c.netflix.discovery.DiscoveryClient - DiscoveryClient_ORDER-SERVICE/172.21.160.138:order-service:9093 - was unable to send heartbeat!
com.netflix.discovery.shared.transport.TransportException: Cannot execute request on any known server
	at com.netflix.discovery.shared.transport.decorator.RetryableEurekaHttpClient.execute(RetryableEurekaHttpClient.java:112)
	at com.netflix.discovery.shared.transport.decorator.EurekaHttpClientDecorator.sendHeartBeat(EurekaHttpClientDecorator.java:89)
	at com.netflix.discovery.shared.transport.decorator.EurekaHttpClientDecorator$3.execute(EurekaHttpClientDecorator.java:92)
	at com.netflix.discovery.shared.transport.decorator.SessionedEurekaHttpClient.execute(SessionedEurekaHttpClient.java:77)
	at com.netflix.discovery.shared.transport.decorator.EurekaHttpClientDecorator.sendHeartBeat(EurekaHttpClientDecorator.java:89)
	at com.netflix.discovery.DiscoveryClient.renew(DiscoveryClient.java:837)
	at com.netflix.discovery.DiscoveryClient$HeartbeatThread.run(DiscoveryClient.java:1401)
	at java.base/java.util.concurrent.Executors$RunnableAdapter.call(Executors.java:572)
	at java.base/java.util.concurrent.FutureTask.run(FutureTask.java:317)
	at java.base/java.util.concurrent.ThreadPoolExecutor.runWorker(ThreadPoolExecutor.java:1144)
	at java.base/java.util.concurrent.ThreadPoolExecutor$Worker.run(ThreadPoolExecutor.java:642)
	at java.base/java.lang.Thread.run(Thread.java:1583)
2026-05-02 23:01:18.733 [DiscoveryClient-InstanceInfoReplicator-0] WARN  c.n.d.s.t.d.RetryableEurekaHttpClient - Request execution failed with message: I/O error on POST request for "http://localhost:8761/eureka/apps/ORDER-SERVICE": Connect to http://localhost:8761 [localhost/127.0.0.1, localhost/0:0:0:0:0:0:0:1] failed: Connection refused: getsockopt
2026-05-02 23:01:18.733 [DiscoveryClient-InstanceInfoReplicator-0] WARN  c.netflix.discovery.DiscoveryClient - DiscoveryClient_ORDER-SERVICE/172.21.160.138:order-service:9093 - registration failed Cannot execute request on any known server
com.netflix.discovery.shared.transport.TransportException: Cannot execute request on any known server
	at com.netflix.discovery.shared.transport.decorator.RetryableEurekaHttpClient.execute(RetryableEurekaHttpClient.java:112)
	at com.netflix.discovery.shared.transport.decorator.EurekaHttpClientDecorator.register(EurekaHttpClientDecorator.java:56)
	at com.netflix.discovery.shared.transport.decorator.EurekaHttpClientDecorator$1.execute(EurekaHttpClientDecorator.java:59)
	at com.netflix.discovery.shared.transport.decorator.SessionedEurekaHttpClient.execute(SessionedEurekaHttpClient.java:77)
	at com.netflix.discovery.shared.transport.decorator.EurekaHttpClientDecorator.register(EurekaHttpClientDecorator.java:56)
	at com.netflix.discovery.DiscoveryClient.register(DiscoveryClient.java:820)
	at com.netflix.discovery.InstanceInfoReplicator.run(InstanceInfoReplicator.java:121)
	at java.base/java.util.concurrent.Executors$RunnableAdapter.call(Executors.java:572)
	at java.base/java.util.concurrent.FutureTask.run(FutureTask.java:317)
	at java.base/java.util.concurrent.ScheduledThreadPoolExecutor$ScheduledFutureTask.run(ScheduledThreadPoolExecutor.java:304)
	at java.base/java.util.concurrent.ThreadPoolExecutor.runWorker(ThreadPoolExecutor.java:1144)
	at java.base/java.util.concurrent.ThreadPoolExecutor$Worker.run(ThreadPoolExecutor.java:642)
	at java.base/java.lang.Thread.run(Thread.java:1583)
2026-05-02 23:01:18.735 [DiscoveryClient-InstanceInfoReplicator-0] WARN  c.n.discovery.InstanceInfoReplicator - There was a problem with the instance info replicator
com.netflix.discovery.shared.transport.TransportException: Cannot execute request on any known server
	at com.netflix.discovery.shared.transport.decorator.RetryableEurekaHttpClient.execute(RetryableEurekaHttpClient.java:112)
	at com.netflix.discovery.shared.transport.decorator.EurekaHttpClientDecorator.register(EurekaHttpClientDecorator.java:56)
	at com.netflix.discovery.shared.transport.decorator.EurekaHttpClientDecorator$1.execute(EurekaHttpClientDecorator.java:59)
	at com.netflix.discovery.shared.transport.decorator.SessionedEurekaHttpClient.execute(SessionedEurekaHttpClient.java:77)
	at com.netflix.discovery.shared.transport.decorator.EurekaHttpClientDecorator.register(EurekaHttpClientDecorator.java:56)
	at com.netflix.discovery.DiscoveryClient.register(DiscoveryClient.java:820)
	at com.netflix.discovery.InstanceInfoReplicator.run(InstanceInfoReplicator.java:121)
	at java.base/java.util.concurrent.Executors$RunnableAdapter.call(Executors.java:572)
	at java.base/java.util.concurrent.FutureTask.run(FutureTask.java:317)
	at java.base/java.util.concurrent.ScheduledThreadPoolExecutor$ScheduledFutureTask.run(ScheduledThreadPoolExecutor.java:304)
	at java.base/java.util.concurrent.ThreadPoolExecutor.runWorker(ThreadPoolExecutor.java:1144)
	at java.base/java.util.concurrent.ThreadPoolExecutor$Worker.run(ThreadPoolExecutor.java:642)
	at java.base/java.lang.Thread.run(Thread.java:1583)
2026-05-02 23:01:18.784 [DiscoveryClient-CacheRefreshExecutor-0] WARN  c.n.d.s.t.d.RetryableEurekaHttpClient - Request execution failed with message: I/O error on GET request for "http://localhost:8761/eureka/apps/": Connect to http://localhost:8761 [localhost/127.0.0.1, localhost/0:0:0:0:0:0:0:1] failed: Connection refused: getsockopt
2026-05-02 23:01:48.809 [DiscoveryClient-HeartbeatExecutor-0] WARN  c.n.d.s.t.d.RetryableEurekaHttpClient - Request execution failed with message: I/O error on PUT request for "http://localhost:8761/eureka/apps/ORDER-SERVICE/172.21.160.138:order-service:9093": Connect to http://localhost:8761 [localhost/127.0.0.1, localhost/0:0:0:0:0:0:0:1] failed: Connection refused: getsockopt
2026-05-02 23:01:48.813 [DiscoveryClient-HeartbeatExecutor-0] ERROR c.netflix.discovery.DiscoveryClient - DiscoveryClient_ORDER-SERVICE/172.21.160.138:order-service:9093 - was unable to send heartbeat!
com.netflix.discovery.shared.transport.TransportException: Cannot execute request on any known server
	at com.netflix.discovery.shared.transport.decorator.RetryableEurekaHttpClient.execute(RetryableEurekaHttpClient.java:112)
	at com.netflix.discovery.shared.transport.decorator.EurekaHttpClientDecorator.sendHeartBeat(EurekaHttpClientDecorator.java:89)
	at com.netflix.discovery.shared.transport.decorator.EurekaHttpClientDecorator$3.execute(EurekaHttpClientDecorator.java:92)
	at com.netflix.discovery.shared.transport.decorator.SessionedEurekaHttpClient.execute(SessionedEurekaHttpClient.java:77)
	at com.netflix.discovery.shared.transport.decorator.EurekaHttpClientDecorator.sendHeartBeat(EurekaHttpClientDecorator.java:89)
	at com.netflix.discovery.DiscoveryClient.renew(DiscoveryClient.java:837)
	at com.netflix.discovery.DiscoveryClient$HeartbeatThread.run(DiscoveryClient.java:1401)
	at java.base/java.util.concurrent.Executors$RunnableAdapter.call(Executors.java:572)
	at java.base/java.util.concurrent.FutureTask.run(FutureTask.java:317)
	at java.base/java.util.concurrent.ThreadPoolExecutor.runWorker(ThreadPoolExecutor.java:1144)
	at java.base/java.util.concurrent.ThreadPoolExecutor$Worker.run(ThreadPoolExecutor.java:642)
	at java.base/java.lang.Thread.run(Thread.java:1583)
2026-05-02 23:01:48.812 [DiscoveryClient-InstanceInfoReplicator-0] WARN  c.n.d.s.t.d.RetryableEurekaHttpClient - Request execution failed with message: I/O error on POST request for "http://localhost:8761/eureka/apps/ORDER-SERVICE": Connect to http://localhost:8761 [localhost/127.0.0.1, localhost/0:0:0:0:0:0:0:1] failed: Connection refused: getsockopt
2026-05-02 23:01:48.827 [DiscoveryClient-InstanceInfoReplicator-0] WARN  c.netflix.discovery.DiscoveryClient - DiscoveryClient_ORDER-SERVICE/172.21.160.138:order-service:9093 - registration failed Cannot execute request on any known server
com.netflix.discovery.shared.transport.TransportException: Cannot execute request on any known server
	at com.netflix.discovery.shared.transport.decorator.RetryableEurekaHttpClient.execute(RetryableEurekaHttpClient.java:112)
	at com.netflix.discovery.shared.transport.decorator.EurekaHttpClientDecorator.register(EurekaHttpClientDecorator.java:56)
	at com.netflix.discovery.shared.transport.decorator.EurekaHttpClientDecorator$1.execute(EurekaHttpClientDecorator.java:59)
	at com.netflix.discovery.shared.transport.decorator.SessionedEurekaHttpClient.execute(SessionedEurekaHttpClient.java:77)
	at com.netflix.discovery.shared.transport.decorator.EurekaHttpClientDecorator.register(EurekaHttpClientDecorator.java:56)
	at com.netflix.discovery.DiscoveryClient.register(DiscoveryClient.java:820)
	at com.netflix.discovery.InstanceInfoReplicator.run(InstanceInfoReplicator.java:121)
	at java.base/java.util.concurrent.Executors$RunnableAdapter.call(Executors.java:572)
	at java.base/java.util.concurrent.FutureTask.run(FutureTask.java:317)
	at java.base/java.util.concurrent.ScheduledThreadPoolExecutor$ScheduledFutureTask.run(ScheduledThreadPoolExecutor.java:304)
	at java.base/java.util.concurrent.ThreadPoolExecutor.runWorker(ThreadPoolExecutor.java:1144)
	at java.base/java.util.concurrent.ThreadPoolExecutor$Worker.run(ThreadPoolExecutor.java:642)
	at java.base/java.lang.Thread.run(Thread.java:1583)
2026-05-02 23:01:48.844 [DiscoveryClient-InstanceInfoReplicator-0] WARN  c.n.discovery.InstanceInfoReplicator - There was a problem with the instance info replicator
com.netflix.discovery.shared.transport.TransportException: Cannot execute request on any known server
	at com.netflix.discovery.shared.transport.decorator.RetryableEurekaHttpClient.execute(RetryableEurekaHttpClient.java:112)
	at com.netflix.discovery.shared.transport.decorator.EurekaHttpClientDecorator.register(EurekaHttpClientDecorator.java:56)
	at com.netflix.discovery.shared.transport.decorator.EurekaHttpClientDecorator$1.execute(EurekaHttpClientDecorator.java:59)
	at com.netflix.discovery.shared.transport.decorator.SessionedEurekaHttpClient.execute(SessionedEurekaHttpClient.java:77)
	at com.netflix.discovery.shared.transport.decorator.EurekaHttpClientDecorator.register(EurekaHttpClientDecorator.java:56)
	at com.netflix.discovery.DiscoveryClient.register(DiscoveryClient.java:820)
	at com.netflix.discovery.InstanceInfoReplicator.run(InstanceInfoReplicator.java:121)
	at java.base/java.util.concurrent.Executors$RunnableAdapter.call(Executors.java:572)
	at java.base/java.util.concurrent.FutureTask.run(FutureTask.java:317)
	at java.base/java.util.concurrent.ScheduledThreadPoolExecutor$ScheduledFutureTask.run(ScheduledThreadPoolExecutor.java:304)
	at java.base/java.util.concurrent.ThreadPoolExecutor.runWorker(ThreadPoolExecutor.java:1144)
	at java.base/java.util.concurrent.ThreadPoolExecutor$Worker.run(ThreadPoolExecutor.java:642)
	at java.base/java.lang.Thread.run(Thread.java:1583)
2026-05-02 23:01:48.968 [DiscoveryClient-CacheRefreshExecutor-0] WARN  c.n.d.s.t.d.RetryableEurekaHttpClient - Request execution failed with message: I/O error on GET request for "http://localhost:8761/eureka/apps/": Connect to http://localhost:8761 [localhost/127.0.0.1, localhost/0:0:0:0:0:0:0:1] failed: Connection refused: getsockopt
2026-05-02 23:02:18.923 [DiscoveryClient-HeartbeatExecutor-0] WARN  c.n.d.s.t.d.RetryableEurekaHttpClient - Request execution failed with message: I/O error on PUT request for "http://localhost:8761/eureka/apps/ORDER-SERVICE/172.21.160.138:order-service:9093": Connect to http://localhost:8761 [localhost/127.0.0.1, localhost/0:0:0:0:0:0:0:1] failed: Connection refused: getsockopt
2026-05-02 23:02:18.924 [DiscoveryClient-InstanceInfoReplicator-0] WARN  c.n.d.s.t.d.RetryableEurekaHttpClient - Request execution failed with message: I/O error on POST request for "http://localhost:8761/eureka/apps/ORDER-SERVICE": Connect to http://localhost:8761 [localhost/127.0.0.1, localhost/0:0:0:0:0:0:0:1] failed: Connection refused: getsockopt
2026-05-02 23:02:18.924 [DiscoveryClient-InstanceInfoReplicator-0] WARN  c.netflix.discovery.DiscoveryClient - DiscoveryClient_ORDER-SERVICE/172.21.160.138:order-service:9093 - registration failed Cannot execute request on any known server
com.netflix.discovery.shared.transport.TransportException: Cannot execute request on any known server
	at com.netflix.discovery.shared.transport.decorator.RetryableEurekaHttpClient.execute(RetryableEurekaHttpClient.java:112)
	at com.netflix.discovery.shared.transport.decorator.EurekaHttpClientDecorator.register(EurekaHttpClientDecorator.java:56)
	at com.netflix.discovery.shared.transport.decorator.EurekaHttpClientDecorator$1.execute(EurekaHttpClientDecorator.java:59)
	at com.netflix.discovery.shared.transport.decorator.SessionedEurekaHttpClient.execute(SessionedEurekaHttpClient.java:77)
	at com.netflix.discovery.shared.transport.decorator.EurekaHttpClientDecorator.register(EurekaHttpClientDecorator.java:56)
	at com.netflix.discovery.DiscoveryClient.register(DiscoveryClient.java:820)
	at com.netflix.discovery.InstanceInfoReplicator.run(InstanceInfoReplicator.java:121)
	at java.base/java.util.concurrent.Executors$RunnableAdapter.call(Executors.java:572)
	at java.base/java.util.concurrent.FutureTask.run(FutureTask.java:317)
	at java.base/java.util.concurrent.ScheduledThreadPoolExecutor$ScheduledFutureTask.run(ScheduledThreadPoolExecutor.java:304)
	at java.base/java.util.concurrent.ThreadPoolExecutor.runWorker(ThreadPoolExecutor.java:1144)
	at java.base/java.util.concurrent.ThreadPoolExecutor$Worker.run(ThreadPoolExecutor.java:642)
	at java.base/java.lang.Thread.run(Thread.java:1583)
2026-05-02 23:02:18.924 [DiscoveryClient-HeartbeatExecutor-0] ERROR c.netflix.discovery.DiscoveryClient - DiscoveryClient_ORDER-SERVICE/172.21.160.138:order-service:9093 - was unable to send heartbeat!
com.netflix.discovery.shared.transport.TransportException: Cannot execute request on any known server
	at com.netflix.discovery.shared.transport.decorator.RetryableEurekaHttpClient.execute(RetryableEurekaHttpClient.java:112)
	at com.netflix.discovery.shared.transport.decorator.EurekaHttpClientDecorator.sendHeartBeat(EurekaHttpClientDecorator.java:89)
	at com.netflix.discovery.shared.transport.decorator.EurekaHttpClientDecorator$3.execute(EurekaHttpClientDecorator.java:92)
	at com.netflix.discovery.shared.transport.decorator.SessionedEurekaHttpClient.execute(SessionedEurekaHttpClient.java:77)
	at com.netflix.discovery.shared.transport.decorator.EurekaHttpClientDecorator.sendHeartBeat(EurekaHttpClientDecorator.java:89)
	at com.netflix.discovery.DiscoveryClient.renew(DiscoveryClient.java:837)
	at com.netflix.discovery.DiscoveryClient$HeartbeatThread.run(DiscoveryClient.java:1401)
	at java.base/java.util.concurrent.Executors$RunnableAdapter.call(Executors.java:572)
	at java.base/java.util.concurrent.FutureTask.run(FutureTask.java:317)
	at java.base/java.util.concurrent.ThreadPoolExecutor.runWorker(ThreadPoolExecutor.java:1144)
	at java.base/java.util.concurrent.ThreadPoolExecutor$Worker.run(ThreadPoolExecutor.java:642)
	at java.base/java.lang.Thread.run(Thread.java:1583)
2026-05-02 23:02:18.924 [DiscoveryClient-InstanceInfoReplicator-0] WARN  c.n.discovery.InstanceInfoReplicator - There was a problem with the instance info replicator
com.netflix.discovery.shared.transport.TransportException: Cannot execute request on any known server
	at com.netflix.discovery.shared.transport.decorator.RetryableEurekaHttpClient.execute(RetryableEurekaHttpClient.java:112)
	at com.netflix.discovery.shared.transport.decorator.EurekaHttpClientDecorator.register(EurekaHttpClientDecorator.java:56)
	at com.netflix.discovery.shared.transport.decorator.EurekaHttpClientDecorator$1.execute(EurekaHttpClientDecorator.java:59)
	at com.netflix.discovery.shared.transport.decorator.SessionedEurekaHttpClient.execute(SessionedEurekaHttpClient.java:77)
	at com.netflix.discovery.shared.transport.decorator.EurekaHttpClientDecorator.register(EurekaHttpClientDecorator.java:56)
	at com.netflix.discovery.DiscoveryClient.register(DiscoveryClient.java:820)
	at com.netflix.discovery.InstanceInfoReplicator.run(InstanceInfoReplicator.java:121)
	at java.base/java.util.concurrent.Executors$RunnableAdapter.call(Executors.java:572)
	at java.base/java.util.concurrent.FutureTask.run(FutureTask.java:317)
	at java.base/java.util.concurrent.ScheduledThreadPoolExecutor$ScheduledFutureTask.run(ScheduledThreadPoolExecutor.java:304)
	at java.base/java.util.concurrent.ThreadPoolExecutor.runWorker(ThreadPoolExecutor.java:1144)
	at java.base/java.util.concurrent.ThreadPoolExecutor$Worker.run(ThreadPoolExecutor.java:642)
	at java.base/java.lang.Thread.run(Thread.java:1583)
2026-05-02 23:02:19.037 [DiscoveryClient-CacheRefreshExecutor-0] WARN  c.n.d.s.t.d.RetryableEurekaHttpClient - Request execution failed with message: I/O error on GET request for "http://localhost:8761/eureka/apps/": Connect to http://localhost:8761 [localhost/127.0.0.1, localhost/0:0:0:0:0:0:0:1] failed: Connection refused: getsockopt
2026-05-02 23:02:49.002 [DiscoveryClient-InstanceInfoReplicator-0] WARN  c.n.d.s.t.d.RetryableEurekaHttpClient - Request execution failed with message: I/O error on POST request for "http://localhost:8761/eureka/apps/ORDER-SERVICE": Connect to http://localhost:8761 [localhost/127.0.0.1, localhost/0:0:0:0:0:0:0:1] failed: Connection refused: getsockopt
2026-05-02 23:02:49.002 [DiscoveryClient-HeartbeatExecutor-0] WARN  c.n.d.s.t.d.RetryableEurekaHttpClient - Request execution failed with message: I/O error on PUT request for "http://localhost:8761/eureka/apps/ORDER-SERVICE/172.21.160.138:order-service:9093": Connect to http://localhost:8761 [localhost/127.0.0.1, localhost/0:0:0:0:0:0:0:1] failed: Connection refused: getsockopt
2026-05-02 23:02:49.009 [DiscoveryClient-HeartbeatExecutor-0] ERROR c.netflix.discovery.DiscoveryClient - DiscoveryClient_ORDER-SERVICE/172.21.160.138:order-service:9093 - was unable to send heartbeat!
com.netflix.discovery.shared.transport.TransportException: Cannot execute request on any known server
	at com.netflix.discovery.shared.transport.decorator.RetryableEurekaHttpClient.execute(RetryableEurekaHttpClient.java:112)
	at com.netflix.discovery.shared.transport.decorator.EurekaHttpClientDecorator.sendHeartBeat(EurekaHttpClientDecorator.java:89)
	at com.netflix.discovery.shared.transport.decorator.EurekaHttpClientDecorator$3.execute(EurekaHttpClientDecorator.java:92)
	at com.netflix.discovery.shared.transport.decorator.SessionedEurekaHttpClient.execute(SessionedEurekaHttpClient.java:77)
	at com.netflix.discovery.shared.transport.decorator.EurekaHttpClientDecorator.sendHeartBeat(EurekaHttpClientDecorator.java:89)
	at com.netflix.discovery.DiscoveryClient.renew(DiscoveryClient.java:837)
	at com.netflix.discovery.DiscoveryClient$HeartbeatThread.run(DiscoveryClient.java:1401)
	at java.base/java.util.concurrent.Executors$RunnableAdapter.call(Executors.java:572)
	at java.base/java.util.concurrent.FutureTask.run(FutureTask.java:317)
	at java.base/java.util.concurrent.ThreadPoolExecutor.runWorker(ThreadPoolExecutor.java:1144)
	at java.base/java.util.concurrent.ThreadPoolExecutor$Worker.run(ThreadPoolExecutor.java:642)
	at java.base/java.lang.Thread.run(Thread.java:1583)
2026-05-02 23:02:49.009 [DiscoveryClient-InstanceInfoReplicator-0] WARN  c.netflix.discovery.DiscoveryClient - DiscoveryClient_ORDER-SERVICE/172.21.160.138:order-service:9093 - registration failed Cannot execute request on any known server
com.netflix.discovery.shared.transport.TransportException: Cannot execute request on any known server
	at com.netflix.discovery.shared.transport.decorator.RetryableEurekaHttpClient.execute(RetryableEurekaHttpClient.java:112)
	at com.netflix.discovery.shared.transport.decorator.EurekaHttpClientDecorator.register(EurekaHttpClientDecorator.java:56)
	at com.netflix.discovery.shared.transport.decorator.EurekaHttpClientDecorator$1.execute(EurekaHttpClientDecorator.java:59)
	at com.netflix.discovery.shared.transport.decorator.SessionedEurekaHttpClient.execute(SessionedEurekaHttpClient.java:77)
	at com.netflix.discovery.shared.transport.decorator.EurekaHttpClientDecorator.register(EurekaHttpClientDecorator.java:56)
	at com.netflix.discovery.DiscoveryClient.register(DiscoveryClient.java:820)
	at com.netflix.discovery.InstanceInfoReplicator.run(InstanceInfoReplicator.java:121)
	at java.base/java.util.concurrent.Executors$RunnableAdapter.call(Executors.java:572)
	at java.base/java.util.concurrent.FutureTask.run(FutureTask.java:317)
	at java.base/java.util.concurrent.ScheduledThreadPoolExecutor$ScheduledFutureTask.run(ScheduledThreadPoolExecutor.java:304)
	at java.base/java.util.concurrent.ThreadPoolExecutor.runWorker(ThreadPoolExecutor.java:1144)
	at java.base/java.util.concurrent.ThreadPoolExecutor$Worker.run(ThreadPoolExecutor.java:642)
	at java.base/java.lang.Thread.run(Thread.java:1583)
2026-05-02 23:02:49.015 [DiscoveryClient-InstanceInfoReplicator-0] WARN  c.n.discovery.InstanceInfoReplicator - There was a problem with the instance info replicator
com.netflix.discovery.shared.transport.TransportException: Cannot execute request on any known server
	at com.netflix.discovery.shared.transport.decorator.RetryableEurekaHttpClient.execute(RetryableEurekaHttpClient.java:112)
	at com.netflix.discovery.shared.transport.decorator.EurekaHttpClientDecorator.register(EurekaHttpClientDecorator.java:56)
	at com.netflix.discovery.shared.transport.decorator.EurekaHttpClientDecorator$1.execute(EurekaHttpClientDecorator.java:59)
	at com.netflix.discovery.shared.transport.decorator.SessionedEurekaHttpClient.execute(SessionedEurekaHttpClient.java:77)
	at com.netflix.discovery.shared.transport.decorator.EurekaHttpClientDecorator.register(EurekaHttpClientDecorator.java:56)
	at com.netflix.discovery.DiscoveryClient.register(DiscoveryClient.java:820)
	at com.netflix.discovery.InstanceInfoReplicator.run(InstanceInfoReplicator.java:121)
	at java.base/java.util.concurrent.Executors$RunnableAdapter.call(Executors.java:572)
	at java.base/java.util.concurrent.FutureTask.run(FutureTask.java:317)
	at java.base/java.util.concurrent.ScheduledThreadPoolExecutor$ScheduledFutureTask.run(ScheduledThreadPoolExecutor.java:304)
	at java.base/java.util.concurrent.ThreadPoolExecutor.runWorker(ThreadPoolExecutor.java:1144)
	at java.base/java.util.concurrent.ThreadPoolExecutor$Worker.run(ThreadPoolExecutor.java:642)
	at java.base/java.lang.Thread.run(Thread.java:1583)
2026-05-02 23:02:49.169 [DiscoveryClient-CacheRefreshExecutor-0] WARN  c.n.d.s.t.d.RetryableEurekaHttpClient - Request execution failed with message: I/O error on GET request for "http://localhost:8761/eureka/apps/": Connect to http://localhost:8761 [localhost/127.0.0.1, localhost/0:0:0:0:0:0:0:1] failed: Connection refused: getsockopt
2026-05-02 23:03:19.057 [DiscoveryClient-HeartbeatExecutor-0] WARN  c.n.d.s.t.d.RetryableEurekaHttpClient - Request execution failed with message: I/O error on PUT request for "http://localhost:8761/eureka/apps/ORDER-SERVICE/172.21.160.138:order-service:9093": Connect to http://localhost:8761 [localhost/127.0.0.1, localhost/0:0:0:0:0:0:0:1] failed: Connection refused: getsockopt
2026-05-02 23:03:19.061 [DiscoveryClient-HeartbeatExecutor-0] ERROR c.netflix.discovery.DiscoveryClient - DiscoveryClient_ORDER-SERVICE/172.21.160.138:order-service:9093 - was unable to send heartbeat!
com.netflix.discovery.shared.transport.TransportException: Cannot execute request on any known server
	at com.netflix.discovery.shared.transport.decorator.RetryableEurekaHttpClient.execute(RetryableEurekaHttpClient.java:112)
	at com.netflix.discovery.shared.transport.decorator.EurekaHttpClientDecorator.sendHeartBeat(EurekaHttpClientDecorator.java:89)
	at com.netflix.discovery.shared.transport.decorator.EurekaHttpClientDecorator$3.execute(EurekaHttpClientDecorator.java:92)
	at com.netflix.discovery.shared.transport.decorator.SessionedEurekaHttpClient.execute(SessionedEurekaHttpClient.java:77)
	at com.netflix.discovery.shared.transport.decorator.EurekaHttpClientDecorator.sendHeartBeat(EurekaHttpClientDecorator.java:89)
	at com.netflix.discovery.DiscoveryClient.renew(DiscoveryClient.java:837)
	at com.netflix.discovery.DiscoveryClient$HeartbeatThread.run(DiscoveryClient.java:1401)
	at java.base/java.util.concurrent.Executors$RunnableAdapter.call(Executors.java:572)
	at java.base/java.util.concurrent.FutureTask.run(FutureTask.java:317)
	at java.base/java.util.concurrent.ThreadPoolExecutor.runWorker(ThreadPoolExecutor.java:1144)
	at java.base/java.util.concurrent.ThreadPoolExecutor$Worker.run(ThreadPoolExecutor.java:642)
	at java.base/java.lang.Thread.run(Thread.java:1583)
2026-05-02 23:03:19.077 [DiscoveryClient-InstanceInfoReplicator-0] WARN  c.n.d.s.t.d.RetryableEurekaHttpClient - Request execution failed with message: I/O error on POST request for "http://localhost:8761/eureka/apps/ORDER-SERVICE": Connect to http://localhost:8761 [localhost/127.0.0.1, localhost/0:0:0:0:0:0:0:1] failed: Connection refused: getsockopt
2026-05-02 23:03:19.081 [DiscoveryClient-InstanceInfoReplicator-0] WARN  c.netflix.discovery.DiscoveryClient - DiscoveryClient_ORDER-SERVICE/172.21.160.138:order-service:9093 - registration failed Cannot execute request on any known server
com.netflix.discovery.shared.transport.TransportException: Cannot execute request on any known server
	at com.netflix.discovery.shared.transport.decorator.RetryableEurekaHttpClient.execute(RetryableEurekaHttpClient.java:112)
	at com.netflix.discovery.shared.transport.decorator.EurekaHttpClientDecorator.register(EurekaHttpClientDecorator.java:56)
	at com.netflix.discovery.shared.transport.decorator.EurekaHttpClientDecorator$1.execute(EurekaHttpClientDecorator.java:59)
	at com.netflix.discovery.shared.transport.decorator.SessionedEurekaHttpClient.execute(SessionedEurekaHttpClient.java:77)
	at com.netflix.discovery.shared.transport.decorator.EurekaHttpClientDecorator.register(EurekaHttpClientDecorator.java:56)
	at com.netflix.discovery.DiscoveryClient.register(DiscoveryClient.java:820)
	at com.netflix.discovery.InstanceInfoReplicator.run(InstanceInfoReplicator.java:121)
	at java.base/java.util.concurrent.Executors$RunnableAdapter.call(Executors.java:572)
	at java.base/java.util.concurrent.FutureTask.run(FutureTask.java:317)
	at java.base/java.util.concurrent.ScheduledThreadPoolExecutor$ScheduledFutureTask.run(ScheduledThreadPoolExecutor.java:304)
	at java.base/java.util.concurrent.ThreadPoolExecutor.runWorker(ThreadPoolExecutor.java:1144)
	at java.base/java.util.concurrent.ThreadPoolExecutor$Worker.run(ThreadPoolExecutor.java:642)
	at java.base/java.lang.Thread.run(Thread.java:1583)
2026-05-02 23:03:19.082 [DiscoveryClient-InstanceInfoReplicator-0] WARN  c.n.discovery.InstanceInfoReplicator - There was a problem with the instance info replicator
com.netflix.discovery.shared.transport.TransportException: Cannot execute request on any known server
	at com.netflix.discovery.shared.transport.decorator.RetryableEurekaHttpClient.execute(RetryableEurekaHttpClient.java:112)
	at com.netflix.discovery.shared.transport.decorator.EurekaHttpClientDecorator.register(EurekaHttpClientDecorator.java:56)
	at com.netflix.discovery.shared.transport.decorator.EurekaHttpClientDecorator$1.execute(EurekaHttpClientDecorator.java:59)
	at com.netflix.discovery.shared.transport.decorator.SessionedEurekaHttpClient.execute(SessionedEurekaHttpClient.java:77)
	at com.netflix.discovery.shared.transport.decorator.EurekaHttpClientDecorator.register(EurekaHttpClientDecorator.java:56)
	at com.netflix.discovery.DiscoveryClient.register(DiscoveryClient.java:820)
	at com.netflix.discovery.InstanceInfoReplicator.run(InstanceInfoReplicator.java:121)
	at java.base/java.util.concurrent.Executors$RunnableAdapter.call(Executors.java:572)
	at java.base/java.util.concurrent.FutureTask.run(FutureTask.java:317)
	at java.base/java.util.concurrent.ScheduledThreadPoolExecutor$ScheduledFutureTask.run(ScheduledThreadPoolExecutor.java:304)
	at java.base/java.util.concurrent.ThreadPoolExecutor.runWorker(ThreadPoolExecutor.java:1144)
	at java.base/java.util.concurrent.ThreadPoolExecutor$Worker.run(ThreadPoolExecutor.java:642)
	at java.base/java.lang.Thread.run(Thread.java:1583)
2026-05-02 23:03:19.249 [DiscoveryClient-CacheRefreshExecutor-0] WARN  c.n.d.s.t.d.RetryableEurekaHttpClient - Request execution failed with message: I/O error on GET request for "http://localhost:8761/eureka/apps/": Connect to http://localhost:8761 [localhost/127.0.0.1, localhost/0:0:0:0:0:0:0:1] failed: Connection refused: getsockopt
2026-05-02 23:03:49.103 [DiscoveryClient-HeartbeatExecutor-0] WARN  c.n.d.s.t.d.RetryableEurekaHttpClient - Request execution failed with message: I/O error on PUT request for "http://localhost:8761/eureka/apps/ORDER-SERVICE/172.21.160.138:order-service:9093": Connect to http://localhost:8761 [localhost/127.0.0.1, localhost/0:0:0:0:0:0:0:1] failed: Connection refused: getsockopt
2026-05-02 23:03:49.110 [DiscoveryClient-HeartbeatExecutor-0] ERROR c.netflix.discovery.DiscoveryClient - DiscoveryClient_ORDER-SERVICE/172.21.160.138:order-service:9093 - was unable to send heartbeat!
com.netflix.discovery.shared.transport.TransportException: Cannot execute request on any known server
	at com.netflix.discovery.shared.transport.decorator.RetryableEurekaHttpClient.execute(RetryableEurekaHttpClient.java:112)
	at com.netflix.discovery.shared.transport.decorator.EurekaHttpClientDecorator.sendHeartBeat(EurekaHttpClientDecorator.java:89)
	at com.netflix.discovery.shared.transport.decorator.EurekaHttpClientDecorator$3.execute(EurekaHttpClientDecorator.java:92)
	at com.netflix.discovery.shared.transport.decorator.SessionedEurekaHttpClient.execute(SessionedEurekaHttpClient.java:77)
	at com.netflix.discovery.shared.transport.decorator.EurekaHttpClientDecorator.sendHeartBeat(EurekaHttpClientDecorator.java:89)
	at com.netflix.discovery.DiscoveryClient.renew(DiscoveryClient.java:837)
	at com.netflix.discovery.DiscoveryClient$HeartbeatThread.run(DiscoveryClient.java:1401)
	at java.base/java.util.concurrent.Executors$RunnableAdapter.call(Executors.java:572)
	at java.base/java.util.concurrent.FutureTask.run(FutureTask.java:317)
	at java.base/java.util.concurrent.ThreadPoolExecutor.runWorker(ThreadPoolExecutor.java:1144)
	at java.base/java.util.concurrent.ThreadPoolExecutor$Worker.run(ThreadPoolExecutor.java:642)
	at java.base/java.lang.Thread.run(Thread.java:1583)
2026-05-02 23:03:49.122 [DiscoveryClient-InstanceInfoReplicator-0] WARN  c.n.d.s.t.d.RetryableEurekaHttpClient - Request execution failed with message: I/O error on POST request for "http://localhost:8761/eureka/apps/ORDER-SERVICE": Connect to http://localhost:8761 [localhost/127.0.0.1, localhost/0:0:0:0:0:0:0:1] failed: Connection refused: getsockopt
2026-05-02 23:03:49.122 [DiscoveryClient-InstanceInfoReplicator-0] WARN  c.netflix.discovery.DiscoveryClient - DiscoveryClient_ORDER-SERVICE/172.21.160.138:order-service:9093 - registration failed Cannot execute request on any known server
com.netflix.discovery.shared.transport.TransportException: Cannot execute request on any known server
	at com.netflix.discovery.shared.transport.decorator.RetryableEurekaHttpClient.execute(RetryableEurekaHttpClient.java:112)
	at com.netflix.discovery.shared.transport.decorator.EurekaHttpClientDecorator.register(EurekaHttpClientDecorator.java:56)
	at com.netflix.discovery.shared.transport.decorator.EurekaHttpClientDecorator$1.execute(EurekaHttpClientDecorator.java:59)
	at com.netflix.discovery.shared.transport.decorator.SessionedEurekaHttpClient.execute(SessionedEurekaHttpClient.java:77)
	at com.netflix.discovery.shared.transport.decorator.EurekaHttpClientDecorator.register(EurekaHttpClientDecorator.java:56)
	at com.netflix.discovery.DiscoveryClient.register(DiscoveryClient.java:820)
	at com.netflix.discovery.InstanceInfoReplicator.run(InstanceInfoReplicator.java:121)
	at java.base/java.util.concurrent.Executors$RunnableAdapter.call(Executors.java:572)
	at java.base/java.util.concurrent.FutureTask.run(FutureTask.java:317)
	at java.base/java.util.concurrent.ScheduledThreadPoolExecutor$ScheduledFutureTask.run(ScheduledThreadPoolExecutor.java:304)
	at java.base/java.util.concurrent.ThreadPoolExecutor.runWorker(ThreadPoolExecutor.java:1144)
	at java.base/java.util.concurrent.ThreadPoolExecutor$Worker.run(ThreadPoolExecutor.java:642)
	at java.base/java.lang.Thread.run(Thread.java:1583)
2026-05-02 23:03:49.122 [DiscoveryClient-InstanceInfoReplicator-0] WARN  c.n.discovery.InstanceInfoReplicator - There was a problem with the instance info replicator
com.netflix.discovery.shared.transport.TransportException: Cannot execute request on any known server
	at com.netflix.discovery.shared.transport.decorator.RetryableEurekaHttpClient.execute(RetryableEurekaHttpClient.java:112)
	at com.netflix.discovery.shared.transport.decorator.EurekaHttpClientDecorator.register(EurekaHttpClientDecorator.java:56)
	at com.netflix.discovery.shared.transport.decorator.EurekaHttpClientDecorator$1.execute(EurekaHttpClientDecorator.java:59)
	at com.netflix.discovery.shared.transport.decorator.SessionedEurekaHttpClient.execute(SessionedEurekaHttpClient.java:77)
	at com.netflix.discovery.shared.transport.decorator.EurekaHttpClientDecorator.register(EurekaHttpClientDecorator.java:56)
	at com.netflix.discovery.DiscoveryClient.register(DiscoveryClient.java:820)
	at com.netflix.discovery.InstanceInfoReplicator.run(InstanceInfoReplicator.java:121)
	at java.base/java.util.concurrent.Executors$RunnableAdapter.call(Executors.java:572)
	at java.base/java.util.concurrent.FutureTask.run(FutureTask.java:317)
	at java.base/java.util.concurrent.ScheduledThreadPoolExecutor$ScheduledFutureTask.run(ScheduledThreadPoolExecutor.java:304)
	at java.base/java.util.concurrent.ThreadPoolExecutor.runWorker(ThreadPoolExecutor.java:1144)
	at java.base/java.util.concurrent.ThreadPoolExecutor$Worker.run(ThreadPoolExecutor.java:642)
	at java.base/java.lang.Thread.run(Thread.java:1583)
2026-05-02 23:03:49.303 [DiscoveryClient-CacheRefreshExecutor-0] WARN  c.n.d.s.t.d.RetryableEurekaHttpClient - Request execution failed with message: I/O error on GET request for "http://localhost:8761/eureka/apps/": Connect to http://localhost:8761 [localhost/127.0.0.1, localhost/0:0:0:0:0:0:0:1] failed: Connection refused: getsockopt
2026-05-02 23:04:19.171 [DiscoveryClient-HeartbeatExecutor-0] WARN  c.n.d.s.t.d.RetryableEurekaHttpClient - Request execution failed with message: I/O error on PUT request for "http://localhost:8761/eureka/apps/ORDER-SERVICE/172.21.160.138:order-service:9093": Connect to http://localhost:8761 [localhost/127.0.0.1, localhost/0:0:0:0:0:0:0:1] failed: Connection refused: getsockopt
2026-05-02 23:04:19.187 [DiscoveryClient-HeartbeatExecutor-0] ERROR c.netflix.discovery.DiscoveryClient - DiscoveryClient_ORDER-SERVICE/172.21.160.138:order-service:9093 - was unable to send heartbeat!
com.netflix.discovery.shared.transport.TransportException: Cannot execute request on any known server
	at com.netflix.discovery.shared.transport.decorator.RetryableEurekaHttpClient.execute(RetryableEurekaHttpClient.java:112)
	at com.netflix.discovery.shared.transport.decorator.EurekaHttpClientDecorator.sendHeartBeat(EurekaHttpClientDecorator.java:89)
	at com.netflix.discovery.shared.transport.decorator.EurekaHttpClientDecorator$3.execute(EurekaHttpClientDecorator.java:92)
	at com.netflix.discovery.shared.transport.decorator.SessionedEurekaHttpClient.execute(SessionedEurekaHttpClient.java:77)
	at com.netflix.discovery.shared.transport.decorator.EurekaHttpClientDecorator.sendHeartBeat(EurekaHttpClientDecorator.java:89)
	at com.netflix.discovery.DiscoveryClient.renew(DiscoveryClient.java:837)
	at com.netflix.discovery.DiscoveryClient$HeartbeatThread.run(DiscoveryClient.java:1401)
	at java.base/java.util.concurrent.Executors$RunnableAdapter.call(Executors.java:572)
	at java.base/java.util.concurrent.FutureTask.run(FutureTask.java:317)
	at java.base/java.util.concurrent.ThreadPoolExecutor.runWorker(ThreadPoolExecutor.java:1144)
	at java.base/java.util.concurrent.ThreadPoolExecutor$Worker.run(ThreadPoolExecutor.java:642)
	at java.base/java.lang.Thread.run(Thread.java:1583)
2026-05-02 23:04:19.212 [DiscoveryClient-InstanceInfoReplicator-0] WARN  c.n.d.s.t.d.RetryableEurekaHttpClient - Request execution failed with message: I/O error on POST request for "http://localhost:8761/eureka/apps/ORDER-SERVICE": Connect to http://localhost:8761 [localhost/127.0.0.1, localhost/0:0:0:0:0:0:0:1] failed: Connection refused: getsockopt
2026-05-02 23:04:19.215 [DiscoveryClient-InstanceInfoReplicator-0] WARN  c.netflix.discovery.DiscoveryClient - DiscoveryClient_ORDER-SERVICE/172.21.160.138:order-service:9093 - registration failed Cannot execute request on any known server
com.netflix.discovery.shared.transport.TransportException: Cannot execute request on any known server
	at com.netflix.discovery.shared.transport.decorator.RetryableEurekaHttpClient.execute(RetryableEurekaHttpClient.java:112)
	at com.netflix.discovery.shared.transport.decorator.EurekaHttpClientDecorator.register(EurekaHttpClientDecorator.java:56)
	at com.netflix.discovery.shared.transport.decorator.EurekaHttpClientDecorator$1.execute(EurekaHttpClientDecorator.java:59)
	at com.netflix.discovery.shared.transport.decorator.SessionedEurekaHttpClient.execute(SessionedEurekaHttpClient.java:77)
	at com.netflix.discovery.shared.transport.decorator.EurekaHttpClientDecorator.register(EurekaHttpClientDecorator.java:56)
	at com.netflix.discovery.DiscoveryClient.register(DiscoveryClient.java:820)
	at com.netflix.discovery.InstanceInfoReplicator.run(InstanceInfoReplicator.java:121)
	at java.base/java.util.concurrent.Executors$RunnableAdapter.call(Executors.java:572)
	at java.base/java.util.concurrent.FutureTask.run(FutureTask.java:317)
	at java.base/java.util.concurrent.ScheduledThreadPoolExecutor$ScheduledFutureTask.run(ScheduledThreadPoolExecutor.java:304)
	at java.base/java.util.concurrent.ThreadPoolExecutor.runWorker(ThreadPoolExecutor.java:1144)
	at java.base/java.util.concurrent.ThreadPoolExecutor$Worker.run(ThreadPoolExecutor.java:642)
	at java.base/java.lang.Thread.run(Thread.java:1583)
2026-05-02 23:04:19.215 [DiscoveryClient-InstanceInfoReplicator-0] WARN  c.n.discovery.InstanceInfoReplicator - There was a problem with the instance info replicator
com.netflix.discovery.shared.transport.TransportException: Cannot execute request on any known server
	at com.netflix.discovery.shared.transport.decorator.RetryableEurekaHttpClient.execute(RetryableEurekaHttpClient.java:112)
	at com.netflix.discovery.shared.transport.decorator.EurekaHttpClientDecorator.register(EurekaHttpClientDecorator.java:56)
	at com.netflix.discovery.shared.transport.decorator.EurekaHttpClientDecorator$1.execute(EurekaHttpClientDecorator.java:59)
	at com.netflix.discovery.shared.transport.decorator.SessionedEurekaHttpClient.execute(SessionedEurekaHttpClient.java:77)
	at com.netflix.discovery.shared.transport.decorator.EurekaHttpClientDecorator.register(EurekaHttpClientDecorator.java:56)
	at com.netflix.discovery.DiscoveryClient.register(DiscoveryClient.java:820)
	at com.netflix.discovery.InstanceInfoReplicator.run(InstanceInfoReplicator.java:121)
	at java.base/java.util.concurrent.Executors$RunnableAdapter.call(Executors.java:572)
	at java.base/java.util.concurrent.FutureTask.run(FutureTask.java:317)
	at java.base/java.util.concurrent.ScheduledThreadPoolExecutor$ScheduledFutureTask.run(ScheduledThreadPoolExecutor.java:304)
	at java.base/java.util.concurrent.ThreadPoolExecutor.runWorker(ThreadPoolExecutor.java:1144)
	at java.base/java.util.concurrent.ThreadPoolExecutor$Worker.run(ThreadPoolExecutor.java:642)
	at java.base/java.lang.Thread.run(Thread.java:1583)
2026-05-02 23:04:19.360 [DiscoveryClient-CacheRefreshExecutor-0] WARN  c.n.d.s.t.d.RetryableEurekaHttpClient - Request execution failed with message: I/O error on GET request for "http://localhost:8761/eureka/apps/": Connect to http://localhost:8761 [localhost/127.0.0.1, localhost/0:0:0:0:0:0:0:1] failed: Connection refused: getsockopt
2026-05-02 23:04:49.232 [DiscoveryClient-HeartbeatExecutor-0] WARN  c.n.d.s.t.d.RetryableEurekaHttpClient - Request execution failed with message: I/O error on PUT request for "http://localhost:8761/eureka/apps/ORDER-SERVICE/172.21.160.138:order-service:9093": Connect to http://localhost:8761 [localhost/127.0.0.1, localhost/0:0:0:0:0:0:0:1] failed: Connection refused: getsockopt
2026-05-02 23:04:49.233 [DiscoveryClient-HeartbeatExecutor-0] ERROR c.netflix.discovery.DiscoveryClient - DiscoveryClient_ORDER-SERVICE/172.21.160.138:order-service:9093 - was unable to send heartbeat!
com.netflix.discovery.shared.transport.TransportException: Cannot execute request on any known server
	at com.netflix.discovery.shared.transport.decorator.RetryableEurekaHttpClient.execute(RetryableEurekaHttpClient.java:112)
	at com.netflix.discovery.shared.transport.decorator.EurekaHttpClientDecorator.sendHeartBeat(EurekaHttpClientDecorator.java:89)
	at com.netflix.discovery.shared.transport.decorator.EurekaHttpClientDecorator$3.execute(EurekaHttpClientDecorator.java:92)
	at com.netflix.discovery.shared.transport.decorator.SessionedEurekaHttpClient.execute(SessionedEurekaHttpClient.java:77)
	at com.netflix.discovery.shared.transport.decorator.EurekaHttpClientDecorator.sendHeartBeat(EurekaHttpClientDecorator.java:89)
	at com.netflix.discovery.DiscoveryClient.renew(DiscoveryClient.java:837)
	at com.netflix.discovery.DiscoveryClient$HeartbeatThread.run(DiscoveryClient.java:1401)
	at java.base/java.util.concurrent.Executors$RunnableAdapter.call(Executors.java:572)
	at java.base/java.util.concurrent.FutureTask.run(FutureTask.java:317)
	at java.base/java.util.concurrent.ThreadPoolExecutor.runWorker(ThreadPoolExecutor.java:1144)
	at java.base/java.util.concurrent.ThreadPoolExecutor$Worker.run(ThreadPoolExecutor.java:642)
	at java.base/java.lang.Thread.run(Thread.java:1583)
2026-05-02 23:04:49.257 [DiscoveryClient-InstanceInfoReplicator-0] WARN  c.n.d.s.t.d.RetryableEurekaHttpClient - Request execution failed with message: I/O error on POST request for "http://localhost:8761/eureka/apps/ORDER-SERVICE": Connect to http://localhost:8761 [localhost/127.0.0.1, localhost/0:0:0:0:0:0:0:1] failed: Connection refused: getsockopt
2026-05-02 23:04:49.257 [DiscoveryClient-InstanceInfoReplicator-0] WARN  c.netflix.discovery.DiscoveryClient - DiscoveryClient_ORDER-SERVICE/172.21.160.138:order-service:9093 - registration failed Cannot execute request on any known server
com.netflix.discovery.shared.transport.TransportException: Cannot execute request on any known server
	at com.netflix.discovery.shared.transport.decorator.RetryableEurekaHttpClient.execute(RetryableEurekaHttpClient.java:112)
	at com.netflix.discovery.shared.transport.decorator.EurekaHttpClientDecorator.register(EurekaHttpClientDecorator.java:56)
	at com.netflix.discovery.shared.transport.decorator.EurekaHttpClientDecorator$1.execute(EurekaHttpClientDecorator.java:59)
	at com.netflix.discovery.shared.transport.decorator.SessionedEurekaHttpClient.execute(SessionedEurekaHttpClient.java:77)
	at com.netflix.discovery.shared.transport.decorator.EurekaHttpClientDecorator.register(EurekaHttpClientDecorator.java:56)
	at com.netflix.discovery.DiscoveryClient.register(DiscoveryClient.java:820)
	at com.netflix.discovery.InstanceInfoReplicator.run(InstanceInfoReplicator.java:121)
	at java.base/java.util.concurrent.Executors$RunnableAdapter.call(Executors.java:572)
	at java.base/java.util.concurrent.FutureTask.run(FutureTask.java:317)
	at java.base/java.util.concurrent.ScheduledThreadPoolExecutor$ScheduledFutureTask.run(ScheduledThreadPoolExecutor.java:304)
	at java.base/java.util.concurrent.ThreadPoolExecutor.runWorker(ThreadPoolExecutor.java:1144)
	at java.base/java.util.concurrent.ThreadPoolExecutor$Worker.run(ThreadPoolExecutor.java:642)
	at java.base/java.lang.Thread.run(Thread.java:1583)
2026-05-02 23:04:49.258 [DiscoveryClient-InstanceInfoReplicator-0] WARN  c.n.discovery.InstanceInfoReplicator - There was a problem with the instance info replicator
com.netflix.discovery.shared.transport.TransportException: Cannot execute request on any known server
	at com.netflix.discovery.shared.transport.decorator.RetryableEurekaHttpClient.execute(RetryableEurekaHttpClient.java:112)
	at com.netflix.discovery.shared.transport.decorator.EurekaHttpClientDecorator.register(EurekaHttpClientDecorator.java:56)
	at com.netflix.discovery.shared.transport.decorator.EurekaHttpClientDecorator$1.execute(EurekaHttpClientDecorator.java:59)
	at com.netflix.discovery.shared.transport.decorator.SessionedEurekaHttpClient.execute(SessionedEurekaHttpClient.java:77)
	at com.netflix.discovery.shared.transport.decorator.EurekaHttpClientDecorator.register(EurekaHttpClientDecorator.java:56)
	at com.netflix.discovery.DiscoveryClient.register(DiscoveryClient.java:820)
	at com.netflix.discovery.InstanceInfoReplicator.run(InstanceInfoReplicator.java:121)
	at java.base/java.util.concurrent.Executors$RunnableAdapter.call(Executors.java:572)
	at java.base/java.util.concurrent.FutureTask.run(FutureTask.java:317)
	at java.base/java.util.concurrent.ScheduledThreadPoolExecutor$ScheduledFutureTask.run(ScheduledThreadPoolExecutor.java:304)
	at java.base/java.util.concurrent.ThreadPoolExecutor.runWorker(ThreadPoolExecutor.java:1144)
	at java.base/java.util.concurrent.ThreadPoolExecutor$Worker.run(ThreadPoolExecutor.java:642)
	at java.base/java.lang.Thread.run(Thread.java:1583)
2026-05-02 23:04:49.433 [DiscoveryClient-CacheRefreshExecutor-0] WARN  c.n.d.s.t.d.RetryableEurekaHttpClient - Request execution failed with message: I/O error on GET request for "http://localhost:8761/eureka/apps/": Connect to http://localhost:8761 [localhost/127.0.0.1, localhost/0:0:0:0:0:0:0:1] failed: Connection refused: getsockopt
2026-05-02 23:05:19.276 [DiscoveryClient-HeartbeatExecutor-0] WARN  c.n.d.s.t.d.RetryableEurekaHttpClient - Request execution failed with message: I/O error on PUT request for "http://localhost:8761/eureka/apps/ORDER-SERVICE/172.21.160.138:order-service:9093": Connect to http://localhost:8761 [localhost/127.0.0.1, localhost/0:0:0:0:0:0:0:1] failed: Connection refused: getsockopt
2026-05-02 23:05:19.278 [DiscoveryClient-HeartbeatExecutor-0] ERROR c.netflix.discovery.DiscoveryClient - DiscoveryClient_ORDER-SERVICE/172.21.160.138:order-service:9093 - was unable to send heartbeat!
com.netflix.discovery.shared.transport.TransportException: Cannot execute request on any known server
	at com.netflix.discovery.shared.transport.decorator.RetryableEurekaHttpClient.execute(RetryableEurekaHttpClient.java:112)
	at com.netflix.discovery.shared.transport.decorator.EurekaHttpClientDecorator.sendHeartBeat(EurekaHttpClientDecorator.java:89)
	at com.netflix.discovery.shared.transport.decorator.EurekaHttpClientDecorator$3.execute(EurekaHttpClientDecorator.java:92)
	at com.netflix.discovery.shared.transport.decorator.SessionedEurekaHttpClient.execute(SessionedEurekaHttpClient.java:77)
	at com.netflix.discovery.shared.transport.decorator.EurekaHttpClientDecorator.sendHeartBeat(EurekaHttpClientDecorator.java:89)
	at com.netflix.discovery.DiscoveryClient.renew(DiscoveryClient.java:837)
	at com.netflix.discovery.DiscoveryClient$HeartbeatThread.run(DiscoveryClient.java:1401)
	at java.base/java.util.concurrent.Executors$RunnableAdapter.call(Executors.java:572)
	at java.base/java.util.concurrent.FutureTask.run(FutureTask.java:317)
	at java.base/java.util.concurrent.ThreadPoolExecutor.runWorker(ThreadPoolExecutor.java:1144)
	at java.base/java.util.concurrent.ThreadPoolExecutor$Worker.run(ThreadPoolExecutor.java:642)
	at java.base/java.lang.Thread.run(Thread.java:1583)
2026-05-02 23:05:19.299 [DiscoveryClient-InstanceInfoReplicator-0] WARN  c.n.d.s.t.d.RetryableEurekaHttpClient - Request execution failed with message: I/O error on POST request for "http://localhost:8761/eureka/apps/ORDER-SERVICE": Connect to http://localhost:8761 [localhost/127.0.0.1, localhost/0:0:0:0:0:0:0:1] failed: Connection refused: getsockopt
2026-05-02 23:05:19.302 [DiscoveryClient-InstanceInfoReplicator-0] WARN  c.netflix.discovery.DiscoveryClient - DiscoveryClient_ORDER-SERVICE/172.21.160.138:order-service:9093 - registration failed Cannot execute request on any known server
com.netflix.discovery.shared.transport.TransportException: Cannot execute request on any known server
	at com.netflix.discovery.shared.transport.decorator.RetryableEurekaHttpClient.execute(RetryableEurekaHttpClient.java:112)
	at com.netflix.discovery.shared.transport.decorator.EurekaHttpClientDecorator.register(EurekaHttpClientDecorator.java:56)
	at com.netflix.discovery.shared.transport.decorator.EurekaHttpClientDecorator$1.execute(EurekaHttpClientDecorator.java:59)
	at com.netflix.discovery.shared.transport.decorator.SessionedEurekaHttpClient.execute(SessionedEurekaHttpClient.java:77)
	at com.netflix.discovery.shared.transport.decorator.EurekaHttpClientDecorator.register(EurekaHttpClientDecorator.java:56)
	at com.netflix.discovery.DiscoveryClient.register(DiscoveryClient.java:820)
	at com.netflix.discovery.InstanceInfoReplicator.run(InstanceInfoReplicator.java:121)
	at java.base/java.util.concurrent.Executors$RunnableAdapter.call(Executors.java:572)
	at java.base/java.util.concurrent.FutureTask.run(FutureTask.java:317)
	at java.base/java.util.concurrent.ScheduledThreadPoolExecutor$ScheduledFutureTask.run(ScheduledThreadPoolExecutor.java:304)
	at java.base/java.util.concurrent.ThreadPoolExecutor.runWorker(ThreadPoolExecutor.java:1144)
	at java.base/java.util.concurrent.ThreadPoolExecutor$Worker.run(ThreadPoolExecutor.java:642)
	at java.base/java.lang.Thread.run(Thread.java:1583)
2026-05-02 23:05:19.302 [DiscoveryClient-InstanceInfoReplicator-0] WARN  c.n.discovery.InstanceInfoReplicator - There was a problem with the instance info replicator
com.netflix.discovery.shared.transport.TransportException: Cannot execute request on any known server
	at com.netflix.discovery.shared.transport.decorator.RetryableEurekaHttpClient.execute(RetryableEurekaHttpClient.java:112)
	at com.netflix.discovery.shared.transport.decorator.EurekaHttpClientDecorator.register(EurekaHttpClientDecorator.java:56)
	at com.netflix.discovery.shared.transport.decorator.EurekaHttpClientDecorator$1.execute(EurekaHttpClientDecorator.java:59)
	at com.netflix.discovery.shared.transport.decorator.SessionedEurekaHttpClient.execute(SessionedEurekaHttpClient.java:77)
	at com.netflix.discovery.shared.transport.decorator.EurekaHttpClientDecorator.register(EurekaHttpClientDecorator.java:56)
	at com.netflix.discovery.DiscoveryClient.register(DiscoveryClient.java:820)
	at com.netflix.discovery.InstanceInfoReplicator.run(InstanceInfoReplicator.java:121)
	at java.base/java.util.concurrent.Executors$RunnableAdapter.call(Executors.java:572)
	at java.base/java.util.concurrent.FutureTask.run(FutureTask.java:317)
	at java.base/java.util.concurrent.ScheduledThreadPoolExecutor$ScheduledFutureTask.run(ScheduledThreadPoolExecutor.java:304)
	at java.base/java.util.concurrent.ThreadPoolExecutor.runWorker(ThreadPoolExecutor.java:1144)
	at java.base/java.util.concurrent.ThreadPoolExecutor$Worker.run(ThreadPoolExecutor.java:642)
	at java.base/java.lang.Thread.run(Thread.java:1583)
2026-05-02 23:05:19.485 [DiscoveryClient-CacheRefreshExecutor-0] WARN  c.n.d.s.t.d.RetryableEurekaHttpClient - Request execution failed with message: I/O error on GET request for "http://localhost:8761/eureka/apps/": Connect to http://localhost:8761 [localhost/127.0.0.1, localhost/0:0:0:0:0:0:0:1] failed: Connection refused: getsockopt
2026-05-02 23:15:49.585 [http-nio-9093-exec-1] INFO  o.a.c.c.C.[Tomcat].[localhost].[/] - Initializing Spring DispatcherServlet 'dispatcherServlet'
2026-05-02 23:15:53.741 [http-nio-9093-exec-1] INFO  c.c.p.o.m.NotificationPublisher - [MQ] Notification published: type=ORDER_PLACED to=sagarpakar777@gmail.com
2026-05-02 23:15:53.937 [http-nio-9093-exec-1] ERROR c.c.p.o.service.OrderService - [STOCK] Failed to decrement stock for medicine id=3 qty=1: Invalid HTTP method: PATCH executing PATCH http://catalog-service/api/catalog/medicines/3/stock?quantity=1
2026-05-02 23:15:53.945 [http-nio-9093-exec-1] ERROR c.c.p.o.service.OrderService - [STOCK] Failed to decrement stock for medicine id=5 qty=1: Invalid HTTP method: PATCH executing PATCH http://catalog-service/api/catalog/medicines/5/stock?quantity=1
2026-05-02 23:21:51.018 [http-nio-9093-exec-4] INFO  c.c.p.o.m.NotificationPublisher - [MQ] Notification published: type=ORDER_PLACED to=sagarpakar777@gmail.com
2026-05-02 23:21:51.776 [http-nio-9093-exec-4] ERROR c.c.p.o.service.OrderService - [STOCK] Failed to decrement stock for medicine id=12 qty=1: Invalid HTTP method: PATCH executing PATCH http://catalog-service/api/catalog/medicines/12/stock?quantity=1
