2026-05-01 00:03:03.833 [main] INFO  c.c.p.n.NotificationServiceApplication - Starting NotificationServiceApplication using Java 17.0.12 with PID 11404 (C:\Users\kammi\OneDrive\Desktop\CapGemini Training\pp2\pharmacy-microservices\notification-service\target\classes started by kammi in C:\Users\kammi\OneDrive\Desktop\CapGemini Training\pp2\pharmacy-microservices\notification-service)
2026-05-01 00:03:03.839 [main] INFO  c.c.p.n.NotificationServiceApplication - No active profile set, falling back to 1 default profile: "default"
2026-05-01 00:03:05.206 [main] WARN  o.s.c.s.PostProcessorRegistrationDelegate$BeanPostProcessorChecker - Bean 'org.springframework.cloud.client.loadbalancer.LoadBalancerAutoConfiguration$DeferringLoadBalancerInterceptorConfig' of type [org.springframework.cloud.client.loadbalancer.LoadBalancerAutoConfiguration$DeferringLoadBalancerInterceptorConfig] is not eligible for getting processed by all BeanPostProcessors (for example: not eligible for auto-proxying). The currently created BeanPostProcessor [lbRestClientPostProcessor] is declared through a non-static factory method on that class; consider declaring it as static instead.
2026-05-01 00:03:05.207 [main] WARN  o.s.c.s.PostProcessorRegistrationDelegate$BeanPostProcessorChecker - Bean 'deferringLoadBalancerInterceptor' of type [org.springframework.cloud.client.loadbalancer.DeferringLoadBalancerInterceptor] is not eligible for getting processed by all BeanPostProcessors (for example: not eligible for auto-proxying). Is this bean getting eagerly injected into a currently created BeanPostProcessor [lbRestClientPostProcessor]? Check the corresponding BeanPostProcessor declaration and its dependencies.
2026-05-01 00:03:05.456 [main] INFO  o.a.coyote.http11.Http11NioProtocol - Initializing ProtocolHandler ["http-nio-9096"]
2026-05-01 00:03:05.458 [main] INFO  o.a.catalina.core.StandardService - Starting service [Tomcat]
2026-05-01 00:03:05.458 [main] INFO  o.a.catalina.core.StandardEngine - Starting Servlet engine: [Apache Tomcat/10.1.20]
2026-05-01 00:03:05.552 [main] INFO  o.a.c.c.C.[Tomcat].[localhost].[/] - Initializing Spring embedded WebApplicationContext
2026-05-01 00:03:06.290 [main] WARN  o.s.b.a.s.s.UserDetailsServiceAutoConfiguration - 

Using generated security password: e41d4910-2186-48ca-912a-fa8095d16838

This generated password is for development use only. Your security configuration must be updated before running your application in production.

2026-05-01 00:03:09.519 [main] WARN  o.s.c.l.c.LoadBalancerCacheAutoConfiguration$LoadBalancerCaffeineWarnLogger - Spring Cloud LoadBalancer is currently working with the default cache. While this cache implementation is useful for development and tests, it's recommended to use Caffeine cache in production.You can switch to using Caffeine cache, by adding it and org.springframework.cache.caffeine.CaffeineCacheManager to the classpath.
2026-05-01 00:03:09.860 [main] INFO  o.a.coyote.http11.Http11NioProtocol - Starting ProtocolHandler ["http-nio-9096"]
2026-05-01 00:03:11.639 [main] INFO  c.c.p.n.NotificationServiceApplication - Started NotificationServiceApplication in 9.559 seconds (process running for 10.144)
2026-05-01 00:03:11.920 [RMI TCP Connection(6)-127.0.0.1] INFO  o.a.c.c.C.[Tomcat].[localhost].[/] - Initializing Spring DispatcherServlet 'dispatcherServlet'
2026-05-01 00:14:17.577 [org.springframework.amqp.rabbit.RabbitListenerEndpointContainer#0-1] INFO  c.c.p.n.l.NotificationListener - [NOTIFICATION] type=ORDER_PLACED to=john@pharmacy.com subject=Order Placed - #5
2026-05-01 00:14:17.582 [org.springframework.amqp.rabbit.RabbitListenerEndpointContainer#0-1] INFO  c.c.p.n.l.NotificationListener - [NOTIFICATION] message=Your order #5 has been placed. Total: Rs.60.00
2026-05-01 00:54:35.825 [RMI TCP Connection(63)-127.0.0.1] INFO  o.a.coyote.http11.Http11NioProtocol - Stopping ProtocolHandler ["http-nio-9096"]
2026-05-01 00:54:39.295 [RMI TCP Connection(63)-127.0.0.1] WARN  c.n.d.s.t.d.RetryableEurekaHttpClient - Request execution failed with message: Connection pool shut down
2026-05-01 00:54:39.303 [RMI TCP Connection(63)-127.0.0.1] WARN  c.n.d.s.t.d.RetryableEurekaHttpClient - Request execution failed with message: Connection pool shut down
2026-05-01 00:54:39.303 [RMI TCP Connection(63)-127.0.0.1] ERROR c.netflix.discovery.DiscoveryClient - DiscoveryClient_NOTIFICATION-SERVICE/localhost:notification-service:9096 - de-registration failedCannot execute request on any known server
com.netflix.discovery.shared.transport.TransportException: Cannot execute request on any known server
	at com.netflix.discovery.shared.transport.decorator.RetryableEurekaHttpClient.execute(RetryableEurekaHttpClient.java:112)
	at com.netflix.discovery.shared.transport.decorator.EurekaHttpClientDecorator.cancel(EurekaHttpClientDecorator.java:71)
	at com.netflix.discovery.shared.transport.decorator.EurekaHttpClientDecorator$2.execute(EurekaHttpClientDecorator.java:74)
	at com.netflix.discovery.shared.transport.decorator.SessionedEurekaHttpClient.execute(SessionedEurekaHttpClient.java:77)
	at com.netflix.discovery.shared.transport.decorator.EurekaHttpClientDecorator.cancel(EurekaHttpClientDecorator.java:71)
	at com.netflix.discovery.DiscoveryClient.unregister(DiscoveryClient.java:916)
	at com.netflix.discovery.DiscoveryClient.shutdown(DiscoveryClient.java:892)
	at java.base/jdk.internal.reflect.NativeMethodAccessorImpl.invoke0(Native Method)
	at java.base/jdk.internal.reflect.NativeMethodAccessorImpl.invoke(NativeMethodAccessorImpl.java:77)
	at java.base/jdk.internal.reflect.DelegatingMethodAccessorImpl.invoke(DelegatingMethodAccessorImpl.java:43)
	at java.base/java.lang.reflect.Method.invoke(Method.java:568)
	at org.springframework.beans.factory.annotation.InitDestroyAnnotationBeanPostProcessor$LifecycleMethod.invoke(InitDestroyAnnotationBeanPostProcessor.java:457)
	at org.springframework.beans.factory.annotation.InitDestroyAnnotationBeanPostProcessor$LifecycleMetadata.invokeDestroyMethods(InitDestroyAnnotationBeanPostProcessor.java:415)
	at org.springframework.beans.factory.annotation.InitDestroyAnnotationBeanPostProcessor.postProcessBeforeDestruction(InitDestroyAnnotationBeanPostProcessor.java:239)
	at org.springframework.beans.factory.support.DisposableBeanAdapter.destroy(DisposableBeanAdapter.java:202)
	at org.springframework.beans.factory.support.DisposableBeanAdapter.run(DisposableBeanAdapter.java:195)
	at org.springframework.cloud.context.scope.GenericScope$BeanLifecycleWrapper.destroy(GenericScope.java:389)
	at org.springframework.cloud.context.scope.GenericScope.destroy(GenericScope.java:136)
	at org.springframework.beans.factory.support.DisposableBeanAdapter.destroy(DisposableBeanAdapter.java:211)
	at org.springframework.beans.factory.support.DefaultSingletonBeanRegistry.destroyBean(DefaultSingletonBeanRegistry.java:587)
	at org.springframework.beans.factory.support.DefaultSingletonBeanRegistry.destroySingleton(DefaultSingletonBeanRegistry.java:559)
	at org.springframework.beans.factory.support.DefaultListableBeanFactory.destroySingleton(DefaultListableBeanFactory.java:1202)
	at org.springframework.beans.factory.support.DefaultSingletonBeanRegistry.destroySingletons(DefaultSingletonBeanRegistry.java:520)
	at org.springframework.beans.factory.support.DefaultListableBeanFactory.destroySingletons(DefaultListableBeanFactory.java:1195)
	at org.springframework.context.support.AbstractApplicationContext.destroyBeans(AbstractApplicationContext.java:1186)
	at org.springframework.context.support.AbstractApplicationContext.doClose(AbstractApplicationContext.java:1147)
	at org.springframework.boot.web.servlet.context.ServletWebServerApplicationContext.doClose(ServletWebServerApplicationContext.java:174)
	at org.springframework.context.support.AbstractApplicationContext.close(AbstractApplicationContext.java:1093)
	at org.springframework.boot.admin.SpringApplicationAdminMXBeanRegistrar$SpringApplicationAdmin.shutdown(SpringApplicationAdminMXBeanRegistrar.java:160)
	at java.base/jdk.internal.reflect.NativeMethodAccessorImpl.invoke0(Native Method)
	at java.base/jdk.internal.reflect.NativeMethodAccessorImpl.invoke(NativeMethodAccessorImpl.java:77)
	at java.base/jdk.internal.reflect.DelegatingMethodAccessorImpl.invoke(DelegatingMethodAccessorImpl.java:43)
	at java.base/java.lang.reflect.Method.invoke(Method.java:568)
	at sun.reflect.misc.Trampoline.invoke(MethodUtil.java:72)
	at java.base/jdk.internal.reflect.NativeMethodAccessorImpl.invoke0(Native Method)
	at java.base/jdk.internal.reflect.NativeMethodAccessorImpl.invoke(NativeMethodAccessorImpl.java:77)
	at java.base/jdk.internal.reflect.DelegatingMethodAccessorImpl.invoke(DelegatingMethodAccessorImpl.java:43)
	at java.base/java.lang.reflect.Method.invoke(Method.java:568)
	at java.base/sun.reflect.misc.MethodUtil.invoke(MethodUtil.java:262)
	at java.management/com.sun.jmx.mbeanserver.ConvertingMethod.invokeWithOpenReturn(ConvertingMethod.java:193)
	at java.management/com.sun.jmx.mbeanserver.ConvertingMethod.invokeWithOpenReturn(ConvertingMethod.java:175)
	at java.management/com.sun.jmx.mbeanserver.MXBeanIntrospector.invokeM2(MXBeanIntrospector.java:117)
	at java.management/com.sun.jmx.mbeanserver.MXBeanIntrospector.invokeM2(MXBeanIntrospector.java:54)
	at java.management/com.sun.jmx.mbeanserver.MBeanIntrospector.invokeM(MBeanIntrospector.java:237)
	at java.management/com.sun.jmx.mbeanserver.PerInterface.invoke(PerInterface.java:138)
	at java.management/com.sun.jmx.mbeanserver.MBeanSupport.invoke(MBeanSupport.java:252)
	at java.management/com.sun.jmx.interceptor.DefaultMBeanServerInterceptor.invoke(DefaultMBeanServerInterceptor.java:814)
	at java.management/com.sun.jmx.mbeanserver.JmxMBeanServer.invoke(JmxMBeanServer.java:802)
	at java.management.rmi/javax.management.remote.rmi.RMIConnectionImpl.doOperation(RMIConnectionImpl.java:1472)
	at java.management.rmi/javax.management.remote.rmi.RMIConnectionImpl$PrivilegedOperation.run(RMIConnectionImpl.java:1310)
	at java.management.rmi/javax.management.remote.rmi.RMIConnectionImpl.doPrivilegedOperation(RMIConnectionImpl.java:1405)
	at java.management.rmi/javax.management.remote.rmi.RMIConnectionImpl.invoke(RMIConnectionImpl.java:829)
	at java.base/jdk.internal.reflect.NativeMethodAccessorImpl.invoke0(Native Method)
	at java.base/jdk.internal.reflect.NativeMethodAccessorImpl.invoke(NativeMethodAccessorImpl.java:77)
	at java.base/jdk.internal.reflect.DelegatingMethodAccessorImpl.invoke(DelegatingMethodAccessorImpl.java:43)
	at java.base/java.lang.reflect.Method.invoke(Method.java:568)
	at java.rmi/sun.rmi.server.UnicastServerRef.dispatch(UnicastServerRef.java:360)
	at java.rmi/sun.rmi.transport.Transport$1.run(Transport.java:200)
	at java.rmi/sun.rmi.transport.Transport$1.run(Transport.java:197)
	at java.base/java.security.AccessController.doPrivileged(AccessController.java:712)
	at java.rmi/sun.rmi.transport.Transport.serviceCall(Transport.java:196)
	at java.rmi/sun.rmi.transport.tcp.TCPTransport.handleMessages(TCPTransport.java:587)
	at java.rmi/sun.rmi.transport.tcp.TCPTransport$ConnectionHandler.run0(TCPTransport.java:828)
	at java.rmi/sun.rmi.transport.tcp.TCPTransport$ConnectionHandler.lambda$run$0(TCPTransport.java:705)
	at java.base/java.security.AccessController.doPrivileged(AccessController.java:399)
	at java.rmi/sun.rmi.transport.tcp.TCPTransport$ConnectionHandler.run(TCPTransport.java:704)
	at java.base/java.util.concurrent.ThreadPoolExecutor.runWorker(ThreadPoolExecutor.java:1136)
	at java.base/java.util.concurrent.ThreadPoolExecutor$Worker.run(ThreadPoolExecutor.java:635)
	at java.base/java.lang.Thread.run(Thread.java:842)
2026-05-01 00:54:57.348 [main] INFO  c.c.p.n.NotificationServiceApplication - Starting NotificationServiceApplication using Java 17.0.12 with PID 24180 (C:\Users\kammi\OneDrive\Desktop\CapGemini Training\pp2\pharmacy-microservices\notification-service\target\classes started by kammi in C:\Users\kammi\OneDrive\Desktop\CapGemini Training\pp2\pharmacy-microservices\notification-service)
2026-05-01 00:54:57.352 [main] INFO  c.c.p.n.NotificationServiceApplication - No active profile set, falling back to 1 default profile: "default"
2026-05-01 00:54:59.206 [main] WARN  o.s.c.s.PostProcessorRegistrationDelegate$BeanPostProcessorChecker - Bean 'org.springframework.cloud.client.loadbalancer.LoadBalancerAutoConfiguration$DeferringLoadBalancerInterceptorConfig' of type [org.springframework.cloud.client.loadbalancer.LoadBalancerAutoConfiguration$DeferringLoadBalancerInterceptorConfig] is not eligible for getting processed by all BeanPostProcessors (for example: not eligible for auto-proxying). The currently created BeanPostProcessor [lbRestClientPostProcessor] is declared through a non-static factory method on that class; consider declaring it as static instead.
2026-05-01 00:54:59.209 [main] WARN  o.s.c.s.PostProcessorRegistrationDelegate$BeanPostProcessorChecker - Bean 'deferringLoadBalancerInterceptor' of type [org.springframework.cloud.client.loadbalancer.DeferringLoadBalancerInterceptor] is not eligible for getting processed by all BeanPostProcessors (for example: not eligible for auto-proxying). Is this bean getting eagerly injected into a currently created BeanPostProcessor [lbRestClientPostProcessor]? Check the corresponding BeanPostProcessor declaration and its dependencies.
2026-05-01 00:54:59.552 [main] INFO  o.a.coyote.http11.Http11NioProtocol - Initializing ProtocolHandler ["http-nio-9096"]
2026-05-01 00:54:59.555 [main] INFO  o.a.catalina.core.StandardService - Starting service [Tomcat]
2026-05-01 00:54:59.555 [main] INFO  o.a.catalina.core.StandardEngine - Starting Servlet engine: [Apache Tomcat/10.1.20]
2026-05-01 00:54:59.666 [main] INFO  o.a.c.c.C.[Tomcat].[localhost].[/] - Initializing Spring embedded WebApplicationContext
2026-05-01 00:55:00.857 [main] WARN  o.s.b.a.s.s.UserDetailsServiceAutoConfiguration - 

Using generated security password: 08e2e0f0-123d-486c-9a72-c83343245fd4

This generated password is for development use only. Your security configuration must be updated before running your application in production.

2026-05-01 00:55:04.340 [main] WARN  o.s.c.l.c.LoadBalancerCacheAutoConfiguration$LoadBalancerCaffeineWarnLogger - Spring Cloud LoadBalancer is currently working with the default cache. While this cache implementation is useful for development and tests, it's recommended to use Caffeine cache in production.You can switch to using Caffeine cache, by adding it and org.springframework.cache.caffeine.CaffeineCacheManager to the classpath.
2026-05-01 00:55:04.860 [main] INFO  o.a.coyote.http11.Http11NioProtocol - Starting ProtocolHandler ["http-nio-9096"]
2026-05-01 00:55:06.343 [main] INFO  c.c.p.n.NotificationServiceApplication - Started NotificationServiceApplication in 11.047 seconds (process running for 12.064)
2026-05-01 00:55:06.913 [RMI TCP Connection(10)-127.0.0.1] INFO  o.a.c.c.C.[Tomcat].[localhost].[/] - Initializing Spring DispatcherServlet 'dispatcherServlet'
2026-05-01 01:08:36.558 [RMI TCP Connection(23)-127.0.0.1] INFO  o.a.coyote.http11.Http11NioProtocol - Stopping ProtocolHandler ["http-nio-9096"]
2026-05-01 01:08:40.609 [RMI TCP Connection(23)-127.0.0.1] WARN  c.n.d.s.t.d.RetryableEurekaHttpClient - Request execution failed with message: Connection pool shut down
2026-05-01 01:08:40.619 [RMI TCP Connection(23)-127.0.0.1] WARN  c.n.d.s.t.d.RetryableEurekaHttpClient - Request execution failed with message: Connection pool shut down
2026-05-01 01:08:40.620 [RMI TCP Connection(23)-127.0.0.1] ERROR c.netflix.discovery.DiscoveryClient - DiscoveryClient_NOTIFICATION-SERVICE/localhost:notification-service:9096 - de-registration failedCannot execute request on any known server
com.netflix.discovery.shared.transport.TransportException: Cannot execute request on any known server
	at com.netflix.discovery.shared.transport.decorator.RetryableEurekaHttpClient.execute(RetryableEurekaHttpClient.java:112)
	at com.netflix.discovery.shared.transport.decorator.EurekaHttpClientDecorator.cancel(EurekaHttpClientDecorator.java:71)
	at com.netflix.discovery.shared.transport.decorator.EurekaHttpClientDecorator$2.execute(EurekaHttpClientDecorator.java:74)
	at com.netflix.discovery.shared.transport.decorator.SessionedEurekaHttpClient.execute(SessionedEurekaHttpClient.java:77)
	at com.netflix.discovery.shared.transport.decorator.EurekaHttpClientDecorator.cancel(EurekaHttpClientDecorator.java:71)
	at com.netflix.discovery.DiscoveryClient.unregister(DiscoveryClient.java:916)
	at com.netflix.discovery.DiscoveryClient.shutdown(DiscoveryClient.java:892)
	at java.base/jdk.internal.reflect.NativeMethodAccessorImpl.invoke0(Native Method)
	at java.base/jdk.internal.reflect.NativeMethodAccessorImpl.invoke(NativeMethodAccessorImpl.java:77)
	at java.base/jdk.internal.reflect.DelegatingMethodAccessorImpl.invoke(DelegatingMethodAccessorImpl.java:43)
	at java.base/java.lang.reflect.Method.invoke(Method.java:568)
	at org.springframework.beans.factory.annotation.InitDestroyAnnotationBeanPostProcessor$LifecycleMethod.invoke(InitDestroyAnnotationBeanPostProcessor.java:457)
	at org.springframework.beans.factory.annotation.InitDestroyAnnotationBeanPostProcessor$LifecycleMetadata.invokeDestroyMethods(InitDestroyAnnotationBeanPostProcessor.java:415)
	at org.springframework.beans.factory.annotation.InitDestroyAnnotationBeanPostProcessor.postProcessBeforeDestruction(InitDestroyAnnotationBeanPostProcessor.java:239)
	at org.springframework.beans.factory.support.DisposableBeanAdapter.destroy(DisposableBeanAdapter.java:202)
	at org.springframework.beans.factory.support.DisposableBeanAdapter.run(DisposableBeanAdapter.java:195)
	at org.springframework.cloud.context.scope.GenericScope$BeanLifecycleWrapper.destroy(GenericScope.java:389)
	at org.springframework.cloud.context.scope.GenericScope.destroy(GenericScope.java:136)
	at org.springframework.beans.factory.support.DisposableBeanAdapter.destroy(DisposableBeanAdapter.java:211)
	at org.springframework.beans.factory.support.DefaultSingletonBeanRegistry.destroyBean(DefaultSingletonBeanRegistry.java:587)
	at org.springframework.beans.factory.support.DefaultSingletonBeanRegistry.destroySingleton(DefaultSingletonBeanRegistry.java:559)
	at org.springframework.beans.factory.support.DefaultListableBeanFactory.destroySingleton(DefaultListableBeanFactory.java:1202)
	at org.springframework.beans.factory.support.DefaultSingletonBeanRegistry.destroySingletons(DefaultSingletonBeanRegistry.java:520)
	at org.springframework.beans.factory.support.DefaultListableBeanFactory.destroySingletons(DefaultListableBeanFactory.java:1195)
	at org.springframework.context.support.AbstractApplicationContext.destroyBeans(AbstractApplicationContext.java:1186)
	at org.springframework.context.support.AbstractApplicationContext.doClose(AbstractApplicationContext.java:1147)
	at org.springframework.boot.web.servlet.context.ServletWebServerApplicationContext.doClose(ServletWebServerApplicationContext.java:174)
	at org.springframework.context.support.AbstractApplicationContext.close(AbstractApplicationContext.java:1093)
	at org.springframework.boot.admin.SpringApplicationAdminMXBeanRegistrar$SpringApplicationAdmin.shutdown(SpringApplicationAdminMXBeanRegistrar.java:160)
	at java.base/jdk.internal.reflect.NativeMethodAccessorImpl.invoke0(Native Method)
	at java.base/jdk.internal.reflect.NativeMethodAccessorImpl.invoke(NativeMethodAccessorImpl.java:77)
	at java.base/jdk.internal.reflect.DelegatingMethodAccessorImpl.invoke(DelegatingMethodAccessorImpl.java:43)
	at java.base/java.lang.reflect.Method.invoke(Method.java:568)
	at sun.reflect.misc.Trampoline.invoke(MethodUtil.java:72)
	at java.base/jdk.internal.reflect.NativeMethodAccessorImpl.invoke0(Native Method)
	at java.base/jdk.internal.reflect.NativeMethodAccessorImpl.invoke(NativeMethodAccessorImpl.java:77)
	at java.base/jdk.internal.reflect.DelegatingMethodAccessorImpl.invoke(DelegatingMethodAccessorImpl.java:43)
	at java.base/java.lang.reflect.Method.invoke(Method.java:568)
	at java.base/sun.reflect.misc.MethodUtil.invoke(MethodUtil.java:262)
	at java.management/com.sun.jmx.mbeanserver.ConvertingMethod.invokeWithOpenReturn(ConvertingMethod.java:193)
	at java.management/com.sun.jmx.mbeanserver.ConvertingMethod.invokeWithOpenReturn(ConvertingMethod.java:175)
	at java.management/com.sun.jmx.mbeanserver.MXBeanIntrospector.invokeM2(MXBeanIntrospector.java:117)
	at java.management/com.sun.jmx.mbeanserver.MXBeanIntrospector.invokeM2(MXBeanIntrospector.java:54)
	at java.management/com.sun.jmx.mbeanserver.MBeanIntrospector.invokeM(MBeanIntrospector.java:237)
	at java.management/com.sun.jmx.mbeanserver.PerInterface.invoke(PerInterface.java:138)
	at java.management/com.sun.jmx.mbeanserver.MBeanSupport.invoke(MBeanSupport.java:252)
	at java.management/com.sun.jmx.interceptor.DefaultMBeanServerInterceptor.invoke(DefaultMBeanServerInterceptor.java:814)
	at java.management/com.sun.jmx.mbeanserver.JmxMBeanServer.invoke(JmxMBeanServer.java:802)
	at java.management.rmi/javax.management.remote.rmi.RMIConnectionImpl.doOperation(RMIConnectionImpl.java:1472)
	at java.management.rmi/javax.management.remote.rmi.RMIConnectionImpl$PrivilegedOperation.run(RMIConnectionImpl.java:1310)
	at java.management.rmi/javax.management.remote.rmi.RMIConnectionImpl.doPrivilegedOperation(RMIConnectionImpl.java:1405)
	at java.management.rmi/javax.management.remote.rmi.RMIConnectionImpl.invoke(RMIConnectionImpl.java:829)
	at java.base/jdk.internal.reflect.NativeMethodAccessorImpl.invoke0(Native Method)
	at java.base/jdk.internal.reflect.NativeMethodAccessorImpl.invoke(NativeMethodAccessorImpl.java:77)
	at java.base/jdk.internal.reflect.DelegatingMethodAccessorImpl.invoke(DelegatingMethodAccessorImpl.java:43)
	at java.base/java.lang.reflect.Method.invoke(Method.java:568)
	at java.rmi/sun.rmi.server.UnicastServerRef.dispatch(UnicastServerRef.java:360)
	at java.rmi/sun.rmi.transport.Transport$1.run(Transport.java:200)
	at java.rmi/sun.rmi.transport.Transport$1.run(Transport.java:197)
	at java.base/java.security.AccessController.doPrivileged(AccessController.java:712)
	at java.rmi/sun.rmi.transport.Transport.serviceCall(Transport.java:196)
	at java.rmi/sun.rmi.transport.tcp.TCPTransport.handleMessages(TCPTransport.java:587)
	at java.rmi/sun.rmi.transport.tcp.TCPTransport$ConnectionHandler.run0(TCPTransport.java:828)
	at java.rmi/sun.rmi.transport.tcp.TCPTransport$ConnectionHandler.lambda$run$0(TCPTransport.java:705)
	at java.base/java.security.AccessController.doPrivileged(AccessController.java:399)
	at java.rmi/sun.rmi.transport.tcp.TCPTransport$ConnectionHandler.run(TCPTransport.java:704)
	at java.base/java.util.concurrent.ThreadPoolExecutor.runWorker(ThreadPoolExecutor.java:1136)
	at java.base/java.util.concurrent.ThreadPoolExecutor$Worker.run(ThreadPoolExecutor.java:635)
	at java.base/java.lang.Thread.run(Thread.java:842)
2026-05-01 01:10:50.087 [main] INFO  c.c.p.n.NotificationServiceApplication - Starting NotificationServiceApplication using Java 17.0.12 with PID 22324 (C:\Users\kammi\OneDrive\Desktop\CapGemini Training\pp2\pharmacy-microservices\notification-service\target\classes started by kammi in C:\Users\kammi\OneDrive\Desktop\CapGemini Training\pp2\pharmacy-microservices\notification-service)
2026-05-01 01:10:50.090 [main] INFO  c.c.p.n.NotificationServiceApplication - No active profile set, falling back to 1 default profile: "default"
2026-05-01 01:10:52.144 [main] WARN  o.s.c.s.PostProcessorRegistrationDelegate$BeanPostProcessorChecker - Bean 'org.springframework.cloud.client.loadbalancer.LoadBalancerAutoConfiguration$DeferringLoadBalancerInterceptorConfig' of type [org.springframework.cloud.client.loadbalancer.LoadBalancerAutoConfiguration$DeferringLoadBalancerInterceptorConfig] is not eligible for getting processed by all BeanPostProcessors (for example: not eligible for auto-proxying). The currently created BeanPostProcessor [lbRestClientPostProcessor] is declared through a non-static factory method on that class; consider declaring it as static instead.
2026-05-01 01:10:52.147 [main] WARN  o.s.c.s.PostProcessorRegistrationDelegate$BeanPostProcessorChecker - Bean 'deferringLoadBalancerInterceptor' of type [org.springframework.cloud.client.loadbalancer.DeferringLoadBalancerInterceptor] is not eligible for getting processed by all BeanPostProcessors (for example: not eligible for auto-proxying). Is this bean getting eagerly injected into a currently created BeanPostProcessor [lbRestClientPostProcessor]? Check the corresponding BeanPostProcessor declaration and its dependencies.
2026-05-01 01:10:52.447 [main] INFO  o.a.coyote.http11.Http11NioProtocol - Initializing ProtocolHandler ["http-nio-9096"]
2026-05-01 01:10:52.451 [main] INFO  o.a.catalina.core.StandardService - Starting service [Tomcat]
2026-05-01 01:10:52.452 [main] INFO  o.a.catalina.core.StandardEngine - Starting Servlet engine: [Apache Tomcat/10.1.20]
2026-05-01 01:10:52.598 [main] INFO  o.a.c.c.C.[Tomcat].[localhost].[/] - Initializing Spring embedded WebApplicationContext
2026-05-01 01:10:53.741 [main] WARN  o.s.b.a.s.s.UserDetailsServiceAutoConfiguration - 

Using generated security password: 111b7a4c-d05a-4f06-bf62-17e8b99f3913

This generated password is for development use only. Your security configuration must be updated before running your application in production.

2026-05-01 01:10:57.754 [main] WARN  o.s.c.l.c.LoadBalancerCacheAutoConfiguration$LoadBalancerCaffeineWarnLogger - Spring Cloud LoadBalancer is currently working with the default cache. While this cache implementation is useful for development and tests, it's recommended to use Caffeine cache in production.You can switch to using Caffeine cache, by adding it and org.springframework.cache.caffeine.CaffeineCacheManager to the classpath.
2026-05-01 01:10:58.251 [main] INFO  o.a.coyote.http11.Http11NioProtocol - Starting ProtocolHandler ["http-nio-9096"]
2026-05-01 01:10:59.686 [main] INFO  c.c.p.n.NotificationServiceApplication - Started NotificationServiceApplication in 11.822 seconds (process running for 12.704)
2026-05-01 01:10:59.884 [RMI TCP Connection(9)-127.0.0.1] INFO  o.a.c.c.C.[Tomcat].[localhost].[/] - Initializing Spring DispatcherServlet 'dispatcherServlet'
2026-05-01 01:22:50.297 [RMI TCP Connection(21)-127.0.0.1] INFO  o.a.coyote.http11.Http11NioProtocol - Stopping ProtocolHandler ["http-nio-9096"]
2026-05-01 01:22:54.352 [RMI TCP Connection(21)-127.0.0.1] WARN  c.n.d.s.t.d.RetryableEurekaHttpClient - Request execution failed with message: Connection pool shut down
2026-05-01 01:22:54.362 [RMI TCP Connection(21)-127.0.0.1] WARN  c.n.d.s.t.d.RetryableEurekaHttpClient - Request execution failed with message: Connection pool shut down
2026-05-01 01:22:54.362 [RMI TCP Connection(21)-127.0.0.1] ERROR c.netflix.discovery.DiscoveryClient - DiscoveryClient_NOTIFICATION-SERVICE/localhost:notification-service:9096 - de-registration failedCannot execute request on any known server
com.netflix.discovery.shared.transport.TransportException: Cannot execute request on any known server
	at com.netflix.discovery.shared.transport.decorator.RetryableEurekaHttpClient.execute(RetryableEurekaHttpClient.java:112)
	at com.netflix.discovery.shared.transport.decorator.EurekaHttpClientDecorator.cancel(EurekaHttpClientDecorator.java:71)
	at com.netflix.discovery.shared.transport.decorator.EurekaHttpClientDecorator$2.execute(EurekaHttpClientDecorator.java:74)
	at com.netflix.discovery.shared.transport.decorator.SessionedEurekaHttpClient.execute(SessionedEurekaHttpClient.java:77)
	at com.netflix.discovery.shared.transport.decorator.EurekaHttpClientDecorator.cancel(EurekaHttpClientDecorator.java:71)
	at com.netflix.discovery.DiscoveryClient.unregister(DiscoveryClient.java:916)
	at com.netflix.discovery.DiscoveryClient.shutdown(DiscoveryClient.java:892)
	at java.base/jdk.internal.reflect.NativeMethodAccessorImpl.invoke0(Native Method)
	at java.base/jdk.internal.reflect.NativeMethodAccessorImpl.invoke(NativeMethodAccessorImpl.java:77)
	at java.base/jdk.internal.reflect.DelegatingMethodAccessorImpl.invoke(DelegatingMethodAccessorImpl.java:43)
	at java.base/java.lang.reflect.Method.invoke(Method.java:568)
	at org.springframework.beans.factory.annotation.InitDestroyAnnotationBeanPostProcessor$LifecycleMethod.invoke(InitDestroyAnnotationBeanPostProcessor.java:457)
	at org.springframework.beans.factory.annotation.InitDestroyAnnotationBeanPostProcessor$LifecycleMetadata.invokeDestroyMethods(InitDestroyAnnotationBeanPostProcessor.java:415)
	at org.springframework.beans.factory.annotation.InitDestroyAnnotationBeanPostProcessor.postProcessBeforeDestruction(InitDestroyAnnotationBeanPostProcessor.java:239)
	at org.springframework.beans.factory.support.DisposableBeanAdapter.destroy(DisposableBeanAdapter.java:202)
	at org.springframework.beans.factory.support.DisposableBeanAdapter.run(DisposableBeanAdapter.java:195)
	at org.springframework.cloud.context.scope.GenericScope$BeanLifecycleWrapper.destroy(GenericScope.java:389)
	at org.springframework.cloud.context.scope.GenericScope.destroy(GenericScope.java:136)
	at org.springframework.beans.factory.support.DisposableBeanAdapter.destroy(DisposableBeanAdapter.java:211)
	at org.springframework.beans.factory.support.DefaultSingletonBeanRegistry.destroyBean(DefaultSingletonBeanRegistry.java:587)
	at org.springframework.beans.factory.support.DefaultSingletonBeanRegistry.destroySingleton(DefaultSingletonBeanRegistry.java:559)
	at org.springframework.beans.factory.support.DefaultListableBeanFactory.destroySingleton(DefaultListableBeanFactory.java:1202)
	at org.springframework.beans.factory.support.DefaultSingletonBeanRegistry.destroySingletons(DefaultSingletonBeanRegistry.java:520)
	at org.springframework.beans.factory.support.DefaultListableBeanFactory.destroySingletons(DefaultListableBeanFactory.java:1195)
	at org.springframework.context.support.AbstractApplicationContext.destroyBeans(AbstractApplicationContext.java:1186)
	at org.springframework.context.support.AbstractApplicationContext.doClose(AbstractApplicationContext.java:1147)
	at org.springframework.boot.web.servlet.context.ServletWebServerApplicationContext.doClose(ServletWebServerApplicationContext.java:174)
	at org.springframework.context.support.AbstractApplicationContext.close(AbstractApplicationContext.java:1093)
	at org.springframework.boot.admin.SpringApplicationAdminMXBeanRegistrar$SpringApplicationAdmin.shutdown(SpringApplicationAdminMXBeanRegistrar.java:160)
	at java.base/jdk.internal.reflect.NativeMethodAccessorImpl.invoke0(Native Method)
	at java.base/jdk.internal.reflect.NativeMethodAccessorImpl.invoke(NativeMethodAccessorImpl.java:77)
	at java.base/jdk.internal.reflect.DelegatingMethodAccessorImpl.invoke(DelegatingMethodAccessorImpl.java:43)
	at java.base/java.lang.reflect.Method.invoke(Method.java:568)
	at sun.reflect.misc.Trampoline.invoke(MethodUtil.java:72)
	at java.base/jdk.internal.reflect.NativeMethodAccessorImpl.invoke0(Native Method)
	at java.base/jdk.internal.reflect.NativeMethodAccessorImpl.invoke(NativeMethodAccessorImpl.java:77)
	at java.base/jdk.internal.reflect.DelegatingMethodAccessorImpl.invoke(DelegatingMethodAccessorImpl.java:43)
	at java.base/java.lang.reflect.Method.invoke(Method.java:568)
	at java.base/sun.reflect.misc.MethodUtil.invoke(MethodUtil.java:262)
	at java.management/com.sun.jmx.mbeanserver.ConvertingMethod.invokeWithOpenReturn(ConvertingMethod.java:193)
	at java.management/com.sun.jmx.mbeanserver.ConvertingMethod.invokeWithOpenReturn(ConvertingMethod.java:175)
	at java.management/com.sun.jmx.mbeanserver.MXBeanIntrospector.invokeM2(MXBeanIntrospector.java:117)
	at java.management/com.sun.jmx.mbeanserver.MXBeanIntrospector.invokeM2(MXBeanIntrospector.java:54)
	at java.management/com.sun.jmx.mbeanserver.MBeanIntrospector.invokeM(MBeanIntrospector.java:237)
	at java.management/com.sun.jmx.mbeanserver.PerInterface.invoke(PerInterface.java:138)
	at java.management/com.sun.jmx.mbeanserver.MBeanSupport.invoke(MBeanSupport.java:252)
	at java.management/com.sun.jmx.interceptor.DefaultMBeanServerInterceptor.invoke(DefaultMBeanServerInterceptor.java:814)
	at java.management/com.sun.jmx.mbeanserver.JmxMBeanServer.invoke(JmxMBeanServer.java:802)
	at java.management.rmi/javax.management.remote.rmi.RMIConnectionImpl.doOperation(RMIConnectionImpl.java:1472)
	at java.management.rmi/javax.management.remote.rmi.RMIConnectionImpl$PrivilegedOperation.run(RMIConnectionImpl.java:1310)
	at java.management.rmi/javax.management.remote.rmi.RMIConnectionImpl.doPrivilegedOperation(RMIConnectionImpl.java:1405)
	at java.management.rmi/javax.management.remote.rmi.RMIConnectionImpl.invoke(RMIConnectionImpl.java:829)
	at java.base/jdk.internal.reflect.NativeMethodAccessorImpl.invoke0(Native Method)
	at java.base/jdk.internal.reflect.NativeMethodAccessorImpl.invoke(NativeMethodAccessorImpl.java:77)
	at java.base/jdk.internal.reflect.DelegatingMethodAccessorImpl.invoke(DelegatingMethodAccessorImpl.java:43)
	at java.base/java.lang.reflect.Method.invoke(Method.java:568)
	at java.rmi/sun.rmi.server.UnicastServerRef.dispatch(UnicastServerRef.java:360)
	at java.rmi/sun.rmi.transport.Transport$1.run(Transport.java:200)
	at java.rmi/sun.rmi.transport.Transport$1.run(Transport.java:197)
	at java.base/java.security.AccessController.doPrivileged(AccessController.java:712)
	at java.rmi/sun.rmi.transport.Transport.serviceCall(Transport.java:196)
	at java.rmi/sun.rmi.transport.tcp.TCPTransport.handleMessages(TCPTransport.java:587)
	at java.rmi/sun.rmi.transport.tcp.TCPTransport$ConnectionHandler.run0(TCPTransport.java:828)
	at java.rmi/sun.rmi.transport.tcp.TCPTransport$ConnectionHandler.lambda$run$0(TCPTransport.java:705)
	at java.base/java.security.AccessController.doPrivileged(AccessController.java:399)
	at java.rmi/sun.rmi.transport.tcp.TCPTransport$ConnectionHandler.run(TCPTransport.java:704)
	at java.base/java.util.concurrent.ThreadPoolExecutor.runWorker(ThreadPoolExecutor.java:1136)
	at java.base/java.util.concurrent.ThreadPoolExecutor$Worker.run(ThreadPoolExecutor.java:635)
	at java.base/java.lang.Thread.run(Thread.java:842)
2026-05-01 01:23:12.096 [main] INFO  c.c.p.n.NotificationServiceApplication - Starting NotificationServiceApplication using Java 17.0.12 with PID 28284 (C:\Users\kammi\OneDrive\Desktop\CapGemini Training\pp2\pharmacy-microservices\notification-service\target\classes started by kammi in C:\Users\kammi\OneDrive\Desktop\CapGemini Training\pp2\pharmacy-microservices\notification-service)
2026-05-01 01:23:12.100 [main] INFO  c.c.p.n.NotificationServiceApplication - No active profile set, falling back to 1 default profile: "default"
2026-05-01 01:23:14.230 [main] WARN  o.s.c.s.PostProcessorRegistrationDelegate$BeanPostProcessorChecker - Bean 'org.springframework.cloud.client.loadbalancer.LoadBalancerAutoConfiguration$DeferringLoadBalancerInterceptorConfig' of type [org.springframework.cloud.client.loadbalancer.LoadBalancerAutoConfiguration$DeferringLoadBalancerInterceptorConfig] is not eligible for getting processed by all BeanPostProcessors (for example: not eligible for auto-proxying). The currently created BeanPostProcessor [lbRestClientPostProcessor] is declared through a non-static factory method on that class; consider declaring it as static instead.
2026-05-01 01:23:14.233 [main] WARN  o.s.c.s.PostProcessorRegistrationDelegate$BeanPostProcessorChecker - Bean 'deferringLoadBalancerInterceptor' of type [org.springframework.cloud.client.loadbalancer.DeferringLoadBalancerInterceptor] is not eligible for getting processed by all BeanPostProcessors (for example: not eligible for auto-proxying). Is this bean getting eagerly injected into a currently created BeanPostProcessor [lbRestClientPostProcessor]? Check the corresponding BeanPostProcessor declaration and its dependencies.
2026-05-01 01:23:14.558 [main] INFO  o.a.coyote.http11.Http11NioProtocol - Initializing ProtocolHandler ["http-nio-9096"]
2026-05-01 01:23:14.561 [main] INFO  o.a.catalina.core.StandardService - Starting service [Tomcat]
2026-05-01 01:23:14.561 [main] INFO  o.a.catalina.core.StandardEngine - Starting Servlet engine: [Apache Tomcat/10.1.20]
2026-05-01 01:23:14.652 [main] INFO  o.a.c.c.C.[Tomcat].[localhost].[/] - Initializing Spring embedded WebApplicationContext
2026-05-01 01:23:15.740 [main] WARN  o.s.b.a.s.s.UserDetailsServiceAutoConfiguration - 

Using generated security password: 0a1101c5-7aac-4b0f-97ad-b33ee72b6eae

This generated password is for development use only. Your security configuration must be updated before running your application in production.

2026-05-01 01:23:19.338 [main] WARN  o.s.c.l.c.LoadBalancerCacheAutoConfiguration$LoadBalancerCaffeineWarnLogger - Spring Cloud LoadBalancer is currently working with the default cache. While this cache implementation is useful for development and tests, it's recommended to use Caffeine cache in production.You can switch to using Caffeine cache, by adding it and org.springframework.cache.caffeine.CaffeineCacheManager to the classpath.
2026-05-01 01:23:19.807 [main] INFO  o.a.coyote.http11.Http11NioProtocol - Starting ProtocolHandler ["http-nio-9096"]
2026-05-01 01:23:21.238 [main] INFO  c.c.p.n.NotificationServiceApplication - Started NotificationServiceApplication in 11.232 seconds (process running for 12.001)
2026-05-01 01:23:21.779 [RMI TCP Connection(7)-127.0.0.1] INFO  o.a.c.c.C.[Tomcat].[localhost].[/] - Initializing Spring DispatcherServlet 'dispatcherServlet'
2026-05-01 01:28:24.421 [RMI TCP Connection(15)-127.0.0.1] INFO  o.a.coyote.http11.Http11NioProtocol - Stopping ProtocolHandler ["http-nio-9096"]
2026-05-01 01:28:28.506 [RMI TCP Connection(15)-127.0.0.1] WARN  c.n.d.s.t.d.RetryableEurekaHttpClient - Request execution failed with message: Connection pool shut down
2026-05-01 01:28:28.518 [RMI TCP Connection(15)-127.0.0.1] WARN  c.n.d.s.t.d.RetryableEurekaHttpClient - Request execution failed with message: Connection pool shut down
2026-05-01 01:28:28.519 [RMI TCP Connection(15)-127.0.0.1] ERROR c.netflix.discovery.DiscoveryClient - DiscoveryClient_NOTIFICATION-SERVICE/localhost:notification-service:9096 - de-registration failedCannot execute request on any known server
com.netflix.discovery.shared.transport.TransportException: Cannot execute request on any known server
	at com.netflix.discovery.shared.transport.decorator.RetryableEurekaHttpClient.execute(RetryableEurekaHttpClient.java:112)
	at com.netflix.discovery.shared.transport.decorator.EurekaHttpClientDecorator.cancel(EurekaHttpClientDecorator.java:71)
	at com.netflix.discovery.shared.transport.decorator.EurekaHttpClientDecorator$2.execute(EurekaHttpClientDecorator.java:74)
	at com.netflix.discovery.shared.transport.decorator.SessionedEurekaHttpClient.execute(SessionedEurekaHttpClient.java:77)
	at com.netflix.discovery.shared.transport.decorator.EurekaHttpClientDecorator.cancel(EurekaHttpClientDecorator.java:71)
	at com.netflix.discovery.DiscoveryClient.unregister(DiscoveryClient.java:916)
	at com.netflix.discovery.DiscoveryClient.shutdown(DiscoveryClient.java:892)
	at java.base/jdk.internal.reflect.NativeMethodAccessorImpl.invoke0(Native Method)
	at java.base/jdk.internal.reflect.NativeMethodAccessorImpl.invoke(NativeMethodAccessorImpl.java:77)
	at java.base/jdk.internal.reflect.DelegatingMethodAccessorImpl.invoke(DelegatingMethodAccessorImpl.java:43)
	at java.base/java.lang.reflect.Method.invoke(Method.java:568)
	at org.springframework.beans.factory.annotation.InitDestroyAnnotationBeanPostProcessor$LifecycleMethod.invoke(InitDestroyAnnotationBeanPostProcessor.java:457)
	at org.springframework.beans.factory.annotation.InitDestroyAnnotationBeanPostProcessor$LifecycleMetadata.invokeDestroyMethods(InitDestroyAnnotationBeanPostProcessor.java:415)
	at org.springframework.beans.factory.annotation.InitDestroyAnnotationBeanPostProcessor.postProcessBeforeDestruction(InitDestroyAnnotationBeanPostProcessor.java:239)
	at org.springframework.beans.factory.support.DisposableBeanAdapter.destroy(DisposableBeanAdapter.java:202)
	at org.springframework.beans.factory.support.DisposableBeanAdapter.run(DisposableBeanAdapter.java:195)
	at org.springframework.cloud.context.scope.GenericScope$BeanLifecycleWrapper.destroy(GenericScope.java:389)
	at org.springframework.cloud.context.scope.GenericScope.destroy(GenericScope.java:136)
	at org.springframework.beans.factory.support.DisposableBeanAdapter.destroy(DisposableBeanAdapter.java:211)
	at org.springframework.beans.factory.support.DefaultSingletonBeanRegistry.destroyBean(DefaultSingletonBeanRegistry.java:587)
	at org.springframework.beans.factory.support.DefaultSingletonBeanRegistry.destroySingleton(DefaultSingletonBeanRegistry.java:559)
	at org.springframework.beans.factory.support.DefaultListableBeanFactory.destroySingleton(DefaultListableBeanFactory.java:1202)
	at org.springframework.beans.factory.support.DefaultSingletonBeanRegistry.destroySingletons(DefaultSingletonBeanRegistry.java:520)
	at org.springframework.beans.factory.support.DefaultListableBeanFactory.destroySingletons(DefaultListableBeanFactory.java:1195)
	at org.springframework.context.support.AbstractApplicationContext.destroyBeans(AbstractApplicationContext.java:1186)
	at org.springframework.context.support.AbstractApplicationContext.doClose(AbstractApplicationContext.java:1147)
	at org.springframework.boot.web.servlet.context.ServletWebServerApplicationContext.doClose(ServletWebServerApplicationContext.java:174)
	at org.springframework.context.support.AbstractApplicationContext.close(AbstractApplicationContext.java:1093)
	at org.springframework.boot.admin.SpringApplicationAdminMXBeanRegistrar$SpringApplicationAdmin.shutdown(SpringApplicationAdminMXBeanRegistrar.java:160)
	at java.base/jdk.internal.reflect.NativeMethodAccessorImpl.invoke0(Native Method)
	at java.base/jdk.internal.reflect.NativeMethodAccessorImpl.invoke(NativeMethodAccessorImpl.java:77)
	at java.base/jdk.internal.reflect.DelegatingMethodAccessorImpl.invoke(DelegatingMethodAccessorImpl.java:43)
	at java.base/java.lang.reflect.Method.invoke(Method.java:568)
	at sun.reflect.misc.Trampoline.invoke(MethodUtil.java:72)
	at java.base/jdk.internal.reflect.NativeMethodAccessorImpl.invoke0(Native Method)
	at java.base/jdk.internal.reflect.NativeMethodAccessorImpl.invoke(NativeMethodAccessorImpl.java:77)
	at java.base/jdk.internal.reflect.DelegatingMethodAccessorImpl.invoke(DelegatingMethodAccessorImpl.java:43)
	at java.base/java.lang.reflect.Method.invoke(Method.java:568)
	at java.base/sun.reflect.misc.MethodUtil.invoke(MethodUtil.java:262)
	at java.management/com.sun.jmx.mbeanserver.ConvertingMethod.invokeWithOpenReturn(ConvertingMethod.java:193)
	at java.management/com.sun.jmx.mbeanserver.ConvertingMethod.invokeWithOpenReturn(ConvertingMethod.java:175)
	at java.management/com.sun.jmx.mbeanserver.MXBeanIntrospector.invokeM2(MXBeanIntrospector.java:117)
	at java.management/com.sun.jmx.mbeanserver.MXBeanIntrospector.invokeM2(MXBeanIntrospector.java:54)
	at java.management/com.sun.jmx.mbeanserver.MBeanIntrospector.invokeM(MBeanIntrospector.java:237)
	at java.management/com.sun.jmx.mbeanserver.PerInterface.invoke(PerInterface.java:138)
	at java.management/com.sun.jmx.mbeanserver.MBeanSupport.invoke(MBeanSupport.java:252)
	at java.management/com.sun.jmx.interceptor.DefaultMBeanServerInterceptor.invoke(DefaultMBeanServerInterceptor.java:814)
	at java.management/com.sun.jmx.mbeanserver.JmxMBeanServer.invoke(JmxMBeanServer.java:802)
	at java.management.rmi/javax.management.remote.rmi.RMIConnectionImpl.doOperation(RMIConnectionImpl.java:1472)
	at java.management.rmi/javax.management.remote.rmi.RMIConnectionImpl$PrivilegedOperation.run(RMIConnectionImpl.java:1310)
	at java.management.rmi/javax.management.remote.rmi.RMIConnectionImpl.doPrivilegedOperation(RMIConnectionImpl.java:1405)
	at java.management.rmi/javax.management.remote.rmi.RMIConnectionImpl.invoke(RMIConnectionImpl.java:829)
	at java.base/jdk.internal.reflect.NativeMethodAccessorImpl.invoke0(Native Method)
	at java.base/jdk.internal.reflect.NativeMethodAccessorImpl.invoke(NativeMethodAccessorImpl.java:77)
	at java.base/jdk.internal.reflect.DelegatingMethodAccessorImpl.invoke(DelegatingMethodAccessorImpl.java:43)
	at java.base/java.lang.reflect.Method.invoke(Method.java:568)
	at java.rmi/sun.rmi.server.UnicastServerRef.dispatch(UnicastServerRef.java:360)
	at java.rmi/sun.rmi.transport.Transport$1.run(Transport.java:200)
	at java.rmi/sun.rmi.transport.Transport$1.run(Transport.java:197)
	at java.base/java.security.AccessController.doPrivileged(AccessController.java:712)
	at java.rmi/sun.rmi.transport.Transport.serviceCall(Transport.java:196)
	at java.rmi/sun.rmi.transport.tcp.TCPTransport.handleMessages(TCPTransport.java:587)
	at java.rmi/sun.rmi.transport.tcp.TCPTransport$ConnectionHandler.run0(TCPTransport.java:828)
	at java.rmi/sun.rmi.transport.tcp.TCPTransport$ConnectionHandler.lambda$run$0(TCPTransport.java:705)
	at java.base/java.security.AccessController.doPrivileged(AccessController.java:399)
	at java.rmi/sun.rmi.transport.tcp.TCPTransport$ConnectionHandler.run(TCPTransport.java:704)
	at java.base/java.util.concurrent.ThreadPoolExecutor.runWorker(ThreadPoolExecutor.java:1136)
	at java.base/java.util.concurrent.ThreadPoolExecutor$Worker.run(ThreadPoolExecutor.java:635)
	at java.base/java.lang.Thread.run(Thread.java:842)
2026-05-01 10:48:26.763 [main] INFO  c.c.p.n.NotificationServiceApplication - Starting NotificationServiceApplication using Java 17.0.12 with PID 27892 (C:\Users\kammi\OneDrive\Desktop\CapGemini Training\pp2\pharmacy-microservices\notification-service\target\classes started by kammi in C:\Users\kammi\OneDrive\Desktop\CapGemini Training\pp2\pharmacy-microservices\notification-service)
2026-05-01 10:48:26.779 [main] INFO  c.c.p.n.NotificationServiceApplication - No active profile set, falling back to 1 default profile: "default"
2026-05-01 10:48:28.150 [main] WARN  o.s.c.s.PostProcessorRegistrationDelegate$BeanPostProcessorChecker - Bean 'org.springframework.cloud.client.loadbalancer.LoadBalancerAutoConfiguration$DeferringLoadBalancerInterceptorConfig' of type [org.springframework.cloud.client.loadbalancer.LoadBalancerAutoConfiguration$DeferringLoadBalancerInterceptorConfig] is not eligible for getting processed by all BeanPostProcessors (for example: not eligible for auto-proxying). The currently created BeanPostProcessor [lbRestClientPostProcessor] is declared through a non-static factory method on that class; consider declaring it as static instead.
2026-05-01 10:48:28.152 [main] WARN  o.s.c.s.PostProcessorRegistrationDelegate$BeanPostProcessorChecker - Bean 'deferringLoadBalancerInterceptor' of type [org.springframework.cloud.client.loadbalancer.DeferringLoadBalancerInterceptor] is not eligible for getting processed by all BeanPostProcessors (for example: not eligible for auto-proxying). Is this bean getting eagerly injected into a currently created BeanPostProcessor [lbRestClientPostProcessor]? Check the corresponding BeanPostProcessor declaration and its dependencies.
2026-05-01 10:48:28.349 [main] INFO  o.a.coyote.http11.Http11NioProtocol - Initializing ProtocolHandler ["http-nio-9096"]
2026-05-01 10:48:28.351 [main] INFO  o.a.catalina.core.StandardService - Starting service [Tomcat]
2026-05-01 10:48:28.351 [main] INFO  o.a.catalina.core.StandardEngine - Starting Servlet engine: [Apache Tomcat/10.1.20]
2026-05-01 10:48:28.438 [main] INFO  o.a.c.c.C.[Tomcat].[localhost].[/] - Initializing Spring embedded WebApplicationContext
2026-05-01 10:48:29.172 [main] WARN  o.s.b.a.s.s.UserDetailsServiceAutoConfiguration - 

Using generated security password: a253af6e-4f83-417b-8392-eeb06296e506

This generated password is for development use only. Your security configuration must be updated before running your application in production.

2026-05-01 10:48:32.365 [main] WARN  o.s.c.l.c.LoadBalancerCacheAutoConfiguration$LoadBalancerCaffeineWarnLogger - Spring Cloud LoadBalancer is currently working with the default cache. While this cache implementation is useful for development and tests, it's recommended to use Caffeine cache in production.You can switch to using Caffeine cache, by adding it and org.springframework.cache.caffeine.CaffeineCacheManager to the classpath.
2026-05-01 10:48:32.721 [main] INFO  o.a.coyote.http11.Http11NioProtocol - Starting ProtocolHandler ["http-nio-9096"]
2026-05-01 10:48:34.389 [main] INFO  c.c.p.n.NotificationServiceApplication - Started NotificationServiceApplication in 9.454 seconds (process running for 10.128)
2026-05-01 10:48:34.878 [RMI TCP Connection(5)-127.0.0.1] INFO  o.a.c.c.C.[Tomcat].[localhost].[/] - Initializing Spring DispatcherServlet 'dispatcherServlet'
2026-05-01 10:58:00.982 [org.springframework.amqp.rabbit.RabbitListenerEndpointContainer#0-1] INFO  c.c.p.n.l.NotificationListener - [NOTIFICATION] type=ORDER_PLACED to=john@pharmacy.in subject=Order Placed - #6
2026-05-01 10:58:01.019 [org.springframework.amqp.rabbit.RabbitListenerEndpointContainer#0-1] INFO  c.c.p.n.l.NotificationListener - [NOTIFICATION] message=Your order #6 has been placed. Total: Rs.50.00
2026-05-01 11:27:42.890 [org.springframework.amqp.rabbit.RabbitListenerEndpointContainer#0-1] INFO  c.c.p.n.l.NotificationListener - [NOTIFICATION] type=ORDER_PLACED to=jan@pharmacy.in subject=Order Placed - #7
2026-05-01 11:27:42.902 [org.springframework.amqp.rabbit.RabbitListenerEndpointContainer#0-1] INFO  c.c.p.n.l.NotificationListener - [NOTIFICATION] message=Your order #7 has been placed. Total: Rs.50.00
2026-05-01 11:37:11.712 [RMI TCP Connection(60)-127.0.0.1] INFO  o.a.coyote.http11.Http11NioProtocol - Stopping ProtocolHandler ["http-nio-9096"]
2026-05-01 11:37:15.855 [RMI TCP Connection(60)-127.0.0.1] WARN  c.n.d.s.t.d.RetryableEurekaHttpClient - Request execution failed with message: Connection pool shut down
2026-05-01 11:37:15.868 [RMI TCP Connection(60)-127.0.0.1] WARN  c.n.d.s.t.d.RetryableEurekaHttpClient - Request execution failed with message: Connection pool shut down
2026-05-01 11:37:15.868 [RMI TCP Connection(60)-127.0.0.1] ERROR c.netflix.discovery.DiscoveryClient - DiscoveryClient_NOTIFICATION-SERVICE/localhost:notification-service:9096 - de-registration failedCannot execute request on any known server
com.netflix.discovery.shared.transport.TransportException: Cannot execute request on any known server
	at com.netflix.discovery.shared.transport.decorator.RetryableEurekaHttpClient.execute(RetryableEurekaHttpClient.java:112)
	at com.netflix.discovery.shared.transport.decorator.EurekaHttpClientDecorator.cancel(EurekaHttpClientDecorator.java:71)
	at com.netflix.discovery.shared.transport.decorator.EurekaHttpClientDecorator$2.execute(EurekaHttpClientDecorator.java:74)
	at com.netflix.discovery.shared.transport.decorator.SessionedEurekaHttpClient.execute(SessionedEurekaHttpClient.java:77)
	at com.netflix.discovery.shared.transport.decorator.EurekaHttpClientDecorator.cancel(EurekaHttpClientDecorator.java:71)
	at com.netflix.discovery.DiscoveryClient.unregister(DiscoveryClient.java:916)
	at com.netflix.discovery.DiscoveryClient.shutdown(DiscoveryClient.java:892)
	at java.base/jdk.internal.reflect.NativeMethodAccessorImpl.invoke0(Native Method)
	at java.base/jdk.internal.reflect.NativeMethodAccessorImpl.invoke(NativeMethodAccessorImpl.java:77)
	at java.base/jdk.internal.reflect.DelegatingMethodAccessorImpl.invoke(DelegatingMethodAccessorImpl.java:43)
	at java.base/java.lang.reflect.Method.invoke(Method.java:568)
	at org.springframework.beans.factory.annotation.InitDestroyAnnotationBeanPostProcessor$LifecycleMethod.invoke(InitDestroyAnnotationBeanPostProcessor.java:457)
	at org.springframework.beans.factory.annotation.InitDestroyAnnotationBeanPostProcessor$LifecycleMetadata.invokeDestroyMethods(InitDestroyAnnotationBeanPostProcessor.java:415)
	at org.springframework.beans.factory.annotation.InitDestroyAnnotationBeanPostProcessor.postProcessBeforeDestruction(InitDestroyAnnotationBeanPostProcessor.java:239)
	at org.springframework.beans.factory.support.DisposableBeanAdapter.destroy(DisposableBeanAdapter.java:202)
	at org.springframework.beans.factory.support.DisposableBeanAdapter.run(DisposableBeanAdapter.java:195)
	at org.springframework.cloud.context.scope.GenericScope$BeanLifecycleWrapper.destroy(GenericScope.java:389)
	at org.springframework.cloud.context.scope.GenericScope.destroy(GenericScope.java:136)
	at org.springframework.beans.factory.support.DisposableBeanAdapter.destroy(DisposableBeanAdapter.java:211)
	at org.springframework.beans.factory.support.DefaultSingletonBeanRegistry.destroyBean(DefaultSingletonBeanRegistry.java:587)
	at org.springframework.beans.factory.support.DefaultSingletonBeanRegistry.destroySingleton(DefaultSingletonBeanRegistry.java:559)
	at org.springframework.beans.factory.support.DefaultListableBeanFactory.destroySingleton(DefaultListableBeanFactory.java:1202)
	at org.springframework.beans.factory.support.DefaultSingletonBeanRegistry.destroySingletons(DefaultSingletonBeanRegistry.java:520)
	at org.springframework.beans.factory.support.DefaultListableBeanFactory.destroySingletons(DefaultListableBeanFactory.java:1195)
	at org.springframework.context.support.AbstractApplicationContext.destroyBeans(AbstractApplicationContext.java:1186)
	at org.springframework.context.support.AbstractApplicationContext.doClose(AbstractApplicationContext.java:1147)
	at org.springframework.boot.web.servlet.context.ServletWebServerApplicationContext.doClose(ServletWebServerApplicationContext.java:174)
	at org.springframework.context.support.AbstractApplicationContext.close(AbstractApplicationContext.java:1093)
	at org.springframework.boot.admin.SpringApplicationAdminMXBeanRegistrar$SpringApplicationAdmin.shutdown(SpringApplicationAdminMXBeanRegistrar.java:160)
	at java.base/jdk.internal.reflect.NativeMethodAccessorImpl.invoke0(Native Method)
	at java.base/jdk.internal.reflect.NativeMethodAccessorImpl.invoke(NativeMethodAccessorImpl.java:77)
	at java.base/jdk.internal.reflect.DelegatingMethodAccessorImpl.invoke(DelegatingMethodAccessorImpl.java:43)
	at java.base/java.lang.reflect.Method.invoke(Method.java:568)
	at sun.reflect.misc.Trampoline.invoke(MethodUtil.java:72)
	at java.base/jdk.internal.reflect.NativeMethodAccessorImpl.invoke0(Native Method)
	at java.base/jdk.internal.reflect.NativeMethodAccessorImpl.invoke(NativeMethodAccessorImpl.java:77)
	at java.base/jdk.internal.reflect.DelegatingMethodAccessorImpl.invoke(DelegatingMethodAccessorImpl.java:43)
	at java.base/java.lang.reflect.Method.invoke(Method.java:568)
	at java.base/sun.reflect.misc.MethodUtil.invoke(MethodUtil.java:262)
	at java.management/com.sun.jmx.mbeanserver.ConvertingMethod.invokeWithOpenReturn(ConvertingMethod.java:193)
	at java.management/com.sun.jmx.mbeanserver.ConvertingMethod.invokeWithOpenReturn(ConvertingMethod.java:175)
	at java.management/com.sun.jmx.mbeanserver.MXBeanIntrospector.invokeM2(MXBeanIntrospector.java:117)
	at java.management/com.sun.jmx.mbeanserver.MXBeanIntrospector.invokeM2(MXBeanIntrospector.java:54)
	at java.management/com.sun.jmx.mbeanserver.MBeanIntrospector.invokeM(MBeanIntrospector.java:237)
	at java.management/com.sun.jmx.mbeanserver.PerInterface.invoke(PerInterface.java:138)
	at java.management/com.sun.jmx.mbeanserver.MBeanSupport.invoke(MBeanSupport.java:252)
	at java.management/com.sun.jmx.interceptor.DefaultMBeanServerInterceptor.invoke(DefaultMBeanServerInterceptor.java:814)
	at java.management/com.sun.jmx.mbeanserver.JmxMBeanServer.invoke(JmxMBeanServer.java:802)
	at java.management.rmi/javax.management.remote.rmi.RMIConnectionImpl.doOperation(RMIConnectionImpl.java:1472)
	at java.management.rmi/javax.management.remote.rmi.RMIConnectionImpl$PrivilegedOperation.run(RMIConnectionImpl.java:1310)
	at java.management.rmi/javax.management.remote.rmi.RMIConnectionImpl.doPrivilegedOperation(RMIConnectionImpl.java:1405)
	at java.management.rmi/javax.management.remote.rmi.RMIConnectionImpl.invoke(RMIConnectionImpl.java:829)
	at java.base/jdk.internal.reflect.NativeMethodAccessorImpl.invoke0(Native Method)
	at java.base/jdk.internal.reflect.NativeMethodAccessorImpl.invoke(NativeMethodAccessorImpl.java:77)
	at java.base/jdk.internal.reflect.DelegatingMethodAccessorImpl.invoke(DelegatingMethodAccessorImpl.java:43)
	at java.base/java.lang.reflect.Method.invoke(Method.java:568)
	at java.rmi/sun.rmi.server.UnicastServerRef.dispatch(UnicastServerRef.java:360)
	at java.rmi/sun.rmi.transport.Transport$1.run(Transport.java:200)
	at java.rmi/sun.rmi.transport.Transport$1.run(Transport.java:197)
	at java.base/java.security.AccessController.doPrivileged(AccessController.java:712)
	at java.rmi/sun.rmi.transport.Transport.serviceCall(Transport.java:196)
	at java.rmi/sun.rmi.transport.tcp.TCPTransport.handleMessages(TCPTransport.java:587)
	at java.rmi/sun.rmi.transport.tcp.TCPTransport$ConnectionHandler.run0(TCPTransport.java:828)
	at java.rmi/sun.rmi.transport.tcp.TCPTransport$ConnectionHandler.lambda$run$0(TCPTransport.java:705)
	at java.base/java.security.AccessController.doPrivileged(AccessController.java:399)
	at java.rmi/sun.rmi.transport.tcp.TCPTransport$ConnectionHandler.run(TCPTransport.java:704)
	at java.base/java.util.concurrent.ThreadPoolExecutor.runWorker(ThreadPoolExecutor.java:1136)
	at java.base/java.util.concurrent.ThreadPoolExecutor$Worker.run(ThreadPoolExecutor.java:635)
	at java.base/java.lang.Thread.run(Thread.java:842)
2026-05-01 11:37:54.441 [main] INFO  c.c.p.n.NotificationServiceApplication - Starting NotificationServiceApplication using Java 17.0.12 with PID 20028 (C:\Users\kammi\OneDrive\Desktop\CapGemini Training\pp2\pharmacy-microservices\notification-service\target\classes started by kammi in C:\Users\kammi\OneDrive\Desktop\CapGemini Training\pp2\pharmacy-microservices\notification-service)
2026-05-01 11:37:54.443 [main] INFO  c.c.p.n.NotificationServiceApplication - No active profile set, falling back to 1 default profile: "default"
2026-05-01 11:37:55.795 [main] WARN  o.s.c.s.PostProcessorRegistrationDelegate$BeanPostProcessorChecker - Bean 'org.springframework.cloud.client.loadbalancer.LoadBalancerAutoConfiguration$DeferringLoadBalancerInterceptorConfig' of type [org.springframework.cloud.client.loadbalancer.LoadBalancerAutoConfiguration$DeferringLoadBalancerInterceptorConfig] is not eligible for getting processed by all BeanPostProcessors (for example: not eligible for auto-proxying). The currently created BeanPostProcessor [lbRestClientPostProcessor] is declared through a non-static factory method on that class; consider declaring it as static instead.
2026-05-01 11:37:55.797 [main] WARN  o.s.c.s.PostProcessorRegistrationDelegate$BeanPostProcessorChecker - Bean 'deferringLoadBalancerInterceptor' of type [org.springframework.cloud.client.loadbalancer.DeferringLoadBalancerInterceptor] is not eligible for getting processed by all BeanPostProcessors (for example: not eligible for auto-proxying). Is this bean getting eagerly injected into a currently created BeanPostProcessor [lbRestClientPostProcessor]? Check the corresponding BeanPostProcessor declaration and its dependencies.
2026-05-01 11:37:55.954 [main] INFO  o.a.coyote.http11.Http11NioProtocol - Initializing ProtocolHandler ["http-nio-9096"]
2026-05-01 11:37:55.956 [main] INFO  o.a.catalina.core.StandardService - Starting service [Tomcat]
2026-05-01 11:37:55.956 [main] INFO  o.a.catalina.core.StandardEngine - Starting Servlet engine: [Apache Tomcat/10.1.20]
2026-05-01 11:37:56.006 [main] INFO  o.a.c.c.C.[Tomcat].[localhost].[/] - Initializing Spring embedded WebApplicationContext
2026-05-01 11:37:57.354 [main] WARN  o.s.b.a.s.s.UserDetailsServiceAutoConfiguration - 

Using generated security password: f1b15fb2-0f90-4df2-b365-dd2295a35bfc

This generated password is for development use only. Your security configuration must be updated before running your application in production.

2026-05-01 11:38:00.289 [main] WARN  o.s.c.l.c.LoadBalancerCacheAutoConfiguration$LoadBalancerCaffeineWarnLogger - Spring Cloud LoadBalancer is currently working with the default cache. While this cache implementation is useful for development and tests, it's recommended to use Caffeine cache in production.You can switch to using Caffeine cache, by adding it and org.springframework.cache.caffeine.CaffeineCacheManager to the classpath.
2026-05-01 11:38:01.154 [main] INFO  o.a.coyote.http11.Http11NioProtocol - Starting ProtocolHandler ["http-nio-9096"]
2026-05-01 11:38:01.934 [main] INFO  c.c.p.n.NotificationServiceApplication - Started NotificationServiceApplication in 8.211 seconds (process running for 8.77)
2026-05-01 11:38:02.206 [RMI TCP Connection(6)-127.0.0.1] INFO  o.a.c.c.C.[Tomcat].[localhost].[/] - Initializing Spring DispatcherServlet 'dispatcherServlet'
2026-05-01 11:39:11.015 [org.springframework.amqp.rabbit.RabbitListenerEndpointContainer#0-1] INFO  c.c.p.n.l.NotificationListener - [NOTIFICATION] type=ORDER_PLACED to=janu@pharmacy.in subject=Order Placed - #8
2026-05-01 11:39:11.019 [org.springframework.amqp.rabbit.RabbitListenerEndpointContainer#0-1] INFO  c.c.p.n.l.NotificationListener - [NOTIFICATION] message=Your order #8 has been placed. Total: Rs.50.00
2026-05-01 11:57:36.664 [RMI TCP Connection(30)-127.0.0.1] INFO  o.a.coyote.http11.Http11NioProtocol - Stopping ProtocolHandler ["http-nio-9096"]
2026-05-01 11:57:40.844 [RMI TCP Connection(30)-127.0.0.1] WARN  c.n.d.s.t.d.RetryableEurekaHttpClient - Request execution failed with message: Connection pool shut down
2026-05-01 11:57:40.852 [RMI TCP Connection(30)-127.0.0.1] WARN  c.n.d.s.t.d.RetryableEurekaHttpClient - Request execution failed with message: Connection pool shut down
2026-05-01 11:57:40.853 [RMI TCP Connection(30)-127.0.0.1] ERROR c.netflix.discovery.DiscoveryClient - DiscoveryClient_NOTIFICATION-SERVICE/Jahnavi:notification-service:9096 - de-registration failedCannot execute request on any known server
com.netflix.discovery.shared.transport.TransportException: Cannot execute request on any known server
	at com.netflix.discovery.shared.transport.decorator.RetryableEurekaHttpClient.execute(RetryableEurekaHttpClient.java:112)
	at com.netflix.discovery.shared.transport.decorator.EurekaHttpClientDecorator.cancel(EurekaHttpClientDecorator.java:71)
	at com.netflix.discovery.shared.transport.decorator.EurekaHttpClientDecorator$2.execute(EurekaHttpClientDecorator.java:74)
	at com.netflix.discovery.shared.transport.decorator.SessionedEurekaHttpClient.execute(SessionedEurekaHttpClient.java:77)
	at com.netflix.discovery.shared.transport.decorator.EurekaHttpClientDecorator.cancel(EurekaHttpClientDecorator.java:71)
	at com.netflix.discovery.DiscoveryClient.unregister(DiscoveryClient.java:916)
	at com.netflix.discovery.DiscoveryClient.shutdown(DiscoveryClient.java:892)
	at java.base/jdk.internal.reflect.NativeMethodAccessorImpl.invoke0(Native Method)
	at java.base/jdk.internal.reflect.NativeMethodAccessorImpl.invoke(NativeMethodAccessorImpl.java:77)
	at java.base/jdk.internal.reflect.DelegatingMethodAccessorImpl.invoke(DelegatingMethodAccessorImpl.java:43)
	at java.base/java.lang.reflect.Method.invoke(Method.java:568)
	at org.springframework.beans.factory.annotation.InitDestroyAnnotationBeanPostProcessor$LifecycleMethod.invoke(InitDestroyAnnotationBeanPostProcessor.java:457)
	at org.springframework.beans.factory.annotation.InitDestroyAnnotationBeanPostProcessor$LifecycleMetadata.invokeDestroyMethods(InitDestroyAnnotationBeanPostProcessor.java:415)
	at org.springframework.beans.factory.annotation.InitDestroyAnnotationBeanPostProcessor.postProcessBeforeDestruction(InitDestroyAnnotationBeanPostProcessor.java:239)
	at org.springframework.beans.factory.support.DisposableBeanAdapter.destroy(DisposableBeanAdapter.java:202)
	at org.springframework.beans.factory.support.DisposableBeanAdapter.run(DisposableBeanAdapter.java:195)
	at org.springframework.cloud.context.scope.GenericScope$BeanLifecycleWrapper.destroy(GenericScope.java:389)
	at org.springframework.cloud.context.scope.GenericScope.destroy(GenericScope.java:136)
	at org.springframework.beans.factory.support.DisposableBeanAdapter.destroy(DisposableBeanAdapter.java:211)
	at org.springframework.beans.factory.support.DefaultSingletonBeanRegistry.destroyBean(DefaultSingletonBeanRegistry.java:587)
	at org.springframework.beans.factory.support.DefaultSingletonBeanRegistry.destroySingleton(DefaultSingletonBeanRegistry.java:559)
	at org.springframework.beans.factory.support.DefaultListableBeanFactory.destroySingleton(DefaultListableBeanFactory.java:1202)
	at org.springframework.beans.factory.support.DefaultSingletonBeanRegistry.destroySingletons(DefaultSingletonBeanRegistry.java:520)
	at org.springframework.beans.factory.support.DefaultListableBeanFactory.destroySingletons(DefaultListableBeanFactory.java:1195)
	at org.springframework.context.support.AbstractApplicationContext.destroyBeans(AbstractApplicationContext.java:1186)
	at org.springframework.context.support.AbstractApplicationContext.doClose(AbstractApplicationContext.java:1147)
	at org.springframework.boot.web.servlet.context.ServletWebServerApplicationContext.doClose(ServletWebServerApplicationContext.java:174)
	at org.springframework.context.support.AbstractApplicationContext.close(AbstractApplicationContext.java:1093)
	at org.springframework.boot.admin.SpringApplicationAdminMXBeanRegistrar$SpringApplicationAdmin.shutdown(SpringApplicationAdminMXBeanRegistrar.java:160)
	at java.base/jdk.internal.reflect.NativeMethodAccessorImpl.invoke0(Native Method)
	at java.base/jdk.internal.reflect.NativeMethodAccessorImpl.invoke(NativeMethodAccessorImpl.java:77)
	at java.base/jdk.internal.reflect.DelegatingMethodAccessorImpl.invoke(DelegatingMethodAccessorImpl.java:43)
	at java.base/java.lang.reflect.Method.invoke(Method.java:568)
	at sun.reflect.misc.Trampoline.invoke(MethodUtil.java:72)
	at java.base/jdk.internal.reflect.NativeMethodAccessorImpl.invoke0(Native Method)
	at java.base/jdk.internal.reflect.NativeMethodAccessorImpl.invoke(NativeMethodAccessorImpl.java:77)
	at java.base/jdk.internal.reflect.DelegatingMethodAccessorImpl.invoke(DelegatingMethodAccessorImpl.java:43)
	at java.base/java.lang.reflect.Method.invoke(Method.java:568)
	at java.base/sun.reflect.misc.MethodUtil.invoke(MethodUtil.java:262)
	at java.management/com.sun.jmx.mbeanserver.ConvertingMethod.invokeWithOpenReturn(ConvertingMethod.java:193)
	at java.management/com.sun.jmx.mbeanserver.ConvertingMethod.invokeWithOpenReturn(ConvertingMethod.java:175)
	at java.management/com.sun.jmx.mbeanserver.MXBeanIntrospector.invokeM2(MXBeanIntrospector.java:117)
	at java.management/com.sun.jmx.mbeanserver.MXBeanIntrospector.invokeM2(MXBeanIntrospector.java:54)
	at java.management/com.sun.jmx.mbeanserver.MBeanIntrospector.invokeM(MBeanIntrospector.java:237)
	at java.management/com.sun.jmx.mbeanserver.PerInterface.invoke(PerInterface.java:138)
	at java.management/com.sun.jmx.mbeanserver.MBeanSupport.invoke(MBeanSupport.java:252)
	at java.management/com.sun.jmx.interceptor.DefaultMBeanServerInterceptor.invoke(DefaultMBeanServerInterceptor.java:814)
	at java.management/com.sun.jmx.mbeanserver.JmxMBeanServer.invoke(JmxMBeanServer.java:802)
	at java.management.rmi/javax.management.remote.rmi.RMIConnectionImpl.doOperation(RMIConnectionImpl.java:1472)
	at java.management.rmi/javax.management.remote.rmi.RMIConnectionImpl$PrivilegedOperation.run(RMIConnectionImpl.java:1310)
	at java.management.rmi/javax.management.remote.rmi.RMIConnectionImpl.doPrivilegedOperation(RMIConnectionImpl.java:1405)
	at java.management.rmi/javax.management.remote.rmi.RMIConnectionImpl.invoke(RMIConnectionImpl.java:829)
	at java.base/jdk.internal.reflect.NativeMethodAccessorImpl.invoke0(Native Method)
	at java.base/jdk.internal.reflect.NativeMethodAccessorImpl.invoke(NativeMethodAccessorImpl.java:77)
	at java.base/jdk.internal.reflect.DelegatingMethodAccessorImpl.invoke(DelegatingMethodAccessorImpl.java:43)
	at java.base/java.lang.reflect.Method.invoke(Method.java:568)
	at java.rmi/sun.rmi.server.UnicastServerRef.dispatch(UnicastServerRef.java:360)
	at java.rmi/sun.rmi.transport.Transport$1.run(Transport.java:200)
	at java.rmi/sun.rmi.transport.Transport$1.run(Transport.java:197)
	at java.base/java.security.AccessController.doPrivileged(AccessController.java:712)
	at java.rmi/sun.rmi.transport.Transport.serviceCall(Transport.java:196)
	at java.rmi/sun.rmi.transport.tcp.TCPTransport.handleMessages(TCPTransport.java:587)
	at java.rmi/sun.rmi.transport.tcp.TCPTransport$ConnectionHandler.run0(TCPTransport.java:828)
	at java.rmi/sun.rmi.transport.tcp.TCPTransport$ConnectionHandler.lambda$run$0(TCPTransport.java:705)
	at java.base/java.security.AccessController.doPrivileged(AccessController.java:399)
	at java.rmi/sun.rmi.transport.tcp.TCPTransport$ConnectionHandler.run(TCPTransport.java:704)
	at java.base/java.util.concurrent.ThreadPoolExecutor.runWorker(ThreadPoolExecutor.java:1136)
	at java.base/java.util.concurrent.ThreadPoolExecutor$Worker.run(ThreadPoolExecutor.java:635)
	at java.base/java.lang.Thread.run(Thread.java:842)
2026-05-01 11:58:12.089 [main] INFO  c.c.p.n.NotificationServiceApplication - Starting NotificationServiceApplication using Java 17.0.12 with PID 31492 (C:\Users\kammi\OneDrive\Desktop\CapGemini Training\pp2\pharmacy-microservices\notification-service\target\classes started by kammi in C:\Users\kammi\OneDrive\Desktop\CapGemini Training\pp2\pharmacy-microservices\notification-service)
2026-05-01 11:58:12.090 [main] INFO  c.c.p.n.NotificationServiceApplication - No active profile set, falling back to 1 default profile: "default"
2026-05-01 11:58:13.232 [main] WARN  o.s.c.s.PostProcessorRegistrationDelegate$BeanPostProcessorChecker - Bean 'org.springframework.cloud.client.loadbalancer.LoadBalancerAutoConfiguration$DeferringLoadBalancerInterceptorConfig' of type [org.springframework.cloud.client.loadbalancer.LoadBalancerAutoConfiguration$DeferringLoadBalancerInterceptorConfig] is not eligible for getting processed by all BeanPostProcessors (for example: not eligible for auto-proxying). The currently created BeanPostProcessor [lbRestClientPostProcessor] is declared through a non-static factory method on that class; consider declaring it as static instead.
2026-05-01 11:58:13.233 [main] WARN  o.s.c.s.PostProcessorRegistrationDelegate$BeanPostProcessorChecker - Bean 'deferringLoadBalancerInterceptor' of type [org.springframework.cloud.client.loadbalancer.DeferringLoadBalancerInterceptor] is not eligible for getting processed by all BeanPostProcessors (for example: not eligible for auto-proxying). Is this bean getting eagerly injected into a currently created BeanPostProcessor [lbRestClientPostProcessor]? Check the corresponding BeanPostProcessor declaration and its dependencies.
2026-05-01 11:58:13.432 [main] INFO  o.a.coyote.http11.Http11NioProtocol - Initializing ProtocolHandler ["http-nio-9096"]
2026-05-01 11:58:13.434 [main] INFO  o.a.catalina.core.StandardService - Starting service [Tomcat]
2026-05-01 11:58:13.434 [main] INFO  o.a.catalina.core.StandardEngine - Starting Servlet engine: [Apache Tomcat/10.1.20]
2026-05-01 11:58:13.496 [main] INFO  o.a.c.c.C.[Tomcat].[localhost].[/] - Initializing Spring embedded WebApplicationContext
2026-05-01 11:58:14.189 [main] WARN  o.s.b.a.s.s.UserDetailsServiceAutoConfiguration - 

Using generated security password: 614415e5-e073-44c7-afbd-ed44e313e3b6

This generated password is for development use only. Your security configuration must be updated before running your application in production.

2026-05-01 11:58:15.705 [main] WARN  o.s.c.l.c.LoadBalancerCacheAutoConfiguration$LoadBalancerCaffeineWarnLogger - Spring Cloud LoadBalancer is currently working with the default cache. While this cache implementation is useful for development and tests, it's recommended to use Caffeine cache in production.You can switch to using Caffeine cache, by adding it and org.springframework.cache.caffeine.CaffeineCacheManager to the classpath.
2026-05-01 11:58:16.574 [main] INFO  o.a.coyote.http11.Http11NioProtocol - Starting ProtocolHandler ["http-nio-9096"]
2026-05-01 11:58:17.276 [main] INFO  c.c.p.n.NotificationServiceApplication - Started NotificationServiceApplication in 5.83 seconds (process running for 6.413)
2026-05-01 11:58:17.595 [RMI TCP Connection(10)-127.0.0.1] INFO  o.a.c.c.C.[Tomcat].[localhost].[/] - Initializing Spring DispatcherServlet 'dispatcherServlet'
2026-05-01 12:04:09.949 [RMI TCP Connection(17)-127.0.0.1] INFO  o.a.coyote.http11.Http11NioProtocol - Stopping ProtocolHandler ["http-nio-9096"]
2026-05-01 12:04:14.032 [RMI TCP Connection(17)-127.0.0.1] WARN  c.n.d.s.t.d.RetryableEurekaHttpClient - Request execution failed with message: Connection pool shut down
2026-05-01 12:04:14.043 [RMI TCP Connection(17)-127.0.0.1] WARN  c.n.d.s.t.d.RetryableEurekaHttpClient - Request execution failed with message: Connection pool shut down
2026-05-01 12:04:14.043 [RMI TCP Connection(17)-127.0.0.1] ERROR c.netflix.discovery.DiscoveryClient - DiscoveryClient_NOTIFICATION-SERVICE/Jahnavi:notification-service:9096 - de-registration failedCannot execute request on any known server
com.netflix.discovery.shared.transport.TransportException: Cannot execute request on any known server
	at com.netflix.discovery.shared.transport.decorator.RetryableEurekaHttpClient.execute(RetryableEurekaHttpClient.java:112)
	at com.netflix.discovery.shared.transport.decorator.EurekaHttpClientDecorator.cancel(EurekaHttpClientDecorator.java:71)
	at com.netflix.discovery.shared.transport.decorator.EurekaHttpClientDecorator$2.execute(EurekaHttpClientDecorator.java:74)
	at com.netflix.discovery.shared.transport.decorator.SessionedEurekaHttpClient.execute(SessionedEurekaHttpClient.java:77)
	at com.netflix.discovery.shared.transport.decorator.EurekaHttpClientDecorator.cancel(EurekaHttpClientDecorator.java:71)
	at com.netflix.discovery.DiscoveryClient.unregister(DiscoveryClient.java:916)
	at com.netflix.discovery.DiscoveryClient.shutdown(DiscoveryClient.java:892)
	at java.base/jdk.internal.reflect.NativeMethodAccessorImpl.invoke0(Native Method)
	at java.base/jdk.internal.reflect.NativeMethodAccessorImpl.invoke(NativeMethodAccessorImpl.java:77)
	at java.base/jdk.internal.reflect.DelegatingMethodAccessorImpl.invoke(DelegatingMethodAccessorImpl.java:43)
	at java.base/java.lang.reflect.Method.invoke(Method.java:568)
	at org.springframework.beans.factory.annotation.InitDestroyAnnotationBeanPostProcessor$LifecycleMethod.invoke(InitDestroyAnnotationBeanPostProcessor.java:457)
	at org.springframework.beans.factory.annotation.InitDestroyAnnotationBeanPostProcessor$LifecycleMetadata.invokeDestroyMethods(InitDestroyAnnotationBeanPostProcessor.java:415)
	at org.springframework.beans.factory.annotation.InitDestroyAnnotationBeanPostProcessor.postProcessBeforeDestruction(InitDestroyAnnotationBeanPostProcessor.java:239)
	at org.springframework.beans.factory.support.DisposableBeanAdapter.destroy(DisposableBeanAdapter.java:202)
	at org.springframework.beans.factory.support.DisposableBeanAdapter.run(DisposableBeanAdapter.java:195)
	at org.springframework.cloud.context.scope.GenericScope$BeanLifecycleWrapper.destroy(GenericScope.java:389)
	at org.springframework.cloud.context.scope.GenericScope.destroy(GenericScope.java:136)
	at org.springframework.beans.factory.support.DisposableBeanAdapter.destroy(DisposableBeanAdapter.java:211)
	at org.springframework.beans.factory.support.DefaultSingletonBeanRegistry.destroyBean(DefaultSingletonBeanRegistry.java:587)
	at org.springframework.beans.factory.support.DefaultSingletonBeanRegistry.destroySingleton(DefaultSingletonBeanRegistry.java:559)
	at org.springframework.beans.factory.support.DefaultListableBeanFactory.destroySingleton(DefaultListableBeanFactory.java:1202)
	at org.springframework.beans.factory.support.DefaultSingletonBeanRegistry.destroySingletons(DefaultSingletonBeanRegistry.java:520)
	at org.springframework.beans.factory.support.DefaultListableBeanFactory.destroySingletons(DefaultListableBeanFactory.java:1195)
	at org.springframework.context.support.AbstractApplicationContext.destroyBeans(AbstractApplicationContext.java:1186)
	at org.springframework.context.support.AbstractApplicationContext.doClose(AbstractApplicationContext.java:1147)
	at org.springframework.boot.web.servlet.context.ServletWebServerApplicationContext.doClose(ServletWebServerApplicationContext.java:174)
	at org.springframework.context.support.AbstractApplicationContext.close(AbstractApplicationContext.java:1093)
	at org.springframework.boot.admin.SpringApplicationAdminMXBeanRegistrar$SpringApplicationAdmin.shutdown(SpringApplicationAdminMXBeanRegistrar.java:160)
	at java.base/jdk.internal.reflect.NativeMethodAccessorImpl.invoke0(Native Method)
	at java.base/jdk.internal.reflect.NativeMethodAccessorImpl.invoke(NativeMethodAccessorImpl.java:77)
	at java.base/jdk.internal.reflect.DelegatingMethodAccessorImpl.invoke(DelegatingMethodAccessorImpl.java:43)
	at java.base/java.lang.reflect.Method.invoke(Method.java:568)
	at sun.reflect.misc.Trampoline.invoke(MethodUtil.java:72)
	at java.base/jdk.internal.reflect.NativeMethodAccessorImpl.invoke0(Native Method)
	at java.base/jdk.internal.reflect.NativeMethodAccessorImpl.invoke(NativeMethodAccessorImpl.java:77)
	at java.base/jdk.internal.reflect.DelegatingMethodAccessorImpl.invoke(DelegatingMethodAccessorImpl.java:43)
	at java.base/java.lang.reflect.Method.invoke(Method.java:568)
	at java.base/sun.reflect.misc.MethodUtil.invoke(MethodUtil.java:262)
	at java.management/com.sun.jmx.mbeanserver.ConvertingMethod.invokeWithOpenReturn(ConvertingMethod.java:193)
	at java.management/com.sun.jmx.mbeanserver.ConvertingMethod.invokeWithOpenReturn(ConvertingMethod.java:175)
	at java.management/com.sun.jmx.mbeanserver.MXBeanIntrospector.invokeM2(MXBeanIntrospector.java:117)
	at java.management/com.sun.jmx.mbeanserver.MXBeanIntrospector.invokeM2(MXBeanIntrospector.java:54)
	at java.management/com.sun.jmx.mbeanserver.MBeanIntrospector.invokeM(MBeanIntrospector.java:237)
	at java.management/com.sun.jmx.mbeanserver.PerInterface.invoke(PerInterface.java:138)
	at java.management/com.sun.jmx.mbeanserver.MBeanSupport.invoke(MBeanSupport.java:252)
	at java.management/com.sun.jmx.interceptor.DefaultMBeanServerInterceptor.invoke(DefaultMBeanServerInterceptor.java:814)
	at java.management/com.sun.jmx.mbeanserver.JmxMBeanServer.invoke(JmxMBeanServer.java:802)
	at java.management.rmi/javax.management.remote.rmi.RMIConnectionImpl.doOperation(RMIConnectionImpl.java:1472)
	at java.management.rmi/javax.management.remote.rmi.RMIConnectionImpl$PrivilegedOperation.run(RMIConnectionImpl.java:1310)
	at java.management.rmi/javax.management.remote.rmi.RMIConnectionImpl.doPrivilegedOperation(RMIConnectionImpl.java:1405)
	at java.management.rmi/javax.management.remote.rmi.RMIConnectionImpl.invoke(RMIConnectionImpl.java:829)
	at java.base/jdk.internal.reflect.NativeMethodAccessorImpl.invoke0(Native Method)
	at java.base/jdk.internal.reflect.NativeMethodAccessorImpl.invoke(NativeMethodAccessorImpl.java:77)
	at java.base/jdk.internal.reflect.DelegatingMethodAccessorImpl.invoke(DelegatingMethodAccessorImpl.java:43)
	at java.base/java.lang.reflect.Method.invoke(Method.java:568)
	at java.rmi/sun.rmi.server.UnicastServerRef.dispatch(UnicastServerRef.java:360)
	at java.rmi/sun.rmi.transport.Transport$1.run(Transport.java:200)
	at java.rmi/sun.rmi.transport.Transport$1.run(Transport.java:197)
	at java.base/java.security.AccessController.doPrivileged(AccessController.java:712)
	at java.rmi/sun.rmi.transport.Transport.serviceCall(Transport.java:196)
	at java.rmi/sun.rmi.transport.tcp.TCPTransport.handleMessages(TCPTransport.java:587)
	at java.rmi/sun.rmi.transport.tcp.TCPTransport$ConnectionHandler.run0(TCPTransport.java:828)
	at java.rmi/sun.rmi.transport.tcp.TCPTransport$ConnectionHandler.lambda$run$0(TCPTransport.java:705)
	at java.base/java.security.AccessController.doPrivileged(AccessController.java:399)
	at java.rmi/sun.rmi.transport.tcp.TCPTransport$ConnectionHandler.run(TCPTransport.java:704)
	at java.base/java.util.concurrent.ThreadPoolExecutor.runWorker(ThreadPoolExecutor.java:1136)
	at java.base/java.util.concurrent.ThreadPoolExecutor$Worker.run(ThreadPoolExecutor.java:635)
	at java.base/java.lang.Thread.run(Thread.java:842)
2026-05-01 12:04:44.744 [main] INFO  c.c.p.n.NotificationServiceApplication - Starting NotificationServiceApplication using Java 17.0.12 with PID 2908 (C:\Users\kammi\OneDrive\Desktop\CapGemini Training\pp2\pharmacy-microservices\notification-service\target\classes started by kammi in C:\Users\kammi\OneDrive\Desktop\CapGemini Training\pp2\pharmacy-microservices\notification-service)
2026-05-01 12:04:44.747 [main] INFO  c.c.p.n.NotificationServiceApplication - No active profile set, falling back to 1 default profile: "default"
2026-05-01 12:04:46.275 [main] WARN  o.s.c.s.PostProcessorRegistrationDelegate$BeanPostProcessorChecker - Bean 'org.springframework.cloud.client.loadbalancer.LoadBalancerAutoConfiguration$DeferringLoadBalancerInterceptorConfig' of type [org.springframework.cloud.client.loadbalancer.LoadBalancerAutoConfiguration$DeferringLoadBalancerInterceptorConfig] is not eligible for getting processed by all BeanPostProcessors (for example: not eligible for auto-proxying). The currently created BeanPostProcessor [lbRestClientPostProcessor] is declared through a non-static factory method on that class; consider declaring it as static instead.
2026-05-01 12:04:46.281 [main] WARN  o.s.c.s.PostProcessorRegistrationDelegate$BeanPostProcessorChecker - Bean 'deferringLoadBalancerInterceptor' of type [org.springframework.cloud.client.loadbalancer.DeferringLoadBalancerInterceptor] is not eligible for getting processed by all BeanPostProcessors (for example: not eligible for auto-proxying). Is this bean getting eagerly injected into a currently created BeanPostProcessor [lbRestClientPostProcessor]? Check the corresponding BeanPostProcessor declaration and its dependencies.
2026-05-01 12:04:46.601 [main] INFO  o.a.coyote.http11.Http11NioProtocol - Initializing ProtocolHandler ["http-nio-9096"]
2026-05-01 12:04:46.603 [main] INFO  o.a.catalina.core.StandardService - Starting service [Tomcat]
2026-05-01 12:04:46.603 [main] INFO  o.a.catalina.core.StandardEngine - Starting Servlet engine: [Apache Tomcat/10.1.20]
2026-05-01 12:04:46.663 [main] INFO  o.a.c.c.C.[Tomcat].[localhost].[/] - Initializing Spring embedded WebApplicationContext
2026-05-01 12:04:47.837 [main] WARN  o.s.b.a.s.s.UserDetailsServiceAutoConfiguration - 

Using generated security password: 4e1c8867-ef7d-4f7c-84e4-24b8e36edab1

This generated password is for development use only. Your security configuration must be updated before running your application in production.

2026-05-01 12:04:49.149 [main] WARN  o.s.c.l.c.LoadBalancerCacheAutoConfiguration$LoadBalancerCaffeineWarnLogger - Spring Cloud LoadBalancer is currently working with the default cache. While this cache implementation is useful for development and tests, it's recommended to use Caffeine cache in production.You can switch to using Caffeine cache, by adding it and org.springframework.cache.caffeine.CaffeineCacheManager to the classpath.
2026-05-01 12:04:49.520 [main] INFO  o.a.coyote.http11.Http11NioProtocol - Starting ProtocolHandler ["http-nio-9096"]
2026-05-01 12:04:49.892 [main] INFO  c.c.p.n.NotificationServiceApplication - Started NotificationServiceApplication in 5.975 seconds (process running for 6.652)
2026-05-01 12:04:50.547 [RMI TCP Connection(10)-127.0.0.1] INFO  o.a.c.c.C.[Tomcat].[localhost].[/] - Initializing Spring DispatcherServlet 'dispatcherServlet'
2026-05-01 12:07:25.139 [AMQP Connection 127.0.0.1:5672] WARN  c.r.c.impl.ForgivingExceptionHandler - An unexpected connection driver error occurred (Exception message: Connection reset)
2026-05-01 12:07:45.875 [org.springframework.amqp.rabbit.RabbitListenerEndpointContainer#0-3] ERROR o.s.a.r.l.SimpleMessageListenerContainer - Failed to check/redeclare auto-delete queue(s).
org.springframework.amqp.AmqpIOException: java.io.IOException
	at org.springframework.amqp.rabbit.support.RabbitExceptionTranslator.convertRabbitAccessException(RabbitExceptionTranslator.java:70)
	at org.springframework.amqp.rabbit.connection.AbstractConnectionFactory.createBareConnection(AbstractConnectionFactory.java:622)
	at org.springframework.amqp.rabbit.connection.CachingConnectionFactory.createConnection(CachingConnectionFactory.java:727)
	at org.springframework.amqp.rabbit.connection.CachingConnectionFactory.createBareChannel(CachingConnectionFactory.java:672)
	at org.springframework.amqp.rabbit.connection.CachingConnectionFactory.getCachedChannelProxy(CachingConnectionFactory.java:645)
	at org.springframework.amqp.rabbit.connection.CachingConnectionFactory.getChannel(CachingConnectionFactory.java:534)
	at org.springframework.amqp.rabbit.connection.CachingConnectionFactory$ChannelCachingConnectionProxy.createChannel(CachingConnectionFactory.java:1503)
	at org.springframework.amqp.rabbit.core.RabbitTemplate.doExecute(RabbitTemplate.java:2255)
	at org.springframework.amqp.rabbit.core.RabbitTemplate.execute(RabbitTemplate.java:2222)
	at org.springframework.amqp.rabbit.core.RabbitTemplate.execute(RabbitTemplate.java:2202)
	at org.springframework.amqp.rabbit.core.RabbitAdmin.getQueueInfo(RabbitAdmin.java:467)
	at org.springframework.amqp.rabbit.core.RabbitAdmin.getQueueProperties(RabbitAdmin.java:451)
	at org.springframework.amqp.rabbit.listener.AbstractMessageListenerContainer.attemptDeclarations(AbstractMessageListenerContainer.java:1960)
	at org.springframework.amqp.rabbit.listener.AbstractMessageListenerContainer.redeclareElementsIfNecessary(AbstractMessageListenerContainer.java:1924)
	at org.springframework.amqp.rabbit.listener.SimpleMessageListenerContainer$AsyncMessageProcessingConsumer.initialize(SimpleMessageListenerContainer.java:1478)
	at org.springframework.amqp.rabbit.listener.SimpleMessageListenerContainer$AsyncMessageProcessingConsumer.run(SimpleMessageListenerContainer.java:1320)
	at java.base/java.lang.Thread.run(Thread.java:842)
Caused by: java.io.IOException: null
	at com.rabbitmq.client.impl.AMQChannel.wrap(AMQChannel.java:140)
	at com.rabbitmq.client.impl.AMQChannel.wrap(AMQChannel.java:136)
	at com.rabbitmq.client.impl.AMQConnection.start(AMQConnection.java:406)
	at com.rabbitmq.client.ConnectionFactory.newConnection(ConnectionFactory.java:1251)
	at com.rabbitmq.client.ConnectionFactory.newConnection(ConnectionFactory.java:1198)
	at org.springframework.amqp.rabbit.connection.AbstractConnectionFactory.connectAddresses(AbstractConnectionFactory.java:668)
	at org.springframework.amqp.rabbit.connection.AbstractConnectionFactory.connect(AbstractConnectionFactory.java:637)
	at org.springframework.amqp.rabbit.connection.AbstractConnectionFactory.createBareConnection(AbstractConnectionFactory.java:584)
	... 15 common frames omitted
Caused by: com.rabbitmq.client.ShutdownSignalException: connection error
	at com.rabbitmq.utility.ValueOrException.getValue(ValueOrException.java:66)
	at com.rabbitmq.utility.BlockingValueOrException.uninterruptibleGetValue(BlockingValueOrException.java:36)
	at com.rabbitmq.client.impl.AMQChannel$BlockingRpcContinuation.getReply(AMQChannel.java:552)
	at com.rabbitmq.client.impl.AMQConnection.start(AMQConnection.java:336)
	... 20 common frames omitted
Caused by: java.io.EOFException: null
	at java.base/java.io.DataInputStream.readUnsignedByte(DataInputStream.java:296)
	at com.rabbitmq.client.impl.Frame.readFrom(Frame.java:91)
	at com.rabbitmq.client.impl.SocketFrameHandler.readFrame(SocketFrameHandler.java:199)
	at com.rabbitmq.client.impl.AMQConnection$MainLoop.run(AMQConnection.java:687)
	... 1 common frames omitted
2026-05-01 12:07:51.044 [org.springframework.amqp.rabbit.RabbitListenerEndpointContainer#0-4] ERROR o.s.a.r.l.SimpleMessageListenerContainer - Failed to check/redeclare auto-delete queue(s).
2026-05-01 12:07:56.138 [org.springframework.amqp.rabbit.RabbitListenerEndpointContainer#0-4] WARN  o.s.a.r.l.SimpleMessageListenerContainer - Consumer raised exception, processing can restart if the connection factory supports it. Exception summary: org.springframework.amqp.AmqpConnectException: java.net.ConnectException: Connection refused: no further information
2026-05-01 12:07:56.170 [org.springframework.amqp.rabbit.RabbitListenerEndpointContainer#0-5] ERROR o.s.a.r.l.SimpleMessageListenerContainer - Failed to check/redeclare auto-delete queue(s).
2026-05-01 12:08:01.267 [org.springframework.amqp.rabbit.RabbitListenerEndpointContainer#0-5] WARN  o.s.a.r.l.SimpleMessageListenerContainer - Consumer raised exception, processing can restart if the connection factory supports it. Exception summary: org.springframework.amqp.AmqpConnectException: java.net.ConnectException: Connection refused: no further information
2026-05-01 12:08:01.272 [org.springframework.amqp.rabbit.RabbitListenerEndpointContainer#0-6] ERROR o.s.a.r.l.SimpleMessageListenerContainer - Failed to check/redeclare auto-delete queue(s).
2026-05-01 12:08:06.348 [org.springframework.amqp.rabbit.RabbitListenerEndpointContainer#0-6] WARN  o.s.a.r.l.SimpleMessageListenerContainer - Consumer raised exception, processing can restart if the connection factory supports it. Exception summary: org.springframework.amqp.AmqpConnectException: java.net.ConnectException: Connection refused: no further information
2026-05-01 12:08:06.381 [org.springframework.amqp.rabbit.RabbitListenerEndpointContainer#0-7] ERROR o.s.a.r.l.SimpleMessageListenerContainer - Failed to check/redeclare auto-delete queue(s).
2026-05-01 12:08:11.458 [org.springframework.amqp.rabbit.RabbitListenerEndpointContainer#0-7] WARN  o.s.a.r.l.SimpleMessageListenerContainer - Consumer raised exception, processing can restart if the connection factory supports it. Exception summary: org.springframework.amqp.AmqpConnectException: java.net.ConnectException: Connection refused: no further information
2026-05-01 12:08:11.489 [org.springframework.amqp.rabbit.RabbitListenerEndpointContainer#0-8] ERROR o.s.a.r.l.SimpleMessageListenerContainer - Failed to check/redeclare auto-delete queue(s).
2026-05-01 12:08:16.586 [org.springframework.amqp.rabbit.RabbitListenerEndpointContainer#0-8] WARN  o.s.a.r.l.SimpleMessageListenerContainer - Consumer raised exception, processing can restart if the connection factory supports it. Exception summary: org.springframework.amqp.AmqpConnectException: java.net.ConnectException: Connection refused: no further information
2026-05-01 12:08:16.618 [org.springframework.amqp.rabbit.RabbitListenerEndpointContainer#0-9] ERROR o.s.a.r.l.SimpleMessageListenerContainer - Failed to check/redeclare auto-delete queue(s).
2026-05-01 12:08:21.751 [org.springframework.amqp.rabbit.RabbitListenerEndpointContainer#0-9] WARN  o.s.a.r.l.SimpleMessageListenerContainer - Consumer raised exception, processing can restart if the connection factory supports it. Exception summary: org.springframework.amqp.AmqpConnectException: java.net.ConnectException: Connection refused: no further information
2026-05-01 12:08:21.774 [org.springframework.amqp.rabbit.RabbitListenerEndpointContainer#0-10] ERROR o.s.a.r.l.SimpleMessageListenerContainer - Failed to check/redeclare auto-delete queue(s).
2026-05-01 12:08:26.889 [org.springframework.amqp.rabbit.RabbitListenerEndpointContainer#0-11] ERROR o.s.a.r.l.SimpleMessageListenerContainer - Failed to check/redeclare auto-delete queue(s).
2026-05-01 12:08:31.994 [org.springframework.amqp.rabbit.RabbitListenerEndpointContainer#0-12] ERROR o.s.a.r.l.SimpleMessageListenerContainer - Failed to check/redeclare auto-delete queue(s).
2026-05-01 12:08:37.136 [org.springframework.amqp.rabbit.RabbitListenerEndpointContainer#0-13] ERROR o.s.a.r.l.SimpleMessageListenerContainer - Failed to check/redeclare auto-delete queue(s).
2026-05-01 12:09:38.976 [org.springframework.amqp.rabbit.RabbitListenerEndpointContainer#0-14] INFO  c.c.p.n.l.NotificationListener - [NOTIFICATION] type=ORDER_PLACED to=janu@pharmacy.in subject=Order Placed - #9
2026-05-01 12:09:38.982 [org.springframework.amqp.rabbit.RabbitListenerEndpointContainer#0-14] INFO  c.c.p.n.l.NotificationListener - [NOTIFICATION] message=Your order #9 has been placed. Total: Rs.50.00
2026-05-01 12:28:17.378 [DiscoveryClient-InstanceInfoReplicator-0] WARN  c.n.d.s.t.d.RetryableEurekaHttpClient - Request execution failed with message: I/O error on POST request for "http://localhost:8761/eureka/apps/NOTIFICATION-SERVICE": Connect to http://localhost:8761 [localhost/127.0.0.1, localhost/0:0:0:0:0:0:0:1] failed: Connection refused: no further information
2026-05-01 12:28:17.423 [DiscoveryClient-InstanceInfoReplicator-0] WARN  c.n.d.s.t.d.RetryableEurekaHttpClient - Request execution failed with message: I/O error on POST request for "http://localhost:8761/eureka/apps/NOTIFICATION-SERVICE": Connect to http://localhost:8761 [localhost/127.0.0.1, localhost/0:0:0:0:0:0:0:1] failed: Connection refused: no further information
2026-05-01 12:28:17.424 [DiscoveryClient-InstanceInfoReplicator-0] WARN  c.netflix.discovery.DiscoveryClient - DiscoveryClient_NOTIFICATION-SERVICE/Jahnavi:notification-service:9096 - registration failed Cannot execute request on any known server
com.netflix.discovery.shared.transport.TransportException: Cannot execute request on any known server
	at com.netflix.discovery.shared.transport.decorator.RetryableEurekaHttpClient.execute(RetryableEurekaHttpClient.java:112)
	at com.netflix.discovery.shared.transport.decorator.EurekaHttpClientDecorator.register(EurekaHttpClientDecorator.java:56)
	at com.netflix.discovery.shared.transport.decorator.EurekaHttpClientDecorator$1.execute(EurekaHttpClientDecorator.java:59)
	at com.netflix.discovery.shared.transport.decorator.SessionedEurekaHttpClient.execute(SessionedEurekaHttpClient.java:77)
	at com.netflix.discovery.shared.transport.decorator.EurekaHttpClientDecorator.register(EurekaHttpClientDecorator.java:56)
	at com.netflix.discovery.DiscoveryClient.register(DiscoveryClient.java:820)
	at com.netflix.discovery.InstanceInfoReplicator.run(InstanceInfoReplicator.java:121)
	at com.netflix.discovery.InstanceInfoReplicator$1.run(InstanceInfoReplicator.java:101)
	at java.base/java.util.concurrent.Executors$RunnableAdapter.call(Executors.java:539)
	at java.base/java.util.concurrent.FutureTask.run(FutureTask.java:264)
	at java.base/java.util.concurrent.ScheduledThreadPoolExecutor$ScheduledFutureTask.run(ScheduledThreadPoolExecutor.java:304)
	at java.base/java.util.concurrent.ThreadPoolExecutor.runWorker(ThreadPoolExecutor.java:1136)
	at java.base/java.util.concurrent.ThreadPoolExecutor$Worker.run(ThreadPoolExecutor.java:635)
	at java.base/java.lang.Thread.run(Thread.java:842)
2026-05-01 12:28:17.426 [DiscoveryClient-InstanceInfoReplicator-0] WARN  c.n.discovery.InstanceInfoReplicator - There was a problem with the instance info replicator
com.netflix.discovery.shared.transport.TransportException: Cannot execute request on any known server
	at com.netflix.discovery.shared.transport.decorator.RetryableEurekaHttpClient.execute(RetryableEurekaHttpClient.java:112)
	at com.netflix.discovery.shared.transport.decorator.EurekaHttpClientDecorator.register(EurekaHttpClientDecorator.java:56)
	at com.netflix.discovery.shared.transport.decorator.EurekaHttpClientDecorator$1.execute(EurekaHttpClientDecorator.java:59)
	at com.netflix.discovery.shared.transport.decorator.SessionedEurekaHttpClient.execute(SessionedEurekaHttpClient.java:77)
	at com.netflix.discovery.shared.transport.decorator.EurekaHttpClientDecorator.register(EurekaHttpClientDecorator.java:56)
	at com.netflix.discovery.DiscoveryClient.register(DiscoveryClient.java:820)
	at com.netflix.discovery.InstanceInfoReplicator.run(InstanceInfoReplicator.java:121)
	at com.netflix.discovery.InstanceInfoReplicator$1.run(InstanceInfoReplicator.java:101)
	at java.base/java.util.concurrent.Executors$RunnableAdapter.call(Executors.java:539)
	at java.base/java.util.concurrent.FutureTask.run(FutureTask.java:264)
	at java.base/java.util.concurrent.ScheduledThreadPoolExecutor$ScheduledFutureTask.run(ScheduledThreadPoolExecutor.java:304)
	at java.base/java.util.concurrent.ThreadPoolExecutor.runWorker(ThreadPoolExecutor.java:1136)
	at java.base/java.util.concurrent.ThreadPoolExecutor$Worker.run(ThreadPoolExecutor.java:635)
	at java.base/java.lang.Thread.run(Thread.java:842)
2026-05-01 12:28:17.643 [RMI TCP Connection(37)-127.0.0.1] INFO  o.a.coyote.http11.Http11NioProtocol - Stopping ProtocolHandler ["http-nio-9096"]
2026-05-01 12:28:20.868 [DiscoveryClient-HeartbeatExecutor-0] WARN  c.n.d.s.t.d.RetryableEurekaHttpClient - Request execution failed with message: Connection pool shut down
2026-05-01 12:28:20.869 [DiscoveryClient-HeartbeatExecutor-0] ERROR c.netflix.discovery.DiscoveryClient - DiscoveryClient_NOTIFICATION-SERVICE/Jahnavi:notification-service:9096 - was unable to send heartbeat!
com.netflix.discovery.shared.transport.TransportException: Cannot execute request on any known server
	at com.netflix.discovery.shared.transport.decorator.RetryableEurekaHttpClient.execute(RetryableEurekaHttpClient.java:112)
	at com.netflix.discovery.shared.transport.decorator.EurekaHttpClientDecorator.sendHeartBeat(EurekaHttpClientDecorator.java:89)
	at com.netflix.discovery.shared.transport.decorator.EurekaHttpClientDecorator$3.execute(EurekaHttpClientDecorator.java:92)
	at com.netflix.discovery.shared.transport.decorator.SessionedEurekaHttpClient.execute(SessionedEurekaHttpClient.java:77)
	at com.netflix.discovery.shared.transport.decorator.EurekaHttpClientDecorator.sendHeartBeat(EurekaHttpClientDecorator.java:89)
	at com.netflix.discovery.DiscoveryClient.renew(DiscoveryClient.java:837)
	at com.netflix.discovery.DiscoveryClient$HeartbeatThread.run(DiscoveryClient.java:1401)
	at java.base/java.util.concurrent.Executors$RunnableAdapter.call(Executors.java:539)
	at java.base/java.util.concurrent.FutureTask.run(FutureTask.java:264)
	at java.base/java.util.concurrent.ThreadPoolExecutor.runWorker(ThreadPoolExecutor.java:1136)
	at java.base/java.util.concurrent.ThreadPoolExecutor$Worker.run(ThreadPoolExecutor.java:635)
	at java.base/java.lang.Thread.run(Thread.java:842)
2026-05-01 12:28:20.870 [DiscoveryClient-CacheRefreshExecutor-0] WARN  c.n.d.s.t.d.RetryableEurekaHttpClient - Request execution failed with message: Connection pool shut down
2026-05-01 12:28:20.890 [DiscoveryClient-CacheRefreshExecutor-0] WARN  c.n.d.s.t.d.RetryableEurekaHttpClient - Request execution failed with message: Connection pool shut down
2026-05-01 12:28:21.789 [RMI TCP Connection(37)-127.0.0.1] WARN  c.n.d.s.t.d.RetryableEurekaHttpClient - Request execution failed with message: Connection pool shut down
2026-05-01 12:28:21.790 [RMI TCP Connection(37)-127.0.0.1] ERROR c.netflix.discovery.DiscoveryClient - DiscoveryClient_NOTIFICATION-SERVICE/Jahnavi:notification-service:9096 - de-registration failedCannot execute request on any known server
com.netflix.discovery.shared.transport.TransportException: Cannot execute request on any known server
	at com.netflix.discovery.shared.transport.decorator.RetryableEurekaHttpClient.execute(RetryableEurekaHttpClient.java:112)
	at com.netflix.discovery.shared.transport.decorator.EurekaHttpClientDecorator.cancel(EurekaHttpClientDecorator.java:71)
	at com.netflix.discovery.shared.transport.decorator.EurekaHttpClientDecorator$2.execute(EurekaHttpClientDecorator.java:74)
	at com.netflix.discovery.shared.transport.decorator.SessionedEurekaHttpClient.execute(SessionedEurekaHttpClient.java:77)
	at com.netflix.discovery.shared.transport.decorator.EurekaHttpClientDecorator.cancel(EurekaHttpClientDecorator.java:71)
	at com.netflix.discovery.DiscoveryClient.unregister(DiscoveryClient.java:916)
	at com.netflix.discovery.DiscoveryClient.shutdown(DiscoveryClient.java:892)
	at java.base/jdk.internal.reflect.NativeMethodAccessorImpl.invoke0(Native Method)
	at java.base/jdk.internal.reflect.NativeMethodAccessorImpl.invoke(NativeMethodAccessorImpl.java:77)
	at java.base/jdk.internal.reflect.DelegatingMethodAccessorImpl.invoke(DelegatingMethodAccessorImpl.java:43)
	at java.base/java.lang.reflect.Method.invoke(Method.java:568)
	at org.springframework.beans.factory.annotation.InitDestroyAnnotationBeanPostProcessor$LifecycleMethod.invoke(InitDestroyAnnotationBeanPostProcessor.java:457)
	at org.springframework.beans.factory.annotation.InitDestroyAnnotationBeanPostProcessor$LifecycleMetadata.invokeDestroyMethods(InitDestroyAnnotationBeanPostProcessor.java:415)
	at org.springframework.beans.factory.annotation.InitDestroyAnnotationBeanPostProcessor.postProcessBeforeDestruction(InitDestroyAnnotationBeanPostProcessor.java:239)
	at org.springframework.beans.factory.support.DisposableBeanAdapter.destroy(DisposableBeanAdapter.java:202)
	at org.springframework.beans.factory.support.DisposableBeanAdapter.run(DisposableBeanAdapter.java:195)
	at org.springframework.cloud.context.scope.GenericScope$BeanLifecycleWrapper.destroy(GenericScope.java:389)
	at org.springframework.cloud.context.scope.GenericScope.destroy(GenericScope.java:136)
	at org.springframework.beans.factory.support.DisposableBeanAdapter.destroy(DisposableBeanAdapter.java:211)
	at org.springframework.beans.factory.support.DefaultSingletonBeanRegistry.destroyBean(DefaultSingletonBeanRegistry.java:587)
	at org.springframework.beans.factory.support.DefaultSingletonBeanRegistry.destroySingleton(DefaultSingletonBeanRegistry.java:559)
	at org.springframework.beans.factory.support.DefaultListableBeanFactory.destroySingleton(DefaultListableBeanFactory.java:1202)
	at org.springframework.beans.factory.support.DefaultSingletonBeanRegistry.destroySingletons(DefaultSingletonBeanRegistry.java:520)
	at org.springframework.beans.factory.support.DefaultListableBeanFactory.destroySingletons(DefaultListableBeanFactory.java:1195)
	at org.springframework.context.support.AbstractApplicationContext.destroyBeans(AbstractApplicationContext.java:1186)
	at org.springframework.context.support.AbstractApplicationContext.doClose(AbstractApplicationContext.java:1147)
	at org.springframework.boot.web.servlet.context.ServletWebServerApplicationContext.doClose(ServletWebServerApplicationContext.java:174)
	at org.springframework.context.support.AbstractApplicationContext.close(AbstractApplicationContext.java:1093)
	at org.springframework.boot.admin.SpringApplicationAdminMXBeanRegistrar$SpringApplicationAdmin.shutdown(SpringApplicationAdminMXBeanRegistrar.java:160)
	at java.base/jdk.internal.reflect.NativeMethodAccessorImpl.invoke0(Native Method)
	at java.base/jdk.internal.reflect.NativeMethodAccessorImpl.invoke(NativeMethodAccessorImpl.java:77)
	at java.base/jdk.internal.reflect.DelegatingMethodAccessorImpl.invoke(DelegatingMethodAccessorImpl.java:43)
	at java.base/java.lang.reflect.Method.invoke(Method.java:568)
	at sun.reflect.misc.Trampoline.invoke(MethodUtil.java:72)
	at java.base/jdk.internal.reflect.NativeMethodAccessorImpl.invoke0(Native Method)
	at java.base/jdk.internal.reflect.NativeMethodAccessorImpl.invoke(NativeMethodAccessorImpl.java:77)
	at java.base/jdk.internal.reflect.DelegatingMethodAccessorImpl.invoke(DelegatingMethodAccessorImpl.java:43)
	at java.base/java.lang.reflect.Method.invoke(Method.java:568)
	at java.base/sun.reflect.misc.MethodUtil.invoke(MethodUtil.java:262)
	at java.management/com.sun.jmx.mbeanserver.ConvertingMethod.invokeWithOpenReturn(ConvertingMethod.java:193)
	at java.management/com.sun.jmx.mbeanserver.ConvertingMethod.invokeWithOpenReturn(ConvertingMethod.java:175)
	at java.management/com.sun.jmx.mbeanserver.MXBeanIntrospector.invokeM2(MXBeanIntrospector.java:117)
	at java.management/com.sun.jmx.mbeanserver.MXBeanIntrospector.invokeM2(MXBeanIntrospector.java:54)
	at java.management/com.sun.jmx.mbeanserver.MBeanIntrospector.invokeM(MBeanIntrospector.java:237)
	at java.management/com.sun.jmx.mbeanserver.PerInterface.invoke(PerInterface.java:138)
	at java.management/com.sun.jmx.mbeanserver.MBeanSupport.invoke(MBeanSupport.java:252)
	at java.management/com.sun.jmx.interceptor.DefaultMBeanServerInterceptor.invoke(DefaultMBeanServerInterceptor.java:814)
	at java.management/com.sun.jmx.mbeanserver.JmxMBeanServer.invoke(JmxMBeanServer.java:802)
	at java.management.rmi/javax.management.remote.rmi.RMIConnectionImpl.doOperation(RMIConnectionImpl.java:1472)
	at java.management.rmi/javax.management.remote.rmi.RMIConnectionImpl$PrivilegedOperation.run(RMIConnectionImpl.java:1310)
	at java.management.rmi/javax.management.remote.rmi.RMIConnectionImpl.doPrivilegedOperation(RMIConnectionImpl.java:1405)
	at java.management.rmi/javax.management.remote.rmi.RMIConnectionImpl.invoke(RMIConnectionImpl.java:829)
	at java.base/jdk.internal.reflect.NativeMethodAccessorImpl.invoke0(Native Method)
	at java.base/jdk.internal.reflect.NativeMethodAccessorImpl.invoke(NativeMethodAccessorImpl.java:77)
	at java.base/jdk.internal.reflect.DelegatingMethodAccessorImpl.invoke(DelegatingMethodAccessorImpl.java:43)
	at java.base/java.lang.reflect.Method.invoke(Method.java:568)
	at java.rmi/sun.rmi.server.UnicastServerRef.dispatch(UnicastServerRef.java:360)
	at java.rmi/sun.rmi.transport.Transport$1.run(Transport.java:200)
	at java.rmi/sun.rmi.transport.Transport$1.run(Transport.java:197)
	at java.base/java.security.AccessController.doPrivileged(AccessController.java:712)
	at java.rmi/sun.rmi.transport.Transport.serviceCall(Transport.java:196)
	at java.rmi/sun.rmi.transport.tcp.TCPTransport.handleMessages(TCPTransport.java:587)
	at java.rmi/sun.rmi.transport.tcp.TCPTransport$ConnectionHandler.run0(TCPTransport.java:828)
	at java.rmi/sun.rmi.transport.tcp.TCPTransport$ConnectionHandler.lambda$run$0(TCPTransport.java:705)
	at java.base/java.security.AccessController.doPrivileged(AccessController.java:399)
	at java.rmi/sun.rmi.transport.tcp.TCPTransport$ConnectionHandler.run(TCPTransport.java:704)
	at java.base/java.util.concurrent.ThreadPoolExecutor.runWorker(ThreadPoolExecutor.java:1136)
	at java.base/java.util.concurrent.ThreadPoolExecutor$Worker.run(ThreadPoolExecutor.java:635)
	at java.base/java.lang.Thread.run(Thread.java:842)
2026-05-01 12:30:14.839 [main] INFO  c.c.p.n.NotificationServiceApplication - Starting NotificationServiceApplication using Java 17.0.12 with PID 12320 (C:\Users\kammi\OneDrive\Desktop\CapGemini Training\pp2\pharmacy-microservices\notification-service\target\classes started by kammi in C:\Users\kammi\OneDrive\Desktop\CapGemini Training\pp2\pharmacy-microservices\notification-service)
2026-05-01 12:30:14.843 [main] INFO  c.c.p.n.NotificationServiceApplication - No active profile set, falling back to 1 default profile: "default"
2026-05-01 12:30:16.954 [main] WARN  o.s.c.s.PostProcessorRegistrationDelegate$BeanPostProcessorChecker - Bean 'org.springframework.cloud.client.loadbalancer.LoadBalancerAutoConfiguration$DeferringLoadBalancerInterceptorConfig' of type [org.springframework.cloud.client.loadbalancer.LoadBalancerAutoConfiguration$DeferringLoadBalancerInterceptorConfig] is not eligible for getting processed by all BeanPostProcessors (for example: not eligible for auto-proxying). The currently created BeanPostProcessor [lbRestClientPostProcessor] is declared through a non-static factory method on that class; consider declaring it as static instead.
2026-05-01 12:30:16.956 [main] WARN  o.s.c.s.PostProcessorRegistrationDelegate$BeanPostProcessorChecker - Bean 'deferringLoadBalancerInterceptor' of type [org.springframework.cloud.client.loadbalancer.DeferringLoadBalancerInterceptor] is not eligible for getting processed by all BeanPostProcessors (for example: not eligible for auto-proxying). Is this bean getting eagerly injected into a currently created BeanPostProcessor [lbRestClientPostProcessor]? Check the corresponding BeanPostProcessor declaration and its dependencies.
2026-05-01 12:30:17.497 [main] INFO  o.a.coyote.http11.Http11NioProtocol - Initializing ProtocolHandler ["http-nio-9096"]
2026-05-01 12:30:17.499 [main] INFO  o.a.catalina.core.StandardService - Starting service [Tomcat]
2026-05-01 12:30:17.500 [main] INFO  o.a.catalina.core.StandardEngine - Starting Servlet engine: [Apache Tomcat/10.1.20]
2026-05-01 12:30:17.615 [main] INFO  o.a.c.c.C.[Tomcat].[localhost].[/] - Initializing Spring embedded WebApplicationContext
2026-05-01 12:30:18.860 [main] WARN  o.s.b.a.s.s.UserDetailsServiceAutoConfiguration - 

Using generated security password: ee3c1014-e84e-49e7-adaf-da958e382ea3

This generated password is for development use only. Your security configuration must be updated before running your application in production.

2026-05-01 12:30:20.284 [main] WARN  o.s.c.l.c.LoadBalancerCacheAutoConfiguration$LoadBalancerCaffeineWarnLogger - Spring Cloud LoadBalancer is currently working with the default cache. While this cache implementation is useful for development and tests, it's recommended to use Caffeine cache in production.You can switch to using Caffeine cache, by adding it and org.springframework.cache.caffeine.CaffeineCacheManager to the classpath.
2026-05-01 12:30:20.609 [main] INFO  o.a.coyote.http11.Http11NioProtocol - Starting ProtocolHandler ["http-nio-9096"]
2026-05-01 12:30:21.020 [main] INFO  c.c.p.n.NotificationServiceApplication - Started NotificationServiceApplication in 6.986 seconds (process running for 7.683)
2026-05-01 12:30:21.137 [RMI TCP Connection(7)-127.0.0.1] INFO  o.a.c.c.C.[Tomcat].[localhost].[/] - Initializing Spring DispatcherServlet 'dispatcherServlet'
2026-05-01 12:38:16.484 [DiscoveryClient-InstanceInfoReplicator-0] WARN  c.n.d.s.t.d.RetryableEurekaHttpClient - Request execution failed with message: I/O error on POST request for "http://localhost:8761/eureka/apps/NOTIFICATION-SERVICE": Connect to http://localhost:8761 [localhost/127.0.0.1, localhost/0:0:0:0:0:0:0:1] failed: Connection refused: no further information
2026-05-01 12:38:16.556 [DiscoveryClient-InstanceInfoReplicator-0] WARN  c.n.d.s.t.d.RetryableEurekaHttpClient - Request execution failed with message: I/O error on POST request for "http://localhost:8761/eureka/apps/NOTIFICATION-SERVICE": Connect to http://localhost:8761 [localhost/127.0.0.1, localhost/0:0:0:0:0:0:0:1] failed: Connection refused: no further information
2026-05-01 12:38:16.557 [DiscoveryClient-InstanceInfoReplicator-0] WARN  c.netflix.discovery.DiscoveryClient - DiscoveryClient_NOTIFICATION-SERVICE/Jahnavi:notification-service:9096 - registration failed Cannot execute request on any known server
com.netflix.discovery.shared.transport.TransportException: Cannot execute request on any known server
	at com.netflix.discovery.shared.transport.decorator.RetryableEurekaHttpClient.execute(RetryableEurekaHttpClient.java:112)
	at com.netflix.discovery.shared.transport.decorator.EurekaHttpClientDecorator.register(EurekaHttpClientDecorator.java:56)
	at com.netflix.discovery.shared.transport.decorator.EurekaHttpClientDecorator$1.execute(EurekaHttpClientDecorator.java:59)
	at com.netflix.discovery.shared.transport.decorator.SessionedEurekaHttpClient.execute(SessionedEurekaHttpClient.java:77)
	at com.netflix.discovery.shared.transport.decorator.EurekaHttpClientDecorator.register(EurekaHttpClientDecorator.java:56)
	at com.netflix.discovery.DiscoveryClient.register(DiscoveryClient.java:820)
	at com.netflix.discovery.InstanceInfoReplicator.run(InstanceInfoReplicator.java:121)
	at com.netflix.discovery.InstanceInfoReplicator$1.run(InstanceInfoReplicator.java:101)
	at java.base/java.util.concurrent.Executors$RunnableAdapter.call(Executors.java:539)
	at java.base/java.util.concurrent.FutureTask.run(FutureTask.java:264)
	at java.base/java.util.concurrent.ScheduledThreadPoolExecutor$ScheduledFutureTask.run(ScheduledThreadPoolExecutor.java:304)
	at java.base/java.util.concurrent.ThreadPoolExecutor.runWorker(ThreadPoolExecutor.java:1136)
	at java.base/java.util.concurrent.ThreadPoolExecutor$Worker.run(ThreadPoolExecutor.java:635)
	at java.base/java.lang.Thread.run(Thread.java:842)
2026-05-01 12:38:16.565 [DiscoveryClient-InstanceInfoReplicator-0] WARN  c.n.discovery.InstanceInfoReplicator - There was a problem with the instance info replicator
com.netflix.discovery.shared.transport.TransportException: Cannot execute request on any known server
	at com.netflix.discovery.shared.transport.decorator.RetryableEurekaHttpClient.execute(RetryableEurekaHttpClient.java:112)
	at com.netflix.discovery.shared.transport.decorator.EurekaHttpClientDecorator.register(EurekaHttpClientDecorator.java:56)
	at com.netflix.discovery.shared.transport.decorator.EurekaHttpClientDecorator$1.execute(EurekaHttpClientDecorator.java:59)
	at com.netflix.discovery.shared.transport.decorator.SessionedEurekaHttpClient.execute(SessionedEurekaHttpClient.java:77)
	at com.netflix.discovery.shared.transport.decorator.EurekaHttpClientDecorator.register(EurekaHttpClientDecorator.java:56)
	at com.netflix.discovery.DiscoveryClient.register(DiscoveryClient.java:820)
	at com.netflix.discovery.InstanceInfoReplicator.run(InstanceInfoReplicator.java:121)
	at com.netflix.discovery.InstanceInfoReplicator$1.run(InstanceInfoReplicator.java:101)
	at java.base/java.util.concurrent.Executors$RunnableAdapter.call(Executors.java:539)
	at java.base/java.util.concurrent.FutureTask.run(FutureTask.java:264)
	at java.base/java.util.concurrent.ScheduledThreadPoolExecutor$ScheduledFutureTask.run(ScheduledThreadPoolExecutor.java:304)
	at java.base/java.util.concurrent.ThreadPoolExecutor.runWorker(ThreadPoolExecutor.java:1136)
	at java.base/java.util.concurrent.ThreadPoolExecutor$Worker.run(ThreadPoolExecutor.java:635)
	at java.base/java.lang.Thread.run(Thread.java:842)
2026-05-01 12:38:17.156 [RMI TCP Connection(18)-127.0.0.1] INFO  o.a.coyote.http11.Http11NioProtocol - Stopping ProtocolHandler ["http-nio-9096"]
2026-05-01 12:38:21.073 [DiscoveryClient-CacheRefreshExecutor-0] WARN  c.n.d.s.t.d.RetryableEurekaHttpClient - Request execution failed with message: Connection pool shut down
2026-05-01 12:38:21.084 [DiscoveryClient-HeartbeatExecutor-0] WARN  c.n.d.s.t.d.RetryableEurekaHttpClient - Request execution failed with message: Connection pool shut down
2026-05-01 12:38:21.085 [DiscoveryClient-HeartbeatExecutor-0] ERROR c.netflix.discovery.DiscoveryClient - DiscoveryClient_NOTIFICATION-SERVICE/Jahnavi:notification-service:9096 - was unable to send heartbeat!
com.netflix.discovery.shared.transport.TransportException: Cannot execute request on any known server
	at com.netflix.discovery.shared.transport.decorator.RetryableEurekaHttpClient.execute(RetryableEurekaHttpClient.java:112)
	at com.netflix.discovery.shared.transport.decorator.EurekaHttpClientDecorator.sendHeartBeat(EurekaHttpClientDecorator.java:89)
	at com.netflix.discovery.shared.transport.decorator.EurekaHttpClientDecorator$3.execute(EurekaHttpClientDecorator.java:92)
	at com.netflix.discovery.shared.transport.decorator.SessionedEurekaHttpClient.execute(SessionedEurekaHttpClient.java:77)
	at com.netflix.discovery.shared.transport.decorator.EurekaHttpClientDecorator.sendHeartBeat(EurekaHttpClientDecorator.java:89)
	at com.netflix.discovery.DiscoveryClient.renew(DiscoveryClient.java:837)
	at com.netflix.discovery.DiscoveryClient$HeartbeatThread.run(DiscoveryClient.java:1401)
	at java.base/java.util.concurrent.Executors$RunnableAdapter.call(Executors.java:539)
	at java.base/java.util.concurrent.FutureTask.run(FutureTask.java:264)
	at java.base/java.util.concurrent.ThreadPoolExecutor.runWorker(ThreadPoolExecutor.java:1136)
	at java.base/java.util.concurrent.ThreadPoolExecutor$Worker.run(ThreadPoolExecutor.java:635)
	at java.base/java.lang.Thread.run(Thread.java:842)
2026-05-01 12:38:21.116 [DiscoveryClient-CacheRefreshExecutor-0] WARN  c.n.d.s.t.d.RetryableEurekaHttpClient - Request execution failed with message: Connection pool shut down
2026-05-01 12:38:21.251 [RMI TCP Connection(18)-127.0.0.1] WARN  c.n.d.s.t.d.RetryableEurekaHttpClient - Request execution failed with message: Connection pool shut down
2026-05-01 12:38:21.251 [RMI TCP Connection(18)-127.0.0.1] ERROR c.netflix.discovery.DiscoveryClient - DiscoveryClient_NOTIFICATION-SERVICE/Jahnavi:notification-service:9096 - de-registration failedCannot execute request on any known server
com.netflix.discovery.shared.transport.TransportException: Cannot execute request on any known server
	at com.netflix.discovery.shared.transport.decorator.RetryableEurekaHttpClient.execute(RetryableEurekaHttpClient.java:112)
	at com.netflix.discovery.shared.transport.decorator.EurekaHttpClientDecorator.cancel(EurekaHttpClientDecorator.java:71)
	at com.netflix.discovery.shared.transport.decorator.EurekaHttpClientDecorator$2.execute(EurekaHttpClientDecorator.java:74)
	at com.netflix.discovery.shared.transport.decorator.SessionedEurekaHttpClient.execute(SessionedEurekaHttpClient.java:77)
	at com.netflix.discovery.shared.transport.decorator.EurekaHttpClientDecorator.cancel(EurekaHttpClientDecorator.java:71)
	at com.netflix.discovery.DiscoveryClient.unregister(DiscoveryClient.java:916)
	at com.netflix.discovery.DiscoveryClient.shutdown(DiscoveryClient.java:892)
	at java.base/jdk.internal.reflect.NativeMethodAccessorImpl.invoke0(Native Method)
	at java.base/jdk.internal.reflect.NativeMethodAccessorImpl.invoke(NativeMethodAccessorImpl.java:77)
	at java.base/jdk.internal.reflect.DelegatingMethodAccessorImpl.invoke(DelegatingMethodAccessorImpl.java:43)
	at java.base/java.lang.reflect.Method.invoke(Method.java:568)
	at org.springframework.beans.factory.annotation.InitDestroyAnnotationBeanPostProcessor$LifecycleMethod.invoke(InitDestroyAnnotationBeanPostProcessor.java:457)
	at org.springframework.beans.factory.annotation.InitDestroyAnnotationBeanPostProcessor$LifecycleMetadata.invokeDestroyMethods(InitDestroyAnnotationBeanPostProcessor.java:415)
	at org.springframework.beans.factory.annotation.InitDestroyAnnotationBeanPostProcessor.postProcessBeforeDestruction(InitDestroyAnnotationBeanPostProcessor.java:239)
	at org.springframework.beans.factory.support.DisposableBeanAdapter.destroy(DisposableBeanAdapter.java:202)
	at org.springframework.beans.factory.support.DisposableBeanAdapter.run(DisposableBeanAdapter.java:195)
	at org.springframework.cloud.context.scope.GenericScope$BeanLifecycleWrapper.destroy(GenericScope.java:389)
	at org.springframework.cloud.context.scope.GenericScope.destroy(GenericScope.java:136)
	at org.springframework.beans.factory.support.DisposableBeanAdapter.destroy(DisposableBeanAdapter.java:211)
	at org.springframework.beans.factory.support.DefaultSingletonBeanRegistry.destroyBean(DefaultSingletonBeanRegistry.java:587)
	at org.springframework.beans.factory.support.DefaultSingletonBeanRegistry.destroySingleton(DefaultSingletonBeanRegistry.java:559)
	at org.springframework.beans.factory.support.DefaultListableBeanFactory.destroySingleton(DefaultListableBeanFactory.java:1202)
	at org.springframework.beans.factory.support.DefaultSingletonBeanRegistry.destroySingletons(DefaultSingletonBeanRegistry.java:520)
	at org.springframework.beans.factory.support.DefaultListableBeanFactory.destroySingletons(DefaultListableBeanFactory.java:1195)
	at org.springframework.context.support.AbstractApplicationContext.destroyBeans(AbstractApplicationContext.java:1186)
	at org.springframework.context.support.AbstractApplicationContext.doClose(AbstractApplicationContext.java:1147)
	at org.springframework.boot.web.servlet.context.ServletWebServerApplicationContext.doClose(ServletWebServerApplicationContext.java:174)
	at org.springframework.context.support.AbstractApplicationContext.close(AbstractApplicationContext.java:1093)
	at org.springframework.boot.admin.SpringApplicationAdminMXBeanRegistrar$SpringApplicationAdmin.shutdown(SpringApplicationAdminMXBeanRegistrar.java:160)
	at java.base/jdk.internal.reflect.NativeMethodAccessorImpl.invoke0(Native Method)
	at java.base/jdk.internal.reflect.NativeMethodAccessorImpl.invoke(NativeMethodAccessorImpl.java:77)
	at java.base/jdk.internal.reflect.DelegatingMethodAccessorImpl.invoke(DelegatingMethodAccessorImpl.java:43)
	at java.base/java.lang.reflect.Method.invoke(Method.java:568)
	at sun.reflect.misc.Trampoline.invoke(MethodUtil.java:72)
	at java.base/jdk.internal.reflect.NativeMethodAccessorImpl.invoke0(Native Method)
	at java.base/jdk.internal.reflect.NativeMethodAccessorImpl.invoke(NativeMethodAccessorImpl.java:77)
	at java.base/jdk.internal.reflect.DelegatingMethodAccessorImpl.invoke(DelegatingMethodAccessorImpl.java:43)
	at java.base/java.lang.reflect.Method.invoke(Method.java:568)
	at java.base/sun.reflect.misc.MethodUtil.invoke(MethodUtil.java:262)
	at java.management/com.sun.jmx.mbeanserver.ConvertingMethod.invokeWithOpenReturn(ConvertingMethod.java:193)
	at java.management/com.sun.jmx.mbeanserver.ConvertingMethod.invokeWithOpenReturn(ConvertingMethod.java:175)
	at java.management/com.sun.jmx.mbeanserver.MXBeanIntrospector.invokeM2(MXBeanIntrospector.java:117)
	at java.management/com.sun.jmx.mbeanserver.MXBeanIntrospector.invokeM2(MXBeanIntrospector.java:54)
	at java.management/com.sun.jmx.mbeanserver.MBeanIntrospector.invokeM(MBeanIntrospector.java:237)
	at java.management/com.sun.jmx.mbeanserver.PerInterface.invoke(PerInterface.java:138)
	at java.management/com.sun.jmx.mbeanserver.MBeanSupport.invoke(MBeanSupport.java:252)
	at java.management/com.sun.jmx.interceptor.DefaultMBeanServerInterceptor.invoke(DefaultMBeanServerInterceptor.java:814)
	at java.management/com.sun.jmx.mbeanserver.JmxMBeanServer.invoke(JmxMBeanServer.java:802)
	at java.management.rmi/javax.management.remote.rmi.RMIConnectionImpl.doOperation(RMIConnectionImpl.java:1472)
	at java.management.rmi/javax.management.remote.rmi.RMIConnectionImpl$PrivilegedOperation.run(RMIConnectionImpl.java:1310)
	at java.management.rmi/javax.management.remote.rmi.RMIConnectionImpl.doPrivilegedOperation(RMIConnectionImpl.java:1405)
	at java.management.rmi/javax.management.remote.rmi.RMIConnectionImpl.invoke(RMIConnectionImpl.java:829)
	at java.base/jdk.internal.reflect.NativeMethodAccessorImpl.invoke0(Native Method)
	at java.base/jdk.internal.reflect.NativeMethodAccessorImpl.invoke(NativeMethodAccessorImpl.java:77)
	at java.base/jdk.internal.reflect.DelegatingMethodAccessorImpl.invoke(DelegatingMethodAccessorImpl.java:43)
	at java.base/java.lang.reflect.Method.invoke(Method.java:568)
	at java.rmi/sun.rmi.server.UnicastServerRef.dispatch(UnicastServerRef.java:360)
	at java.rmi/sun.rmi.transport.Transport$1.run(Transport.java:200)
	at java.rmi/sun.rmi.transport.Transport$1.run(Transport.java:197)
	at java.base/java.security.AccessController.doPrivileged(AccessController.java:712)
	at java.rmi/sun.rmi.transport.Transport.serviceCall(Transport.java:196)
	at java.rmi/sun.rmi.transport.tcp.TCPTransport.handleMessages(TCPTransport.java:587)
	at java.rmi/sun.rmi.transport.tcp.TCPTransport$ConnectionHandler.run0(TCPTransport.java:828)
	at java.rmi/sun.rmi.transport.tcp.TCPTransport$ConnectionHandler.lambda$run$0(TCPTransport.java:705)
	at java.base/java.security.AccessController.doPrivileged(AccessController.java:399)
	at java.rmi/sun.rmi.transport.tcp.TCPTransport$ConnectionHandler.run(TCPTransport.java:704)
	at java.base/java.util.concurrent.ThreadPoolExecutor.runWorker(ThreadPoolExecutor.java:1136)
	at java.base/java.util.concurrent.ThreadPoolExecutor$Worker.run(ThreadPoolExecutor.java:635)
	at java.base/java.lang.Thread.run(Thread.java:842)
